ISO-10303-21;
HEADER;
FILE_DESCRIPTION(('STEP AP203'),'1');
FILE_NAME('pcb_connector_851-87-006-20-001101.stp','2022-07-12T07:54:37',('TraceParts'),('TraceParts S.A.'),'Spatial InterOp 3D',' ',' ');
FILE_SCHEMA(('CONFIG_CONTROL_DESIGN'));
ENDSEC;
DATA;
#1=DESIGN_CONTEXT('',#27,'design');
#2=APPLICATION_PROTOCOL_DEFINITION('INTERNATIONAL STANDARD','config_control_design',1994,#27);
#3=PRODUCT_CATEGORY_RELATIONSHIP('NONE','NONE',#28,#29);
#4=DATE_AND_TIME(#30,#31);
#5=DATE_TIME_ROLE('creation_date');
#6=DATE_TIME_ROLE('classification_date');
#7=PERSON_AND_ORGANIZATION_ROLE('creator');
#8=PERSON_AND_ORGANIZATION_ROLE('design_supplier');
#9=PERSON_AND_ORGANIZATION_ROLE('classification_officer');
#10=PERSON_AND_ORGANIZATION_ROLE('design_owner');
#11=APPROVAL_PERSON_ORGANIZATION(#32,#33,#34);
#12=APPROVAL_DATE_TIME(#4,#33);
#13=CC_DESIGN_APPROVAL(#33,(#35,#36,#37));
#14=CC_DESIGN_DATE_AND_TIME_ASSIGNMENT(#4,#5,(#37));
#15=CC_DESIGN_DATE_AND_TIME_ASSIGNMENT(#4,#6,(#35));
#16=CC_DESIGN_PERSON_AND_ORGANIZATION_ASSIGNMENT(#32,#10,(#38));
#17=CC_DESIGN_PERSON_AND_ORGANIZATION_ASSIGNMENT(#32,#7,(#37));
#18=CC_DESIGN_PERSON_AND_ORGANIZATION_ASSIGNMENT(#32,#7,(#36));
#19=CC_DESIGN_PERSON_AND_ORGANIZATION_ASSIGNMENT(#32,#8,(#36));
#20=CC_DESIGN_SECURITY_CLASSIFICATION(#35,(#36));
#21=CC_DESIGN_PERSON_AND_ORGANIZATION_ASSIGNMENT(#32,#9,(#35));
#22=SHAPE_DEFINITION_REPRESENTATION(#39,#40);
#23= (GEOMETRIC_REPRESENTATION_CONTEXT(3)GLOBAL_UNCERTAINTY_ASSIGNED_CONTEXT((#43))GLOBAL_UNIT_ASSIGNED_CONTEXT((#45,#46,#47))REPRESENTATION_CONTEXT('NONE','WORKSPACE'));
#27=APPLICATION_CONTEXT('CONFIGURATION CONTROLLED 3D DESIGNS OF MECHANICAL PARTS AND ASSEMBLIES');
#28=PRODUCT_CATEGORY('part','NONE');
#29=PRODUCT_RELATED_PRODUCT_CATEGORY('detail',' ',(#38));
#30=CALENDAR_DATE(2022,12,6);
#31=LOCAL_TIME(9,54,37.0,#49);
#32=PERSON_AND_ORGANIZATION(#50,#51);
#33=APPROVAL(#52,'SOLID MODEL');
#34=APPROVAL_ROLE('APPROVED');
#35=SECURITY_CLASSIFICATION('','',#53);
#36=PRODUCT_DEFINITION_FORMATION_WITH_SPECIFIED_SOURCE(' ','NONE',#38,.NOT_KNOWN.);
#37=PRODUCT_DEFINITION('','NONE',#36,#1);
#38=PRODUCT('1','','PART--DESC',(#54));
#39=PRODUCT_DEFINITION_SHAPE('NONE','NONE',#37);
#40=ADVANCED_BREP_SHAPE_REPRESENTATION('1',(#55,#56),#23);
#43=UNCERTAINTY_MEASURE_WITH_UNIT(LENGTH_MEASURE(1.0E-06),#45,'','');
#45= (CONVERSION_BASED_UNIT('MILLIMETRE',#59)LENGTH_UNIT()NAMED_UNIT(#62));
#46= (NAMED_UNIT(#64)PLANE_ANGLE_UNIT()SI_UNIT($,.RADIAN.));
#47= (NAMED_UNIT(#64)SOLID_ANGLE_UNIT()SI_UNIT($,.STERADIAN.));
#49=COORDINATED_UNIVERSAL_TIME_OFFSET(1,0,.AHEAD.);
#50=PERSON('','UNSPECIFIED',$,$,$,$);
#51=ORGANIZATION('UNSPECIFIED','UNSPECIFIED','UNSPECIFIED');
#52=APPROVAL_STATUS('approved');
#53=SECURITY_CLASSIFICATION_LEVEL('unclassified');
#54=MECHANICAL_CONTEXT('',#27,'mechanical');
#55=MANIFOLD_SOLID_BREP('1',#70);
#56=AXIS2_PLACEMENT_3D('',#71,#72,#73);
#59=LENGTH_MEASURE_WITH_UNIT(LENGTH_MEASURE(1.0),#74);
#62=DIMENSIONAL_EXPONENTS(1.0,0.0,0.0,0.0,0.0,0.0,0.0);
#64=DIMENSIONAL_EXPONENTS(0.0,0.0,0.0,0.0,0.0,0.0,0.0);
#70=CLOSED_SHELL('',(#75,#76,#77,#78,#79,#80,#81,#82,#83,#84,#85,#86,#87,#88,#89,#90,#91,#92,#93,#94,#95,#96,#97,#98,#99,#100,#101,#102,#103,#104,#105,#106,#107,#108,#109,#110,#111,#112,#113,#114,#115,#116,#117,#118,#119,#120,#121,#122,#123,#124,#125,#126,#127,#128,#129,#130,#131,#132,#133,#134,#135,#136,#137,#138,#139,#140,#141,#142,#143,#144,#145,#146,#147,#148,#149,#150,#151,#152,#153,#154,#155,#156,#157,#158,#159,#160,#161,#162,#163,#164,#165,#166,#167,#168,#169,#170,#171,#172,#173,#174,#175,#176,#177,#178,#179,#180,#181,#182,#183,#184,#185,#186,#187,#188,#189,#190,#191,#192,#193,#194,#195,#196,#197,#198,#199,#200,#201,#202,#203,#204,#205,#206,#207,#208,#209,#210,#211,#212,#213,#214,#215,#216,#217,#218,#219,#220,#221,#222,#223,#224,#225,#226,#227,#228,#229,#230,#231,#232,#233,#234,#235,#236,#237,#238,#239,#240,#241,#242,#243,#244,#245,#246,#247,#248,#249,#250,#251,#252,#253,#254,#255,#256,#257,#258,#259,#260,#261,#262,#263,#264,#265,#266,#267,#268,#269,#270,#271,#272,#273,#274,#275,#276,#277,#278,#279,#280,#281,#282,#283,#284,#285,#286,#287,#288,#289,#290,#291,#292,#293,#294,#295,#296,#297,#298,#299,#300,#301,#302,#303,#304,#305,#306,#307,#308,#309,#310,#311,#312,#313,#314,#315,#316,#317,#318,#319,#320,#321,#322,#323,#324,#325,#326,#327,#328,#329,#330,#331,#332,#333,#334,#335,#336,#337,#338,#339,#340,#341,#342));
#71=CARTESIAN_POINT('',(0.0,0.0,0.0));
#72=DIRECTION('',(0.0,0.0,1.0));
#73=DIRECTION('',(1.0,0.0,0.0));
#74= (NAMED_UNIT(#62)LENGTH_UNIT()SI_UNIT(.MILLI.,.METRE.));
#75=ADVANCED_FACE('',(#344),#345,.T.);
#76=ADVANCED_FACE('',(#346),#347,.T.);
#77=ADVANCED_FACE('',(#348),#349,.T.);
#78=ADVANCED_FACE('',(#350),#351,.T.);
#79=ADVANCED_FACE('',(#352),#353,.T.);
#80=ADVANCED_FACE('',(#354),#355,.T.);
#81=ADVANCED_FACE('',(#356),#357,.F.);
#82=ADVANCED_FACE('',(#358),#359,.T.);
#83=ADVANCED_FACE('',(#360),#361,.T.);
#84=ADVANCED_FACE('',(#362),#363,.T.);
#85=ADVANCED_FACE('',(#364),#365,.T.);
#86=ADVANCED_FACE('',(#366),#367,.F.);
#87=ADVANCED_FACE('',(#368),#369,.T.);
#88=ADVANCED_FACE('',(#370),#371,.T.);
#89=ADVANCED_FACE('',(#372),#373,.T.);
#90=ADVANCED_FACE('',(#374),#375,.T.);
#91=ADVANCED_FACE('',(#376),#377,.F.);
#92=ADVANCED_FACE('',(#378),#379,.T.);
#93=ADVANCED_FACE('',(#380),#381,.T.);
#94=ADVANCED_FACE('',(#382),#383,.T.);
#95=ADVANCED_FACE('',(#384),#385,.T.);
#96=ADVANCED_FACE('',(#386),#387,.F.);
#97=ADVANCED_FACE('',(#388),#389,.T.);
#98=ADVANCED_FACE('',(#390),#391,.T.);
#99=ADVANCED_FACE('',(#392),#393,.T.);
#100=ADVANCED_FACE('',(#394),#395,.T.);
#101=ADVANCED_FACE('',(#396),#397,.F.);
#102=ADVANCED_FACE('',(#398),#399,.T.);
#103=ADVANCED_FACE('',(#400),#401,.T.);
#104=ADVANCED_FACE('',(#402),#403,.T.);
#105=ADVANCED_FACE('',(#404),#405,.T.);
#106=ADVANCED_FACE('',(#406),#407,.F.);
#107=ADVANCED_FACE('',(#408),#409,.T.);
#108=ADVANCED_FACE('',(#410),#411,.T.);
#109=ADVANCED_FACE('',(#412),#413,.T.);
#110=ADVANCED_FACE('',(#414),#415,.T.);
#111=ADVANCED_FACE('',(#416),#417,.F.);
#112=ADVANCED_FACE('',(#418),#419,.F.);
#113=ADVANCED_FACE('',(#420),#421,.F.);
#114=ADVANCED_FACE('',(#422),#423,.F.);
#115=ADVANCED_FACE('',(#424),#425,.F.);
#116=ADVANCED_FACE('',(#426),#427,.F.);
#117=ADVANCED_FACE('',(#428),#429,.F.);
#118=ADVANCED_FACE('',(#430),#431,.F.);
#119=ADVANCED_FACE('',(#432),#433,.T.);
#120=ADVANCED_FACE('',(#434),#435,.F.);
#121=ADVANCED_FACE('',(#436),#437,.F.);
#122=ADVANCED_FACE('',(#438),#439,.F.);
#123=ADVANCED_FACE('',(#440),#441,.F.);
#124=ADVANCED_FACE('',(#442),#443,.F.);
#125=ADVANCED_FACE('',(#444),#445,.F.);
#126=ADVANCED_FACE('',(#446),#447,.F.);
#127=ADVANCED_FACE('',(#448),#449,.F.);
#128=ADVANCED_FACE('',(#450),#451,.F.);
#129=ADVANCED_FACE('',(#452),#453,.F.);
#130=ADVANCED_FACE('',(#454),#455,.T.);
#131=ADVANCED_FACE('',(#456),#457,.F.);
#132=ADVANCED_FACE('',(#458),#459,.F.);
#133=ADVANCED_FACE('',(#460),#461,.F.);
#134=ADVANCED_FACE('',(#462),#463,.F.);
#135=ADVANCED_FACE('',(#464),#465,.F.);
#136=ADVANCED_FACE('',(#466),#467,.F.);
#137=ADVANCED_FACE('',(#468),#469,.F.);
#138=ADVANCED_FACE('',(#470),#471,.F.);
#139=ADVANCED_FACE('',(#472),#473,.F.);
#140=ADVANCED_FACE('',(#474),#475,.F.);
#141=ADVANCED_FACE('',(#476),#477,.T.);
#142=ADVANCED_FACE('',(#478),#479,.F.);
#143=ADVANCED_FACE('',(#480),#481,.F.);
#144=ADVANCED_FACE('',(#482),#483,.F.);
#145=ADVANCED_FACE('',(#484),#485,.F.);
#146=ADVANCED_FACE('',(#486),#487,.F.);
#147=ADVANCED_FACE('',(#488),#489,.F.);
#148=ADVANCED_FACE('',(#490),#491,.F.);
#149=ADVANCED_FACE('',(#492),#493,.F.);
#150=ADVANCED_FACE('',(#494),#495,.F.);
#151=ADVANCED_FACE('',(#496),#497,.F.);
#152=ADVANCED_FACE('',(#498),#499,.T.);
#153=ADVANCED_FACE('',(#500),#501,.F.);
#154=ADVANCED_FACE('',(#502),#503,.F.);
#155=ADVANCED_FACE('',(#504),#505,.F.);
#156=ADVANCED_FACE('',(#506),#507,.F.);
#157=ADVANCED_FACE('',(#508),#509,.F.);
#158=ADVANCED_FACE('',(#510),#511,.F.);
#159=ADVANCED_FACE('',(#512),#513,.F.);
#160=ADVANCED_FACE('',(#514),#515,.F.);
#161=ADVANCED_FACE('',(#516),#517,.F.);
#162=ADVANCED_FACE('',(#518),#519,.F.);
#163=ADVANCED_FACE('',(#520),#521,.T.);
#164=ADVANCED_FACE('',(#522),#523,.F.);
#165=ADVANCED_FACE('',(#524),#525,.F.);
#166=ADVANCED_FACE('',(#526),#527,.F.);
#167=ADVANCED_FACE('',(#528),#529,.F.);
#168=ADVANCED_FACE('',(#530),#531,.F.);
#169=ADVANCED_FACE('',(#532),#533,.F.);
#170=ADVANCED_FACE('',(#534),#535,.F.);
#171=ADVANCED_FACE('',(#536),#537,.F.);
#172=ADVANCED_FACE('',(#538),#539,.F.);
#173=ADVANCED_FACE('',(#540),#541,.F.);
#174=ADVANCED_FACE('',(#542),#543,.T.);
#175=ADVANCED_FACE('',(#544),#545,.F.);
#176=ADVANCED_FACE('',(#546),#547,.F.);
#177=ADVANCED_FACE('',(#548),#549,.F.);
#178=ADVANCED_FACE('',(#550),#551,.F.);
#179=ADVANCED_FACE('',(#552),#553,.T.);
#180=ADVANCED_FACE('',(#554),#555,.F.);
#181=ADVANCED_FACE('',(#556),#557,.F.);
#182=ADVANCED_FACE('',(#558),#559,.F.);
#183=ADVANCED_FACE('',(#560),#561,.F.);
#184=ADVANCED_FACE('',(#562),#563,.F.);
#185=ADVANCED_FACE('',(#564,#565),#566,.F.);
#186=ADVANCED_FACE('',(#567),#568,.F.);
#187=ADVANCED_FACE('',(#569),#570,.F.);
#188=ADVANCED_FACE('',(#571),#572,.F.);
#189=ADVANCED_FACE('',(#573),#574,.F.);
#190=ADVANCED_FACE('',(#575),#576,.F.);
#191=ADVANCED_FACE('',(#577),#578,.T.);
#192=ADVANCED_FACE('',(#579),#580,.F.);
#193=ADVANCED_FACE('',(#581),#582,.F.);
#194=ADVANCED_FACE('',(#583),#584,.F.);
#195=ADVANCED_FACE('',(#585),#586,.F.);
#196=ADVANCED_FACE('',(#587),#588,.F.);
#197=ADVANCED_FACE('',(#589,#590),#591,.F.);
#198=ADVANCED_FACE('',(#592),#593,.F.);
#199=ADVANCED_FACE('',(#594),#595,.F.);
#200=ADVANCED_FACE('',(#596),#597,.F.);
#201=ADVANCED_FACE('',(#598),#599,.F.);
#202=ADVANCED_FACE('',(#600),#601,.F.);
#203=ADVANCED_FACE('',(#602),#603,.T.);
#204=ADVANCED_FACE('',(#604),#605,.F.);
#205=ADVANCED_FACE('',(#606),#607,.F.);
#206=ADVANCED_FACE('',(#608),#609,.F.);
#207=ADVANCED_FACE('',(#610),#611,.F.);
#208=ADVANCED_FACE('',(#612),#613,.F.);
#209=ADVANCED_FACE('',(#614,#615),#616,.F.);
#210=ADVANCED_FACE('',(#617),#618,.F.);
#211=ADVANCED_FACE('',(#619),#620,.F.);
#212=ADVANCED_FACE('',(#621),#622,.F.);
#213=ADVANCED_FACE('',(#623),#624,.F.);
#214=ADVANCED_FACE('',(#625),#626,.F.);
#215=ADVANCED_FACE('',(#627),#628,.T.);
#216=ADVANCED_FACE('',(#629),#630,.F.);
#217=ADVANCED_FACE('',(#631),#632,.F.);
#218=ADVANCED_FACE('',(#633),#634,.F.);
#219=ADVANCED_FACE('',(#635),#636,.F.);
#220=ADVANCED_FACE('',(#637),#638,.F.);
#221=ADVANCED_FACE('',(#639,#640),#641,.F.);
#222=ADVANCED_FACE('',(#642),#643,.F.);
#223=ADVANCED_FACE('',(#644),#645,.F.);
#224=ADVANCED_FACE('',(#646),#647,.F.);
#225=ADVANCED_FACE('',(#648),#649,.F.);
#226=ADVANCED_FACE('',(#650),#651,.F.);
#227=ADVANCED_FACE('',(#652),#653,.T.);
#228=ADVANCED_FACE('',(#654),#655,.F.);
#229=ADVANCED_FACE('',(#656),#657,.F.);
#230=ADVANCED_FACE('',(#658),#659,.F.);
#231=ADVANCED_FACE('',(#660),#661,.F.);
#232=ADVANCED_FACE('',(#662),#663,.F.);
#233=ADVANCED_FACE('',(#664,#665),#666,.F.);
#234=ADVANCED_FACE('',(#667),#668,.F.);
#235=ADVANCED_FACE('',(#669),#670,.F.);
#236=ADVANCED_FACE('',(#671),#672,.F.);
#237=ADVANCED_FACE('',(#673),#674,.F.);
#238=ADVANCED_FACE('',(#675),#676,.F.);
#239=ADVANCED_FACE('',(#677),#678,.T.);
#240=ADVANCED_FACE('',(#679),#680,.F.);
#241=ADVANCED_FACE('',(#681),#682,.F.);
#242=ADVANCED_FACE('',(#683),#684,.F.);
#243=ADVANCED_FACE('',(#685),#686,.F.);
#244=ADVANCED_FACE('',(#687),#688,.F.);
#245=ADVANCED_FACE('',(#689,#690),#691,.F.);
#246=ADVANCED_FACE('',(#692),#693,.F.);
#247=ADVANCED_FACE('',(#694),#695,.F.);
#248=ADVANCED_FACE('',(#696),#697,.F.);
#249=ADVANCED_FACE('',(#698),#699,.T.);
#250=ADVANCED_FACE('',(#700),#701,.T.);
#251=ADVANCED_FACE('',(#702),#703,.T.);
#252=ADVANCED_FACE('',(#704),#705,.T.);
#253=ADVANCED_FACE('',(#706),#707,.T.);
#254=ADVANCED_FACE('',(#708),#709,.F.);
#255=ADVANCED_FACE('',(#710),#711,.T.);
#256=ADVANCED_FACE('',(#712),#713,.T.);
#257=ADVANCED_FACE('',(#714),#715,.T.);
#258=ADVANCED_FACE('',(#716),#717,.T.);
#259=ADVANCED_FACE('',(#718),#719,.T.);
#260=ADVANCED_FACE('',(#720),#721,.F.);
#261=ADVANCED_FACE('',(#722),#723,.T.);
#262=ADVANCED_FACE('',(#724),#725,.T.);
#263=ADVANCED_FACE('',(#726),#727,.T.);
#264=ADVANCED_FACE('',(#728),#729,.T.);
#265=ADVANCED_FACE('',(#730),#731,.T.);
#266=ADVANCED_FACE('',(#732),#733,.F.);
#267=ADVANCED_FACE('',(#734),#735,.T.);
#268=ADVANCED_FACE('',(#736),#737,.T.);
#269=ADVANCED_FACE('',(#738),#739,.T.);
#270=ADVANCED_FACE('',(#740),#741,.T.);
#271=ADVANCED_FACE('',(#742),#743,.T.);
#272=ADVANCED_FACE('',(#744),#745,.F.);
#273=ADVANCED_FACE('',(#746),#747,.T.);
#274=ADVANCED_FACE('',(#748),#749,.T.);
#275=ADVANCED_FACE('',(#750),#751,.T.);
#276=ADVANCED_FACE('',(#752),#753,.T.);
#277=ADVANCED_FACE('',(#754),#755,.T.);
#278=ADVANCED_FACE('',(#756),#757,.F.);
#279=ADVANCED_FACE('',(#758),#759,.T.);
#280=ADVANCED_FACE('',(#760),#761,.T.);
#281=ADVANCED_FACE('',(#762),#763,.T.);
#282=ADVANCED_FACE('',(#764),#765,.T.);
#283=ADVANCED_FACE('',(#766),#767,.T.);
#284=ADVANCED_FACE('',(#768),#769,.F.);
#285=ADVANCED_FACE('',(#770),#771,.F.);
#286=ADVANCED_FACE('',(#772),#773,.F.);
#287=ADVANCED_FACE('',(#774),#775,.F.);
#288=ADVANCED_FACE('',(#776),#777,.F.);
#289=ADVANCED_FACE('',(#778),#779,.F.);
#290=ADVANCED_FACE('',(#780),#781,.F.);
#291=ADVANCED_FACE('',(#782),#783,.F.);
#292=ADVANCED_FACE('',(#784),#785,.F.);
#293=ADVANCED_FACE('',(#786),#787,.F.);
#294=ADVANCED_FACE('',(#788,#789,#790,#791,#792,#793,#794),#795,.F.);
#295=ADVANCED_FACE('',(#796),#797,.F.);
#296=ADVANCED_FACE('',(#798),#799,.F.);
#297=ADVANCED_FACE('',(#800),#801,.F.);
#298=ADVANCED_FACE('',(#802),#803,.F.);
#299=ADVANCED_FACE('',(#804),#805,.F.);
#300=ADVANCED_FACE('',(#806),#807,.F.);
#301=ADVANCED_FACE('',(#808),#809,.F.);
#302=ADVANCED_FACE('',(#810),#811,.F.);
#303=ADVANCED_FACE('',(#812),#813,.F.);
#304=ADVANCED_FACE('',(#814),#815,.F.);
#305=ADVANCED_FACE('',(#816),#817,.F.);
#306=ADVANCED_FACE('',(#818),#819,.F.);
#307=ADVANCED_FACE('',(#820),#821,.F.);
#308=ADVANCED_FACE('',(#822),#823,.F.);
#309=ADVANCED_FACE('',(#824),#825,.F.);
#310=ADVANCED_FACE('',(#826),#827,.F.);
#311=ADVANCED_FACE('',(#828),#829,.F.);
#312=ADVANCED_FACE('',(#830),#831,.F.);
#313=ADVANCED_FACE('',(#832),#833,.F.);
#314=ADVANCED_FACE('',(#834),#835,.F.);
#315=ADVANCED_FACE('',(#836),#837,.F.);
#316=ADVANCED_FACE('',(#838),#839,.F.);
#317=ADVANCED_FACE('',(#840),#841,.F.);
#318=ADVANCED_FACE('',(#842),#843,.F.);
#319=ADVANCED_FACE('',(#844),#845,.F.);
#320=ADVANCED_FACE('',(#846),#847,.F.);
#321=ADVANCED_FACE('',(#848),#849,.F.);
#322=ADVANCED_FACE('',(#850),#851,.F.);
#323=ADVANCED_FACE('',(#852),#853,.F.);
#324=ADVANCED_FACE('',(#854),#855,.F.);
#325=ADVANCED_FACE('',(#856),#857,.F.);
#326=ADVANCED_FACE('',(#858),#859,.F.);
#327=ADVANCED_FACE('',(#860),#861,.F.);
#328=ADVANCED_FACE('',(#862),#863,.F.);
#329=ADVANCED_FACE('',(#864),#865,.F.);
#330=ADVANCED_FACE('',(#866),#867,.F.);
#331=ADVANCED_FACE('',(#868),#869,.F.);
#332=ADVANCED_FACE('',(#870),#871,.F.);
#333=ADVANCED_FACE('',(#872),#873,.F.);
#334=ADVANCED_FACE('',(#874),#875,.F.);
#335=ADVANCED_FACE('',(#876),#877,.F.);
#336=ADVANCED_FACE('',(#878),#879,.F.);
#337=ADVANCED_FACE('',(#880),#881,.F.);
#338=ADVANCED_FACE('',(#882),#883,.F.);
#339=ADVANCED_FACE('',(#884),#885,.F.);
#340=ADVANCED_FACE('',(#886),#887,.T.);
#341=ADVANCED_FACE('',(#888,#889,#890,#891,#892,#893,#894),#895,.F.);
#342=ADVANCED_FACE('',(#896),#897,.F.);
#344=FACE_OUTER_BOUND('',#898,.T.);
#345=TOROIDAL_SURFACE('',#899,0.66,0.22);
#346=FACE_OUTER_BOUND('',#900,.T.);
#347=TOROIDAL_SURFACE('',#901,0.66,0.22);
#348=FACE_OUTER_BOUND('',#902,.T.);
#349=TOROIDAL_SURFACE('',#903,0.66,0.22);
#350=FACE_OUTER_BOUND('',#904,.T.);
#351=TOROIDAL_SURFACE('',#905,0.66,0.22);
#352=FACE_OUTER_BOUND('',#906,.T.);
#353=TOROIDAL_SURFACE('',#907,0.66,0.22);
#354=FACE_OUTER_BOUND('',#908,.T.);
#355=TOROIDAL_SURFACE('',#909,0.66,0.22);
#356=FACE_OUTER_BOUND('',#910,.T.);
#357=TOROIDAL_SURFACE('',#911,0.319999999999956,0.0999999999999569);
#358=FACE_OUTER_BOUND('',#912,.T.);
#359=CYLINDRICAL_SURFACE('',#913,0.22);
#360=FACE_OUTER_BOUND('',#914,.T.);
#361=CYLINDRICAL_SURFACE('',#915,0.22);
#362=FACE_OUTER_BOUND('',#916,.T.);
#363=SPHERICAL_SURFACE('',#917,0.22);
#364=FACE_OUTER_BOUND('',#918,.T.);
#365=CONICAL_SURFACE('',#919,0.332144660940674,0.785398163397417);
#366=FACE_OUTER_BOUND('',#920,.T.);
#367=TOROIDAL_SURFACE('',#921,0.319999999999956,0.0999999999999569);
#368=FACE_OUTER_BOUND('',#922,.T.);
#369=CYLINDRICAL_SURFACE('',#923,0.22);
#370=FACE_OUTER_BOUND('',#924,.T.);
#371=CYLINDRICAL_SURFACE('',#925,0.22);
#372=FACE_OUTER_BOUND('',#926,.T.);
#373=SPHERICAL_SURFACE('',#927,0.22);
#374=FACE_OUTER_BOUND('',#928,.T.);
#375=CONICAL_SURFACE('',#929,0.332144660940674,0.785398163397417);
#376=FACE_OUTER_BOUND('',#930,.T.);
#377=TOROIDAL_SURFACE('',#931,0.319999999999956,0.0999999999999569);
#378=FACE_OUTER_BOUND('',#932,.T.);
#379=CYLINDRICAL_SURFACE('',#933,0.22);
#380=FACE_OUTER_BOUND('',#934,.T.);
#381=CYLINDRICAL_SURFACE('',#935,0.22);
#382=FACE_OUTER_BOUND('',#936,.T.);
#383=SPHERICAL_SURFACE('',#937,0.22);
#384=FACE_OUTER_BOUND('',#938,.T.);
#385=CONICAL_SURFACE('',#939,0.332144660940674,0.785398163397417);
#386=FACE_OUTER_BOUND('',#940,.T.);
#387=TOROIDAL_SURFACE('',#941,0.319999999999956,0.0999999999999569);
#388=FACE_OUTER_BOUND('',#942,.T.);
#389=CYLINDRICAL_SURFACE('',#943,0.22);
#390=FACE_OUTER_BOUND('',#944,.T.);
#391=CYLINDRICAL_SURFACE('',#945,0.22);
#392=FACE_OUTER_BOUND('',#946,.T.);
#393=SPHERICAL_SURFACE('',#947,0.22);
#394=FACE_OUTER_BOUND('',#948,.T.);
#395=CONICAL_SURFACE('',#949,0.332144660940674,0.785398163397417);
#396=FACE_OUTER_BOUND('',#950,.T.);
#397=TOROIDAL_SURFACE('',#951,0.319999999999956,0.0999999999999569);
#398=FACE_OUTER_BOUND('',#952,.T.);
#399=CYLINDRICAL_SURFACE('',#953,0.22);
#400=FACE_OUTER_BOUND('',#954,.T.);
#401=CYLINDRICAL_SURFACE('',#955,0.22);
#402=FACE_OUTER_BOUND('',#956,.T.);
#403=SPHERICAL_SURFACE('',#957,0.22);
#404=FACE_OUTER_BOUND('',#958,.T.);
#405=CONICAL_SURFACE('',#959,0.332144660940674,0.785398163397417);
#406=FACE_OUTER_BOUND('',#960,.T.);
#407=TOROIDAL_SURFACE('',#961,0.319999999999956,0.0999999999999569);
#408=FACE_OUTER_BOUND('',#962,.T.);
#409=CYLINDRICAL_SURFACE('',#963,0.22);
#410=FACE_OUTER_BOUND('',#964,.T.);
#411=CYLINDRICAL_SURFACE('',#965,0.22);
#412=FACE_OUTER_BOUND('',#966,.T.);
#413=SPHERICAL_SURFACE('',#967,0.22);
#414=FACE_OUTER_BOUND('',#968,.T.);
#415=CONICAL_SURFACE('',#969,0.332144660940674,0.785398163397417);
#416=FACE_OUTER_BOUND('',#970,.T.);
#417=CONICAL_SURFACE('',#971,0.208181757061135,1.46921106572594);
#418=FACE_OUTER_BOUND('',#972,.T.);
#419=CONICAL_SURFACE('',#973,0.4425,0.349065850398868);
#420=FACE_OUTER_BOUND('',#974,.T.);
#421=CYLINDRICAL_SURFACE('',#975,0.385);
#422=FACE_OUTER_BOUND('',#976,.T.);
#423=CONICAL_SURFACE('',#977,0.31875,0.67941380540785);
#424=FACE_OUTER_BOUND('',#978,.T.);
#425=CYLINDRICAL_SURFACE('',#979,0.2925);
#426=FACE_OUTER_BOUND('',#980,.T.);
#427=CONICAL_SURFACE('',#981,0.221739097293245,0.0888659021280663);
#428=FACE_OUTER_BOUND('',#982,.T.);
#429=CYLINDRICAL_SURFACE('',#983,0.280000000000001);
#430=FACE_OUTER_BOUND('',#984,.T.);
#431=CONICAL_SURFACE('',#985,0.140000000000001,1.04719755119659);
#432=FACE_OUTER_BOUND('',#986,.T.);
#433=CONICAL_SURFACE('',#987,0.335192659767884,0.0872477865224776);
#434=FACE_OUTER_BOUND('',#988,.T.);
#435=CYLINDRICAL_SURFACE('',#989,0.405000000000001);
#436=FACE_OUTER_BOUND('',#990,.T.);
#437=CONICAL_SURFACE('',#991,0.342500000000001,1.04719755119666);
#438=FACE_OUTER_BOUND('',#992,.T.);
#439=CONICAL_SURFACE('',#993,0.208181757061135,1.46921106572594);
#440=FACE_OUTER_BOUND('',#994,.T.);
#441=CONICAL_SURFACE('',#995,0.4425,0.349065850398868);
#442=FACE_OUTER_BOUND('',#996,.T.);
#443=CYLINDRICAL_SURFACE('',#997,0.385);
#444=FACE_OUTER_BOUND('',#998,.T.);
#445=CONICAL_SURFACE('',#999,0.31875,0.67941380540785);
#446=FACE_OUTER_BOUND('',#1000,.T.);
#447=CYLINDRICAL_SURFACE('',#1001,0.2925);
#448=FACE_OUTER_BOUND('',#1002,.T.);
#449=CONICAL_SURFACE('',#1003,0.221739097293245,0.0888659021280663);
#450=FACE_OUTER_BOUND('',#1004,.T.);
#451=CYLINDRICAL_SURFACE('',#1005,0.280000000000001);
#452=FACE_OUTER_BOUND('',#1006,.T.);
#453=CONICAL_SURFACE('',#1007,0.140000000000001,1.04719755119659);
#454=FACE_OUTER_BOUND('',#1008,.T.);
#455=CONICAL_SURFACE('',#1009,0.335192659767884,0.0872477865224776);
#456=FACE_OUTER_BOUND('',#1010,.T.);
#457=CYLINDRICAL_SURFACE('',#1011,0.405000000000001);
#458=FACE_OUTER_BOUND('',#1012,.T.);
#459=CONICAL_SURFACE('',#1013,0.342500000000001,1.04719755119666);
#460=FACE_OUTER_BOUND('',#1014,.T.);
#461=CONICAL_SURFACE('',#1015,0.208181757061135,1.46921106572594);
#462=FACE_OUTER_BOUND('',#1016,.T.);
#463=CONICAL_SURFACE('',#1017,0.4425,0.349065850398868);
#464=FACE_OUTER_BOUND('',#1018,.T.);
#465=CYLINDRICAL_SURFACE('',#1019,0.385);
#466=FACE_OUTER_BOUND('',#1020,.T.);
#467=CONICAL_SURFACE('',#1021,0.31875,0.67941380540785);
#468=FACE_OUTER_BOUND('',#1022,.T.);
#469=CYLINDRICAL_SURFACE('',#1023,0.2925);
#470=FACE_OUTER_BOUND('',#1024,.T.);
#471=CONICAL_SURFACE('',#1025,0.221739097293245,0.0888659021280663);
#472=FACE_OUTER_BOUND('',#1026,.T.);
#473=CYLINDRICAL_SURFACE('',#1027,0.280000000000001);
#474=FACE_OUTER_BOUND('',#1028,.T.);
#475=CONICAL_SURFACE('',#1029,0.140000000000001,1.04719755119659);
#476=FACE_OUTER_BOUND('',#1030,.T.);
#477=CONICAL_SURFACE('',#1031,0.335192659767884,0.0872477865224776);
#478=FACE_OUTER_BOUND('',#1032,.T.);
#479=CYLINDRICAL_SURFACE('',#1033,0.405000000000001);
#480=FACE_OUTER_BOUND('',#1034,.T.);
#481=CONICAL_SURFACE('',#1035,0.342500000000001,1.04719755119666);
#482=FACE_OUTER_BOUND('',#1036,.T.);
#483=CONICAL_SURFACE('',#1037,0.208181757061135,1.46921106572594);
#484=FACE_OUTER_BOUND('',#1038,.T.);
#485=CONICAL_SURFACE('',#1039,0.4425,0.349065850398868);
#486=FACE_OUTER_BOUND('',#1040,.T.);
#487=CYLINDRICAL_SURFACE('',#1041,0.385);
#488=FACE_OUTER_BOUND('',#1042,.T.);
#489=CONICAL_SURFACE('',#1043,0.31875,0.67941380540785);
#490=FACE_OUTER_BOUND('',#1044,.T.);
#491=CYLINDRICAL_SURFACE('',#1045,0.2925);
#492=FACE_OUTER_BOUND('',#1046,.T.);
#493=CONICAL_SURFACE('',#1047,0.221739097293245,0.0888659021280663);
#494=FACE_OUTER_BOUND('',#1048,.T.);
#495=CYLINDRICAL_SURFACE('',#1049,0.280000000000001);
#496=FACE_OUTER_BOUND('',#1050,.T.);
#497=CONICAL_SURFACE('',#1051,0.140000000000001,1.04719755119659);
#498=FACE_OUTER_BOUND('',#1052,.T.);
#499=CONICAL_SURFACE('',#1053,0.335192659767884,0.0872477865224776);
#500=FACE_OUTER_BOUND('',#1054,.T.);
#501=CYLINDRICAL_SURFACE('',#1055,0.405000000000001);
#502=FACE_OUTER_BOUND('',#1056,.T.);
#503=CONICAL_SURFACE('',#1057,0.342500000000001,1.04719755119666);
#504=FACE_OUTER_BOUND('',#1058,.T.);
#505=CONICAL_SURFACE('',#1059,0.208181757061135,1.46921106572594);
#506=FACE_OUTER_BOUND('',#1060,.T.);
#507=CONICAL_SURFACE('',#1061,0.4425,0.349065850398868);
#508=FACE_OUTER_BOUND('',#1062,.T.);
#509=CYLINDRICAL_SURFACE('',#1063,0.385);
#510=FACE_OUTER_BOUND('',#1064,.T.);
#511=CONICAL_SURFACE('',#1065,0.31875,0.67941380540785);
#512=FACE_OUTER_BOUND('',#1066,.T.);
#513=CYLINDRICAL_SURFACE('',#1067,0.2925);
#514=FACE_OUTER_BOUND('',#1068,.T.);
#515=CONICAL_SURFACE('',#1069,0.221739097293245,0.0888659021280663);
#516=FACE_OUTER_BOUND('',#1070,.T.);
#517=CYLINDRICAL_SURFACE('',#1071,0.280000000000001);
#518=FACE_OUTER_BOUND('',#1072,.T.);
#519=CONICAL_SURFACE('',#1073,0.140000000000001,1.04719755119659);
#520=FACE_OUTER_BOUND('',#1074,.T.);
#521=CONICAL_SURFACE('',#1075,0.335192659767884,0.0872477865224776);
#522=FACE_OUTER_BOUND('',#1076,.T.);
#523=CYLINDRICAL_SURFACE('',#1077,0.405000000000001);
#524=FACE_OUTER_BOUND('',#1078,.T.);
#525=CONICAL_SURFACE('',#1079,0.342500000000001,1.04719755119666);
#526=FACE_OUTER_BOUND('',#1080,.T.);
#527=CONICAL_SURFACE('',#1081,0.208181757061135,1.46921106572594);
#528=FACE_OUTER_BOUND('',#1082,.T.);
#529=CONICAL_SURFACE('',#1083,0.4425,0.349065850398868);
#530=FACE_OUTER_BOUND('',#1084,.T.);
#531=CYLINDRICAL_SURFACE('',#1085,0.385);
#532=FACE_OUTER_BOUND('',#1086,.T.);
#533=CONICAL_SURFACE('',#1087,0.31875,0.67941380540785);
#534=FACE_OUTER_BOUND('',#1088,.T.);
#535=CYLINDRICAL_SURFACE('',#1089,0.2925);
#536=FACE_OUTER_BOUND('',#1090,.T.);
#537=CONICAL_SURFACE('',#1091,0.221739097293245,0.0888659021280663);
#538=FACE_OUTER_BOUND('',#1092,.T.);
#539=CYLINDRICAL_SURFACE('',#1093,0.280000000000001);
#540=FACE_OUTER_BOUND('',#1094,.T.);
#541=CONICAL_SURFACE('',#1095,0.140000000000001,1.04719755119659);
#542=FACE_OUTER_BOUND('',#1096,.T.);
#543=CONICAL_SURFACE('',#1097,0.335192659767884,0.0872477865224776);
#544=FACE_OUTER_BOUND('',#1098,.T.);
#545=CYLINDRICAL_SURFACE('',#1099,0.405000000000001);
#546=FACE_OUTER_BOUND('',#1100,.T.);
#547=CONICAL_SURFACE('',#1101,0.342500000000001,1.04719755119666);
#548=FACE_OUTER_BOUND('',#1102,.T.);
#549=CONICAL_SURFACE('',#1103,0.342500000000001,1.04719755119666);
#550=FACE_OUTER_BOUND('',#1104,.T.);
#551=CYLINDRICAL_SURFACE('',#1105,0.405000000000001);
#552=FACE_OUTER_BOUND('',#1106,.T.);
#553=CONICAL_SURFACE('',#1107,0.335192659767884,0.0872477865224776);
#554=FACE_OUTER_BOUND('',#1108,.T.);
#555=CONICAL_SURFACE('',#1109,0.140000000000001,1.04719755119659);
#556=FACE_OUTER_BOUND('',#1110,.T.);
#557=CYLINDRICAL_SURFACE('',#1111,0.280000000000001);
#558=FACE_OUTER_BOUND('',#1112,.T.);
#559=CONICAL_SURFACE('',#1113,0.221739097293245,0.0888659021280663);
#560=FACE_OUTER_BOUND('',#1114,.T.);
#561=CYLINDRICAL_SURFACE('',#1115,0.2925);
#562=FACE_OUTER_BOUND('',#1116,.T.);
#563=CONICAL_SURFACE('',#1117,0.31875,0.67941380540785);
#564=FACE_OUTER_BOUND('',#1118,.T.);
#565=FACE_BOUND('',#1119,.T.);
#566=PLANE('',#1120);
#567=FACE_OUTER_BOUND('',#1121,.T.);
#568=CYLINDRICAL_SURFACE('',#1122,0.385);
#569=FACE_OUTER_BOUND('',#1123,.T.);
#570=CONICAL_SURFACE('',#1124,0.4425,0.349065850398868);
#571=FACE_OUTER_BOUND('',#1125,.T.);
#572=CONICAL_SURFACE('',#1126,0.208181757061135,1.46921106572594);
#573=FACE_OUTER_BOUND('',#1127,.T.);
#574=CONICAL_SURFACE('',#1128,0.342500000000001,1.04719755119666);
#575=FACE_OUTER_BOUND('',#1129,.T.);
#576=CYLINDRICAL_SURFACE('',#1130,0.405000000000001);
#577=FACE_OUTER_BOUND('',#1131,.T.);
#578=CONICAL_SURFACE('',#1132,0.335192659767884,0.0872477865224776);
#579=FACE_OUTER_BOUND('',#1133,.T.);
#580=CONICAL_SURFACE('',#1134,0.140000000000001,1.04719755119659);
#581=FACE_OUTER_BOUND('',#1135,.T.);
#582=CYLINDRICAL_SURFACE('',#1136,0.280000000000001);
#583=FACE_OUTER_BOUND('',#1137,.T.);
#584=CONICAL_SURFACE('',#1138,0.221739097293245,0.0888659021280663);
#585=FACE_OUTER_BOUND('',#1139,.T.);
#586=CYLINDRICAL_SURFACE('',#1140,0.2925);
#587=FACE_OUTER_BOUND('',#1141,.T.);
#588=CONICAL_SURFACE('',#1142,0.31875,0.67941380540785);
#589=FACE_OUTER_BOUND('',#1143,.T.);
#590=FACE_BOUND('',#1144,.T.);
#591=PLANE('',#1145);
#592=FACE_OUTER_BOUND('',#1146,.T.);
#593=CYLINDRICAL_SURFACE('',#1147,0.385);
#594=FACE_OUTER_BOUND('',#1148,.T.);
#595=CONICAL_SURFACE('',#1149,0.4425,0.349065850398868);
#596=FACE_OUTER_BOUND('',#1150,.T.);
#597=CONICAL_SURFACE('',#1151,0.208181757061135,1.46921106572594);
#598=FACE_OUTER_BOUND('',#1152,.T.);
#599=CONICAL_SURFACE('',#1153,0.342500000000001,1.04719755119666);
#600=FACE_OUTER_BOUND('',#1154,.T.);
#601=CYLINDRICAL_SURFACE('',#1155,0.405000000000001);
#602=FACE_OUTER_BOUND('',#1156,.T.);
#603=CONICAL_SURFACE('',#1157,0.335192659767884,0.0872477865224776);
#604=FACE_OUTER_BOUND('',#1158,.T.);
#605=CONICAL_SURFACE('',#1159,0.140000000000001,1.04719755119659);
#606=FACE_OUTER_BOUND('',#1160,.T.);
#607=CYLINDRICAL_SURFACE('',#1161,0.280000000000001);
#608=FACE_OUTER_BOUND('',#1162,.T.);
#609=CONICAL_SURFACE('',#1163,0.221739097293245,0.0888659021280663);
#610=FACE_OUTER_BOUND('',#1164,.T.);
#611=CYLINDRICAL_SURFACE('',#1165,0.2925);
#612=FACE_OUTER_BOUND('',#1166,.T.);
#613=CONICAL_SURFACE('',#1167,0.31875,0.67941380540785);
#614=FACE_OUTER_BOUND('',#1168,.T.);
#615=FACE_BOUND('',#1169,.T.);
#616=PLANE('',#1170);
#617=FACE_OUTER_BOUND('',#1171,.T.);
#618=CYLINDRICAL_SURFACE('',#1172,0.385);
#619=FACE_OUTER_BOUND('',#1173,.T.);
#620=CONICAL_SURFACE('',#1174,0.4425,0.349065850398868);
#621=FACE_OUTER_BOUND('',#1175,.T.);
#622=CONICAL_SURFACE('',#1176,0.208181757061135,1.46921106572594);
#623=FACE_OUTER_BOUND('',#1177,.T.);
#624=CONICAL_SURFACE('',#1178,0.342500000000001,1.04719755119666);
#625=FACE_OUTER_BOUND('',#1179,.T.);
#626=CYLINDRICAL_SURFACE('',#1180,0.405000000000001);
#627=FACE_OUTER_BOUND('',#1181,.T.);
#628=CONICAL_SURFACE('',#1182,0.335192659767884,0.0872477865224776);
#629=FACE_OUTER_BOUND('',#1183,.T.);
#630=CONICAL_SURFACE('',#1184,0.140000000000001,1.04719755119659);
#631=FACE_OUTER_BOUND('',#1185,.T.);
#632=CYLINDRICAL_SURFACE('',#1186,0.280000000000001);
#633=FACE_OUTER_BOUND('',#1187,.T.);
#634=CONICAL_SURFACE('',#1188,0.221739097293245,0.0888659021280663);
#635=FACE_OUTER_BOUND('',#1189,.T.);
#636=CYLINDRICAL_SURFACE('',#1190,0.2925);
#637=FACE_OUTER_BOUND('',#1191,.T.);
#638=CONICAL_SURFACE('',#1192,0.31875,0.67941380540785);
#639=FACE_OUTER_BOUND('',#1193,.T.);
#640=FACE_BOUND('',#1194,.T.);
#641=PLANE('',#1195);
#642=FACE_OUTER_BOUND('',#1196,.T.);
#643=CYLINDRICAL_SURFACE('',#1197,0.385);
#644=FACE_OUTER_BOUND('',#1198,.T.);
#645=CONICAL_SURFACE('',#1199,0.4425,0.349065850398868);
#646=FACE_OUTER_BOUND('',#1200,.T.);
#647=CONICAL_SURFACE('',#1201,0.208181757061135,1.46921106572594);
#648=FACE_OUTER_BOUND('',#1202,.T.);
#649=CONICAL_SURFACE('',#1203,0.342500000000001,1.04719755119666);
#650=FACE_OUTER_BOUND('',#1204,.T.);
#651=CYLINDRICAL_SURFACE('',#1205,0.405000000000001);
#652=FACE_OUTER_BOUND('',#1206,.T.);
#653=CONICAL_SURFACE('',#1207,0.335192659767884,0.0872477865224776);
#654=FACE_OUTER_BOUND('',#1208,.T.);
#655=CONICAL_SURFACE('',#1209,0.140000000000001,1.04719755119659);
#656=FACE_OUTER_BOUND('',#1210,.T.);
#657=CYLINDRICAL_SURFACE('',#1211,0.280000000000001);
#658=FACE_OUTER_BOUND('',#1212,.T.);
#659=CONICAL_SURFACE('',#1213,0.221739097293245,0.0888659021280663);
#660=FACE_OUTER_BOUND('',#1214,.T.);
#661=CYLINDRICAL_SURFACE('',#1215,0.2925);
#662=FACE_OUTER_BOUND('',#1216,.T.);
#663=CONICAL_SURFACE('',#1217,0.31875,0.67941380540785);
#664=FACE_OUTER_BOUND('',#1218,.T.);
#665=FACE_BOUND('',#1219,.T.);
#666=PLANE('',#1220);
#667=FACE_OUTER_BOUND('',#1221,.T.);
#668=CYLINDRICAL_SURFACE('',#1222,0.385);
#669=FACE_OUTER_BOUND('',#1223,.T.);
#670=CONICAL_SURFACE('',#1224,0.4425,0.349065850398868);
#671=FACE_OUTER_BOUND('',#1225,.T.);
#672=CONICAL_SURFACE('',#1226,0.208181757061135,1.46921106572594);
#673=FACE_OUTER_BOUND('',#1227,.T.);
#674=CONICAL_SURFACE('',#1228,0.342500000000001,1.04719755119666);
#675=FACE_OUTER_BOUND('',#1229,.T.);
#676=CYLINDRICAL_SURFACE('',#1230,0.405000000000001);
#677=FACE_OUTER_BOUND('',#1231,.T.);
#678=CONICAL_SURFACE('',#1232,0.335192659767884,0.0872477865224776);
#679=FACE_OUTER_BOUND('',#1233,.T.);
#680=CONICAL_SURFACE('',#1234,0.140000000000001,1.04719755119659);
#681=FACE_OUTER_BOUND('',#1235,.T.);
#682=CYLINDRICAL_SURFACE('',#1236,0.280000000000001);
#683=FACE_OUTER_BOUND('',#1237,.T.);
#684=CONICAL_SURFACE('',#1238,0.221739097293245,0.0888659021280663);
#685=FACE_OUTER_BOUND('',#1239,.T.);
#686=CYLINDRICAL_SURFACE('',#1240,0.2925);
#687=FACE_OUTER_BOUND('',#1241,.T.);
#688=CONICAL_SURFACE('',#1242,0.31875,0.67941380540785);
#689=FACE_OUTER_BOUND('',#1243,.T.);
#690=FACE_BOUND('',#1244,.T.);
#691=PLANE('',#1245);
#692=FACE_OUTER_BOUND('',#1246,.T.);
#693=CYLINDRICAL_SURFACE('',#1247,0.385);
#694=FACE_OUTER_BOUND('',#1248,.T.);
#695=CONICAL_SURFACE('',#1249,0.4425,0.349065850398868);
#696=FACE_OUTER_BOUND('',#1250,.T.);
#697=CONICAL_SURFACE('',#1251,0.208181757061135,1.46921106572594);
#698=FACE_OUTER_BOUND('',#1252,.T.);
#699=CONICAL_SURFACE('',#1253,0.332144660940674,0.785398163397417);
#700=FACE_OUTER_BOUND('',#1254,.T.);
#701=SPHERICAL_SURFACE('',#1255,0.22);
#702=FACE_OUTER_BOUND('',#1256,.T.);
#703=CYLINDRICAL_SURFACE('',#1257,0.22);
#704=FACE_OUTER_BOUND('',#1258,.T.);
#705=TOROIDAL_SURFACE('',#1259,0.66,0.22);
#706=FACE_OUTER_BOUND('',#1260,.T.);
#707=CYLINDRICAL_SURFACE('',#1261,0.22);
#708=FACE_OUTER_BOUND('',#1262,.T.);
#709=TOROIDAL_SURFACE('',#1263,0.319999999999956,0.0999999999999569);
#710=FACE_OUTER_BOUND('',#1264,.T.);
#711=CONICAL_SURFACE('',#1265,0.332144660940674,0.785398163397417);
#712=FACE_OUTER_BOUND('',#1266,.T.);
#713=SPHERICAL_SURFACE('',#1267,0.22);
#714=FACE_OUTER_BOUND('',#1268,.T.);
#715=CYLINDRICAL_SURFACE('',#1269,0.22);
#716=FACE_OUTER_BOUND('',#1270,.T.);
#717=TOROIDAL_SURFACE('',#1271,0.66,0.22);
#718=FACE_OUTER_BOUND('',#1272,.T.);
#719=CYLINDRICAL_SURFACE('',#1273,0.22);
#720=FACE_OUTER_BOUND('',#1274,.T.);
#721=TOROIDAL_SURFACE('',#1275,0.319999999999956,0.0999999999999569);
#722=FACE_OUTER_BOUND('',#1276,.T.);
#723=CONICAL_SURFACE('',#1277,0.332144660940674,0.785398163397417);
#724=FACE_OUTER_BOUND('',#1278,.T.);
#725=SPHERICAL_SURFACE('',#1279,0.22);
#726=FACE_OUTER_BOUND('',#1280,.T.);
#727=CYLINDRICAL_SURFACE('',#1281,0.22);
#728=FACE_OUTER_BOUND('',#1282,.T.);
#729=TOROIDAL_SURFACE('',#1283,0.66,0.22);
#730=FACE_OUTER_BOUND('',#1284,.T.);
#731=CYLINDRICAL_SURFACE('',#1285,0.22);
#732=FACE_OUTER_BOUND('',#1286,.T.);
#733=TOROIDAL_SURFACE('',#1287,0.319999999999956,0.0999999999999569);
#734=FACE_OUTER_BOUND('',#1288,.T.);
#735=CONICAL_SURFACE('',#1289,0.332144660940674,0.785398163397417);
#736=FACE_OUTER_BOUND('',#1290,.T.);
#737=SPHERICAL_SURFACE('',#1291,0.22);
#738=FACE_OUTER_BOUND('',#1292,.T.);
#739=CYLINDRICAL_SURFACE('',#1293,0.22);
#740=FACE_OUTER_BOUND('',#1294,.T.);
#741=TOROIDAL_SURFACE('',#1295,0.66,0.22);
#742=FACE_OUTER_BOUND('',#1296,.T.);
#743=CYLINDRICAL_SURFACE('',#1297,0.22);
#744=FACE_OUTER_BOUND('',#1298,.T.);
#745=TOROIDAL_SURFACE('',#1299,0.319999999999956,0.0999999999999569);
#746=FACE_OUTER_BOUND('',#1300,.T.);
#747=CONICAL_SURFACE('',#1301,0.332144660940674,0.785398163397417);
#748=FACE_OUTER_BOUND('',#1302,.T.);
#749=SPHERICAL_SURFACE('',#1303,0.22);
#750=FACE_OUTER_BOUND('',#1304,.T.);
#751=CYLINDRICAL_SURFACE('',#1305,0.22);
#752=FACE_OUTER_BOUND('',#1306,.T.);
#753=TOROIDAL_SURFACE('',#1307,0.66,0.22);
#754=FACE_OUTER_BOUND('',#1308,.T.);
#755=CYLINDRICAL_SURFACE('',#1309,0.22);
#756=FACE_OUTER_BOUND('',#1310,.T.);
#757=TOROIDAL_SURFACE('',#1311,0.319999999999956,0.0999999999999569);
#758=FACE_OUTER_BOUND('',#1312,.T.);
#759=CONICAL_SURFACE('',#1313,0.332144660940674,0.785398163397417);
#760=FACE_OUTER_BOUND('',#1314,.T.);
#761=SPHERICAL_SURFACE('',#1315,0.22);
#762=FACE_OUTER_BOUND('',#1316,.T.);
#763=CYLINDRICAL_SURFACE('',#1317,0.22);
#764=FACE_OUTER_BOUND('',#1318,.T.);
#765=TOROIDAL_SURFACE('',#1319,0.66,0.22);
#766=FACE_OUTER_BOUND('',#1320,.T.);
#767=CYLINDRICAL_SURFACE('',#1321,0.22);
#768=FACE_OUTER_BOUND('',#1322,.T.);
#769=TOROIDAL_SURFACE('',#1323,0.319999999999956,0.0999999999999569);
#770=FACE_OUTER_BOUND('',#1324,.T.);
#771=PLANE('',#1325);
#772=FACE_OUTER_BOUND('',#1326,.T.);
#773=PLANE('',#1327);
#774=FACE_OUTER_BOUND('',#1328,.T.);
#775=PLANE('',#1329);
#776=FACE_OUTER_BOUND('',#1330,.T.);
#777=PLANE('',#1331);
#778=FACE_OUTER_BOUND('',#1332,.T.);
#779=PLANE('',#1333);
#780=FACE_OUTER_BOUND('',#1334,.T.);
#781=PLANE('',#1335);
#782=FACE_OUTER_BOUND('',#1336,.T.);
#783=PLANE('',#1337);
#784=FACE_OUTER_BOUND('',#1338,.T.);
#785=PLANE('',#1339);
#786=FACE_OUTER_BOUND('',#1340,.T.);
#787=PLANE('',#1341);
#788=FACE_BOUND('',#1342,.T.);
#789=FACE_BOUND('',#1343,.T.);
#790=FACE_BOUND('',#1344,.T.);
#791=FACE_BOUND('',#1345,.T.);
#792=FACE_BOUND('',#1346,.T.);
#793=FACE_BOUND('',#1347,.T.);
#794=FACE_OUTER_BOUND('',#1348,.T.);
#795=PLANE('',#1349);
#796=FACE_OUTER_BOUND('',#1350,.T.);
#797=PLANE('',#1351);
#798=FACE_OUTER_BOUND('',#1352,.T.);
#799=PLANE('',#1353);
#800=FACE_OUTER_BOUND('',#1354,.T.);
#801=PLANE('',#1355);
#802=FACE_OUTER_BOUND('',#1356,.T.);
#803=PLANE('',#1357);
#804=FACE_OUTER_BOUND('',#1358,.T.);
#805=PLANE('',#1359);
#806=FACE_OUTER_BOUND('',#1360,.T.);
#807=PLANE('',#1361);
#808=FACE_OUTER_BOUND('',#1362,.T.);
#809=PLANE('',#1363);
#810=FACE_OUTER_BOUND('',#1364,.T.);
#811=PLANE('',#1365);
#812=FACE_OUTER_BOUND('',#1366,.T.);
#813=PLANE('',#1367);
#814=FACE_OUTER_BOUND('',#1368,.T.);
#815=PLANE('',#1369);
#816=FACE_OUTER_BOUND('',#1370,.T.);
#817=PLANE('',#1371);
#818=FACE_OUTER_BOUND('',#1372,.T.);
#819=PLANE('',#1373);
#820=FACE_OUTER_BOUND('',#1374,.T.);
#821=PLANE('',#1375);
#822=FACE_OUTER_BOUND('',#1376,.T.);
#823=PLANE('',#1377);
#824=FACE_OUTER_BOUND('',#1378,.T.);
#825=PLANE('',#1379);
#826=FACE_OUTER_BOUND('',#1380,.T.);
#827=PLANE('',#1381);
#828=FACE_OUTER_BOUND('',#1382,.T.);
#829=PLANE('',#1383);
#830=FACE_OUTER_BOUND('',#1384,.T.);
#831=PLANE('',#1385);
#832=FACE_OUTER_BOUND('',#1386,.T.);
#833=PLANE('',#1387);
#834=FACE_OUTER_BOUND('',#1388,.T.);
#835=PLANE('',#1389);
#836=FACE_OUTER_BOUND('',#1390,.T.);
#837=PLANE('',#1391);
#838=FACE_OUTER_BOUND('',#1392,.T.);
#839=PLANE('',#1393);
#840=FACE_OUTER_BOUND('',#1394,.T.);
#841=PLANE('',#1395);
#842=FACE_OUTER_BOUND('',#1396,.T.);
#843=PLANE('',#1397);
#844=FACE_OUTER_BOUND('',#1398,.T.);
#845=PLANE('',#1399);
#846=FACE_OUTER_BOUND('',#1400,.T.);
#847=PLANE('',#1401);
#848=FACE_OUTER_BOUND('',#1402,.T.);
#849=PLANE('',#1403);
#850=FACE_OUTER_BOUND('',#1404,.T.);
#851=PLANE('',#1405);
#852=FACE_OUTER_BOUND('',#1406,.T.);
#853=PLANE('',#1407);
#854=FACE_OUTER_BOUND('',#1408,.T.);
#855=PLANE('',#1409);
#856=FACE_OUTER_BOUND('',#1410,.T.);
#857=PLANE('',#1411);
#858=FACE_OUTER_BOUND('',#1412,.T.);
#859=PLANE('',#1413);
#860=FACE_OUTER_BOUND('',#1414,.T.);
#861=PLANE('',#1415);
#862=FACE_OUTER_BOUND('',#1416,.T.);
#863=PLANE('',#1417);
#864=FACE_OUTER_BOUND('',#1418,.T.);
#865=PLANE('',#1419);
#866=FACE_OUTER_BOUND('',#1420,.T.);
#867=PLANE('',#1421);
#868=FACE_OUTER_BOUND('',#1422,.T.);
#869=PLANE('',#1423);
#870=FACE_OUTER_BOUND('',#1424,.T.);
#871=PLANE('',#1425);
#872=FACE_OUTER_BOUND('',#1426,.T.);
#873=PLANE('',#1427);
#874=FACE_OUTER_BOUND('',#1428,.T.);
#875=PLANE('',#1429);
#876=FACE_OUTER_BOUND('',#1430,.T.);
#877=PLANE('',#1431);
#878=FACE_OUTER_BOUND('',#1432,.T.);
#879=PLANE('',#1433);
#880=FACE_OUTER_BOUND('',#1434,.T.);
#881=PLANE('',#1435);
#882=FACE_OUTER_BOUND('',#1436,.T.);
#883=PLANE('',#1437);
#884=FACE_OUTER_BOUND('',#1438,.T.);
#885=PLANE('',#1439);
#886=FACE_OUTER_BOUND('',#1440,.T.);
#887=PLANE('',#1441);
#888=FACE_BOUND('',#1442,.T.);
#889=FACE_BOUND('',#1443,.T.);
#890=FACE_BOUND('',#1444,.T.);
#891=FACE_BOUND('',#1445,.T.);
#892=FACE_BOUND('',#1446,.T.);
#893=FACE_BOUND('',#1447,.T.);
#894=FACE_OUTER_BOUND('',#1448,.T.);
#895=PLANE('',#1449);
#896=FACE_OUTER_BOUND('',#1450,.T.);
#897=PLANE('',#1451);
#898=EDGE_LOOP('',(#1452,#1453,#1454,#1455,#1456,#1457));
#899=AXIS2_PLACEMENT_3D('',#1458,#1459,#1460);
#900=EDGE_LOOP('',(#1461,#1462,#1463,#1464,#1465,#1466));
#901=AXIS2_PLACEMENT_3D('',#1467,#1468,#1469);
#902=EDGE_LOOP('',(#1470,#1471,#1472,#1473,#1474,#1475));
#903=AXIS2_PLACEMENT_3D('',#1476,#1477,#1478);
#904=EDGE_LOOP('',(#1479,#1480,#1481,#1482,#1483,#1484));
#905=AXIS2_PLACEMENT_3D('',#1485,#1486,#1487);
#906=EDGE_LOOP('',(#1488,#1489,#1490,#1491,#1492,#1493));
#907=AXIS2_PLACEMENT_3D('',#1494,#1495,#1496);
#908=EDGE_LOOP('',(#1497,#1498,#1499,#1500,#1501,#1502));
#909=AXIS2_PLACEMENT_3D('',#1503,#1504,#1505);
#910=EDGE_LOOP('',(#1506,#1507,#1508,#1509,#1510,#1511));
#911=AXIS2_PLACEMENT_3D('',#1512,#1513,#1514);
#912=EDGE_LOOP('',(#1515,#1516,#1517,#1518,#1519,#1520));
#913=AXIS2_PLACEMENT_3D('',#1521,#1522,#1523);
#914=EDGE_LOOP('',(#1524,#1525,#1526,#1527,#1528));
#915=AXIS2_PLACEMENT_3D('',#1529,#1530,#1531);
#916=EDGE_LOOP('',(#1532,#1533,#1534));
#917=AXIS2_PLACEMENT_3D('',#1535,#1536,#1537);
#918=EDGE_LOOP('',(#1538,#1539,#1540,#1541,#1542));
#919=AXIS2_PLACEMENT_3D('',#1543,#1544,#1545);
#920=EDGE_LOOP('',(#1546,#1547,#1548,#1549,#1550,#1551));
#921=AXIS2_PLACEMENT_3D('',#1552,#1553,#1554);
#922=EDGE_LOOP('',(#1555,#1556,#1557,#1558,#1559,#1560));
#923=AXIS2_PLACEMENT_3D('',#1561,#1562,#1563);
#924=EDGE_LOOP('',(#1564,#1565,#1566,#1567,#1568));
#925=AXIS2_PLACEMENT_3D('',#1569,#1570,#1571);
#926=EDGE_LOOP('',(#1572,#1573,#1574));
#927=AXIS2_PLACEMENT_3D('',#1575,#1576,#1577);
#928=EDGE_LOOP('',(#1578,#1579,#1580,#1581,#1582));
#929=AXIS2_PLACEMENT_3D('',#1583,#1584,#1585);
#930=EDGE_LOOP('',(#1586,#1587,#1588,#1589,#1590,#1591));
#931=AXIS2_PLACEMENT_3D('',#1592,#1593,#1594);
#932=EDGE_LOOP('',(#1595,#1596,#1597,#1598,#1599,#1600));
#933=AXIS2_PLACEMENT_3D('',#1601,#1602,#1603);
#934=EDGE_LOOP('',(#1604,#1605,#1606,#1607,#1608));
#935=AXIS2_PLACEMENT_3D('',#1609,#1610,#1611);
#936=EDGE_LOOP('',(#1612,#1613,#1614));
#937=AXIS2_PLACEMENT_3D('',#1615,#1616,#1617);
#938=EDGE_LOOP('',(#1618,#1619,#1620,#1621,#1622));
#939=AXIS2_PLACEMENT_3D('',#1623,#1624,#1625);
#940=EDGE_LOOP('',(#1626,#1627,#1628,#1629,#1630,#1631));
#941=AXIS2_PLACEMENT_3D('',#1632,#1633,#1634);
#942=EDGE_LOOP('',(#1635,#1636,#1637,#1638,#1639,#1640));
#943=AXIS2_PLACEMENT_3D('',#1641,#1642,#1643);
#944=EDGE_LOOP('',(#1644,#1645,#1646,#1647,#1648));
#945=AXIS2_PLACEMENT_3D('',#1649,#1650,#1651);
#946=EDGE_LOOP('',(#1652,#1653,#1654));
#947=AXIS2_PLACEMENT_3D('',#1655,#1656,#1657);
#948=EDGE_LOOP('',(#1658,#1659,#1660,#1661,#1662));
#949=AXIS2_PLACEMENT_3D('',#1663,#1664,#1665);
#950=EDGE_LOOP('',(#1666,#1667,#1668,#1669,#1670,#1671));
#951=AXIS2_PLACEMENT_3D('',#1672,#1673,#1674);
#952=EDGE_LOOP('',(#1675,#1676,#1677,#1678,#1679,#1680));
#953=AXIS2_PLACEMENT_3D('',#1681,#1682,#1683);
#954=EDGE_LOOP('',(#1684,#1685,#1686,#1687,#1688));
#955=AXIS2_PLACEMENT_3D('',#1689,#1690,#1691);
#956=EDGE_LOOP('',(#1692,#1693,#1694));
#957=AXIS2_PLACEMENT_3D('',#1695,#1696,#1697);
#958=EDGE_LOOP('',(#1698,#1699,#1700,#1701,#1702));
#959=AXIS2_PLACEMENT_3D('',#1703,#1704,#1705);
#960=EDGE_LOOP('',(#1706,#1707,#1708,#1709,#1710,#1711));
#961=AXIS2_PLACEMENT_3D('',#1712,#1713,#1714);
#962=EDGE_LOOP('',(#1715,#1716,#1717,#1718,#1719,#1720));
#963=AXIS2_PLACEMENT_3D('',#1721,#1722,#1723);
#964=EDGE_LOOP('',(#1724,#1725,#1726,#1727,#1728));
#965=AXIS2_PLACEMENT_3D('',#1729,#1730,#1731);
#966=EDGE_LOOP('',(#1732,#1733,#1734));
#967=AXIS2_PLACEMENT_3D('',#1735,#1736,#1737);
#968=EDGE_LOOP('',(#1738,#1739,#1740,#1741,#1742));
#969=AXIS2_PLACEMENT_3D('',#1743,#1744,#1745);
#970=EDGE_LOOP('',(#1746,#1747,#1748,#1749));
#971=AXIS2_PLACEMENT_3D('',#1750,#1751,#1752);
#972=EDGE_LOOP('',(#1753,#1754,#1755,#1756));
#973=AXIS2_PLACEMENT_3D('',#1757,#1758,#1759);
#974=EDGE_LOOP('',(#1760,#1761,#1762,#1763));
#975=AXIS2_PLACEMENT_3D('',#1764,#1765,#1766);
#976=EDGE_LOOP('',(#1767,#1768,#1769,#1770));
#977=AXIS2_PLACEMENT_3D('',#1771,#1772,#1773);
#978=EDGE_LOOP('',(#1774,#1775,#1776,#1777));
#979=AXIS2_PLACEMENT_3D('',#1778,#1779,#1780);
#980=EDGE_LOOP('',(#1781,#1782,#1783,#1784));
#981=AXIS2_PLACEMENT_3D('',#1785,#1786,#1787);
#982=EDGE_LOOP('',(#1788,#1789,#1790,#1791));
#983=AXIS2_PLACEMENT_3D('',#1792,#1793,#1794);
#984=EDGE_LOOP('',(#1795,#1796,#1797));
#985=AXIS2_PLACEMENT_3D('',#1798,#1799,#1800);
#986=EDGE_LOOP('',(#1801,#1802,#1803,#1804));
#987=AXIS2_PLACEMENT_3D('',#1805,#1806,#1807);
#988=EDGE_LOOP('',(#1808,#1809,#1810,#1811));
#989=AXIS2_PLACEMENT_3D('',#1812,#1813,#1814);
#990=EDGE_LOOP('',(#1815,#1816,#1817,#1818));
#991=AXIS2_PLACEMENT_3D('',#1819,#1820,#1821);
#992=EDGE_LOOP('',(#1822,#1823,#1824,#1825));
#993=AXIS2_PLACEMENT_3D('',#1826,#1827,#1828);
#994=EDGE_LOOP('',(#1829,#1830,#1831,#1832));
#995=AXIS2_PLACEMENT_3D('',#1833,#1834,#1835);
#996=EDGE_LOOP('',(#1836,#1837,#1838,#1839));
#997=AXIS2_PLACEMENT_3D('',#1840,#1841,#1842);
#998=EDGE_LOOP('',(#1843,#1844,#1845,#1846));
#999=AXIS2_PLACEMENT_3D('',#1847,#1848,#1849);
#1000=EDGE_LOOP('',(#1850,#1851,#1852,#1853));
#1001=AXIS2_PLACEMENT_3D('',#1854,#1855,#1856);
#1002=EDGE_LOOP('',(#1857,#1858,#1859,#1860));
#1003=AXIS2_PLACEMENT_3D('',#1861,#1862,#1863);
#1004=EDGE_LOOP('',(#1864,#1865,#1866,#1867));
#1005=AXIS2_PLACEMENT_3D('',#1868,#1869,#1870);
#1006=EDGE_LOOP('',(#1871,#1872,#1873));
#1007=AXIS2_PLACEMENT_3D('',#1874,#1875,#1876);
#1008=EDGE_LOOP('',(#1877,#1878,#1879,#1880));
#1009=AXIS2_PLACEMENT_3D('',#1881,#1882,#1883);
#1010=EDGE_LOOP('',(#1884,#1885,#1886,#1887));
#1011=AXIS2_PLACEMENT_3D('',#1888,#1889,#1890);
#1012=EDGE_LOOP('',(#1891,#1892,#1893,#1894));
#1013=AXIS2_PLACEMENT_3D('',#1895,#1896,#1897);
#1014=EDGE_LOOP('',(#1898,#1899,#1900,#1901));
#1015=AXIS2_PLACEMENT_3D('',#1902,#1903,#1904);
#1016=EDGE_LOOP('',(#1905,#1906,#1907,#1908));
#1017=AXIS2_PLACEMENT_3D('',#1909,#1910,#1911);
#1018=EDGE_LOOP('',(#1912,#1913,#1914,#1915));
#1019=AXIS2_PLACEMENT_3D('',#1916,#1917,#1918);
#1020=EDGE_LOOP('',(#1919,#1920,#1921,#1922));
#1021=AXIS2_PLACEMENT_3D('',#1923,#1924,#1925);
#1022=EDGE_LOOP('',(#1926,#1927,#1928,#1929));
#1023=AXIS2_PLACEMENT_3D('',#1930,#1931,#1932);
#1024=EDGE_LOOP('',(#1933,#1934,#1935,#1936));
#1025=AXIS2_PLACEMENT_3D('',#1937,#1938,#1939);
#1026=EDGE_LOOP('',(#1940,#1941,#1942,#1943));
#1027=AXIS2_PLACEMENT_3D('',#1944,#1945,#1946);
#1028=EDGE_LOOP('',(#1947,#1948,#1949));
#1029=AXIS2_PLACEMENT_3D('',#1950,#1951,#1952);
#1030=EDGE_LOOP('',(#1953,#1954,#1955,#1956));
#1031=AXIS2_PLACEMENT_3D('',#1957,#1958,#1959);
#1032=EDGE_LOOP('',(#1960,#1961,#1962,#1963));
#1033=AXIS2_PLACEMENT_3D('',#1964,#1965,#1966);
#1034=EDGE_LOOP('',(#1967,#1968,#1969,#1970));
#1035=AXIS2_PLACEMENT_3D('',#1971,#1972,#1973);
#1036=EDGE_LOOP('',(#1974,#1975,#1976,#1977));
#1037=AXIS2_PLACEMENT_3D('',#1978,#1979,#1980);
#1038=EDGE_LOOP('',(#1981,#1982,#1983,#1984));
#1039=AXIS2_PLACEMENT_3D('',#1985,#1986,#1987);
#1040=EDGE_LOOP('',(#1988,#1989,#1990,#1991));
#1041=AXIS2_PLACEMENT_3D('',#1992,#1993,#1994);
#1042=EDGE_LOOP('',(#1995,#1996,#1997,#1998));
#1043=AXIS2_PLACEMENT_3D('',#1999,#2000,#2001);
#1044=EDGE_LOOP('',(#2002,#2003,#2004,#2005));
#1045=AXIS2_PLACEMENT_3D('',#2006,#2007,#2008);
#1046=EDGE_LOOP('',(#2009,#2010,#2011,#2012));
#1047=AXIS2_PLACEMENT_3D('',#2013,#2014,#2015);
#1048=EDGE_LOOP('',(#2016,#2017,#2018,#2019));
#1049=AXIS2_PLACEMENT_3D('',#2020,#2021,#2022);
#1050=EDGE_LOOP('',(#2023,#2024,#2025));
#1051=AXIS2_PLACEMENT_3D('',#2026,#2027,#2028);
#1052=EDGE_LOOP('',(#2029,#2030,#2031,#2032));
#1053=AXIS2_PLACEMENT_3D('',#2033,#2034,#2035);
#1054=EDGE_LOOP('',(#2036,#2037,#2038,#2039));
#1055=AXIS2_PLACEMENT_3D('',#2040,#2041,#2042);
#1056=EDGE_LOOP('',(#2043,#2044,#2045,#2046));
#1057=AXIS2_PLACEMENT_3D('',#2047,#2048,#2049);
#1058=EDGE_LOOP('',(#2050,#2051,#2052,#2053));
#1059=AXIS2_PLACEMENT_3D('',#2054,#2055,#2056);
#1060=EDGE_LOOP('',(#2057,#2058,#2059,#2060));
#1061=AXIS2_PLACEMENT_3D('',#2061,#2062,#2063);
#1062=EDGE_LOOP('',(#2064,#2065,#2066,#2067));
#1063=AXIS2_PLACEMENT_3D('',#2068,#2069,#2070);
#1064=EDGE_LOOP('',(#2071,#2072,#2073,#2074));
#1065=AXIS2_PLACEMENT_3D('',#2075,#2076,#2077);
#1066=EDGE_LOOP('',(#2078,#2079,#2080,#2081));
#1067=AXIS2_PLACEMENT_3D('',#2082,#2083,#2084);
#1068=EDGE_LOOP('',(#2085,#2086,#2087,#2088));
#1069=AXIS2_PLACEMENT_3D('',#2089,#2090,#2091);
#1070=EDGE_LOOP('',(#2092,#2093,#2094,#2095));
#1071=AXIS2_PLACEMENT_3D('',#2096,#2097,#2098);
#1072=EDGE_LOOP('',(#2099,#2100,#2101));
#1073=AXIS2_PLACEMENT_3D('',#2102,#2103,#2104);
#1074=EDGE_LOOP('',(#2105,#2106,#2107,#2108));
#1075=AXIS2_PLACEMENT_3D('',#2109,#2110,#2111);
#1076=EDGE_LOOP('',(#2112,#2113,#2114,#2115));
#1077=AXIS2_PLACEMENT_3D('',#2116,#2117,#2118);
#1078=EDGE_LOOP('',(#2119,#2120,#2121,#2122));
#1079=AXIS2_PLACEMENT_3D('',#2123,#2124,#2125);
#1080=EDGE_LOOP('',(#2126,#2127,#2128,#2129));
#1081=AXIS2_PLACEMENT_3D('',#2130,#2131,#2132);
#1082=EDGE_LOOP('',(#2133,#2134,#2135,#2136));
#1083=AXIS2_PLACEMENT_3D('',#2137,#2138,#2139);
#1084=EDGE_LOOP('',(#2140,#2141,#2142,#2143));
#1085=AXIS2_PLACEMENT_3D('',#2144,#2145,#2146);
#1086=EDGE_LOOP('',(#2147,#2148,#2149,#2150));
#1087=AXIS2_PLACEMENT_3D('',#2151,#2152,#2153);
#1088=EDGE_LOOP('',(#2154,#2155,#2156,#2157));
#1089=AXIS2_PLACEMENT_3D('',#2158,#2159,#2160);
#1090=EDGE_LOOP('',(#2161,#2162,#2163,#2164));
#1091=AXIS2_PLACEMENT_3D('',#2165,#2166,#2167);
#1092=EDGE_LOOP('',(#2168,#2169,#2170,#2171));
#1093=AXIS2_PLACEMENT_3D('',#2172,#2173,#2174);
#1094=EDGE_LOOP('',(#2175,#2176,#2177));
#1095=AXIS2_PLACEMENT_3D('',#2178,#2179,#2180);
#1096=EDGE_LOOP('',(#2181,#2182,#2183,#2184));
#1097=AXIS2_PLACEMENT_3D('',#2185,#2186,#2187);
#1098=EDGE_LOOP('',(#2188,#2189,#2190,#2191));
#1099=AXIS2_PLACEMENT_3D('',#2192,#2193,#2194);
#1100=EDGE_LOOP('',(#2195,#2196,#2197,#2198));
#1101=AXIS2_PLACEMENT_3D('',#2199,#2200,#2201);
#1102=EDGE_LOOP('',(#2202,#2203,#2204,#2205));
#1103=AXIS2_PLACEMENT_3D('',#2206,#2207,#2208);
#1104=EDGE_LOOP('',(#2209,#2210,#2211,#2212));
#1105=AXIS2_PLACEMENT_3D('',#2213,#2214,#2215);
#1106=EDGE_LOOP('',(#2216,#2217,#2218,#2219));
#1107=AXIS2_PLACEMENT_3D('',#2220,#2221,#2222);
#1108=EDGE_LOOP('',(#2223,#2224,#2225));
#1109=AXIS2_PLACEMENT_3D('',#2226,#2227,#2228);
#1110=EDGE_LOOP('',(#2229,#2230,#2231,#2232));
#1111=AXIS2_PLACEMENT_3D('',#2233,#2234,#2235);
#1112=EDGE_LOOP('',(#2236,#2237,#2238,#2239));
#1113=AXIS2_PLACEMENT_3D('',#2240,#2241,#2242);
#1114=EDGE_LOOP('',(#2243,#2244,#2245,#2246));
#1115=AXIS2_PLACEMENT_3D('',#2247,#2248,#2249);
#1116=EDGE_LOOP('',(#2250,#2251,#2252,#2253));
#1117=AXIS2_PLACEMENT_3D('',#2254,#2255,#2256);
#1118=EDGE_LOOP('',(#2257,#2258));
#1119=EDGE_LOOP('',(#2259,#2260));
#1120=AXIS2_PLACEMENT_3D('',#2261,#2262,#2263);
#1121=EDGE_LOOP('',(#2264,#2265,#2266,#2267));
#1122=AXIS2_PLACEMENT_3D('',#2268,#2269,#2270);
#1123=EDGE_LOOP('',(#2271,#2272,#2273,#2274));
#1124=AXIS2_PLACEMENT_3D('',#2275,#2276,#2277);
#1125=EDGE_LOOP('',(#2278,#2279,#2280,#2281));
#1126=AXIS2_PLACEMENT_3D('',#2282,#2283,#2284);
#1127=EDGE_LOOP('',(#2285,#2286,#2287,#2288));
#1128=AXIS2_PLACEMENT_3D('',#2289,#2290,#2291);
#1129=EDGE_LOOP('',(#2292,#2293,#2294,#2295));
#1130=AXIS2_PLACEMENT_3D('',#2296,#2297,#2298);
#1131=EDGE_LOOP('',(#2299,#2300,#2301,#2302));
#1132=AXIS2_PLACEMENT_3D('',#2303,#2304,#2305);
#1133=EDGE_LOOP('',(#2306,#2307,#2308));
#1134=AXIS2_PLACEMENT_3D('',#2309,#2310,#2311);
#1135=EDGE_LOOP('',(#2312,#2313,#2314,#2315));
#1136=AXIS2_PLACEMENT_3D('',#2316,#2317,#2318);
#1137=EDGE_LOOP('',(#2319,#2320,#2321,#2322));
#1138=AXIS2_PLACEMENT_3D('',#2323,#2324,#2325);
#1139=EDGE_LOOP('',(#2326,#2327,#2328,#2329));
#1140=AXIS2_PLACEMENT_3D('',#2330,#2331,#2332);
#1141=EDGE_LOOP('',(#2333,#2334,#2335,#2336));
#1142=AXIS2_PLACEMENT_3D('',#2337,#2338,#2339);
#1143=EDGE_LOOP('',(#2340,#2341));
#1144=EDGE_LOOP('',(#2342,#2343));
#1145=AXIS2_PLACEMENT_3D('',#2344,#2345,#2346);
#1146=EDGE_LOOP('',(#2347,#2348,#2349,#2350));
#1147=AXIS2_PLACEMENT_3D('',#2351,#2352,#2353);
#1148=EDGE_LOOP('',(#2354,#2355,#2356,#2357));
#1149=AXIS2_PLACEMENT_3D('',#2358,#2359,#2360);
#1150=EDGE_LOOP('',(#2361,#2362,#2363,#2364));
#1151=AXIS2_PLACEMENT_3D('',#2365,#2366,#2367);
#1152=EDGE_LOOP('',(#2368,#2369,#2370,#2371));
#1153=AXIS2_PLACEMENT_3D('',#2372,#2373,#2374);
#1154=EDGE_LOOP('',(#2375,#2376,#2377,#2378));
#1155=AXIS2_PLACEMENT_3D('',#2379,#2380,#2381);
#1156=EDGE_LOOP('',(#2382,#2383,#2384,#2385));
#1157=AXIS2_PLACEMENT_3D('',#2386,#2387,#2388);
#1158=EDGE_LOOP('',(#2389,#2390,#2391));
#1159=AXIS2_PLACEMENT_3D('',#2392,#2393,#2394);
#1160=EDGE_LOOP('',(#2395,#2396,#2397,#2398));
#1161=AXIS2_PLACEMENT_3D('',#2399,#2400,#2401);
#1162=EDGE_LOOP('',(#2402,#2403,#2404,#2405));
#1163=AXIS2_PLACEMENT_3D('',#2406,#2407,#2408);
#1164=EDGE_LOOP('',(#2409,#2410,#2411,#2412));
#1165=AXIS2_PLACEMENT_3D('',#2413,#2414,#2415);
#1166=EDGE_LOOP('',(#2416,#2417,#2418,#2419));
#1167=AXIS2_PLACEMENT_3D('',#2420,#2421,#2422);
#1168=EDGE_LOOP('',(#2423,#2424));
#1169=EDGE_LOOP('',(#2425,#2426));
#1170=AXIS2_PLACEMENT_3D('',#2427,#2428,#2429);
#1171=EDGE_LOOP('',(#2430,#2431,#2432,#2433));
#1172=AXIS2_PLACEMENT_3D('',#2434,#2435,#2436);
#1173=EDGE_LOOP('',(#2437,#2438,#2439,#2440));
#1174=AXIS2_PLACEMENT_3D('',#2441,#2442,#2443);
#1175=EDGE_LOOP('',(#2444,#2445,#2446,#2447));
#1176=AXIS2_PLACEMENT_3D('',#2448,#2449,#2450);
#1177=EDGE_LOOP('',(#2451,#2452,#2453,#2454));
#1178=AXIS2_PLACEMENT_3D('',#2455,#2456,#2457);
#1179=EDGE_LOOP('',(#2458,#2459,#2460,#2461));
#1180=AXIS2_PLACEMENT_3D('',#2462,#2463,#2464);
#1181=EDGE_LOOP('',(#2465,#2466,#2467,#2468));
#1182=AXIS2_PLACEMENT_3D('',#2469,#2470,#2471);
#1183=EDGE_LOOP('',(#2472,#2473,#2474));
#1184=AXIS2_PLACEMENT_3D('',#2475,#2476,#2477);
#1185=EDGE_LOOP('',(#2478,#2479,#2480,#2481));
#1186=AXIS2_PLACEMENT_3D('',#2482,#2483,#2484);
#1187=EDGE_LOOP('',(#2485,#2486,#2487,#2488));
#1188=AXIS2_PLACEMENT_3D('',#2489,#2490,#2491);
#1189=EDGE_LOOP('',(#2492,#2493,#2494,#2495));
#1190=AXIS2_PLACEMENT_3D('',#2496,#2497,#2498);
#1191=EDGE_LOOP('',(#2499,#2500,#2501,#2502));
#1192=AXIS2_PLACEMENT_3D('',#2503,#2504,#2505);
#1193=EDGE_LOOP('',(#2506,#2507));
#1194=EDGE_LOOP('',(#2508,#2509));
#1195=AXIS2_PLACEMENT_3D('',#2510,#2511,#2512);
#1196=EDGE_LOOP('',(#2513,#2514,#2515,#2516));
#1197=AXIS2_PLACEMENT_3D('',#2517,#2518,#2519);
#1198=EDGE_LOOP('',(#2520,#2521,#2522,#2523));
#1199=AXIS2_PLACEMENT_3D('',#2524,#2525,#2526);
#1200=EDGE_LOOP('',(#2527,#2528,#2529,#2530));
#1201=AXIS2_PLACEMENT_3D('',#2531,#2532,#2533);
#1202=EDGE_LOOP('',(#2534,#2535,#2536,#2537));
#1203=AXIS2_PLACEMENT_3D('',#2538,#2539,#2540);
#1204=EDGE_LOOP('',(#2541,#2542,#2543,#2544));
#1205=AXIS2_PLACEMENT_3D('',#2545,#2546,#2547);
#1206=EDGE_LOOP('',(#2548,#2549,#2550,#2551));
#1207=AXIS2_PLACEMENT_3D('',#2552,#2553,#2554);
#1208=EDGE_LOOP('',(#2555,#2556,#2557));
#1209=AXIS2_PLACEMENT_3D('',#2558,#2559,#2560);
#1210=EDGE_LOOP('',(#2561,#2562,#2563,#2564));
#1211=AXIS2_PLACEMENT_3D('',#2565,#2566,#2567);
#1212=EDGE_LOOP('',(#2568,#2569,#2570,#2571));
#1213=AXIS2_PLACEMENT_3D('',#2572,#2573,#2574);
#1214=EDGE_LOOP('',(#2575,#2576,#2577,#2578));
#1215=AXIS2_PLACEMENT_3D('',#2579,#2580,#2581);
#1216=EDGE_LOOP('',(#2582,#2583,#2584,#2585));
#1217=AXIS2_PLACEMENT_3D('',#2586,#2587,#2588);
#1218=EDGE_LOOP('',(#2589,#2590));
#1219=EDGE_LOOP('',(#2591,#2592));
#1220=AXIS2_PLACEMENT_3D('',#2593,#2594,#2595);
#1221=EDGE_LOOP('',(#2596,#2597,#2598,#2599));
#1222=AXIS2_PLACEMENT_3D('',#2600,#2601,#2602);
#1223=EDGE_LOOP('',(#2603,#2604,#2605,#2606));
#1224=AXIS2_PLACEMENT_3D('',#2607,#2608,#2609);
#1225=EDGE_LOOP('',(#2610,#2611,#2612,#2613));
#1226=AXIS2_PLACEMENT_3D('',#2614,#2615,#2616);
#1227=EDGE_LOOP('',(#2617,#2618,#2619,#2620));
#1228=AXIS2_PLACEMENT_3D('',#2621,#2622,#2623);
#1229=EDGE_LOOP('',(#2624,#2625,#2626,#2627));
#1230=AXIS2_PLACEMENT_3D('',#2628,#2629,#2630);
#1231=EDGE_LOOP('',(#2631,#2632,#2633,#2634));
#1232=AXIS2_PLACEMENT_3D('',#2635,#2636,#2637);
#1233=EDGE_LOOP('',(#2638,#2639,#2640));
#1234=AXIS2_PLACEMENT_3D('',#2641,#2642,#2643);
#1235=EDGE_LOOP('',(#2644,#2645,#2646,#2647));
#1236=AXIS2_PLACEMENT_3D('',#2648,#2649,#2650);
#1237=EDGE_LOOP('',(#2651,#2652,#2653,#2654));
#1238=AXIS2_PLACEMENT_3D('',#2655,#2656,#2657);
#1239=EDGE_LOOP('',(#2658,#2659,#2660,#2661));
#1240=AXIS2_PLACEMENT_3D('',#2662,#2663,#2664);
#1241=EDGE_LOOP('',(#2665,#2666,#2667,#2668));
#1242=AXIS2_PLACEMENT_3D('',#2669,#2670,#2671);
#1243=EDGE_LOOP('',(#2672,#2673));
#1244=EDGE_LOOP('',(#2674,#2675));
#1245=AXIS2_PLACEMENT_3D('',#2676,#2677,#2678);
#1246=EDGE_LOOP('',(#2679,#2680,#2681,#2682));
#1247=AXIS2_PLACEMENT_3D('',#2683,#2684,#2685);
#1248=EDGE_LOOP('',(#2686,#2687,#2688,#2689));
#1249=AXIS2_PLACEMENT_3D('',#2690,#2691,#2692);
#1250=EDGE_LOOP('',(#2693,#2694,#2695,#2696));
#1251=AXIS2_PLACEMENT_3D('',#2697,#2698,#2699);
#1252=EDGE_LOOP('',(#2700,#2701,#2702,#2703,#2704));
#1253=AXIS2_PLACEMENT_3D('',#2705,#2706,#2707);
#1254=EDGE_LOOP('',(#2708,#2709,#2710));
#1255=AXIS2_PLACEMENT_3D('',#2711,#2712,#2713);
#1256=EDGE_LOOP('',(#2714,#2715,#2716,#2717,#2718));
#1257=AXIS2_PLACEMENT_3D('',#2719,#2720,#2721);
#1258=EDGE_LOOP('',(#2722,#2723,#2724,#2725,#2726,#2727));
#1259=AXIS2_PLACEMENT_3D('',#2728,#2729,#2730);
#1260=EDGE_LOOP('',(#2731,#2732,#2733,#2734,#2735,#2736));
#1261=AXIS2_PLACEMENT_3D('',#2737,#2738,#2739);
#1262=EDGE_LOOP('',(#2740,#2741,#2742,#2743,#2744,#2745));
#1263=AXIS2_PLACEMENT_3D('',#2746,#2747,#2748);
#1264=EDGE_LOOP('',(#2749,#2750,#2751,#2752,#2753));
#1265=AXIS2_PLACEMENT_3D('',#2754,#2755,#2756);
#1266=EDGE_LOOP('',(#2757,#2758,#2759));
#1267=AXIS2_PLACEMENT_3D('',#2760,#2761,#2762);
#1268=EDGE_LOOP('',(#2763,#2764,#2765,#2766,#2767));
#1269=AXIS2_PLACEMENT_3D('',#2768,#2769,#2770);
#1270=EDGE_LOOP('',(#2771,#2772,#2773,#2774,#2775,#2776));
#1271=AXIS2_PLACEMENT_3D('',#2777,#2778,#2779);
#1272=EDGE_LOOP('',(#2780,#2781,#2782,#2783,#2784,#2785));
#1273=AXIS2_PLACEMENT_3D('',#2786,#2787,#2788);
#1274=EDGE_LOOP('',(#2789,#2790,#2791,#2792,#2793,#2794));
#1275=AXIS2_PLACEMENT_3D('',#2795,#2796,#2797);
#1276=EDGE_LOOP('',(#2798,#2799,#2800,#2801,#2802));
#1277=AXIS2_PLACEMENT_3D('',#2803,#2804,#2805);
#1278=EDGE_LOOP('',(#2806,#2807,#2808));
#1279=AXIS2_PLACEMENT_3D('',#2809,#2810,#2811);
#1280=EDGE_LOOP('',(#2812,#2813,#2814,#2815,#2816));
#1281=AXIS2_PLACEMENT_3D('',#2817,#2818,#2819);
#1282=EDGE_LOOP('',(#2820,#2821,#2822,#2823,#2824,#2825));
#1283=AXIS2_PLACEMENT_3D('',#2826,#2827,#2828);
#1284=EDGE_LOOP('',(#2829,#2830,#2831,#2832,#2833,#2834));
#1285=AXIS2_PLACEMENT_3D('',#2835,#2836,#2837);
#1286=EDGE_LOOP('',(#2838,#2839,#2840,#2841,#2842,#2843));
#1287=AXIS2_PLACEMENT_3D('',#2844,#2845,#2846);
#1288=EDGE_LOOP('',(#2847,#2848,#2849,#2850,#2851));
#1289=AXIS2_PLACEMENT_3D('',#2852,#2853,#2854);
#1290=EDGE_LOOP('',(#2855,#2856,#2857));
#1291=AXIS2_PLACEMENT_3D('',#2858,#2859,#2860);
#1292=EDGE_LOOP('',(#2861,#2862,#2863,#2864,#2865));
#1293=AXIS2_PLACEMENT_3D('',#2866,#2867,#2868);
#1294=EDGE_LOOP('',(#2869,#2870,#2871,#2872,#2873,#2874));
#1295=AXIS2_PLACEMENT_3D('',#2875,#2876,#2877);
#1296=EDGE_LOOP('',(#2878,#2879,#2880,#2881,#2882,#2883));
#1297=AXIS2_PLACEMENT_3D('',#2884,#2885,#2886);
#1298=EDGE_LOOP('',(#2887,#2888,#2889,#2890,#2891,#2892));
#1299=AXIS2_PLACEMENT_3D('',#2893,#2894,#2895);
#1300=EDGE_LOOP('',(#2896,#2897,#2898,#2899,#2900));
#1301=AXIS2_PLACEMENT_3D('',#2901,#2902,#2903);
#1302=EDGE_LOOP('',(#2904,#2905,#2906));
#1303=AXIS2_PLACEMENT_3D('',#2907,#2908,#2909);
#1304=EDGE_LOOP('',(#2910,#2911,#2912,#2913,#2914));
#1305=AXIS2_PLACEMENT_3D('',#2915,#2916,#2917);
#1306=EDGE_LOOP('',(#2918,#2919,#2920,#2921,#2922,#2923));
#1307=AXIS2_PLACEMENT_3D('',#2924,#2925,#2926);
#1308=EDGE_LOOP('',(#2927,#2928,#2929,#2930,#2931,#2932));
#1309=AXIS2_PLACEMENT_3D('',#2933,#2934,#2935);
#1310=EDGE_LOOP('',(#2936,#2937,#2938,#2939,#2940,#2941));
#1311=AXIS2_PLACEMENT_3D('',#2942,#2943,#2944);
#1312=EDGE_LOOP('',(#2945,#2946,#2947,#2948,#2949));
#1313=AXIS2_PLACEMENT_3D('',#2950,#2951,#2952);
#1314=EDGE_LOOP('',(#2953,#2954,#2955));
#1315=AXIS2_PLACEMENT_3D('',#2956,#2957,#2958);
#1316=EDGE_LOOP('',(#2959,#2960,#2961,#2962,#2963));
#1317=AXIS2_PLACEMENT_3D('',#2964,#2965,#2966);
#1318=EDGE_LOOP('',(#2967,#2968,#2969,#2970,#2971,#2972));
#1319=AXIS2_PLACEMENT_3D('',#2973,#2974,#2975);
#1320=EDGE_LOOP('',(#2976,#2977,#2978,#2979,#2980,#2981));
#1321=AXIS2_PLACEMENT_3D('',#2982,#2983,#2984);
#1322=EDGE_LOOP('',(#2985,#2986,#2987,#2988,#2989,#2990));
#1323=AXIS2_PLACEMENT_3D('',#2991,#2992,#2993);
#1324=EDGE_LOOP('',(#2994,#2995,#2996,#2997));
#1325=AXIS2_PLACEMENT_3D('',#2998,#2999,#3000);
#1326=EDGE_LOOP('',(#3001,#3002,#3003,#3004));
#1327=AXIS2_PLACEMENT_3D('',#3005,#3006,#3007);
#1328=EDGE_LOOP('',(#3008,#3009,#3010,#3011));
#1329=AXIS2_PLACEMENT_3D('',#3012,#3013,#3014);
#1330=EDGE_LOOP('',(#3015,#3016,#3017,#3018));
#1331=AXIS2_PLACEMENT_3D('',#3019,#3020,#3021);
#1332=EDGE_LOOP('',(#3022,#3023,#3024,#3025));
#1333=AXIS2_PLACEMENT_3D('',#3026,#3027,#3028);
#1334=EDGE_LOOP('',(#3029,#3030,#3031,#3032));
#1335=AXIS2_PLACEMENT_3D('',#3033,#3034,#3035);
#1336=EDGE_LOOP('',(#3036,#3037,#3038,#3039));
#1337=AXIS2_PLACEMENT_3D('',#3040,#3041,#3042);
#1338=EDGE_LOOP('',(#3043,#3044,#3045,#3046));
#1339=AXIS2_PLACEMENT_3D('',#3047,#3048,#3049);
#1340=EDGE_LOOP('',(#3050,#3051,#3052,#3053,#3054,#3055,#3056,#3057,#3058,#3059,#3060,#3061,#3062,#3063,#3064,#3065,#3066,#3067,#3068,#3069,#3070,#3071,#3072,#3073,#3074,#3075,#3076,#3077));
#1341=AXIS2_PLACEMENT_3D('',#3078,#3079,#3080);
#1342=EDGE_LOOP('',(#3081,#3082));
#1343=EDGE_LOOP('',(#3083,#3084));
#1344=EDGE_LOOP('',(#3085,#3086));
#1345=EDGE_LOOP('',(#3087,#3088));
#1346=EDGE_LOOP('',(#3089,#3090));
#1347=EDGE_LOOP('',(#3091,#3092));
#1348=EDGE_LOOP('',(#3093,#3094,#3095,#3096,#3097,#3098,#3099,#3100,#3101,#3102,#3103,#3104,#3105,#3106,#3107,#3108,#3109,#3110,#3111,#3112,#3113,#3114,#3115,#3116,#3117,#3118,#3119,#3120,#3121,#3122,#3123,#3124,#3125,#3126,#3127,#3128,#3129,#3130,#3131,#3132,#3133,#3134,#3135,#3136,#3137,#3138,#3139,#3140,#3141,#3142,#3143,#3144));
#1349=AXIS2_PLACEMENT_3D('',#3145,#3146,#3147);
#1350=EDGE_LOOP('',(#3148,#3149,#3150,#3151));
#1351=AXIS2_PLACEMENT_3D('',#3152,#3153,#3154);
#1352=EDGE_LOOP('',(#3155,#3156,#3157,#3158));
#1353=AXIS2_PLACEMENT_3D('',#3159,#3160,#3161);
#1354=EDGE_LOOP('',(#3162,#3163,#3164,#3165));
#1355=AXIS2_PLACEMENT_3D('',#3166,#3167,#3168);
#1356=EDGE_LOOP('',(#3169,#3170,#3171,#3172));
#1357=AXIS2_PLACEMENT_3D('',#3173,#3174,#3175);
#1358=EDGE_LOOP('',(#3176,#3177,#3178,#3179));
#1359=AXIS2_PLACEMENT_3D('',#3180,#3181,#3182);
#1360=EDGE_LOOP('',(#3183,#3184,#3185,#3186));
#1361=AXIS2_PLACEMENT_3D('',#3187,#3188,#3189);
#1362=EDGE_LOOP('',(#3190,#3191,#3192,#3193));
#1363=AXIS2_PLACEMENT_3D('',#3194,#3195,#3196);
#1364=EDGE_LOOP('',(#3197,#3198,#3199,#3200));
#1365=AXIS2_PLACEMENT_3D('',#3201,#3202,#3203);
#1366=EDGE_LOOP('',(#3204,#3205,#3206,#3207));
#1367=AXIS2_PLACEMENT_3D('',#3208,#3209,#3210);
#1368=EDGE_LOOP('',(#3211,#3212,#3213,#3214));
#1369=AXIS2_PLACEMENT_3D('',#3215,#3216,#3217);
#1370=EDGE_LOOP('',(#3218,#3219,#3220,#3221));
#1371=AXIS2_PLACEMENT_3D('',#3222,#3223,#3224);
#1372=EDGE_LOOP('',(#3225,#3226,#3227,#3228));
#1373=AXIS2_PLACEMENT_3D('',#3229,#3230,#3231);
#1374=EDGE_LOOP('',(#3232,#3233,#3234,#3235));
#1375=AXIS2_PLACEMENT_3D('',#3236,#3237,#3238);
#1376=EDGE_LOOP('',(#3239,#3240,#3241,#3242));
#1377=AXIS2_PLACEMENT_3D('',#3243,#3244,#3245);
#1378=EDGE_LOOP('',(#3246,#3247,#3248,#3249));
#1379=AXIS2_PLACEMENT_3D('',#3250,#3251,#3252);
#1380=EDGE_LOOP('',(#3253,#3254,#3255,#3256));
#1381=AXIS2_PLACEMENT_3D('',#3257,#3258,#3259);
#1382=EDGE_LOOP('',(#3260,#3261,#3262,#3263));
#1383=AXIS2_PLACEMENT_3D('',#3264,#3265,#3266);
#1384=EDGE_LOOP('',(#3267,#3268,#3269,#3270));
#1385=AXIS2_PLACEMENT_3D('',#3271,#3272,#3273);
#1386=EDGE_LOOP('',(#3274,#3275,#3276,#3277));
#1387=AXIS2_PLACEMENT_3D('',#3278,#3279,#3280);
#1388=EDGE_LOOP('',(#3281,#3282,#3283,#3284));
#1389=AXIS2_PLACEMENT_3D('',#3285,#3286,#3287);
#1390=EDGE_LOOP('',(#3288,#3289,#3290,#3291));
#1391=AXIS2_PLACEMENT_3D('',#3292,#3293,#3294);
#1392=EDGE_LOOP('',(#3295,#3296,#3297,#3298));
#1393=AXIS2_PLACEMENT_3D('',#3299,#3300,#3301);
#1394=EDGE_LOOP('',(#3302,#3303,#3304,#3305));
#1395=AXIS2_PLACEMENT_3D('',#3306,#3307,#3308);
#1396=EDGE_LOOP('',(#3309,#3310,#3311,#3312));
#1397=AXIS2_PLACEMENT_3D('',#3313,#3314,#3315);
#1398=EDGE_LOOP('',(#3316,#3317,#3318,#3319));
#1399=AXIS2_PLACEMENT_3D('',#3320,#3321,#3322);
#1400=EDGE_LOOP('',(#3323,#3324,#3325,#3326));
#1401=AXIS2_PLACEMENT_3D('',#3327,#3328,#3329);
#1402=EDGE_LOOP('',(#3330,#3331,#3332,#3333));
#1403=AXIS2_PLACEMENT_3D('',#3334,#3335,#3336);
#1404=EDGE_LOOP('',(#3337,#3338,#3339,#3340));
#1405=AXIS2_PLACEMENT_3D('',#3341,#3342,#3343);
#1406=EDGE_LOOP('',(#3344,#3345,#3346,#3347));
#1407=AXIS2_PLACEMENT_3D('',#3348,#3349,#3350);
#1408=EDGE_LOOP('',(#3351,#3352,#3353,#3354));
#1409=AXIS2_PLACEMENT_3D('',#3355,#3356,#3357);
#1410=EDGE_LOOP('',(#3358,#3359,#3360,#3361));
#1411=AXIS2_PLACEMENT_3D('',#3362,#3363,#3364);
#1412=EDGE_LOOP('',(#3365,#3366,#3367,#3368));
#1413=AXIS2_PLACEMENT_3D('',#3369,#3370,#3371);
#1414=EDGE_LOOP('',(#3372,#3373,#3374,#3375));
#1415=AXIS2_PLACEMENT_3D('',#3376,#3377,#3378);
#1416=EDGE_LOOP('',(#3379,#3380,#3381,#3382));
#1417=AXIS2_PLACEMENT_3D('',#3383,#3384,#3385);
#1418=EDGE_LOOP('',(#3386,#3387,#3388,#3389));
#1419=AXIS2_PLACEMENT_3D('',#3390,#3391,#3392);
#1420=EDGE_LOOP('',(#3393,#3394,#3395,#3396));
#1421=AXIS2_PLACEMENT_3D('',#3397,#3398,#3399);
#1422=EDGE_LOOP('',(#3400,#3401,#3402,#3403));
#1423=AXIS2_PLACEMENT_3D('',#3404,#3405,#3406);
#1424=EDGE_LOOP('',(#3407,#3408,#3409,#3410));
#1425=AXIS2_PLACEMENT_3D('',#3411,#3412,#3413);
#1426=EDGE_LOOP('',(#3414,#3415,#3416,#3417));
#1427=AXIS2_PLACEMENT_3D('',#3418,#3419,#3420);
#1428=EDGE_LOOP('',(#3421,#3422,#3423,#3424));
#1429=AXIS2_PLACEMENT_3D('',#3425,#3426,#3427);
#1430=EDGE_LOOP('',(#3428,#3429,#3430,#3431));
#1431=AXIS2_PLACEMENT_3D('',#3432,#3433,#3434);
#1432=EDGE_LOOP('',(#3435,#3436,#3437,#3438));
#1433=AXIS2_PLACEMENT_3D('',#3439,#3440,#3441);
#1434=EDGE_LOOP('',(#3442,#3443,#3444,#3445));
#1435=AXIS2_PLACEMENT_3D('',#3446,#3447,#3448);
#1436=EDGE_LOOP('',(#3449,#3450,#3451,#3452));
#1437=AXIS2_PLACEMENT_3D('',#3453,#3454,#3455);
#1438=EDGE_LOOP('',(#3456,#3457,#3458,#3459,#3460,#3461,#3462,#3463));
#1439=AXIS2_PLACEMENT_3D('',#3464,#3465,#3466);
#1440=EDGE_LOOP('',(#3467,#3468,#3469,#3470,#3471,#3472,#3473,#3474,#3475,#3476,#3477,#3478,#3479,#3480,#3481,#3482,#3483,#3484,#3485,#3486,#3487,#3488,#3489,#3490,#3491,#3492,#3493,#3494));
#1441=AXIS2_PLACEMENT_3D('',#3495,#3496,#3497);
#1442=EDGE_LOOP('',(#3498,#3499));
#1443=EDGE_LOOP('',(#3500,#3501));
#1444=EDGE_LOOP('',(#3502,#3503));
#1445=EDGE_LOOP('',(#3504,#3505));
#1446=EDGE_LOOP('',(#3506,#3507));
#1447=EDGE_LOOP('',(#3508,#3509));
#1448=EDGE_LOOP('',(#3510,#3511,#3512,#3513));
#1449=AXIS2_PLACEMENT_3D('',#3514,#3515,#3516);
#1450=EDGE_LOOP('',(#3517,#3518,#3519,#3520,#3521,#3522,#3523,#3524));
#1451=AXIS2_PLACEMENT_3D('',#3525,#3526,#3527);
#1452=ORIENTED_EDGE('',*,*,#3528,.F.);
#1453=ORIENTED_EDGE('',*,*,#3529,.T.);
#1454=ORIENTED_EDGE('',*,*,#3530,.T.);
#1455=ORIENTED_EDGE('',*,*,#3531,.F.);
#1456=ORIENTED_EDGE('',*,*,#3532,.F.);
#1457=ORIENTED_EDGE('',*,*,#3533,.F.);
#1458=CARTESIAN_POINT('',(-3.175,-0.54,0.66));
#1459=DIRECTION('',(1.0,6.12303176911189E-17,3.74915180455534E-33));
#1460=DIRECTION('',(6.12303176911189E-17,-1.0,-6.12303176911189E-17));
#1461=ORIENTED_EDGE('',*,*,#3534,.F.);
#1462=ORIENTED_EDGE('',*,*,#3535,.T.);
#1463=ORIENTED_EDGE('',*,*,#3536,.T.);
#1464=ORIENTED_EDGE('',*,*,#3537,.F.);
#1465=ORIENTED_EDGE('',*,*,#3538,.F.);
#1466=ORIENTED_EDGE('',*,*,#3539,.F.);
#1467=CARTESIAN_POINT('',(-1.905,-0.54,0.66));
#1468=DIRECTION('',(1.0,6.12303176911189E-17,3.74915180455534E-33));
#1469=DIRECTION('',(6.12303176911189E-17,-1.0,-6.12303176911189E-17));
#1470=ORIENTED_EDGE('',*,*,#3540,.F.);
#1471=ORIENTED_EDGE('',*,*,#3541,.T.);
#1472=ORIENTED_EDGE('',*,*,#3542,.T.);
#1473=ORIENTED_EDGE('',*,*,#3543,.F.);
#1474=ORIENTED_EDGE('',*,*,#3544,.F.);
#1475=ORIENTED_EDGE('',*,*,#3545,.F.);
#1476=CARTESIAN_POINT('',(-0.635,-0.54,0.66));
#1477=DIRECTION('',(1.0,6.12303176911189E-17,3.74915180455534E-33));
#1478=DIRECTION('',(6.12303176911189E-17,-1.0,-6.12303176911189E-17));
#1479=ORIENTED_EDGE('',*,*,#3546,.F.);
#1480=ORIENTED_EDGE('',*,*,#3547,.T.);
#1481=ORIENTED_EDGE('',*,*,#3548,.T.);
#1482=ORIENTED_EDGE('',*,*,#3549,.F.);
#1483=ORIENTED_EDGE('',*,*,#3550,.F.);
#1484=ORIENTED_EDGE('',*,*,#3551,.F.);
#1485=CARTESIAN_POINT('',(0.635,-0.54,0.66));
#1486=DIRECTION('',(1.0,6.12303176911189E-17,3.74915180455534E-33));
#1487=DIRECTION('',(6.12303176911189E-17,-1.0,-6.12303176911189E-17));
#1488=ORIENTED_EDGE('',*,*,#3552,.F.);
#1489=ORIENTED_EDGE('',*,*,#3553,.T.);
#1490=ORIENTED_EDGE('',*,*,#3554,.T.);
#1491=ORIENTED_EDGE('',*,*,#3555,.F.);
#1492=ORIENTED_EDGE('',*,*,#3556,.F.);
#1493=ORIENTED_EDGE('',*,*,#3557,.F.);
#1494=CARTESIAN_POINT('',(1.905,-0.54,0.66));
#1495=DIRECTION('',(1.0,6.12303176911189E-17,3.74915180455534E-33));
#1496=DIRECTION('',(6.12303176911189E-17,-1.0,-6.12303176911189E-17));
#1497=ORIENTED_EDGE('',*,*,#3558,.F.);
#1498=ORIENTED_EDGE('',*,*,#3559,.T.);
#1499=ORIENTED_EDGE('',*,*,#3560,.T.);
#1500=ORIENTED_EDGE('',*,*,#3561,.F.);
#1501=ORIENTED_EDGE('',*,*,#3562,.F.);
#1502=ORIENTED_EDGE('',*,*,#3563,.F.);
#1503=CARTESIAN_POINT('',(3.175,-0.54,0.66));
#1504=DIRECTION('',(1.0,6.12303176911189E-17,3.74915180455534E-33));
#1505=DIRECTION('',(6.12303176911189E-17,-1.0,-6.12303176911189E-17));
#1506=ORIENTED_EDGE('',*,*,#3564,.F.);
#1507=ORIENTED_EDGE('',*,*,#3565,.T.);
#1508=ORIENTED_EDGE('',*,*,#3566,.T.);
#1509=ORIENTED_EDGE('',*,*,#3567,.F.);
#1510=ORIENTED_EDGE('',*,*,#3568,.F.);
#1511=ORIENTED_EDGE('',*,*,#3569,.F.);
#1512=CARTESIAN_POINT('',(-3.175,0.0585786437626981,0.0));
#1513=DIRECTION('',(0.0,1.0,0.0));
#1514=DIRECTION('',(0.0,0.0,1.0));
#1515=ORIENTED_EDGE('',*,*,#3570,.F.);
#1516=ORIENTED_EDGE('',*,*,#3532,.T.);
#1517=ORIENTED_EDGE('',*,*,#3571,.T.);
#1518=ORIENTED_EDGE('',*,*,#3572,.F.);
#1519=ORIENTED_EDGE('',*,*,#3573,.F.);
#1520=ORIENTED_EDGE('',*,*,#3566,.F.);
#1521=CARTESIAN_POINT('',(-3.175,-0.240710678118655,0.0));
#1522=DIRECTION('',(0.0,1.0,0.0));
#1523=DIRECTION('',(-1.0,0.0,0.0));
#1524=ORIENTED_EDGE('',*,*,#3574,.F.);
#1525=ORIENTED_EDGE('',*,*,#3575,.F.);
#1526=ORIENTED_EDGE('',*,*,#3530,.F.);
#1527=ORIENTED_EDGE('',*,*,#3576,.F.);
#1528=ORIENTED_EDGE('',*,*,#3577,.F.);
#1529=CARTESIAN_POINT('',(-3.175,-1.2,2.27));
#1530=DIRECTION('',(0.0,0.0,1.0));
#1531=DIRECTION('',(1.0,0.0,0.0));
#1532=ORIENTED_EDGE('',*,*,#3578,.F.);
#1533=ORIENTED_EDGE('',*,*,#3577,.T.);
#1534=ORIENTED_EDGE('',*,*,#3579,.F.);
#1535=CARTESIAN_POINT('',(-3.175,-1.2,3.88));
#1536=DIRECTION('',(0.0,0.0,1.0));
#1537=DIRECTION('',(1.0,0.0,0.0));
#1538=ORIENTED_EDGE('',*,*,#3580,.F.);
#1539=ORIENTED_EDGE('',*,*,#3568,.T.);
#1540=ORIENTED_EDGE('',*,*,#3581,.T.);
#1541=ORIENTED_EDGE('',*,*,#3582,.F.);
#1542=ORIENTED_EDGE('',*,*,#3583,.F.);
#1543=CARTESIAN_POINT('',(-3.175,0.21214466094067,0.0));
#1544=DIRECTION('',(0.0,1.0,-0.0));
#1545=DIRECTION('',(-1.0,0.0,0.0));
#1546=ORIENTED_EDGE('',*,*,#3584,.F.);
#1547=ORIENTED_EDGE('',*,*,#3585,.T.);
#1548=ORIENTED_EDGE('',*,*,#3586,.T.);
#1549=ORIENTED_EDGE('',*,*,#3587,.F.);
#1550=ORIENTED_EDGE('',*,*,#3588,.F.);
#1551=ORIENTED_EDGE('',*,*,#3589,.F.);
#1552=CARTESIAN_POINT('',(-1.905,0.0585786437626981,0.0));
#1553=DIRECTION('',(0.0,1.0,0.0));
#1554=DIRECTION('',(0.0,0.0,1.0));
#1555=ORIENTED_EDGE('',*,*,#3590,.F.);
#1556=ORIENTED_EDGE('',*,*,#3538,.T.);
#1557=ORIENTED_EDGE('',*,*,#3591,.T.);
#1558=ORIENTED_EDGE('',*,*,#3592,.F.);
#1559=ORIENTED_EDGE('',*,*,#3593,.F.);
#1560=ORIENTED_EDGE('',*,*,#3586,.F.);
#1561=CARTESIAN_POINT('',(-1.905,-0.240710678118655,0.0));
#1562=DIRECTION('',(0.0,1.0,0.0));
#1563=DIRECTION('',(-1.0,0.0,0.0));
#1564=ORIENTED_EDGE('',*,*,#3594,.F.);
#1565=ORIENTED_EDGE('',*,*,#3595,.F.);
#1566=ORIENTED_EDGE('',*,*,#3536,.F.);
#1567=ORIENTED_EDGE('',*,*,#3596,.F.);
#1568=ORIENTED_EDGE('',*,*,#3597,.F.);
#1569=CARTESIAN_POINT('',(-1.905,-1.2,2.27));
#1570=DIRECTION('',(0.0,0.0,1.0));
#1571=DIRECTION('',(1.0,0.0,0.0));
#1572=ORIENTED_EDGE('',*,*,#3598,.F.);
#1573=ORIENTED_EDGE('',*,*,#3597,.T.);
#1574=ORIENTED_EDGE('',*,*,#3599,.F.);
#1575=CARTESIAN_POINT('',(-1.905,-1.2,3.88));
#1576=DIRECTION('',(0.0,0.0,1.0));
#1577=DIRECTION('',(1.0,0.0,0.0));
#1578=ORIENTED_EDGE('',*,*,#3600,.F.);
#1579=ORIENTED_EDGE('',*,*,#3588,.T.);
#1580=ORIENTED_EDGE('',*,*,#3601,.T.);
#1581=ORIENTED_EDGE('',*,*,#3602,.F.);
#1582=ORIENTED_EDGE('',*,*,#3603,.F.);
#1583=CARTESIAN_POINT('',(-1.905,0.21214466094067,0.0));
#1584=DIRECTION('',(0.0,1.0,-0.0));
#1585=DIRECTION('',(-1.0,0.0,0.0));
#1586=ORIENTED_EDGE('',*,*,#3604,.F.);
#1587=ORIENTED_EDGE('',*,*,#3605,.T.);
#1588=ORIENTED_EDGE('',*,*,#3606,.T.);
#1589=ORIENTED_EDGE('',*,*,#3607,.F.);
#1590=ORIENTED_EDGE('',*,*,#3608,.F.);
#1591=ORIENTED_EDGE('',*,*,#3609,.F.);
#1592=CARTESIAN_POINT('',(-0.635,0.0585786437626981,0.0));
#1593=DIRECTION('',(0.0,1.0,0.0));
#1594=DIRECTION('',(0.0,0.0,1.0));
#1595=ORIENTED_EDGE('',*,*,#3610,.F.);
#1596=ORIENTED_EDGE('',*,*,#3544,.T.);
#1597=ORIENTED_EDGE('',*,*,#3611,.T.);
#1598=ORIENTED_EDGE('',*,*,#3612,.F.);
#1599=ORIENTED_EDGE('',*,*,#3613,.F.);
#1600=ORIENTED_EDGE('',*,*,#3606,.F.);
#1601=CARTESIAN_POINT('',(-0.635,-0.240710678118655,0.0));
#1602=DIRECTION('',(0.0,1.0,0.0));
#1603=DIRECTION('',(-1.0,0.0,0.0));
#1604=ORIENTED_EDGE('',*,*,#3614,.F.);
#1605=ORIENTED_EDGE('',*,*,#3615,.F.);
#1606=ORIENTED_EDGE('',*,*,#3542,.F.);
#1607=ORIENTED_EDGE('',*,*,#3616,.F.);
#1608=ORIENTED_EDGE('',*,*,#3617,.F.);
#1609=CARTESIAN_POINT('',(-0.635,-1.2,2.27));
#1610=DIRECTION('',(0.0,0.0,1.0));
#1611=DIRECTION('',(1.0,0.0,0.0));
#1612=ORIENTED_EDGE('',*,*,#3618,.F.);
#1613=ORIENTED_EDGE('',*,*,#3617,.T.);
#1614=ORIENTED_EDGE('',*,*,#3619,.F.);
#1615=CARTESIAN_POINT('',(-0.635,-1.2,3.88));
#1616=DIRECTION('',(0.0,0.0,1.0));
#1617=DIRECTION('',(1.0,0.0,0.0));
#1618=ORIENTED_EDGE('',*,*,#3620,.F.);
#1619=ORIENTED_EDGE('',*,*,#3608,.T.);
#1620=ORIENTED_EDGE('',*,*,#3621,.T.);
#1621=ORIENTED_EDGE('',*,*,#3622,.F.);
#1622=ORIENTED_EDGE('',*,*,#3623,.F.);
#1623=CARTESIAN_POINT('',(-0.635,0.21214466094067,0.0));
#1624=DIRECTION('',(0.0,1.0,-0.0));
#1625=DIRECTION('',(-1.0,0.0,0.0));
#1626=ORIENTED_EDGE('',*,*,#3624,.F.);
#1627=ORIENTED_EDGE('',*,*,#3625,.T.);
#1628=ORIENTED_EDGE('',*,*,#3626,.T.);
#1629=ORIENTED_EDGE('',*,*,#3627,.F.);
#1630=ORIENTED_EDGE('',*,*,#3628,.F.);
#1631=ORIENTED_EDGE('',*,*,#3629,.F.);
#1632=CARTESIAN_POINT('',(0.635,0.0585786437626981,0.0));
#1633=DIRECTION('',(0.0,1.0,0.0));
#1634=DIRECTION('',(0.0,0.0,1.0));
#1635=ORIENTED_EDGE('',*,*,#3630,.F.);
#1636=ORIENTED_EDGE('',*,*,#3550,.T.);
#1637=ORIENTED_EDGE('',*,*,#3631,.T.);
#1638=ORIENTED_EDGE('',*,*,#3632,.F.);
#1639=ORIENTED_EDGE('',*,*,#3633,.F.);
#1640=ORIENTED_EDGE('',*,*,#3626,.F.);
#1641=CARTESIAN_POINT('',(0.635,-0.240710678118655,0.0));
#1642=DIRECTION('',(0.0,1.0,0.0));
#1643=DIRECTION('',(-1.0,0.0,0.0));
#1644=ORIENTED_EDGE('',*,*,#3634,.F.);
#1645=ORIENTED_EDGE('',*,*,#3635,.F.);
#1646=ORIENTED_EDGE('',*,*,#3548,.F.);
#1647=ORIENTED_EDGE('',*,*,#3636,.F.);
#1648=ORIENTED_EDGE('',*,*,#3637,.F.);
#1649=CARTESIAN_POINT('',(0.635,-1.2,2.27));
#1650=DIRECTION('',(0.0,0.0,1.0));
#1651=DIRECTION('',(1.0,0.0,0.0));
#1652=ORIENTED_EDGE('',*,*,#3638,.F.);
#1653=ORIENTED_EDGE('',*,*,#3637,.T.);
#1654=ORIENTED_EDGE('',*,*,#3639,.F.);
#1655=CARTESIAN_POINT('',(0.635,-1.2,3.88));
#1656=DIRECTION('',(0.0,0.0,1.0));
#1657=DIRECTION('',(1.0,0.0,0.0));
#1658=ORIENTED_EDGE('',*,*,#3640,.F.);
#1659=ORIENTED_EDGE('',*,*,#3628,.T.);
#1660=ORIENTED_EDGE('',*,*,#3641,.T.);
#1661=ORIENTED_EDGE('',*,*,#3642,.F.);
#1662=ORIENTED_EDGE('',*,*,#3643,.F.);
#1663=CARTESIAN_POINT('',(0.635,0.21214466094067,0.0));
#1664=DIRECTION('',(0.0,1.0,-0.0));
#1665=DIRECTION('',(-1.0,0.0,0.0));
#1666=ORIENTED_EDGE('',*,*,#3644,.F.);
#1667=ORIENTED_EDGE('',*,*,#3645,.T.);
#1668=ORIENTED_EDGE('',*,*,#3646,.T.);
#1669=ORIENTED_EDGE('',*,*,#3647,.F.);
#1670=ORIENTED_EDGE('',*,*,#3648,.F.);
#1671=ORIENTED_EDGE('',*,*,#3649,.F.);
#1672=CARTESIAN_POINT('',(1.905,0.0585786437626981,0.0));
#1673=DIRECTION('',(0.0,1.0,0.0));
#1674=DIRECTION('',(0.0,0.0,1.0));
#1675=ORIENTED_EDGE('',*,*,#3650,.F.);
#1676=ORIENTED_EDGE('',*,*,#3556,.T.);
#1677=ORIENTED_EDGE('',*,*,#3651,.T.);
#1678=ORIENTED_EDGE('',*,*,#3652,.F.);
#1679=ORIENTED_EDGE('',*,*,#3653,.F.);
#1680=ORIENTED_EDGE('',*,*,#3646,.F.);
#1681=CARTESIAN_POINT('',(1.905,-0.240710678118655,0.0));
#1682=DIRECTION('',(0.0,1.0,0.0));
#1683=DIRECTION('',(-1.0,0.0,0.0));
#1684=ORIENTED_EDGE('',*,*,#3654,.F.);
#1685=ORIENTED_EDGE('',*,*,#3655,.F.);
#1686=ORIENTED_EDGE('',*,*,#3554,.F.);
#1687=ORIENTED_EDGE('',*,*,#3656,.F.);
#1688=ORIENTED_EDGE('',*,*,#3657,.F.);
#1689=CARTESIAN_POINT('',(1.905,-1.2,2.27));
#1690=DIRECTION('',(0.0,0.0,1.0));
#1691=DIRECTION('',(1.0,0.0,0.0));
#1692=ORIENTED_EDGE('',*,*,#3658,.F.);
#1693=ORIENTED_EDGE('',*,*,#3657,.T.);
#1694=ORIENTED_EDGE('',*,*,#3659,.F.);
#1695=CARTESIAN_POINT('',(1.905,-1.2,3.88));
#1696=DIRECTION('',(0.0,0.0,1.0));
#1697=DIRECTION('',(1.0,0.0,0.0));
#1698=ORIENTED_EDGE('',*,*,#3660,.F.);
#1699=ORIENTED_EDGE('',*,*,#3648,.T.);
#1700=ORIENTED_EDGE('',*,*,#3661,.T.);
#1701=ORIENTED_EDGE('',*,*,#3662,.F.);
#1702=ORIENTED_EDGE('',*,*,#3663,.F.);
#1703=CARTESIAN_POINT('',(1.905,0.21214466094067,0.0));
#1704=DIRECTION('',(0.0,1.0,-0.0));
#1705=DIRECTION('',(-1.0,0.0,0.0));
#1706=ORIENTED_EDGE('',*,*,#3664,.F.);
#1707=ORIENTED_EDGE('',*,*,#3665,.T.);
#1708=ORIENTED_EDGE('',*,*,#3666,.T.);
#1709=ORIENTED_EDGE('',*,*,#3667,.F.);
#1710=ORIENTED_EDGE('',*,*,#3668,.F.);
#1711=ORIENTED_EDGE('',*,*,#3669,.F.);
#1712=CARTESIAN_POINT('',(3.175,0.0585786437626981,0.0));
#1713=DIRECTION('',(0.0,1.0,0.0));
#1714=DIRECTION('',(0.0,0.0,1.0));
#1715=ORIENTED_EDGE('',*,*,#3670,.F.);
#1716=ORIENTED_EDGE('',*,*,#3562,.T.);
#1717=ORIENTED_EDGE('',*,*,#3671,.T.);
#1718=ORIENTED_EDGE('',*,*,#3672,.F.);
#1719=ORIENTED_EDGE('',*,*,#3673,.F.);
#1720=ORIENTED_EDGE('',*,*,#3666,.F.);
#1721=CARTESIAN_POINT('',(3.175,-0.240710678118655,0.0));
#1722=DIRECTION('',(0.0,1.0,0.0));
#1723=DIRECTION('',(-1.0,0.0,0.0));
#1724=ORIENTED_EDGE('',*,*,#3674,.F.);
#1725=ORIENTED_EDGE('',*,*,#3675,.F.);
#1726=ORIENTED_EDGE('',*,*,#3560,.F.);
#1727=ORIENTED_EDGE('',*,*,#3676,.F.);
#1728=ORIENTED_EDGE('',*,*,#3677,.F.);
#1729=CARTESIAN_POINT('',(3.175,-1.2,2.27));
#1730=DIRECTION('',(0.0,0.0,1.0));
#1731=DIRECTION('',(1.0,0.0,0.0));
#1732=ORIENTED_EDGE('',*,*,#3678,.F.);
#1733=ORIENTED_EDGE('',*,*,#3677,.T.);
#1734=ORIENTED_EDGE('',*,*,#3679,.F.);
#1735=CARTESIAN_POINT('',(3.175,-1.2,3.88));
#1736=DIRECTION('',(0.0,0.0,1.0));
#1737=DIRECTION('',(1.0,0.0,0.0));
#1738=ORIENTED_EDGE('',*,*,#3680,.F.);
#1739=ORIENTED_EDGE('',*,*,#3668,.T.);
#1740=ORIENTED_EDGE('',*,*,#3681,.T.);
#1741=ORIENTED_EDGE('',*,*,#3682,.F.);
#1742=ORIENTED_EDGE('',*,*,#3683,.F.);
#1743=CARTESIAN_POINT('',(3.175,0.21214466094067,0.0));
#1744=DIRECTION('',(0.0,1.0,-0.0));
#1745=DIRECTION('',(-1.0,0.0,0.0));
#1746=ORIENTED_EDGE('',*,*,#3684,.F.);
#1747=ORIENTED_EDGE('',*,*,#3685,.T.);
#1748=ORIENTED_EDGE('',*,*,#3686,.F.);
#1749=ORIENTED_EDGE('',*,*,#3687,.F.);
#1750=CARTESIAN_POINT('',(-3.175,1.6058311108173,0.0));
#1751=DIRECTION('',(0.0,-1.0,-0.0));
#1752=DIRECTION('',(1.0,0.0,0.0));
#1753=ORIENTED_EDGE('',*,*,#3688,.F.);
#1754=ORIENTED_EDGE('',*,*,#3689,.F.);
#1755=ORIENTED_EDGE('',*,*,#3690,.F.);
#1756=ORIENTED_EDGE('',*,*,#3691,.F.);
#1757=CARTESIAN_POINT('',(-3.175,3.94202004838136,0.0));
#1758=DIRECTION('',(-0.0,1.0,-0.0));
#1759=DIRECTION('',(1.0,0.0,0.0));
#1760=ORIENTED_EDGE('',*,*,#3692,.F.);
#1761=ORIENTED_EDGE('',*,*,#3691,.T.);
#1762=ORIENTED_EDGE('',*,*,#3693,.F.);
#1763=ORIENTED_EDGE('',*,*,#3694,.F.);
#1764=CARTESIAN_POINT('',(-3.175,3.74202004838136,0.0));
#1765=DIRECTION('',(-0.0,1.0,0.0));
#1766=DIRECTION('',(1.0,0.0,0.0));
#1767=ORIENTED_EDGE('',*,*,#3695,.F.);
#1768=ORIENTED_EDGE('',*,*,#3696,.T.);
#1769=ORIENTED_EDGE('',*,*,#3697,.F.);
#1770=ORIENTED_EDGE('',*,*,#3698,.F.);
#1771=CARTESIAN_POINT('',(-3.175,3.6675,0.0));
#1772=DIRECTION('',(-0.0,1.0,-0.0));
#1773=DIRECTION('',(1.0,0.0,0.0));
#1774=ORIENTED_EDGE('',*,*,#3699,.F.);
#1775=ORIENTED_EDGE('',*,*,#3698,.T.);
#1776=ORIENTED_EDGE('',*,*,#3700,.F.);
#1777=ORIENTED_EDGE('',*,*,#3701,.F.);
#1778=CARTESIAN_POINT('',(-3.175,3.4175,0.0));
#1779=DIRECTION('',(-0.0,1.0,0.0));
#1780=DIRECTION('',(1.0,0.0,0.0));
#1781=ORIENTED_EDGE('',*,*,#3702,.F.);
#1782=ORIENTED_EDGE('',*,*,#3701,.T.);
#1783=ORIENTED_EDGE('',*,*,#3703,.F.);
#1784=ORIENTED_EDGE('',*,*,#3685,.F.);
#1785=CARTESIAN_POINT('',(-3.175,2.4058311108173,0.0));
#1786=DIRECTION('',(-0.0,1.0,-0.0));
#1787=DIRECTION('',(1.0,0.0,0.0));
#1788=ORIENTED_EDGE('',*,*,#3704,.F.);
#1789=ORIENTED_EDGE('',*,*,#3705,.T.);
#1790=ORIENTED_EDGE('',*,*,#3706,.F.);
#1791=ORIENTED_EDGE('',*,*,#3707,.F.);
#1792=CARTESIAN_POINT('',(-3.175,1.01391560817565,0.0));
#1793=DIRECTION('',(-0.0,1.0,0.0));
#1794=DIRECTION('',(1.0,0.0,0.0));
#1795=ORIENTED_EDGE('',*,*,#3708,.F.);
#1796=ORIENTED_EDGE('',*,*,#3709,.F.);
#1797=ORIENTED_EDGE('',*,*,#3707,.T.);
#1798=CARTESIAN_POINT('',(-3.175,0.569170962313449,0.0));
#1799=DIRECTION('',(-0.0,1.0,-0.0));
#1800=DIRECTION('',(1.0,0.0,0.0));
#1801=ORIENTED_EDGE('',*,*,#3710,.F.);
#1802=ORIENTED_EDGE('',*,*,#3711,.F.);
#1803=ORIENTED_EDGE('',*,*,#3712,.F.);
#1804=ORIENTED_EDGE('',*,*,#3713,.T.);
#1805=CARTESIAN_POINT('',(-3.175,2.39807321722127,0.0));
#1806=DIRECTION('',(-0.0,1.0,-0.0));
#1807=DIRECTION('',(1.0,0.0,0.0));
#1808=ORIENTED_EDGE('',*,*,#3714,.F.);
#1809=ORIENTED_EDGE('',*,*,#3715,.T.);
#1810=ORIENTED_EDGE('',*,*,#3716,.F.);
#1811=ORIENTED_EDGE('',*,*,#3717,.F.);
#1812=CARTESIAN_POINT('',(-3.175,2.32307321722127,0.0));
#1813=DIRECTION('',(-0.0,1.0,0.0));
#1814=DIRECTION('',(1.0,0.0,0.0));
#1815=ORIENTED_EDGE('',*,*,#3718,.F.);
#1816=ORIENTED_EDGE('',*,*,#3717,.T.);
#1817=ORIENTED_EDGE('',*,*,#3719,.F.);
#1818=ORIENTED_EDGE('',*,*,#3705,.F.);
#1819=CARTESIAN_POINT('',(-3.175,1.41391560817565,0.0));
#1820=DIRECTION('',(-0.0,1.0,-0.0));
#1821=DIRECTION('',(1.0,0.0,0.0));
#1822=ORIENTED_EDGE('',*,*,#3720,.F.);
#1823=ORIENTED_EDGE('',*,*,#3721,.T.);
#1824=ORIENTED_EDGE('',*,*,#3722,.F.);
#1825=ORIENTED_EDGE('',*,*,#3723,.F.);
#1826=CARTESIAN_POINT('',(-1.905,1.6058311108173,0.0));
#1827=DIRECTION('',(0.0,-1.0,-0.0));
#1828=DIRECTION('',(1.0,0.0,0.0));
#1829=ORIENTED_EDGE('',*,*,#3724,.F.);
#1830=ORIENTED_EDGE('',*,*,#3725,.F.);
#1831=ORIENTED_EDGE('',*,*,#3726,.F.);
#1832=ORIENTED_EDGE('',*,*,#3727,.F.);
#1833=CARTESIAN_POINT('',(-1.905,3.94202004838136,0.0));
#1834=DIRECTION('',(-0.0,1.0,-0.0));
#1835=DIRECTION('',(1.0,0.0,0.0));
#1836=ORIENTED_EDGE('',*,*,#3728,.F.);
#1837=ORIENTED_EDGE('',*,*,#3727,.T.);
#1838=ORIENTED_EDGE('',*,*,#3729,.F.);
#1839=ORIENTED_EDGE('',*,*,#3730,.F.);
#1840=CARTESIAN_POINT('',(-1.905,3.74202004838136,0.0));
#1841=DIRECTION('',(-0.0,1.0,0.0));
#1842=DIRECTION('',(1.0,0.0,0.0));
#1843=ORIENTED_EDGE('',*,*,#3731,.F.);
#1844=ORIENTED_EDGE('',*,*,#3732,.T.);
#1845=ORIENTED_EDGE('',*,*,#3733,.F.);
#1846=ORIENTED_EDGE('',*,*,#3734,.F.);
#1847=CARTESIAN_POINT('',(-1.905,3.6675,0.0));
#1848=DIRECTION('',(-0.0,1.0,-0.0));
#1849=DIRECTION('',(1.0,0.0,0.0));
#1850=ORIENTED_EDGE('',*,*,#3735,.F.);
#1851=ORIENTED_EDGE('',*,*,#3734,.T.);
#1852=ORIENTED_EDGE('',*,*,#3736,.F.);
#1853=ORIENTED_EDGE('',*,*,#3737,.F.);
#1854=CARTESIAN_POINT('',(-1.905,3.4175,0.0));
#1855=DIRECTION('',(-0.0,1.0,0.0));
#1856=DIRECTION('',(1.0,0.0,0.0));
#1857=ORIENTED_EDGE('',*,*,#3738,.F.);
#1858=ORIENTED_EDGE('',*,*,#3737,.T.);
#1859=ORIENTED_EDGE('',*,*,#3739,.F.);
#1860=ORIENTED_EDGE('',*,*,#3721,.F.);
#1861=CARTESIAN_POINT('',(-1.905,2.4058311108173,0.0));
#1862=DIRECTION('',(-0.0,1.0,-0.0));
#1863=DIRECTION('',(1.0,0.0,0.0));
#1864=ORIENTED_EDGE('',*,*,#3740,.F.);
#1865=ORIENTED_EDGE('',*,*,#3741,.T.);
#1866=ORIENTED_EDGE('',*,*,#3742,.F.);
#1867=ORIENTED_EDGE('',*,*,#3743,.F.);
#1868=CARTESIAN_POINT('',(-1.905,1.01391560817565,0.0));
#1869=DIRECTION('',(-0.0,1.0,0.0));
#1870=DIRECTION('',(1.0,0.0,0.0));
#1871=ORIENTED_EDGE('',*,*,#3744,.F.);
#1872=ORIENTED_EDGE('',*,*,#3745,.F.);
#1873=ORIENTED_EDGE('',*,*,#3743,.T.);
#1874=CARTESIAN_POINT('',(-1.905,0.569170962313449,0.0));
#1875=DIRECTION('',(-0.0,1.0,-0.0));
#1876=DIRECTION('',(1.0,0.0,0.0));
#1877=ORIENTED_EDGE('',*,*,#3746,.F.);
#1878=ORIENTED_EDGE('',*,*,#3747,.F.);
#1879=ORIENTED_EDGE('',*,*,#3748,.F.);
#1880=ORIENTED_EDGE('',*,*,#3749,.T.);
#1881=CARTESIAN_POINT('',(-1.905,2.39807321722127,0.0));
#1882=DIRECTION('',(-0.0,1.0,-0.0));
#1883=DIRECTION('',(1.0,0.0,0.0));
#1884=ORIENTED_EDGE('',*,*,#3750,.F.);
#1885=ORIENTED_EDGE('',*,*,#3751,.T.);
#1886=ORIENTED_EDGE('',*,*,#3752,.F.);
#1887=ORIENTED_EDGE('',*,*,#3753,.F.);
#1888=CARTESIAN_POINT('',(-1.905,2.32307321722127,0.0));
#1889=DIRECTION('',(-0.0,1.0,0.0));
#1890=DIRECTION('',(1.0,0.0,0.0));
#1891=ORIENTED_EDGE('',*,*,#3754,.F.);
#1892=ORIENTED_EDGE('',*,*,#3753,.T.);
#1893=ORIENTED_EDGE('',*,*,#3755,.F.);
#1894=ORIENTED_EDGE('',*,*,#3741,.F.);
#1895=CARTESIAN_POINT('',(-1.905,1.41391560817565,0.0));
#1896=DIRECTION('',(-0.0,1.0,-0.0));
#1897=DIRECTION('',(1.0,0.0,0.0));
#1898=ORIENTED_EDGE('',*,*,#3756,.F.);
#1899=ORIENTED_EDGE('',*,*,#3757,.T.);
#1900=ORIENTED_EDGE('',*,*,#3758,.F.);
#1901=ORIENTED_EDGE('',*,*,#3759,.F.);
#1902=CARTESIAN_POINT('',(-0.635,1.6058311108173,0.0));
#1903=DIRECTION('',(0.0,-1.0,-0.0));
#1904=DIRECTION('',(1.0,0.0,0.0));
#1905=ORIENTED_EDGE('',*,*,#3760,.F.);
#1906=ORIENTED_EDGE('',*,*,#3761,.F.);
#1907=ORIENTED_EDGE('',*,*,#3762,.F.);
#1908=ORIENTED_EDGE('',*,*,#3763,.F.);
#1909=CARTESIAN_POINT('',(-0.635,3.94202004838136,0.0));
#1910=DIRECTION('',(-0.0,1.0,-0.0));
#1911=DIRECTION('',(1.0,0.0,0.0));
#1912=ORIENTED_EDGE('',*,*,#3764,.F.);
#1913=ORIENTED_EDGE('',*,*,#3763,.T.);
#1914=ORIENTED_EDGE('',*,*,#3765,.F.);
#1915=ORIENTED_EDGE('',*,*,#3766,.F.);
#1916=CARTESIAN_POINT('',(-0.635,3.74202004838136,0.0));
#1917=DIRECTION('',(-0.0,1.0,0.0));
#1918=DIRECTION('',(1.0,0.0,0.0));
#1919=ORIENTED_EDGE('',*,*,#3767,.F.);
#1920=ORIENTED_EDGE('',*,*,#3768,.T.);
#1921=ORIENTED_EDGE('',*,*,#3769,.F.);
#1922=ORIENTED_EDGE('',*,*,#3770,.F.);
#1923=CARTESIAN_POINT('',(-0.635,3.6675,0.0));
#1924=DIRECTION('',(-0.0,1.0,-0.0));
#1925=DIRECTION('',(1.0,0.0,0.0));
#1926=ORIENTED_EDGE('',*,*,#3771,.F.);
#1927=ORIENTED_EDGE('',*,*,#3770,.T.);
#1928=ORIENTED_EDGE('',*,*,#3772,.F.);
#1929=ORIENTED_EDGE('',*,*,#3773,.F.);
#1930=CARTESIAN_POINT('',(-0.635,3.4175,0.0));
#1931=DIRECTION('',(-0.0,1.0,0.0));
#1932=DIRECTION('',(1.0,0.0,0.0));
#1933=ORIENTED_EDGE('',*,*,#3774,.F.);
#1934=ORIENTED_EDGE('',*,*,#3773,.T.);
#1935=ORIENTED_EDGE('',*,*,#3775,.F.);
#1936=ORIENTED_EDGE('',*,*,#3757,.F.);
#1937=CARTESIAN_POINT('',(-0.635,2.4058311108173,0.0));
#1938=DIRECTION('',(-0.0,1.0,-0.0));
#1939=DIRECTION('',(1.0,0.0,0.0));
#1940=ORIENTED_EDGE('',*,*,#3776,.F.);
#1941=ORIENTED_EDGE('',*,*,#3777,.T.);
#1942=ORIENTED_EDGE('',*,*,#3778,.F.);
#1943=ORIENTED_EDGE('',*,*,#3779,.F.);
#1944=CARTESIAN_POINT('',(-0.635,1.01391560817565,0.0));
#1945=DIRECTION('',(-0.0,1.0,0.0));
#1946=DIRECTION('',(1.0,0.0,0.0));
#1947=ORIENTED_EDGE('',*,*,#3780,.F.);
#1948=ORIENTED_EDGE('',*,*,#3781,.F.);
#1949=ORIENTED_EDGE('',*,*,#3779,.T.);
#1950=CARTESIAN_POINT('',(-0.635,0.569170962313449,0.0));
#1951=DIRECTION('',(-0.0,1.0,-0.0));
#1952=DIRECTION('',(1.0,0.0,0.0));
#1953=ORIENTED_EDGE('',*,*,#3782,.F.);
#1954=ORIENTED_EDGE('',*,*,#3783,.F.);
#1955=ORIENTED_EDGE('',*,*,#3784,.F.);
#1956=ORIENTED_EDGE('',*,*,#3785,.T.);
#1957=CARTESIAN_POINT('',(-0.635,2.39807321722127,0.0));
#1958=DIRECTION('',(-0.0,1.0,-0.0));
#1959=DIRECTION('',(1.0,0.0,0.0));
#1960=ORIENTED_EDGE('',*,*,#3786,.F.);
#1961=ORIENTED_EDGE('',*,*,#3787,.T.);
#1962=ORIENTED_EDGE('',*,*,#3788,.F.);
#1963=ORIENTED_EDGE('',*,*,#3789,.F.);
#1964=CARTESIAN_POINT('',(-0.635,2.32307321722127,0.0));
#1965=DIRECTION('',(-0.0,1.0,0.0));
#1966=DIRECTION('',(1.0,0.0,0.0));
#1967=ORIENTED_EDGE('',*,*,#3790,.F.);
#1968=ORIENTED_EDGE('',*,*,#3789,.T.);
#1969=ORIENTED_EDGE('',*,*,#3791,.F.);
#1970=ORIENTED_EDGE('',*,*,#3777,.F.);
#1971=CARTESIAN_POINT('',(-0.635,1.41391560817565,0.0));
#1972=DIRECTION('',(-0.0,1.0,-0.0));
#1973=DIRECTION('',(1.0,0.0,0.0));
#1974=ORIENTED_EDGE('',*,*,#3792,.F.);
#1975=ORIENTED_EDGE('',*,*,#3793,.T.);
#1976=ORIENTED_EDGE('',*,*,#3794,.F.);
#1977=ORIENTED_EDGE('',*,*,#3795,.F.);
#1978=CARTESIAN_POINT('',(0.635,1.6058311108173,0.0));
#1979=DIRECTION('',(0.0,-1.0,-0.0));
#1980=DIRECTION('',(1.0,0.0,0.0));
#1981=ORIENTED_EDGE('',*,*,#3796,.F.);
#1982=ORIENTED_EDGE('',*,*,#3797,.F.);
#1983=ORIENTED_EDGE('',*,*,#3798,.F.);
#1984=ORIENTED_EDGE('',*,*,#3799,.F.);
#1985=CARTESIAN_POINT('',(0.635,3.94202004838136,0.0));
#1986=DIRECTION('',(-0.0,1.0,-0.0));
#1987=DIRECTION('',(1.0,0.0,0.0));
#1988=ORIENTED_EDGE('',*,*,#3800,.F.);
#1989=ORIENTED_EDGE('',*,*,#3799,.T.);
#1990=ORIENTED_EDGE('',*,*,#3801,.F.);
#1991=ORIENTED_EDGE('',*,*,#3802,.F.);
#1992=CARTESIAN_POINT('',(0.635,3.74202004838136,0.0));
#1993=DIRECTION('',(-0.0,1.0,0.0));
#1994=DIRECTION('',(1.0,0.0,0.0));
#1995=ORIENTED_EDGE('',*,*,#3803,.F.);
#1996=ORIENTED_EDGE('',*,*,#3804,.T.);
#1997=ORIENTED_EDGE('',*,*,#3805,.F.);
#1998=ORIENTED_EDGE('',*,*,#3806,.F.);
#1999=CARTESIAN_POINT('',(0.635,3.6675,0.0));
#2000=DIRECTION('',(-0.0,1.0,-0.0));
#2001=DIRECTION('',(1.0,0.0,0.0));
#2002=ORIENTED_EDGE('',*,*,#3807,.F.);
#2003=ORIENTED_EDGE('',*,*,#3806,.T.);
#2004=ORIENTED_EDGE('',*,*,#3808,.F.);
#2005=ORIENTED_EDGE('',*,*,#3809,.F.);
#2006=CARTESIAN_POINT('',(0.635,3.4175,0.0));
#2007=DIRECTION('',(-0.0,1.0,0.0));
#2008=DIRECTION('',(1.0,0.0,0.0));
#2009=ORIENTED_EDGE('',*,*,#3810,.F.);
#2010=ORIENTED_EDGE('',*,*,#3809,.T.);
#2011=ORIENTED_EDGE('',*,*,#3811,.F.);
#2012=ORIENTED_EDGE('',*,*,#3793,.F.);
#2013=CARTESIAN_POINT('',(0.635,2.4058311108173,0.0));
#2014=DIRECTION('',(-0.0,1.0,-0.0));
#2015=DIRECTION('',(1.0,0.0,0.0));
#2016=ORIENTED_EDGE('',*,*,#3812,.F.);
#2017=ORIENTED_EDGE('',*,*,#3813,.T.);
#2018=ORIENTED_EDGE('',*,*,#3814,.F.);
#2019=ORIENTED_EDGE('',*,*,#3815,.F.);
#2020=CARTESIAN_POINT('',(0.635,1.01391560817565,0.0));
#2021=DIRECTION('',(-0.0,1.0,0.0));
#2022=DIRECTION('',(1.0,0.0,0.0));
#2023=ORIENTED_EDGE('',*,*,#3816,.F.);
#2024=ORIENTED_EDGE('',*,*,#3817,.F.);
#2025=ORIENTED_EDGE('',*,*,#3815,.T.);
#2026=CARTESIAN_POINT('',(0.635,0.569170962313449,0.0));
#2027=DIRECTION('',(-0.0,1.0,-0.0));
#2028=DIRECTION('',(1.0,0.0,0.0));
#2029=ORIENTED_EDGE('',*,*,#3818,.F.);
#2030=ORIENTED_EDGE('',*,*,#3819,.F.);
#2031=ORIENTED_EDGE('',*,*,#3820,.F.);
#2032=ORIENTED_EDGE('',*,*,#3821,.T.);
#2033=CARTESIAN_POINT('',(0.635,2.39807321722127,0.0));
#2034=DIRECTION('',(-0.0,1.0,-0.0));
#2035=DIRECTION('',(1.0,0.0,0.0));
#2036=ORIENTED_EDGE('',*,*,#3822,.F.);
#2037=ORIENTED_EDGE('',*,*,#3823,.T.);
#2038=ORIENTED_EDGE('',*,*,#3824,.F.);
#2039=ORIENTED_EDGE('',*,*,#3825,.F.);
#2040=CARTESIAN_POINT('',(0.635,2.32307321722127,0.0));
#2041=DIRECTION('',(-0.0,1.0,0.0));
#2042=DIRECTION('',(1.0,0.0,0.0));
#2043=ORIENTED_EDGE('',*,*,#3826,.F.);
#2044=ORIENTED_EDGE('',*,*,#3825,.T.);
#2045=ORIENTED_EDGE('',*,*,#3827,.F.);
#2046=ORIENTED_EDGE('',*,*,#3813,.F.);
#2047=CARTESIAN_POINT('',(0.635,1.41391560817565,0.0));
#2048=DIRECTION('',(-0.0,1.0,-0.0));
#2049=DIRECTION('',(1.0,0.0,0.0));
#2050=ORIENTED_EDGE('',*,*,#3828,.F.);
#2051=ORIENTED_EDGE('',*,*,#3829,.T.);
#2052=ORIENTED_EDGE('',*,*,#3830,.F.);
#2053=ORIENTED_EDGE('',*,*,#3831,.F.);
#2054=CARTESIAN_POINT('',(1.905,1.6058311108173,0.0));
#2055=DIRECTION('',(0.0,-1.0,-0.0));
#2056=DIRECTION('',(1.0,0.0,0.0));
#2057=ORIENTED_EDGE('',*,*,#3832,.F.);
#2058=ORIENTED_EDGE('',*,*,#3833,.F.);
#2059=ORIENTED_EDGE('',*,*,#3834,.F.);
#2060=ORIENTED_EDGE('',*,*,#3835,.F.);
#2061=CARTESIAN_POINT('',(1.905,3.94202004838136,0.0));
#2062=DIRECTION('',(-0.0,1.0,-0.0));
#2063=DIRECTION('',(1.0,0.0,0.0));
#2064=ORIENTED_EDGE('',*,*,#3836,.F.);
#2065=ORIENTED_EDGE('',*,*,#3835,.T.);
#2066=ORIENTED_EDGE('',*,*,#3837,.F.);
#2067=ORIENTED_EDGE('',*,*,#3838,.F.);
#2068=CARTESIAN_POINT('',(1.905,3.74202004838136,0.0));
#2069=DIRECTION('',(-0.0,1.0,0.0));
#2070=DIRECTION('',(1.0,0.0,0.0));
#2071=ORIENTED_EDGE('',*,*,#3839,.F.);
#2072=ORIENTED_EDGE('',*,*,#3840,.T.);
#2073=ORIENTED_EDGE('',*,*,#3841,.F.);
#2074=ORIENTED_EDGE('',*,*,#3842,.F.);
#2075=CARTESIAN_POINT('',(1.905,3.6675,0.0));
#2076=DIRECTION('',(-0.0,1.0,-0.0));
#2077=DIRECTION('',(1.0,0.0,0.0));
#2078=ORIENTED_EDGE('',*,*,#3843,.F.);
#2079=ORIENTED_EDGE('',*,*,#3842,.T.);
#2080=ORIENTED_EDGE('',*,*,#3844,.F.);
#2081=ORIENTED_EDGE('',*,*,#3845,.F.);
#2082=CARTESIAN_POINT('',(1.905,3.4175,0.0));
#2083=DIRECTION('',(-0.0,1.0,0.0));
#2084=DIRECTION('',(1.0,0.0,0.0));
#2085=ORIENTED_EDGE('',*,*,#3846,.F.);
#2086=ORIENTED_EDGE('',*,*,#3845,.T.);
#2087=ORIENTED_EDGE('',*,*,#3847,.F.);
#2088=ORIENTED_EDGE('',*,*,#3829,.F.);
#2089=CARTESIAN_POINT('',(1.905,2.4058311108173,0.0));
#2090=DIRECTION('',(-0.0,1.0,-0.0));
#2091=DIRECTION('',(1.0,0.0,0.0));
#2092=ORIENTED_EDGE('',*,*,#3848,.F.);
#2093=ORIENTED_EDGE('',*,*,#3849,.T.);
#2094=ORIENTED_EDGE('',*,*,#3850,.F.);
#2095=ORIENTED_EDGE('',*,*,#3851,.F.);
#2096=CARTESIAN_POINT('',(1.905,1.01391560817565,0.0));
#2097=DIRECTION('',(-0.0,1.0,0.0));
#2098=DIRECTION('',(1.0,0.0,0.0));
#2099=ORIENTED_EDGE('',*,*,#3852,.F.);
#2100=ORIENTED_EDGE('',*,*,#3853,.F.);
#2101=ORIENTED_EDGE('',*,*,#3851,.T.);
#2102=CARTESIAN_POINT('',(1.905,0.569170962313449,0.0));
#2103=DIRECTION('',(-0.0,1.0,-0.0));
#2104=DIRECTION('',(1.0,0.0,0.0));
#2105=ORIENTED_EDGE('',*,*,#3854,.F.);
#2106=ORIENTED_EDGE('',*,*,#3855,.F.);
#2107=ORIENTED_EDGE('',*,*,#3856,.F.);
#2108=ORIENTED_EDGE('',*,*,#3857,.T.);
#2109=CARTESIAN_POINT('',(1.905,2.39807321722127,0.0));
#2110=DIRECTION('',(-0.0,1.0,-0.0));
#2111=DIRECTION('',(1.0,0.0,0.0));
#2112=ORIENTED_EDGE('',*,*,#3858,.F.);
#2113=ORIENTED_EDGE('',*,*,#3859,.T.);
#2114=ORIENTED_EDGE('',*,*,#3860,.F.);
#2115=ORIENTED_EDGE('',*,*,#3861,.F.);
#2116=CARTESIAN_POINT('',(1.905,2.32307321722127,0.0));
#2117=DIRECTION('',(-0.0,1.0,0.0));
#2118=DIRECTION('',(1.0,0.0,0.0));
#2119=ORIENTED_EDGE('',*,*,#3862,.F.);
#2120=ORIENTED_EDGE('',*,*,#3861,.T.);
#2121=ORIENTED_EDGE('',*,*,#3863,.F.);
#2122=ORIENTED_EDGE('',*,*,#3849,.F.);
#2123=CARTESIAN_POINT('',(1.905,1.41391560817565,0.0));
#2124=DIRECTION('',(-0.0,1.0,-0.0));
#2125=DIRECTION('',(1.0,0.0,0.0));
#2126=ORIENTED_EDGE('',*,*,#3864,.F.);
#2127=ORIENTED_EDGE('',*,*,#3865,.T.);
#2128=ORIENTED_EDGE('',*,*,#3866,.F.);
#2129=ORIENTED_EDGE('',*,*,#3867,.F.);
#2130=CARTESIAN_POINT('',(3.175,1.6058311108173,0.0));
#2131=DIRECTION('',(0.0,-1.0,-0.0));
#2132=DIRECTION('',(1.0,0.0,0.0));
#2133=ORIENTED_EDGE('',*,*,#3868,.F.);
#2134=ORIENTED_EDGE('',*,*,#3869,.F.);
#2135=ORIENTED_EDGE('',*,*,#3870,.F.);
#2136=ORIENTED_EDGE('',*,*,#3871,.F.);
#2137=CARTESIAN_POINT('',(3.175,3.94202004838136,0.0));
#2138=DIRECTION('',(-0.0,1.0,-0.0));
#2139=DIRECTION('',(1.0,0.0,0.0));
#2140=ORIENTED_EDGE('',*,*,#3872,.F.);
#2141=ORIENTED_EDGE('',*,*,#3871,.T.);
#2142=ORIENTED_EDGE('',*,*,#3873,.F.);
#2143=ORIENTED_EDGE('',*,*,#3874,.F.);
#2144=CARTESIAN_POINT('',(3.175,3.74202004838136,0.0));
#2145=DIRECTION('',(-0.0,1.0,0.0));
#2146=DIRECTION('',(1.0,0.0,0.0));
#2147=ORIENTED_EDGE('',*,*,#3875,.F.);
#2148=ORIENTED_EDGE('',*,*,#3876,.T.);
#2149=ORIENTED_EDGE('',*,*,#3877,.F.);
#2150=ORIENTED_EDGE('',*,*,#3878,.F.);
#2151=CARTESIAN_POINT('',(3.175,3.6675,0.0));
#2152=DIRECTION('',(-0.0,1.0,-0.0));
#2153=DIRECTION('',(1.0,0.0,0.0));
#2154=ORIENTED_EDGE('',*,*,#3879,.F.);
#2155=ORIENTED_EDGE('',*,*,#3878,.T.);
#2156=ORIENTED_EDGE('',*,*,#3880,.F.);
#2157=ORIENTED_EDGE('',*,*,#3881,.F.);
#2158=CARTESIAN_POINT('',(3.175,3.4175,0.0));
#2159=DIRECTION('',(-0.0,1.0,0.0));
#2160=DIRECTION('',(1.0,0.0,0.0));
#2161=ORIENTED_EDGE('',*,*,#3882,.F.);
#2162=ORIENTED_EDGE('',*,*,#3881,.T.);
#2163=ORIENTED_EDGE('',*,*,#3883,.F.);
#2164=ORIENTED_EDGE('',*,*,#3865,.F.);
#2165=CARTESIAN_POINT('',(3.175,2.4058311108173,0.0));
#2166=DIRECTION('',(-0.0,1.0,-0.0));
#2167=DIRECTION('',(1.0,0.0,0.0));
#2168=ORIENTED_EDGE('',*,*,#3884,.F.);
#2169=ORIENTED_EDGE('',*,*,#3885,.T.);
#2170=ORIENTED_EDGE('',*,*,#3886,.F.);
#2171=ORIENTED_EDGE('',*,*,#3887,.F.);
#2172=CARTESIAN_POINT('',(3.175,1.01391560817565,0.0));
#2173=DIRECTION('',(-0.0,1.0,0.0));
#2174=DIRECTION('',(1.0,0.0,0.0));
#2175=ORIENTED_EDGE('',*,*,#3888,.F.);
#2176=ORIENTED_EDGE('',*,*,#3889,.F.);
#2177=ORIENTED_EDGE('',*,*,#3887,.T.);
#2178=CARTESIAN_POINT('',(3.175,0.569170962313449,0.0));
#2179=DIRECTION('',(-0.0,1.0,-0.0));
#2180=DIRECTION('',(1.0,0.0,0.0));
#2181=ORIENTED_EDGE('',*,*,#3890,.F.);
#2182=ORIENTED_EDGE('',*,*,#3891,.F.);
#2183=ORIENTED_EDGE('',*,*,#3892,.F.);
#2184=ORIENTED_EDGE('',*,*,#3893,.T.);
#2185=CARTESIAN_POINT('',(3.175,2.39807321722127,0.0));
#2186=DIRECTION('',(-0.0,1.0,-0.0));
#2187=DIRECTION('',(1.0,0.0,0.0));
#2188=ORIENTED_EDGE('',*,*,#3894,.F.);
#2189=ORIENTED_EDGE('',*,*,#3895,.T.);
#2190=ORIENTED_EDGE('',*,*,#3896,.F.);
#2191=ORIENTED_EDGE('',*,*,#3897,.F.);
#2192=CARTESIAN_POINT('',(3.175,2.32307321722127,0.0));
#2193=DIRECTION('',(-0.0,1.0,0.0));
#2194=DIRECTION('',(1.0,0.0,0.0));
#2195=ORIENTED_EDGE('',*,*,#3898,.F.);
#2196=ORIENTED_EDGE('',*,*,#3897,.T.);
#2197=ORIENTED_EDGE('',*,*,#3899,.F.);
#2198=ORIENTED_EDGE('',*,*,#3885,.F.);
#2199=CARTESIAN_POINT('',(3.175,1.41391560817565,0.0));
#2200=DIRECTION('',(-0.0,1.0,-0.0));
#2201=DIRECTION('',(1.0,0.0,0.0));
#2202=ORIENTED_EDGE('',*,*,#3898,.T.);
#2203=ORIENTED_EDGE('',*,*,#3900,.F.);
#2204=ORIENTED_EDGE('',*,*,#3899,.T.);
#2205=ORIENTED_EDGE('',*,*,#3901,.T.);
#2206=CARTESIAN_POINT('',(3.175,1.41391560817565,0.0));
#2207=DIRECTION('',(-0.0,1.0,-0.0));
#2208=DIRECTION('',(1.0,0.0,0.0));
#2209=ORIENTED_EDGE('',*,*,#3894,.T.);
#2210=ORIENTED_EDGE('',*,*,#3901,.F.);
#2211=ORIENTED_EDGE('',*,*,#3896,.T.);
#2212=ORIENTED_EDGE('',*,*,#3891,.T.);
#2213=CARTESIAN_POINT('',(3.175,2.32307321722127,0.0));
#2214=DIRECTION('',(-0.0,1.0,0.0));
#2215=DIRECTION('',(1.0,0.0,0.0));
#2216=ORIENTED_EDGE('',*,*,#3890,.T.);
#2217=ORIENTED_EDGE('',*,*,#3867,.T.);
#2218=ORIENTED_EDGE('',*,*,#3892,.T.);
#2219=ORIENTED_EDGE('',*,*,#3895,.F.);
#2220=CARTESIAN_POINT('',(3.175,2.39807321722127,0.0));
#2221=DIRECTION('',(-0.0,1.0,-0.0));
#2222=DIRECTION('',(1.0,0.0,0.0));
#2223=ORIENTED_EDGE('',*,*,#3888,.T.);
#2224=ORIENTED_EDGE('',*,*,#3902,.T.);
#2225=ORIENTED_EDGE('',*,*,#3889,.T.);
#2226=CARTESIAN_POINT('',(3.175,0.569170962313449,0.0));
#2227=DIRECTION('',(-0.0,1.0,-0.0));
#2228=DIRECTION('',(1.0,0.0,0.0));
#2229=ORIENTED_EDGE('',*,*,#3884,.T.);
#2230=ORIENTED_EDGE('',*,*,#3902,.F.);
#2231=ORIENTED_EDGE('',*,*,#3886,.T.);
#2232=ORIENTED_EDGE('',*,*,#3900,.T.);
#2233=CARTESIAN_POINT('',(3.175,1.01391560817565,0.0));
#2234=DIRECTION('',(-0.0,1.0,0.0));
#2235=DIRECTION('',(1.0,0.0,0.0));
#2236=ORIENTED_EDGE('',*,*,#3882,.T.);
#2237=ORIENTED_EDGE('',*,*,#3903,.F.);
#2238=ORIENTED_EDGE('',*,*,#3883,.T.);
#2239=ORIENTED_EDGE('',*,*,#3904,.T.);
#2240=CARTESIAN_POINT('',(3.175,2.4058311108173,0.0));
#2241=DIRECTION('',(-0.0,1.0,-0.0));
#2242=DIRECTION('',(1.0,0.0,0.0));
#2243=ORIENTED_EDGE('',*,*,#3879,.T.);
#2244=ORIENTED_EDGE('',*,*,#3904,.F.);
#2245=ORIENTED_EDGE('',*,*,#3880,.T.);
#2246=ORIENTED_EDGE('',*,*,#3905,.T.);
#2247=CARTESIAN_POINT('',(3.175,3.4175,0.0));
#2248=DIRECTION('',(-0.0,1.0,0.0));
#2249=DIRECTION('',(1.0,0.0,0.0));
#2250=ORIENTED_EDGE('',*,*,#3875,.T.);
#2251=ORIENTED_EDGE('',*,*,#3905,.F.);
#2252=ORIENTED_EDGE('',*,*,#3877,.T.);
#2253=ORIENTED_EDGE('',*,*,#3906,.T.);
#2254=CARTESIAN_POINT('',(3.175,3.6675,0.0));
#2255=DIRECTION('',(-0.0,1.0,-0.0));
#2256=DIRECTION('',(1.0,0.0,0.0));
#2257=ORIENTED_EDGE('',*,*,#3874,.T.);
#2258=ORIENTED_EDGE('',*,*,#3907,.T.);
#2259=ORIENTED_EDGE('',*,*,#3876,.F.);
#2260=ORIENTED_EDGE('',*,*,#3906,.F.);
#2261=CARTESIAN_POINT('',(3.54,3.7,0.0));
#2262=DIRECTION('',(-0.0,-1.0,-0.0));
#2263=DIRECTION('',(-1.0,0.0,0.0));
#2264=ORIENTED_EDGE('',*,*,#3872,.T.);
#2265=ORIENTED_EDGE('',*,*,#3907,.F.);
#2266=ORIENTED_EDGE('',*,*,#3873,.T.);
#2267=ORIENTED_EDGE('',*,*,#3908,.T.);
#2268=CARTESIAN_POINT('',(3.175,3.74202004838136,0.0));
#2269=DIRECTION('',(-0.0,1.0,0.0));
#2270=DIRECTION('',(1.0,0.0,0.0));
#2271=ORIENTED_EDGE('',*,*,#3868,.T.);
#2272=ORIENTED_EDGE('',*,*,#3908,.F.);
#2273=ORIENTED_EDGE('',*,*,#3870,.T.);
#2274=ORIENTED_EDGE('',*,*,#3909,.F.);
#2275=CARTESIAN_POINT('',(3.175,3.94202004838136,0.0));
#2276=DIRECTION('',(-0.0,1.0,-0.0));
#2277=DIRECTION('',(1.0,0.0,0.0));
#2278=ORIENTED_EDGE('',*,*,#3864,.T.);
#2279=ORIENTED_EDGE('',*,*,#3893,.F.);
#2280=ORIENTED_EDGE('',*,*,#3866,.T.);
#2281=ORIENTED_EDGE('',*,*,#3903,.T.);
#2282=CARTESIAN_POINT('',(3.175,1.6058311108173,0.0));
#2283=DIRECTION('',(0.0,-1.0,-0.0));
#2284=DIRECTION('',(1.0,0.0,0.0));
#2285=ORIENTED_EDGE('',*,*,#3862,.T.);
#2286=ORIENTED_EDGE('',*,*,#3910,.F.);
#2287=ORIENTED_EDGE('',*,*,#3863,.T.);
#2288=ORIENTED_EDGE('',*,*,#3911,.T.);
#2289=CARTESIAN_POINT('',(1.905,1.41391560817565,0.0));
#2290=DIRECTION('',(-0.0,1.0,-0.0));
#2291=DIRECTION('',(1.0,0.0,0.0));
#2292=ORIENTED_EDGE('',*,*,#3858,.T.);
#2293=ORIENTED_EDGE('',*,*,#3911,.F.);
#2294=ORIENTED_EDGE('',*,*,#3860,.T.);
#2295=ORIENTED_EDGE('',*,*,#3855,.T.);
#2296=CARTESIAN_POINT('',(1.905,2.32307321722127,0.0));
#2297=DIRECTION('',(-0.0,1.0,0.0));
#2298=DIRECTION('',(1.0,0.0,0.0));
#2299=ORIENTED_EDGE('',*,*,#3854,.T.);
#2300=ORIENTED_EDGE('',*,*,#3831,.T.);
#2301=ORIENTED_EDGE('',*,*,#3856,.T.);
#2302=ORIENTED_EDGE('',*,*,#3859,.F.);
#2303=CARTESIAN_POINT('',(1.905,2.39807321722127,0.0));
#2304=DIRECTION('',(-0.0,1.0,-0.0));
#2305=DIRECTION('',(1.0,0.0,0.0));
#2306=ORIENTED_EDGE('',*,*,#3852,.T.);
#2307=ORIENTED_EDGE('',*,*,#3912,.T.);
#2308=ORIENTED_EDGE('',*,*,#3853,.T.);
#2309=CARTESIAN_POINT('',(1.905,0.569170962313449,0.0));
#2310=DIRECTION('',(-0.0,1.0,-0.0));
#2311=DIRECTION('',(1.0,0.0,0.0));
#2312=ORIENTED_EDGE('',*,*,#3848,.T.);
#2313=ORIENTED_EDGE('',*,*,#3912,.F.);
#2314=ORIENTED_EDGE('',*,*,#3850,.T.);
#2315=ORIENTED_EDGE('',*,*,#3910,.T.);
#2316=CARTESIAN_POINT('',(1.905,1.01391560817565,0.0));
#2317=DIRECTION('',(-0.0,1.0,0.0));
#2318=DIRECTION('',(1.0,0.0,0.0));
#2319=ORIENTED_EDGE('',*,*,#3846,.T.);
#2320=ORIENTED_EDGE('',*,*,#3913,.F.);
#2321=ORIENTED_EDGE('',*,*,#3847,.T.);
#2322=ORIENTED_EDGE('',*,*,#3914,.T.);
#2323=CARTESIAN_POINT('',(1.905,2.4058311108173,0.0));
#2324=DIRECTION('',(-0.0,1.0,-0.0));
#2325=DIRECTION('',(1.0,0.0,0.0));
#2326=ORIENTED_EDGE('',*,*,#3843,.T.);
#2327=ORIENTED_EDGE('',*,*,#3914,.F.);
#2328=ORIENTED_EDGE('',*,*,#3844,.T.);
#2329=ORIENTED_EDGE('',*,*,#3915,.T.);
#2330=CARTESIAN_POINT('',(1.905,3.4175,0.0));
#2331=DIRECTION('',(-0.0,1.0,0.0));
#2332=DIRECTION('',(1.0,0.0,0.0));
#2333=ORIENTED_EDGE('',*,*,#3839,.T.);
#2334=ORIENTED_EDGE('',*,*,#3915,.F.);
#2335=ORIENTED_EDGE('',*,*,#3841,.T.);
#2336=ORIENTED_EDGE('',*,*,#3916,.T.);
#2337=CARTESIAN_POINT('',(1.905,3.6675,0.0));
#2338=DIRECTION('',(-0.0,1.0,-0.0));
#2339=DIRECTION('',(1.0,0.0,0.0));
#2340=ORIENTED_EDGE('',*,*,#3838,.T.);
#2341=ORIENTED_EDGE('',*,*,#3917,.T.);
#2342=ORIENTED_EDGE('',*,*,#3840,.F.);
#2343=ORIENTED_EDGE('',*,*,#3916,.F.);
#2344=CARTESIAN_POINT('',(2.27,3.7,0.0));
#2345=DIRECTION('',(-0.0,-1.0,-0.0));
#2346=DIRECTION('',(-1.0,0.0,0.0));
#2347=ORIENTED_EDGE('',*,*,#3836,.T.);
#2348=ORIENTED_EDGE('',*,*,#3917,.F.);
#2349=ORIENTED_EDGE('',*,*,#3837,.T.);
#2350=ORIENTED_EDGE('',*,*,#3918,.T.);
#2351=CARTESIAN_POINT('',(1.905,3.74202004838136,0.0));
#2352=DIRECTION('',(-0.0,1.0,0.0));
#2353=DIRECTION('',(1.0,0.0,0.0));
#2354=ORIENTED_EDGE('',*,*,#3832,.T.);
#2355=ORIENTED_EDGE('',*,*,#3918,.F.);
#2356=ORIENTED_EDGE('',*,*,#3834,.T.);
#2357=ORIENTED_EDGE('',*,*,#3919,.F.);
#2358=CARTESIAN_POINT('',(1.905,3.94202004838136,0.0));
#2359=DIRECTION('',(-0.0,1.0,-0.0));
#2360=DIRECTION('',(1.0,0.0,0.0));
#2361=ORIENTED_EDGE('',*,*,#3828,.T.);
#2362=ORIENTED_EDGE('',*,*,#3857,.F.);
#2363=ORIENTED_EDGE('',*,*,#3830,.T.);
#2364=ORIENTED_EDGE('',*,*,#3913,.T.);
#2365=CARTESIAN_POINT('',(1.905,1.6058311108173,0.0));
#2366=DIRECTION('',(0.0,-1.0,-0.0));
#2367=DIRECTION('',(1.0,0.0,0.0));
#2368=ORIENTED_EDGE('',*,*,#3826,.T.);
#2369=ORIENTED_EDGE('',*,*,#3920,.F.);
#2370=ORIENTED_EDGE('',*,*,#3827,.T.);
#2371=ORIENTED_EDGE('',*,*,#3921,.T.);
#2372=CARTESIAN_POINT('',(0.635,1.41391560817565,0.0));
#2373=DIRECTION('',(-0.0,1.0,-0.0));
#2374=DIRECTION('',(1.0,0.0,0.0));
#2375=ORIENTED_EDGE('',*,*,#3822,.T.);
#2376=ORIENTED_EDGE('',*,*,#3921,.F.);
#2377=ORIENTED_EDGE('',*,*,#3824,.T.);
#2378=ORIENTED_EDGE('',*,*,#3819,.T.);
#2379=CARTESIAN_POINT('',(0.635,2.32307321722127,0.0));
#2380=DIRECTION('',(-0.0,1.0,0.0));
#2381=DIRECTION('',(1.0,0.0,0.0));
#2382=ORIENTED_EDGE('',*,*,#3818,.T.);
#2383=ORIENTED_EDGE('',*,*,#3795,.T.);
#2384=ORIENTED_EDGE('',*,*,#3820,.T.);
#2385=ORIENTED_EDGE('',*,*,#3823,.F.);
#2386=CARTESIAN_POINT('',(0.635,2.39807321722127,0.0));
#2387=DIRECTION('',(-0.0,1.0,-0.0));
#2388=DIRECTION('',(1.0,0.0,0.0));
#2389=ORIENTED_EDGE('',*,*,#3816,.T.);
#2390=ORIENTED_EDGE('',*,*,#3922,.T.);
#2391=ORIENTED_EDGE('',*,*,#3817,.T.);
#2392=CARTESIAN_POINT('',(0.635,0.569170962313449,0.0));
#2393=DIRECTION('',(-0.0,1.0,-0.0));
#2394=DIRECTION('',(1.0,0.0,0.0));
#2395=ORIENTED_EDGE('',*,*,#3812,.T.);
#2396=ORIENTED_EDGE('',*,*,#3922,.F.);
#2397=ORIENTED_EDGE('',*,*,#3814,.T.);
#2398=ORIENTED_EDGE('',*,*,#3920,.T.);
#2399=CARTESIAN_POINT('',(0.635,1.01391560817565,0.0));
#2400=DIRECTION('',(-0.0,1.0,0.0));
#2401=DIRECTION('',(1.0,0.0,0.0));
#2402=ORIENTED_EDGE('',*,*,#3810,.T.);
#2403=ORIENTED_EDGE('',*,*,#3923,.F.);
#2404=ORIENTED_EDGE('',*,*,#3811,.T.);
#2405=ORIENTED_EDGE('',*,*,#3924,.T.);
#2406=CARTESIAN_POINT('',(0.635,2.4058311108173,0.0));
#2407=DIRECTION('',(-0.0,1.0,-0.0));
#2408=DIRECTION('',(1.0,0.0,0.0));
#2409=ORIENTED_EDGE('',*,*,#3807,.T.);
#2410=ORIENTED_EDGE('',*,*,#3924,.F.);
#2411=ORIENTED_EDGE('',*,*,#3808,.T.);
#2412=ORIENTED_EDGE('',*,*,#3925,.T.);
#2413=CARTESIAN_POINT('',(0.635,3.4175,0.0));
#2414=DIRECTION('',(-0.0,1.0,0.0));
#2415=DIRECTION('',(1.0,0.0,0.0));
#2416=ORIENTED_EDGE('',*,*,#3803,.T.);
#2417=ORIENTED_EDGE('',*,*,#3925,.F.);
#2418=ORIENTED_EDGE('',*,*,#3805,.T.);
#2419=ORIENTED_EDGE('',*,*,#3926,.T.);
#2420=CARTESIAN_POINT('',(0.635,3.6675,0.0));
#2421=DIRECTION('',(-0.0,1.0,-0.0));
#2422=DIRECTION('',(1.0,0.0,0.0));
#2423=ORIENTED_EDGE('',*,*,#3802,.T.);
#2424=ORIENTED_EDGE('',*,*,#3927,.T.);
#2425=ORIENTED_EDGE('',*,*,#3804,.F.);
#2426=ORIENTED_EDGE('',*,*,#3926,.F.);
#2427=CARTESIAN_POINT('',(1.0,3.7,0.0));
#2428=DIRECTION('',(-0.0,-1.0,-0.0));
#2429=DIRECTION('',(-1.0,0.0,0.0));
#2430=ORIENTED_EDGE('',*,*,#3800,.T.);
#2431=ORIENTED_EDGE('',*,*,#3927,.F.);
#2432=ORIENTED_EDGE('',*,*,#3801,.T.);
#2433=ORIENTED_EDGE('',*,*,#3928,.T.);
#2434=CARTESIAN_POINT('',(0.635,3.74202004838136,0.0));
#2435=DIRECTION('',(-0.0,1.0,0.0));
#2436=DIRECTION('',(1.0,0.0,0.0));
#2437=ORIENTED_EDGE('',*,*,#3796,.T.);
#2438=ORIENTED_EDGE('',*,*,#3928,.F.);
#2439=ORIENTED_EDGE('',*,*,#3798,.T.);
#2440=ORIENTED_EDGE('',*,*,#3929,.F.);
#2441=CARTESIAN_POINT('',(0.635,3.94202004838136,0.0));
#2442=DIRECTION('',(-0.0,1.0,-0.0));
#2443=DIRECTION('',(1.0,0.0,0.0));
#2444=ORIENTED_EDGE('',*,*,#3792,.T.);
#2445=ORIENTED_EDGE('',*,*,#3821,.F.);
#2446=ORIENTED_EDGE('',*,*,#3794,.T.);
#2447=ORIENTED_EDGE('',*,*,#3923,.T.);
#2448=CARTESIAN_POINT('',(0.635,1.6058311108173,0.0));
#2449=DIRECTION('',(0.0,-1.0,-0.0));
#2450=DIRECTION('',(1.0,0.0,0.0));
#2451=ORIENTED_EDGE('',*,*,#3790,.T.);
#2452=ORIENTED_EDGE('',*,*,#3930,.F.);
#2453=ORIENTED_EDGE('',*,*,#3791,.T.);
#2454=ORIENTED_EDGE('',*,*,#3931,.T.);
#2455=CARTESIAN_POINT('',(-0.635,1.41391560817565,0.0));
#2456=DIRECTION('',(-0.0,1.0,-0.0));
#2457=DIRECTION('',(1.0,0.0,0.0));
#2458=ORIENTED_EDGE('',*,*,#3786,.T.);
#2459=ORIENTED_EDGE('',*,*,#3931,.F.);
#2460=ORIENTED_EDGE('',*,*,#3788,.T.);
#2461=ORIENTED_EDGE('',*,*,#3783,.T.);
#2462=CARTESIAN_POINT('',(-0.635,2.32307321722127,0.0));
#2463=DIRECTION('',(-0.0,1.0,0.0));
#2464=DIRECTION('',(1.0,0.0,0.0));
#2465=ORIENTED_EDGE('',*,*,#3782,.T.);
#2466=ORIENTED_EDGE('',*,*,#3759,.T.);
#2467=ORIENTED_EDGE('',*,*,#3784,.T.);
#2468=ORIENTED_EDGE('',*,*,#3787,.F.);
#2469=CARTESIAN_POINT('',(-0.635,2.39807321722127,0.0));
#2470=DIRECTION('',(-0.0,1.0,-0.0));
#2471=DIRECTION('',(1.0,0.0,0.0));
#2472=ORIENTED_EDGE('',*,*,#3780,.T.);
#2473=ORIENTED_EDGE('',*,*,#3932,.T.);
#2474=ORIENTED_EDGE('',*,*,#3781,.T.);
#2475=CARTESIAN_POINT('',(-0.635,0.569170962313449,0.0));
#2476=DIRECTION('',(-0.0,1.0,-0.0));
#2477=DIRECTION('',(1.0,0.0,0.0));
#2478=ORIENTED_EDGE('',*,*,#3776,.T.);
#2479=ORIENTED_EDGE('',*,*,#3932,.F.);
#2480=ORIENTED_EDGE('',*,*,#3778,.T.);
#2481=ORIENTED_EDGE('',*,*,#3930,.T.);
#2482=CARTESIAN_POINT('',(-0.635,1.01391560817565,0.0));
#2483=DIRECTION('',(-0.0,1.0,0.0));
#2484=DIRECTION('',(1.0,0.0,0.0));
#2485=ORIENTED_EDGE('',*,*,#3774,.T.);
#2486=ORIENTED_EDGE('',*,*,#3933,.F.);
#2487=ORIENTED_EDGE('',*,*,#3775,.T.);
#2488=ORIENTED_EDGE('',*,*,#3934,.T.);
#2489=CARTESIAN_POINT('',(-0.635,2.4058311108173,0.0));
#2490=DIRECTION('',(-0.0,1.0,-0.0));
#2491=DIRECTION('',(1.0,0.0,0.0));
#2492=ORIENTED_EDGE('',*,*,#3771,.T.);
#2493=ORIENTED_EDGE('',*,*,#3934,.F.);
#2494=ORIENTED_EDGE('',*,*,#3772,.T.);
#2495=ORIENTED_EDGE('',*,*,#3935,.T.);
#2496=CARTESIAN_POINT('',(-0.635,3.4175,0.0));
#2497=DIRECTION('',(-0.0,1.0,0.0));
#2498=DIRECTION('',(1.0,0.0,0.0));
#2499=ORIENTED_EDGE('',*,*,#3767,.T.);
#2500=ORIENTED_EDGE('',*,*,#3935,.F.);
#2501=ORIENTED_EDGE('',*,*,#3769,.T.);
#2502=ORIENTED_EDGE('',*,*,#3936,.T.);
#2503=CARTESIAN_POINT('',(-0.635,3.6675,0.0));
#2504=DIRECTION('',(-0.0,1.0,-0.0));
#2505=DIRECTION('',(1.0,0.0,0.0));
#2506=ORIENTED_EDGE('',*,*,#3766,.T.);
#2507=ORIENTED_EDGE('',*,*,#3937,.T.);
#2508=ORIENTED_EDGE('',*,*,#3768,.F.);
#2509=ORIENTED_EDGE('',*,*,#3936,.F.);
#2510=CARTESIAN_POINT('',(-0.27,3.7,0.0));
#2511=DIRECTION('',(-0.0,-1.0,-0.0));
#2512=DIRECTION('',(-1.0,0.0,0.0));
#2513=ORIENTED_EDGE('',*,*,#3764,.T.);
#2514=ORIENTED_EDGE('',*,*,#3937,.F.);
#2515=ORIENTED_EDGE('',*,*,#3765,.T.);
#2516=ORIENTED_EDGE('',*,*,#3938,.T.);
#2517=CARTESIAN_POINT('',(-0.635,3.74202004838136,0.0));
#2518=DIRECTION('',(-0.0,1.0,0.0));
#2519=DIRECTION('',(1.0,0.0,0.0));
#2520=ORIENTED_EDGE('',*,*,#3760,.T.);
#2521=ORIENTED_EDGE('',*,*,#3938,.F.);
#2522=ORIENTED_EDGE('',*,*,#3762,.T.);
#2523=ORIENTED_EDGE('',*,*,#3939,.F.);
#2524=CARTESIAN_POINT('',(-0.635,3.94202004838136,0.0));
#2525=DIRECTION('',(-0.0,1.0,-0.0));
#2526=DIRECTION('',(1.0,0.0,0.0));
#2527=ORIENTED_EDGE('',*,*,#3756,.T.);
#2528=ORIENTED_EDGE('',*,*,#3785,.F.);
#2529=ORIENTED_EDGE('',*,*,#3758,.T.);
#2530=ORIENTED_EDGE('',*,*,#3933,.T.);
#2531=CARTESIAN_POINT('',(-0.635,1.6058311108173,0.0));
#2532=DIRECTION('',(0.0,-1.0,-0.0));
#2533=DIRECTION('',(1.0,0.0,0.0));
#2534=ORIENTED_EDGE('',*,*,#3754,.T.);
#2535=ORIENTED_EDGE('',*,*,#3940,.F.);
#2536=ORIENTED_EDGE('',*,*,#3755,.T.);
#2537=ORIENTED_EDGE('',*,*,#3941,.T.);
#2538=CARTESIAN_POINT('',(-1.905,1.41391560817565,0.0));
#2539=DIRECTION('',(-0.0,1.0,-0.0));
#2540=DIRECTION('',(1.0,0.0,0.0));
#2541=ORIENTED_EDGE('',*,*,#3750,.T.);
#2542=ORIENTED_EDGE('',*,*,#3941,.F.);
#2543=ORIENTED_EDGE('',*,*,#3752,.T.);
#2544=ORIENTED_EDGE('',*,*,#3747,.T.);
#2545=CARTESIAN_POINT('',(-1.905,2.32307321722127,0.0));
#2546=DIRECTION('',(-0.0,1.0,0.0));
#2547=DIRECTION('',(1.0,0.0,0.0));
#2548=ORIENTED_EDGE('',*,*,#3746,.T.);
#2549=ORIENTED_EDGE('',*,*,#3723,.T.);
#2550=ORIENTED_EDGE('',*,*,#3748,.T.);
#2551=ORIENTED_EDGE('',*,*,#3751,.F.);
#2552=CARTESIAN_POINT('',(-1.905,2.39807321722127,0.0));
#2553=DIRECTION('',(-0.0,1.0,-0.0));
#2554=DIRECTION('',(1.0,0.0,0.0));
#2555=ORIENTED_EDGE('',*,*,#3744,.T.);
#2556=ORIENTED_EDGE('',*,*,#3942,.T.);
#2557=ORIENTED_EDGE('',*,*,#3745,.T.);
#2558=CARTESIAN_POINT('',(-1.905,0.569170962313449,0.0));
#2559=DIRECTION('',(-0.0,1.0,-0.0));
#2560=DIRECTION('',(1.0,0.0,0.0));
#2561=ORIENTED_EDGE('',*,*,#3740,.T.);
#2562=ORIENTED_EDGE('',*,*,#3942,.F.);
#2563=ORIENTED_EDGE('',*,*,#3742,.T.);
#2564=ORIENTED_EDGE('',*,*,#3940,.T.);
#2565=CARTESIAN_POINT('',(-1.905,1.01391560817565,0.0));
#2566=DIRECTION('',(-0.0,1.0,0.0));
#2567=DIRECTION('',(1.0,0.0,0.0));
#2568=ORIENTED_EDGE('',*,*,#3738,.T.);
#2569=ORIENTED_EDGE('',*,*,#3943,.F.);
#2570=ORIENTED_EDGE('',*,*,#3739,.T.);
#2571=ORIENTED_EDGE('',*,*,#3944,.T.);
#2572=CARTESIAN_POINT('',(-1.905,2.4058311108173,0.0));
#2573=DIRECTION('',(-0.0,1.0,-0.0));
#2574=DIRECTION('',(1.0,0.0,0.0));
#2575=ORIENTED_EDGE('',*,*,#3735,.T.);
#2576=ORIENTED_EDGE('',*,*,#3944,.F.);
#2577=ORIENTED_EDGE('',*,*,#3736,.T.);
#2578=ORIENTED_EDGE('',*,*,#3945,.T.);
#2579=CARTESIAN_POINT('',(-1.905,3.4175,0.0));
#2580=DIRECTION('',(-0.0,1.0,0.0));
#2581=DIRECTION('',(1.0,0.0,0.0));
#2582=ORIENTED_EDGE('',*,*,#3731,.T.);
#2583=ORIENTED_EDGE('',*,*,#3945,.F.);
#2584=ORIENTED_EDGE('',*,*,#3733,.T.);
#2585=ORIENTED_EDGE('',*,*,#3946,.T.);
#2586=CARTESIAN_POINT('',(-1.905,3.6675,0.0));
#2587=DIRECTION('',(-0.0,1.0,-0.0));
#2588=DIRECTION('',(1.0,0.0,0.0));
#2589=ORIENTED_EDGE('',*,*,#3730,.T.);
#2590=ORIENTED_EDGE('',*,*,#3947,.T.);
#2591=ORIENTED_EDGE('',*,*,#3732,.F.);
#2592=ORIENTED_EDGE('',*,*,#3946,.F.);
#2593=CARTESIAN_POINT('',(-1.54,3.7,0.0));
#2594=DIRECTION('',(-0.0,-1.0,-0.0));
#2595=DIRECTION('',(-1.0,0.0,0.0));
#2596=ORIENTED_EDGE('',*,*,#3728,.T.);
#2597=ORIENTED_EDGE('',*,*,#3947,.F.);
#2598=ORIENTED_EDGE('',*,*,#3729,.T.);
#2599=ORIENTED_EDGE('',*,*,#3948,.T.);
#2600=CARTESIAN_POINT('',(-1.905,3.74202004838136,0.0));
#2601=DIRECTION('',(-0.0,1.0,0.0));
#2602=DIRECTION('',(1.0,0.0,0.0));
#2603=ORIENTED_EDGE('',*,*,#3724,.T.);
#2604=ORIENTED_EDGE('',*,*,#3948,.F.);
#2605=ORIENTED_EDGE('',*,*,#3726,.T.);
#2606=ORIENTED_EDGE('',*,*,#3949,.F.);
#2607=CARTESIAN_POINT('',(-1.905,3.94202004838136,0.0));
#2608=DIRECTION('',(-0.0,1.0,-0.0));
#2609=DIRECTION('',(1.0,0.0,0.0));
#2610=ORIENTED_EDGE('',*,*,#3720,.T.);
#2611=ORIENTED_EDGE('',*,*,#3749,.F.);
#2612=ORIENTED_EDGE('',*,*,#3722,.T.);
#2613=ORIENTED_EDGE('',*,*,#3943,.T.);
#2614=CARTESIAN_POINT('',(-1.905,1.6058311108173,0.0));
#2615=DIRECTION('',(0.0,-1.0,-0.0));
#2616=DIRECTION('',(1.0,0.0,0.0));
#2617=ORIENTED_EDGE('',*,*,#3718,.T.);
#2618=ORIENTED_EDGE('',*,*,#3950,.F.);
#2619=ORIENTED_EDGE('',*,*,#3719,.T.);
#2620=ORIENTED_EDGE('',*,*,#3951,.T.);
#2621=CARTESIAN_POINT('',(-3.175,1.41391560817565,0.0));
#2622=DIRECTION('',(-0.0,1.0,-0.0));
#2623=DIRECTION('',(1.0,0.0,0.0));
#2624=ORIENTED_EDGE('',*,*,#3714,.T.);
#2625=ORIENTED_EDGE('',*,*,#3951,.F.);
#2626=ORIENTED_EDGE('',*,*,#3716,.T.);
#2627=ORIENTED_EDGE('',*,*,#3711,.T.);
#2628=CARTESIAN_POINT('',(-3.175,2.32307321722127,0.0));
#2629=DIRECTION('',(-0.0,1.0,0.0));
#2630=DIRECTION('',(1.0,0.0,0.0));
#2631=ORIENTED_EDGE('',*,*,#3710,.T.);
#2632=ORIENTED_EDGE('',*,*,#3687,.T.);
#2633=ORIENTED_EDGE('',*,*,#3712,.T.);
#2634=ORIENTED_EDGE('',*,*,#3715,.F.);
#2635=CARTESIAN_POINT('',(-3.175,2.39807321722127,0.0));
#2636=DIRECTION('',(-0.0,1.0,-0.0));
#2637=DIRECTION('',(1.0,0.0,0.0));
#2638=ORIENTED_EDGE('',*,*,#3708,.T.);
#2639=ORIENTED_EDGE('',*,*,#3952,.T.);
#2640=ORIENTED_EDGE('',*,*,#3709,.T.);
#2641=CARTESIAN_POINT('',(-3.175,0.569170962313449,0.0));
#2642=DIRECTION('',(-0.0,1.0,-0.0));
#2643=DIRECTION('',(1.0,0.0,0.0));
#2644=ORIENTED_EDGE('',*,*,#3704,.T.);
#2645=ORIENTED_EDGE('',*,*,#3952,.F.);
#2646=ORIENTED_EDGE('',*,*,#3706,.T.);
#2647=ORIENTED_EDGE('',*,*,#3950,.T.);
#2648=CARTESIAN_POINT('',(-3.175,1.01391560817565,0.0));
#2649=DIRECTION('',(-0.0,1.0,0.0));
#2650=DIRECTION('',(1.0,0.0,0.0));
#2651=ORIENTED_EDGE('',*,*,#3702,.T.);
#2652=ORIENTED_EDGE('',*,*,#3953,.F.);
#2653=ORIENTED_EDGE('',*,*,#3703,.T.);
#2654=ORIENTED_EDGE('',*,*,#3954,.T.);
#2655=CARTESIAN_POINT('',(-3.175,2.4058311108173,0.0));
#2656=DIRECTION('',(-0.0,1.0,-0.0));
#2657=DIRECTION('',(1.0,0.0,0.0));
#2658=ORIENTED_EDGE('',*,*,#3699,.T.);
#2659=ORIENTED_EDGE('',*,*,#3954,.F.);
#2660=ORIENTED_EDGE('',*,*,#3700,.T.);
#2661=ORIENTED_EDGE('',*,*,#3955,.T.);
#2662=CARTESIAN_POINT('',(-3.175,3.4175,0.0));
#2663=DIRECTION('',(-0.0,1.0,0.0));
#2664=DIRECTION('',(1.0,0.0,0.0));
#2665=ORIENTED_EDGE('',*,*,#3695,.T.);
#2666=ORIENTED_EDGE('',*,*,#3955,.F.);
#2667=ORIENTED_EDGE('',*,*,#3697,.T.);
#2668=ORIENTED_EDGE('',*,*,#3956,.T.);
#2669=CARTESIAN_POINT('',(-3.175,3.6675,0.0));
#2670=DIRECTION('',(-0.0,1.0,-0.0));
#2671=DIRECTION('',(1.0,0.0,0.0));
#2672=ORIENTED_EDGE('',*,*,#3694,.T.);
#2673=ORIENTED_EDGE('',*,*,#3957,.T.);
#2674=ORIENTED_EDGE('',*,*,#3696,.F.);
#2675=ORIENTED_EDGE('',*,*,#3956,.F.);
#2676=CARTESIAN_POINT('',(-2.81,3.7,0.0));
#2677=DIRECTION('',(-0.0,-1.0,-0.0));
#2678=DIRECTION('',(-1.0,0.0,0.0));
#2679=ORIENTED_EDGE('',*,*,#3692,.T.);
#2680=ORIENTED_EDGE('',*,*,#3957,.F.);
#2681=ORIENTED_EDGE('',*,*,#3693,.T.);
#2682=ORIENTED_EDGE('',*,*,#3958,.T.);
#2683=CARTESIAN_POINT('',(-3.175,3.74202004838136,0.0));
#2684=DIRECTION('',(-0.0,1.0,0.0));
#2685=DIRECTION('',(1.0,0.0,0.0));
#2686=ORIENTED_EDGE('',*,*,#3688,.T.);
#2687=ORIENTED_EDGE('',*,*,#3958,.F.);
#2688=ORIENTED_EDGE('',*,*,#3690,.T.);
#2689=ORIENTED_EDGE('',*,*,#3959,.F.);
#2690=CARTESIAN_POINT('',(-3.175,3.94202004838136,0.0));
#2691=DIRECTION('',(-0.0,1.0,-0.0));
#2692=DIRECTION('',(1.0,0.0,0.0));
#2693=ORIENTED_EDGE('',*,*,#3684,.T.);
#2694=ORIENTED_EDGE('',*,*,#3713,.F.);
#2695=ORIENTED_EDGE('',*,*,#3686,.T.);
#2696=ORIENTED_EDGE('',*,*,#3953,.T.);
#2697=CARTESIAN_POINT('',(-3.175,1.6058311108173,0.0));
#2698=DIRECTION('',(0.0,-1.0,-0.0));
#2699=DIRECTION('',(1.0,0.0,0.0));
#2700=ORIENTED_EDGE('',*,*,#3680,.T.);
#2701=ORIENTED_EDGE('',*,*,#3960,.F.);
#2702=ORIENTED_EDGE('',*,*,#3682,.T.);
#2703=ORIENTED_EDGE('',*,*,#3961,.T.);
#2704=ORIENTED_EDGE('',*,*,#3669,.T.);
#2705=CARTESIAN_POINT('',(3.175,0.21214466094067,0.0));
#2706=DIRECTION('',(0.0,1.0,-0.0));
#2707=DIRECTION('',(-1.0,0.0,0.0));
#2708=ORIENTED_EDGE('',*,*,#3678,.T.);
#2709=ORIENTED_EDGE('',*,*,#3679,.T.);
#2710=ORIENTED_EDGE('',*,*,#3962,.T.);
#2711=CARTESIAN_POINT('',(3.175,-1.2,3.88));
#2712=DIRECTION('',(0.0,0.0,1.0));
#2713=DIRECTION('',(1.0,0.0,0.0));
#2714=ORIENTED_EDGE('',*,*,#3674,.T.);
#2715=ORIENTED_EDGE('',*,*,#3962,.F.);
#2716=ORIENTED_EDGE('',*,*,#3676,.T.);
#2717=ORIENTED_EDGE('',*,*,#3559,.F.);
#2718=ORIENTED_EDGE('',*,*,#3963,.F.);
#2719=CARTESIAN_POINT('',(3.175,-1.2,2.27));
#2720=DIRECTION('',(0.0,0.0,1.0));
#2721=DIRECTION('',(1.0,0.0,0.0));
#2722=ORIENTED_EDGE('',*,*,#3558,.T.);
#2723=ORIENTED_EDGE('',*,*,#3964,.F.);
#2724=ORIENTED_EDGE('',*,*,#3671,.F.);
#2725=ORIENTED_EDGE('',*,*,#3561,.T.);
#2726=ORIENTED_EDGE('',*,*,#3675,.T.);
#2727=ORIENTED_EDGE('',*,*,#3963,.T.);
#2728=CARTESIAN_POINT('',(3.175,-0.54,0.66));
#2729=DIRECTION('',(1.0,6.12303176911189E-17,3.74915180455534E-33));
#2730=DIRECTION('',(6.12303176911189E-17,-1.0,-6.12303176911189E-17));
#2731=ORIENTED_EDGE('',*,*,#3670,.T.);
#2732=ORIENTED_EDGE('',*,*,#3665,.F.);
#2733=ORIENTED_EDGE('',*,*,#3965,.F.);
#2734=ORIENTED_EDGE('',*,*,#3672,.T.);
#2735=ORIENTED_EDGE('',*,*,#3964,.T.);
#2736=ORIENTED_EDGE('',*,*,#3563,.T.);
#2737=CARTESIAN_POINT('',(3.175,-0.240710678118655,0.0));
#2738=DIRECTION('',(0.0,1.0,0.0));
#2739=DIRECTION('',(-1.0,0.0,0.0));
#2740=ORIENTED_EDGE('',*,*,#3664,.T.);
#2741=ORIENTED_EDGE('',*,*,#3961,.F.);
#2742=ORIENTED_EDGE('',*,*,#3681,.F.);
#2743=ORIENTED_EDGE('',*,*,#3667,.T.);
#2744=ORIENTED_EDGE('',*,*,#3673,.T.);
#2745=ORIENTED_EDGE('',*,*,#3965,.T.);
#2746=CARTESIAN_POINT('',(3.175,0.0585786437626981,0.0));
#2747=DIRECTION('',(0.0,1.0,0.0));
#2748=DIRECTION('',(0.0,0.0,1.0));
#2749=ORIENTED_EDGE('',*,*,#3660,.T.);
#2750=ORIENTED_EDGE('',*,*,#3966,.F.);
#2751=ORIENTED_EDGE('',*,*,#3662,.T.);
#2752=ORIENTED_EDGE('',*,*,#3967,.T.);
#2753=ORIENTED_EDGE('',*,*,#3649,.T.);
#2754=CARTESIAN_POINT('',(1.905,0.21214466094067,0.0));
#2755=DIRECTION('',(0.0,1.0,-0.0));
#2756=DIRECTION('',(-1.0,0.0,0.0));
#2757=ORIENTED_EDGE('',*,*,#3658,.T.);
#2758=ORIENTED_EDGE('',*,*,#3659,.T.);
#2759=ORIENTED_EDGE('',*,*,#3968,.T.);
#2760=CARTESIAN_POINT('',(1.905,-1.2,3.88));
#2761=DIRECTION('',(0.0,0.0,1.0));
#2762=DIRECTION('',(1.0,0.0,0.0));
#2763=ORIENTED_EDGE('',*,*,#3654,.T.);
#2764=ORIENTED_EDGE('',*,*,#3968,.F.);
#2765=ORIENTED_EDGE('',*,*,#3656,.T.);
#2766=ORIENTED_EDGE('',*,*,#3553,.F.);
#2767=ORIENTED_EDGE('',*,*,#3969,.F.);
#2768=CARTESIAN_POINT('',(1.905,-1.2,2.27));
#2769=DIRECTION('',(0.0,0.0,1.0));
#2770=DIRECTION('',(1.0,0.0,0.0));
#2771=ORIENTED_EDGE('',*,*,#3552,.T.);
#2772=ORIENTED_EDGE('',*,*,#3970,.F.);
#2773=ORIENTED_EDGE('',*,*,#3651,.F.);
#2774=ORIENTED_EDGE('',*,*,#3555,.T.);
#2775=ORIENTED_EDGE('',*,*,#3655,.T.);
#2776=ORIENTED_EDGE('',*,*,#3969,.T.);
#2777=CARTESIAN_POINT('',(1.905,-0.54,0.66));
#2778=DIRECTION('',(1.0,6.12303176911189E-17,3.74915180455534E-33));
#2779=DIRECTION('',(6.12303176911189E-17,-1.0,-6.12303176911189E-17));
#2780=ORIENTED_EDGE('',*,*,#3650,.T.);
#2781=ORIENTED_EDGE('',*,*,#3645,.F.);
#2782=ORIENTED_EDGE('',*,*,#3971,.F.);
#2783=ORIENTED_EDGE('',*,*,#3652,.T.);
#2784=ORIENTED_EDGE('',*,*,#3970,.T.);
#2785=ORIENTED_EDGE('',*,*,#3557,.T.);
#2786=CARTESIAN_POINT('',(1.905,-0.240710678118655,0.0));
#2787=DIRECTION('',(0.0,1.0,0.0));
#2788=DIRECTION('',(-1.0,0.0,0.0));
#2789=ORIENTED_EDGE('',*,*,#3644,.T.);
#2790=ORIENTED_EDGE('',*,*,#3967,.F.);
#2791=ORIENTED_EDGE('',*,*,#3661,.F.);
#2792=ORIENTED_EDGE('',*,*,#3647,.T.);
#2793=ORIENTED_EDGE('',*,*,#3653,.T.);
#2794=ORIENTED_EDGE('',*,*,#3971,.T.);
#2795=CARTESIAN_POINT('',(1.905,0.0585786437626981,0.0));
#2796=DIRECTION('',(0.0,1.0,0.0));
#2797=DIRECTION('',(0.0,0.0,1.0));
#2798=ORIENTED_EDGE('',*,*,#3640,.T.);
#2799=ORIENTED_EDGE('',*,*,#3972,.F.);
#2800=ORIENTED_EDGE('',*,*,#3642,.T.);
#2801=ORIENTED_EDGE('',*,*,#3973,.T.);
#2802=ORIENTED_EDGE('',*,*,#3629,.T.);
#2803=CARTESIAN_POINT('',(0.635,0.21214466094067,0.0));
#2804=DIRECTION('',(0.0,1.0,-0.0));
#2805=DIRECTION('',(-1.0,0.0,0.0));
#2806=ORIENTED_EDGE('',*,*,#3638,.T.);
#2807=ORIENTED_EDGE('',*,*,#3639,.T.);
#2808=ORIENTED_EDGE('',*,*,#3974,.T.);
#2809=CARTESIAN_POINT('',(0.635,-1.2,3.88));
#2810=DIRECTION('',(0.0,0.0,1.0));
#2811=DIRECTION('',(1.0,0.0,0.0));
#2812=ORIENTED_EDGE('',*,*,#3634,.T.);
#2813=ORIENTED_EDGE('',*,*,#3974,.F.);
#2814=ORIENTED_EDGE('',*,*,#3636,.T.);
#2815=ORIENTED_EDGE('',*,*,#3547,.F.);
#2816=ORIENTED_EDGE('',*,*,#3975,.F.);
#2817=CARTESIAN_POINT('',(0.635,-1.2,2.27));
#2818=DIRECTION('',(0.0,0.0,1.0));
#2819=DIRECTION('',(1.0,0.0,0.0));
#2820=ORIENTED_EDGE('',*,*,#3546,.T.);
#2821=ORIENTED_EDGE('',*,*,#3976,.F.);
#2822=ORIENTED_EDGE('',*,*,#3631,.F.);
#2823=ORIENTED_EDGE('',*,*,#3549,.T.);
#2824=ORIENTED_EDGE('',*,*,#3635,.T.);
#2825=ORIENTED_EDGE('',*,*,#3975,.T.);
#2826=CARTESIAN_POINT('',(0.635,-0.54,0.66));
#2827=DIRECTION('',(1.0,6.12303176911189E-17,3.74915180455534E-33));
#2828=DIRECTION('',(6.12303176911189E-17,-1.0,-6.12303176911189E-17));
#2829=ORIENTED_EDGE('',*,*,#3630,.T.);
#2830=ORIENTED_EDGE('',*,*,#3625,.F.);
#2831=ORIENTED_EDGE('',*,*,#3977,.F.);
#2832=ORIENTED_EDGE('',*,*,#3632,.T.);
#2833=ORIENTED_EDGE('',*,*,#3976,.T.);
#2834=ORIENTED_EDGE('',*,*,#3551,.T.);
#2835=CARTESIAN_POINT('',(0.635,-0.240710678118655,0.0));
#2836=DIRECTION('',(0.0,1.0,0.0));
#2837=DIRECTION('',(-1.0,0.0,0.0));
#2838=ORIENTED_EDGE('',*,*,#3624,.T.);
#2839=ORIENTED_EDGE('',*,*,#3973,.F.);
#2840=ORIENTED_EDGE('',*,*,#3641,.F.);
#2841=ORIENTED_EDGE('',*,*,#3627,.T.);
#2842=ORIENTED_EDGE('',*,*,#3633,.T.);
#2843=ORIENTED_EDGE('',*,*,#3977,.T.);
#2844=CARTESIAN_POINT('',(0.635,0.0585786437626981,0.0));
#2845=DIRECTION('',(0.0,1.0,0.0));
#2846=DIRECTION('',(0.0,0.0,1.0));
#2847=ORIENTED_EDGE('',*,*,#3620,.T.);
#2848=ORIENTED_EDGE('',*,*,#3978,.F.);
#2849=ORIENTED_EDGE('',*,*,#3622,.T.);
#2850=ORIENTED_EDGE('',*,*,#3979,.T.);
#2851=ORIENTED_EDGE('',*,*,#3609,.T.);
#2852=CARTESIAN_POINT('',(-0.635,0.21214466094067,0.0));
#2853=DIRECTION('',(0.0,1.0,-0.0));
#2854=DIRECTION('',(-1.0,0.0,0.0));
#2855=ORIENTED_EDGE('',*,*,#3618,.T.);
#2856=ORIENTED_EDGE('',*,*,#3619,.T.);
#2857=ORIENTED_EDGE('',*,*,#3980,.T.);
#2858=CARTESIAN_POINT('',(-0.635,-1.2,3.88));
#2859=DIRECTION('',(0.0,0.0,1.0));
#2860=DIRECTION('',(1.0,0.0,0.0));
#2861=ORIENTED_EDGE('',*,*,#3614,.T.);
#2862=ORIENTED_EDGE('',*,*,#3980,.F.);
#2863=ORIENTED_EDGE('',*,*,#3616,.T.);
#2864=ORIENTED_EDGE('',*,*,#3541,.F.);
#2865=ORIENTED_EDGE('',*,*,#3981,.F.);
#2866=CARTESIAN_POINT('',(-0.635,-1.2,2.27));
#2867=DIRECTION('',(0.0,0.0,1.0));
#2868=DIRECTION('',(1.0,0.0,0.0));
#2869=ORIENTED_EDGE('',*,*,#3540,.T.);
#2870=ORIENTED_EDGE('',*,*,#3982,.F.);
#2871=ORIENTED_EDGE('',*,*,#3611,.F.);
#2872=ORIENTED_EDGE('',*,*,#3543,.T.);
#2873=ORIENTED_EDGE('',*,*,#3615,.T.);
#2874=ORIENTED_EDGE('',*,*,#3981,.T.);
#2875=CARTESIAN_POINT('',(-0.635,-0.54,0.66));
#2876=DIRECTION('',(1.0,6.12303176911189E-17,3.74915180455534E-33));
#2877=DIRECTION('',(6.12303176911189E-17,-1.0,-6.12303176911189E-17));
#2878=ORIENTED_EDGE('',*,*,#3610,.T.);
#2879=ORIENTED_EDGE('',*,*,#3605,.F.);
#2880=ORIENTED_EDGE('',*,*,#3983,.F.);
#2881=ORIENTED_EDGE('',*,*,#3612,.T.);
#2882=ORIENTED_EDGE('',*,*,#3982,.T.);
#2883=ORIENTED_EDGE('',*,*,#3545,.T.);
#2884=CARTESIAN_POINT('',(-0.635,-0.240710678118655,0.0));
#2885=DIRECTION('',(0.0,1.0,0.0));
#2886=DIRECTION('',(-1.0,0.0,0.0));
#2887=ORIENTED_EDGE('',*,*,#3604,.T.);
#2888=ORIENTED_EDGE('',*,*,#3979,.F.);
#2889=ORIENTED_EDGE('',*,*,#3621,.F.);
#2890=ORIENTED_EDGE('',*,*,#3607,.T.);
#2891=ORIENTED_EDGE('',*,*,#3613,.T.);
#2892=ORIENTED_EDGE('',*,*,#3983,.T.);
#2893=CARTESIAN_POINT('',(-0.635,0.0585786437626981,0.0));
#2894=DIRECTION('',(0.0,1.0,0.0));
#2895=DIRECTION('',(0.0,0.0,1.0));
#2896=ORIENTED_EDGE('',*,*,#3600,.T.);
#2897=ORIENTED_EDGE('',*,*,#3984,.F.);
#2898=ORIENTED_EDGE('',*,*,#3602,.T.);
#2899=ORIENTED_EDGE('',*,*,#3985,.T.);
#2900=ORIENTED_EDGE('',*,*,#3589,.T.);
#2901=CARTESIAN_POINT('',(-1.905,0.21214466094067,0.0));
#2902=DIRECTION('',(0.0,1.0,-0.0));
#2903=DIRECTION('',(-1.0,0.0,0.0));
#2904=ORIENTED_EDGE('',*,*,#3598,.T.);
#2905=ORIENTED_EDGE('',*,*,#3599,.T.);
#2906=ORIENTED_EDGE('',*,*,#3986,.T.);
#2907=CARTESIAN_POINT('',(-1.905,-1.2,3.88));
#2908=DIRECTION('',(0.0,0.0,1.0));
#2909=DIRECTION('',(1.0,0.0,0.0));
#2910=ORIENTED_EDGE('',*,*,#3594,.T.);
#2911=ORIENTED_EDGE('',*,*,#3986,.F.);
#2912=ORIENTED_EDGE('',*,*,#3596,.T.);
#2913=ORIENTED_EDGE('',*,*,#3535,.F.);
#2914=ORIENTED_EDGE('',*,*,#3987,.F.);
#2915=CARTESIAN_POINT('',(-1.905,-1.2,2.27));
#2916=DIRECTION('',(0.0,0.0,1.0));
#2917=DIRECTION('',(1.0,0.0,0.0));
#2918=ORIENTED_EDGE('',*,*,#3534,.T.);
#2919=ORIENTED_EDGE('',*,*,#3988,.F.);
#2920=ORIENTED_EDGE('',*,*,#3591,.F.);
#2921=ORIENTED_EDGE('',*,*,#3537,.T.);
#2922=ORIENTED_EDGE('',*,*,#3595,.T.);
#2923=ORIENTED_EDGE('',*,*,#3987,.T.);
#2924=CARTESIAN_POINT('',(-1.905,-0.54,0.66));
#2925=DIRECTION('',(1.0,6.12303176911189E-17,3.74915180455534E-33));
#2926=DIRECTION('',(6.12303176911189E-17,-1.0,-6.12303176911189E-17));
#2927=ORIENTED_EDGE('',*,*,#3590,.T.);
#2928=ORIENTED_EDGE('',*,*,#3585,.F.);
#2929=ORIENTED_EDGE('',*,*,#3989,.F.);
#2930=ORIENTED_EDGE('',*,*,#3592,.T.);
#2931=ORIENTED_EDGE('',*,*,#3988,.T.);
#2932=ORIENTED_EDGE('',*,*,#3539,.T.);
#2933=CARTESIAN_POINT('',(-1.905,-0.240710678118655,0.0));
#2934=DIRECTION('',(0.0,1.0,0.0));
#2935=DIRECTION('',(-1.0,0.0,0.0));
#2936=ORIENTED_EDGE('',*,*,#3584,.T.);
#2937=ORIENTED_EDGE('',*,*,#3985,.F.);
#2938=ORIENTED_EDGE('',*,*,#3601,.F.);
#2939=ORIENTED_EDGE('',*,*,#3587,.T.);
#2940=ORIENTED_EDGE('',*,*,#3593,.T.);
#2941=ORIENTED_EDGE('',*,*,#3989,.T.);
#2942=CARTESIAN_POINT('',(-1.905,0.0585786437626981,0.0));
#2943=DIRECTION('',(0.0,1.0,0.0));
#2944=DIRECTION('',(0.0,0.0,1.0));
#2945=ORIENTED_EDGE('',*,*,#3580,.T.);
#2946=ORIENTED_EDGE('',*,*,#3990,.F.);
#2947=ORIENTED_EDGE('',*,*,#3582,.T.);
#2948=ORIENTED_EDGE('',*,*,#3991,.T.);
#2949=ORIENTED_EDGE('',*,*,#3569,.T.);
#2950=CARTESIAN_POINT('',(-3.175,0.21214466094067,0.0));
#2951=DIRECTION('',(0.0,1.0,-0.0));
#2952=DIRECTION('',(-1.0,0.0,0.0));
#2953=ORIENTED_EDGE('',*,*,#3578,.T.);
#2954=ORIENTED_EDGE('',*,*,#3579,.T.);
#2955=ORIENTED_EDGE('',*,*,#3992,.T.);
#2956=CARTESIAN_POINT('',(-3.175,-1.2,3.88));
#2957=DIRECTION('',(0.0,0.0,1.0));
#2958=DIRECTION('',(1.0,0.0,0.0));
#2959=ORIENTED_EDGE('',*,*,#3574,.T.);
#2960=ORIENTED_EDGE('',*,*,#3992,.F.);
#2961=ORIENTED_EDGE('',*,*,#3576,.T.);
#2962=ORIENTED_EDGE('',*,*,#3529,.F.);
#2963=ORIENTED_EDGE('',*,*,#3993,.F.);
#2964=CARTESIAN_POINT('',(-3.175,-1.2,2.27));
#2965=DIRECTION('',(0.0,0.0,1.0));
#2966=DIRECTION('',(1.0,0.0,0.0));
#2967=ORIENTED_EDGE('',*,*,#3528,.T.);
#2968=ORIENTED_EDGE('',*,*,#3994,.F.);
#2969=ORIENTED_EDGE('',*,*,#3571,.F.);
#2970=ORIENTED_EDGE('',*,*,#3531,.T.);
#2971=ORIENTED_EDGE('',*,*,#3575,.T.);
#2972=ORIENTED_EDGE('',*,*,#3993,.T.);
#2973=CARTESIAN_POINT('',(-3.175,-0.54,0.66));
#2974=DIRECTION('',(1.0,6.12303176911189E-17,3.74915180455534E-33));
#2975=DIRECTION('',(6.12303176911189E-17,-1.0,-6.12303176911189E-17));
#2976=ORIENTED_EDGE('',*,*,#3570,.T.);
#2977=ORIENTED_EDGE('',*,*,#3565,.F.);
#2978=ORIENTED_EDGE('',*,*,#3995,.F.);
#2979=ORIENTED_EDGE('',*,*,#3572,.T.);
#2980=ORIENTED_EDGE('',*,*,#3994,.T.);
#2981=ORIENTED_EDGE('',*,*,#3533,.T.);
#2982=CARTESIAN_POINT('',(-3.175,-0.240710678118655,0.0));
#2983=DIRECTION('',(0.0,1.0,0.0));
#2984=DIRECTION('',(-1.0,0.0,0.0));
#2985=ORIENTED_EDGE('',*,*,#3564,.T.);
#2986=ORIENTED_EDGE('',*,*,#3991,.F.);
#2987=ORIENTED_EDGE('',*,*,#3581,.F.);
#2988=ORIENTED_EDGE('',*,*,#3567,.T.);
#2989=ORIENTED_EDGE('',*,*,#3573,.T.);
#2990=ORIENTED_EDGE('',*,*,#3995,.T.);
#2991=CARTESIAN_POINT('',(-3.175,0.0585786437626981,0.0));
#2992=DIRECTION('',(0.0,1.0,0.0));
#2993=DIRECTION('',(0.0,0.0,1.0));
#2994=ORIENTED_EDGE('',*,*,#3996,.F.);
#2995=ORIENTED_EDGE('',*,*,#3997,.F.);
#2996=ORIENTED_EDGE('',*,*,#3998,.F.);
#2997=ORIENTED_EDGE('',*,*,#3999,.F.);
#2998=CARTESIAN_POINT('',(3.47360297657338,0.0999999999999943,-1.5));
#2999=DIRECTION('',(0.939692620785871,0.34202014332577,0.0));
#3000=DIRECTION('',(-0.34202014332577,0.939692620785871,0.0));
#3001=ORIENTED_EDGE('',*,*,#4000,.F.);
#3002=ORIENTED_EDGE('',*,*,#4001,.F.);
#3003=ORIENTED_EDGE('',*,*,#4002,.F.);
#3004=ORIENTED_EDGE('',*,*,#4003,.F.);
#3005=CARTESIAN_POINT('',(3.47360297657338,0.0999999999999943,-1.5));
#3006=DIRECTION('',(0.939692620785871,0.34202014332577,0.0));
#3007=DIRECTION('',(-0.34202014332577,0.939692620785871,0.0));
#3008=ORIENTED_EDGE('',*,*,#4004,.F.);
#3009=ORIENTED_EDGE('',*,*,#4005,.F.);
#3010=ORIENTED_EDGE('',*,*,#4006,.F.);
#3011=ORIENTED_EDGE('',*,*,#4007,.T.);
#3012=CARTESIAN_POINT('',(2.87639702342662,0.0999999999999943,-1.5));
#3013=DIRECTION('',(-0.939692620785871,0.34202014332577,0.0));
#3014=DIRECTION('',(-0.34202014332577,-0.939692620785871,-0.0));
#3015=ORIENTED_EDGE('',*,*,#4008,.F.);
#3016=ORIENTED_EDGE('',*,*,#4009,.F.);
#3017=ORIENTED_EDGE('',*,*,#4010,.F.);
#3018=ORIENTED_EDGE('',*,*,#4011,.T.);
#3019=CARTESIAN_POINT('',(2.87639702342662,0.0999999999999943,-1.5));
#3020=DIRECTION('',(-0.939692620785871,0.34202014332577,0.0));
#3021=DIRECTION('',(-0.34202014332577,-0.939692620785871,-0.0));
#3022=ORIENTED_EDGE('',*,*,#4009,.T.);
#3023=ORIENTED_EDGE('',*,*,#4012,.F.);
#3024=ORIENTED_EDGE('',*,*,#4013,.T.);
#3025=ORIENTED_EDGE('',*,*,#4014,.T.);
#3026=CARTESIAN_POINT('',(0.0,0.0,0.0));
#3027=DIRECTION('',(0.0,1.0,0.0));
#3028=DIRECTION('',(0.0,0.0,1.0));
#3029=ORIENTED_EDGE('',*,*,#4003,.T.);
#3030=ORIENTED_EDGE('',*,*,#4015,.T.);
#3031=ORIENTED_EDGE('',*,*,#4016,.F.);
#3032=ORIENTED_EDGE('',*,*,#4017,.F.);
#3033=CARTESIAN_POINT('',(0.0,0.0,0.0));
#3034=DIRECTION('',(0.0,1.0,0.0));
#3035=DIRECTION('',(0.0,0.0,1.0));
#3036=ORIENTED_EDGE('',*,*,#4010,.T.);
#3037=ORIENTED_EDGE('',*,*,#4014,.F.);
#3038=ORIENTED_EDGE('',*,*,#4018,.T.);
#3039=ORIENTED_EDGE('',*,*,#4019,.T.);
#3040=CARTESIAN_POINT('',(-4.4165,0.0999999999999943,0.657735026918957));
#3041=DIRECTION('',(-5.30270106023E-17,0.500000000000019,0.866025403784427));
#3042=DIRECTION('',(-3.06151588455606E-17,-0.866025403784428,0.500000000000019));
#3043=ORIENTED_EDGE('',*,*,#4002,.T.);
#3044=ORIENTED_EDGE('',*,*,#4020,.T.);
#3045=ORIENTED_EDGE('',*,*,#4021,.F.);
#3046=ORIENTED_EDGE('',*,*,#4015,.F.);
#3047=CARTESIAN_POINT('',(-4.4165,0.0999999999999943,0.657735026918957));
#3048=DIRECTION('',(-5.30270106023E-17,0.500000000000019,0.866025403784427));
#3049=DIRECTION('',(-3.06151588455606E-17,-0.866025403784428,0.500000000000019));
#3050=ORIENTED_EDGE('',*,*,#3998,.T.);
#3051=ORIENTED_EDGE('',*,*,#4022,.T.);
#3052=ORIENTED_EDGE('',*,*,#4006,.T.);
#3053=ORIENTED_EDGE('',*,*,#4023,.T.);
#3054=ORIENTED_EDGE('',*,*,#4024,.T.);
#3055=ORIENTED_EDGE('',*,*,#4025,.T.);
#3056=ORIENTED_EDGE('',*,*,#4026,.T.);
#3057=ORIENTED_EDGE('',*,*,#4027,.T.);
#3058=ORIENTED_EDGE('',*,*,#4028,.T.);
#3059=ORIENTED_EDGE('',*,*,#4029,.T.);
#3060=ORIENTED_EDGE('',*,*,#4030,.T.);
#3061=ORIENTED_EDGE('',*,*,#4031,.T.);
#3062=ORIENTED_EDGE('',*,*,#4032,.T.);
#3063=ORIENTED_EDGE('',*,*,#4033,.T.);
#3064=ORIENTED_EDGE('',*,*,#4034,.T.);
#3065=ORIENTED_EDGE('',*,*,#4035,.T.);
#3066=ORIENTED_EDGE('',*,*,#4036,.T.);
#3067=ORIENTED_EDGE('',*,*,#4037,.T.);
#3068=ORIENTED_EDGE('',*,*,#4038,.T.);
#3069=ORIENTED_EDGE('',*,*,#4039,.T.);
#3070=ORIENTED_EDGE('',*,*,#4040,.T.);
#3071=ORIENTED_EDGE('',*,*,#4041,.T.);
#3072=ORIENTED_EDGE('',*,*,#4042,.T.);
#3073=ORIENTED_EDGE('',*,*,#4043,.T.);
#3074=ORIENTED_EDGE('',*,*,#4044,.T.);
#3075=ORIENTED_EDGE('',*,*,#4045,.T.);
#3076=ORIENTED_EDGE('',*,*,#4046,.T.);
#3077=ORIENTED_EDGE('',*,*,#4047,.T.);
#3078=CARTESIAN_POINT('',(0.0,2.05,-1.1));
#3079=DIRECTION('',(0.0,0.0,1.0));
#3080=DIRECTION('',(1.0,0.0,0.0));
#3081=ORIENTED_EDGE('',*,*,#3960,.T.);
#3082=ORIENTED_EDGE('',*,*,#3683,.T.);
#3083=ORIENTED_EDGE('',*,*,#3966,.T.);
#3084=ORIENTED_EDGE('',*,*,#3663,.T.);
#3085=ORIENTED_EDGE('',*,*,#3972,.T.);
#3086=ORIENTED_EDGE('',*,*,#3643,.T.);
#3087=ORIENTED_EDGE('',*,*,#3978,.T.);
#3088=ORIENTED_EDGE('',*,*,#3623,.T.);
#3089=ORIENTED_EDGE('',*,*,#3984,.T.);
#3090=ORIENTED_EDGE('',*,*,#3603,.T.);
#3091=ORIENTED_EDGE('',*,*,#3990,.T.);
#3092=ORIENTED_EDGE('',*,*,#3583,.T.);
#3093=ORIENTED_EDGE('',*,*,#4020,.F.);
#3094=ORIENTED_EDGE('',*,*,#4001,.T.);
#3095=ORIENTED_EDGE('',*,*,#4048,.F.);
#3096=ORIENTED_EDGE('',*,*,#4011,.F.);
#3097=ORIENTED_EDGE('',*,*,#4019,.F.);
#3098=ORIENTED_EDGE('',*,*,#4049,.T.);
#3099=ORIENTED_EDGE('',*,*,#4050,.F.);
#3100=ORIENTED_EDGE('',*,*,#4051,.F.);
#3101=ORIENTED_EDGE('',*,*,#4052,.F.);
#3102=ORIENTED_EDGE('',*,*,#4053,.T.);
#3103=ORIENTED_EDGE('',*,*,#4054,.F.);
#3104=ORIENTED_EDGE('',*,*,#4055,.F.);
#3105=ORIENTED_EDGE('',*,*,#4056,.F.);
#3106=ORIENTED_EDGE('',*,*,#4057,.T.);
#3107=ORIENTED_EDGE('',*,*,#4058,.F.);
#3108=ORIENTED_EDGE('',*,*,#4059,.F.);
#3109=ORIENTED_EDGE('',*,*,#4060,.F.);
#3110=ORIENTED_EDGE('',*,*,#4061,.T.);
#3111=ORIENTED_EDGE('',*,*,#4062,.F.);
#3112=ORIENTED_EDGE('',*,*,#4063,.F.);
#3113=ORIENTED_EDGE('',*,*,#4064,.F.);
#3114=ORIENTED_EDGE('',*,*,#4065,.T.);
#3115=ORIENTED_EDGE('',*,*,#4066,.F.);
#3116=ORIENTED_EDGE('',*,*,#4067,.F.);
#3117=ORIENTED_EDGE('',*,*,#4068,.F.);
#3118=ORIENTED_EDGE('',*,*,#4069,.F.);
#3119=ORIENTED_EDGE('',*,*,#4070,.T.);
#3120=ORIENTED_EDGE('',*,*,#4071,.F.);
#3121=ORIENTED_EDGE('',*,*,#4041,.F.);
#3122=ORIENTED_EDGE('',*,*,#4072,.T.);
#3123=ORIENTED_EDGE('',*,*,#4073,.T.);
#3124=ORIENTED_EDGE('',*,*,#4074,.F.);
#3125=ORIENTED_EDGE('',*,*,#4037,.F.);
#3126=ORIENTED_EDGE('',*,*,#4075,.T.);
#3127=ORIENTED_EDGE('',*,*,#4076,.T.);
#3128=ORIENTED_EDGE('',*,*,#4077,.F.);
#3129=ORIENTED_EDGE('',*,*,#4033,.F.);
#3130=ORIENTED_EDGE('',*,*,#4078,.T.);
#3131=ORIENTED_EDGE('',*,*,#4079,.T.);
#3132=ORIENTED_EDGE('',*,*,#4080,.F.);
#3133=ORIENTED_EDGE('',*,*,#4029,.F.);
#3134=ORIENTED_EDGE('',*,*,#4081,.T.);
#3135=ORIENTED_EDGE('',*,*,#4082,.T.);
#3136=ORIENTED_EDGE('',*,*,#4083,.F.);
#3137=ORIENTED_EDGE('',*,*,#4025,.F.);
#3138=ORIENTED_EDGE('',*,*,#4084,.T.);
#3139=ORIENTED_EDGE('',*,*,#4085,.T.);
#3140=ORIENTED_EDGE('',*,*,#4007,.F.);
#3141=ORIENTED_EDGE('',*,*,#4022,.F.);
#3142=ORIENTED_EDGE('',*,*,#3997,.T.);
#3143=ORIENTED_EDGE('',*,*,#4086,.T.);
#3144=ORIENTED_EDGE('',*,*,#4087,.F.);
#3145=CARTESIAN_POINT('',(-4.4165,0.199999999999989,0.0));
#3146=DIRECTION('',(0.0,1.0,0.0));
#3147=DIRECTION('',(-6.12303176911189E-17,0.0,1.0));
#3148=ORIENTED_EDGE('',*,*,#4004,.T.);
#3149=ORIENTED_EDGE('',*,*,#4085,.F.);
#3150=ORIENTED_EDGE('',*,*,#4088,.T.);
#3151=ORIENTED_EDGE('',*,*,#4089,.F.);
#3152=CARTESIAN_POINT('',(-4.4165,0.0999999999999943,-0.657735026918957));
#3153=DIRECTION('',(5.30270106023E-17,0.500000000000019,-0.866025403784427));
#3154=DIRECTION('',(-3.06151588455606E-17,0.866025403784428,0.500000000000019));
#3155=ORIENTED_EDGE('',*,*,#4005,.T.);
#3156=ORIENTED_EDGE('',*,*,#4089,.T.);
#3157=ORIENTED_EDGE('',*,*,#4090,.T.);
#3158=ORIENTED_EDGE('',*,*,#4023,.F.);
#3159=CARTESIAN_POINT('',(0.0,0.0,0.0));
#3160=DIRECTION('',(0.0,1.0,0.0));
#3161=DIRECTION('',(0.0,0.0,1.0));
#3162=ORIENTED_EDGE('',*,*,#3999,.T.);
#3163=ORIENTED_EDGE('',*,*,#4047,.F.);
#3164=ORIENTED_EDGE('',*,*,#4091,.F.);
#3165=ORIENTED_EDGE('',*,*,#4092,.T.);
#3166=CARTESIAN_POINT('',(0.0,0.0,0.0));
#3167=DIRECTION('',(0.0,1.0,0.0));
#3168=DIRECTION('',(0.0,0.0,1.0));
#3169=ORIENTED_EDGE('',*,*,#4088,.F.);
#3170=ORIENTED_EDGE('',*,*,#4084,.F.);
#3171=ORIENTED_EDGE('',*,*,#4024,.F.);
#3172=ORIENTED_EDGE('',*,*,#4090,.F.);
#3173=CARTESIAN_POINT('',(2.20360297657338,0.0999999999999943,-1.5));
#3174=DIRECTION('',(0.939692620785871,0.34202014332577,0.0));
#3175=DIRECTION('',(-0.34202014332577,0.939692620785871,0.0));
#3176=ORIENTED_EDGE('',*,*,#4093,.F.);
#3177=ORIENTED_EDGE('',*,*,#4049,.F.);
#3178=ORIENTED_EDGE('',*,*,#4018,.F.);
#3179=ORIENTED_EDGE('',*,*,#4013,.F.);
#3180=CARTESIAN_POINT('',(2.20360297657338,0.0999999999999943,-1.5));
#3181=DIRECTION('',(0.939692620785871,0.34202014332577,0.0));
#3182=DIRECTION('',(-0.34202014332577,0.939692620785871,0.0));
#3183=ORIENTED_EDGE('',*,*,#4094,.F.);
#3184=ORIENTED_EDGE('',*,*,#4095,.F.);
#3185=ORIENTED_EDGE('',*,*,#4026,.F.);
#3186=ORIENTED_EDGE('',*,*,#4083,.T.);
#3187=CARTESIAN_POINT('',(1.60639702342662,0.0999999999999943,-1.5));
#3188=DIRECTION('',(-0.939692620785871,0.34202014332577,0.0));
#3189=DIRECTION('',(-0.34202014332577,-0.939692620785871,-0.0));
#3190=ORIENTED_EDGE('',*,*,#4096,.F.);
#3191=ORIENTED_EDGE('',*,*,#4097,.F.);
#3192=ORIENTED_EDGE('',*,*,#4098,.F.);
#3193=ORIENTED_EDGE('',*,*,#4051,.T.);
#3194=CARTESIAN_POINT('',(1.60639702342662,0.0999999999999943,-1.5));
#3195=DIRECTION('',(-0.939692620785871,0.34202014332577,0.0));
#3196=DIRECTION('',(-0.34202014332577,-0.939692620785871,-0.0));
#3197=ORIENTED_EDGE('',*,*,#4097,.T.);
#3198=ORIENTED_EDGE('',*,*,#4099,.F.);
#3199=ORIENTED_EDGE('',*,*,#4100,.T.);
#3200=ORIENTED_EDGE('',*,*,#4101,.T.);
#3201=CARTESIAN_POINT('',(0.0,0.0,0.0));
#3202=DIRECTION('',(0.0,1.0,0.0));
#3203=DIRECTION('',(0.0,0.0,1.0));
#3204=ORIENTED_EDGE('',*,*,#4098,.T.);
#3205=ORIENTED_EDGE('',*,*,#4101,.F.);
#3206=ORIENTED_EDGE('',*,*,#4102,.T.);
#3207=ORIENTED_EDGE('',*,*,#4052,.T.);
#3208=CARTESIAN_POINT('',(-4.4165,0.0999999999999943,0.657735026918957));
#3209=DIRECTION('',(-5.30270106023E-17,0.500000000000019,0.866025403784427));
#3210=DIRECTION('',(-3.06151588455606E-17,-0.866025403784428,0.500000000000019));
#3211=ORIENTED_EDGE('',*,*,#4094,.T.);
#3212=ORIENTED_EDGE('',*,*,#4082,.F.);
#3213=ORIENTED_EDGE('',*,*,#4103,.T.);
#3214=ORIENTED_EDGE('',*,*,#4104,.F.);
#3215=CARTESIAN_POINT('',(-4.4165,0.0999999999999943,-0.657735026918957));
#3216=DIRECTION('',(5.30270106023E-17,0.500000000000019,-0.866025403784427));
#3217=DIRECTION('',(-3.06151588455606E-17,0.866025403784428,0.500000000000019));
#3218=ORIENTED_EDGE('',*,*,#4095,.T.);
#3219=ORIENTED_EDGE('',*,*,#4104,.T.);
#3220=ORIENTED_EDGE('',*,*,#4105,.T.);
#3221=ORIENTED_EDGE('',*,*,#4027,.F.);
#3222=CARTESIAN_POINT('',(0.0,0.0,0.0));
#3223=DIRECTION('',(0.0,1.0,0.0));
#3224=DIRECTION('',(0.0,0.0,1.0));
#3225=ORIENTED_EDGE('',*,*,#4103,.F.);
#3226=ORIENTED_EDGE('',*,*,#4081,.F.);
#3227=ORIENTED_EDGE('',*,*,#4028,.F.);
#3228=ORIENTED_EDGE('',*,*,#4105,.F.);
#3229=CARTESIAN_POINT('',(0.933602976573378,0.0999999999999943,-1.5));
#3230=DIRECTION('',(0.939692620785871,0.34202014332577,0.0));
#3231=DIRECTION('',(-0.34202014332577,0.939692620785871,0.0));
#3232=ORIENTED_EDGE('',*,*,#4106,.F.);
#3233=ORIENTED_EDGE('',*,*,#4053,.F.);
#3234=ORIENTED_EDGE('',*,*,#4102,.F.);
#3235=ORIENTED_EDGE('',*,*,#4100,.F.);
#3236=CARTESIAN_POINT('',(0.933602976573378,0.0999999999999943,-1.5));
#3237=DIRECTION('',(0.939692620785871,0.34202014332577,0.0));
#3238=DIRECTION('',(-0.34202014332577,0.939692620785871,0.0));
#3239=ORIENTED_EDGE('',*,*,#4107,.F.);
#3240=ORIENTED_EDGE('',*,*,#4108,.F.);
#3241=ORIENTED_EDGE('',*,*,#4030,.F.);
#3242=ORIENTED_EDGE('',*,*,#4080,.T.);
#3243=CARTESIAN_POINT('',(0.336397023426623,0.0999999999999943,-1.5));
#3244=DIRECTION('',(-0.939692620785871,0.34202014332577,0.0));
#3245=DIRECTION('',(-0.34202014332577,-0.939692620785871,-0.0));
#3246=ORIENTED_EDGE('',*,*,#4109,.F.);
#3247=ORIENTED_EDGE('',*,*,#4110,.F.);
#3248=ORIENTED_EDGE('',*,*,#4111,.F.);
#3249=ORIENTED_EDGE('',*,*,#4055,.T.);
#3250=CARTESIAN_POINT('',(0.336397023426623,0.0999999999999943,-1.5));
#3251=DIRECTION('',(-0.939692620785871,0.34202014332577,0.0));
#3252=DIRECTION('',(-0.34202014332577,-0.939692620785871,-0.0));
#3253=ORIENTED_EDGE('',*,*,#4110,.T.);
#3254=ORIENTED_EDGE('',*,*,#4112,.F.);
#3255=ORIENTED_EDGE('',*,*,#4113,.T.);
#3256=ORIENTED_EDGE('',*,*,#4114,.T.);
#3257=CARTESIAN_POINT('',(0.0,0.0,0.0));
#3258=DIRECTION('',(0.0,1.0,0.0));
#3259=DIRECTION('',(0.0,0.0,1.0));
#3260=ORIENTED_EDGE('',*,*,#4111,.T.);
#3261=ORIENTED_EDGE('',*,*,#4114,.F.);
#3262=ORIENTED_EDGE('',*,*,#4115,.T.);
#3263=ORIENTED_EDGE('',*,*,#4056,.T.);
#3264=CARTESIAN_POINT('',(-4.4165,0.0999999999999943,0.657735026918957));
#3265=DIRECTION('',(-5.30270106023E-17,0.500000000000019,0.866025403784427));
#3266=DIRECTION('',(-3.06151588455606E-17,-0.866025403784428,0.500000000000019));
#3267=ORIENTED_EDGE('',*,*,#4107,.T.);
#3268=ORIENTED_EDGE('',*,*,#4079,.F.);
#3269=ORIENTED_EDGE('',*,*,#4116,.T.);
#3270=ORIENTED_EDGE('',*,*,#4117,.F.);
#3271=CARTESIAN_POINT('',(-4.4165,0.0999999999999943,-0.657735026918957));
#3272=DIRECTION('',(5.30270106023E-17,0.500000000000019,-0.866025403784427));
#3273=DIRECTION('',(-3.06151588455606E-17,0.866025403784428,0.500000000000019));
#3274=ORIENTED_EDGE('',*,*,#4108,.T.);
#3275=ORIENTED_EDGE('',*,*,#4117,.T.);
#3276=ORIENTED_EDGE('',*,*,#4118,.T.);
#3277=ORIENTED_EDGE('',*,*,#4031,.F.);
#3278=CARTESIAN_POINT('',(0.0,0.0,0.0));
#3279=DIRECTION('',(0.0,1.0,0.0));
#3280=DIRECTION('',(0.0,0.0,1.0));
#3281=ORIENTED_EDGE('',*,*,#4116,.F.);
#3282=ORIENTED_EDGE('',*,*,#4078,.F.);
#3283=ORIENTED_EDGE('',*,*,#4032,.F.);
#3284=ORIENTED_EDGE('',*,*,#4118,.F.);
#3285=CARTESIAN_POINT('',(-0.336397023426622,0.0999999999999943,-1.5));
#3286=DIRECTION('',(0.939692620785871,0.34202014332577,0.0));
#3287=DIRECTION('',(-0.34202014332577,0.939692620785871,0.0));
#3288=ORIENTED_EDGE('',*,*,#4119,.F.);
#3289=ORIENTED_EDGE('',*,*,#4057,.F.);
#3290=ORIENTED_EDGE('',*,*,#4115,.F.);
#3291=ORIENTED_EDGE('',*,*,#4113,.F.);
#3292=CARTESIAN_POINT('',(-0.336397023426622,0.0999999999999943,-1.5));
#3293=DIRECTION('',(0.939692620785871,0.34202014332577,0.0));
#3294=DIRECTION('',(-0.34202014332577,0.939692620785871,0.0));
#3295=ORIENTED_EDGE('',*,*,#4120,.F.);
#3296=ORIENTED_EDGE('',*,*,#4121,.F.);
#3297=ORIENTED_EDGE('',*,*,#4034,.F.);
#3298=ORIENTED_EDGE('',*,*,#4077,.T.);
#3299=CARTESIAN_POINT('',(-0.933602976573377,0.0999999999999943,-1.5));
#3300=DIRECTION('',(-0.939692620785871,0.34202014332577,0.0));
#3301=DIRECTION('',(-0.34202014332577,-0.939692620785871,-0.0));
#3302=ORIENTED_EDGE('',*,*,#4122,.F.);
#3303=ORIENTED_EDGE('',*,*,#4123,.F.);
#3304=ORIENTED_EDGE('',*,*,#4124,.F.);
#3305=ORIENTED_EDGE('',*,*,#4059,.T.);
#3306=CARTESIAN_POINT('',(-0.933602976573377,0.0999999999999943,-1.5));
#3307=DIRECTION('',(-0.939692620785871,0.34202014332577,0.0));
#3308=DIRECTION('',(-0.34202014332577,-0.939692620785871,-0.0));
#3309=ORIENTED_EDGE('',*,*,#4123,.T.);
#3310=ORIENTED_EDGE('',*,*,#4125,.F.);
#3311=ORIENTED_EDGE('',*,*,#4126,.T.);
#3312=ORIENTED_EDGE('',*,*,#4127,.T.);
#3313=CARTESIAN_POINT('',(0.0,0.0,0.0));
#3314=DIRECTION('',(0.0,1.0,0.0));
#3315=DIRECTION('',(0.0,0.0,1.0));
#3316=ORIENTED_EDGE('',*,*,#4124,.T.);
#3317=ORIENTED_EDGE('',*,*,#4127,.F.);
#3318=ORIENTED_EDGE('',*,*,#4128,.T.);
#3319=ORIENTED_EDGE('',*,*,#4060,.T.);
#3320=CARTESIAN_POINT('',(-4.4165,0.0999999999999943,0.657735026918957));
#3321=DIRECTION('',(-5.30270106023E-17,0.500000000000019,0.866025403784427));
#3322=DIRECTION('',(-3.06151588455606E-17,-0.866025403784428,0.500000000000019));
#3323=ORIENTED_EDGE('',*,*,#4120,.T.);
#3324=ORIENTED_EDGE('',*,*,#4076,.F.);
#3325=ORIENTED_EDGE('',*,*,#4129,.T.);
#3326=ORIENTED_EDGE('',*,*,#4130,.F.);
#3327=CARTESIAN_POINT('',(-4.4165,0.0999999999999943,-0.657735026918957));
#3328=DIRECTION('',(5.30270106023E-17,0.500000000000019,-0.866025403784427));
#3329=DIRECTION('',(-3.06151588455606E-17,0.866025403784428,0.500000000000019));
#3330=ORIENTED_EDGE('',*,*,#4121,.T.);
#3331=ORIENTED_EDGE('',*,*,#4130,.T.);
#3332=ORIENTED_EDGE('',*,*,#4131,.T.);
#3333=ORIENTED_EDGE('',*,*,#4035,.F.);
#3334=CARTESIAN_POINT('',(0.0,0.0,0.0));
#3335=DIRECTION('',(0.0,1.0,0.0));
#3336=DIRECTION('',(0.0,0.0,1.0));
#3337=ORIENTED_EDGE('',*,*,#4129,.F.);
#3338=ORIENTED_EDGE('',*,*,#4075,.F.);
#3339=ORIENTED_EDGE('',*,*,#4036,.F.);
#3340=ORIENTED_EDGE('',*,*,#4131,.F.);
#3341=CARTESIAN_POINT('',(-1.60639702342662,0.0999999999999943,-1.5));
#3342=DIRECTION('',(0.939692620785871,0.34202014332577,0.0));
#3343=DIRECTION('',(-0.34202014332577,0.939692620785871,0.0));
#3344=ORIENTED_EDGE('',*,*,#4132,.F.);
#3345=ORIENTED_EDGE('',*,*,#4061,.F.);
#3346=ORIENTED_EDGE('',*,*,#4128,.F.);
#3347=ORIENTED_EDGE('',*,*,#4126,.F.);
#3348=CARTESIAN_POINT('',(-1.60639702342662,0.0999999999999943,-1.5));
#3349=DIRECTION('',(0.939692620785871,0.34202014332577,0.0));
#3350=DIRECTION('',(-0.34202014332577,0.939692620785871,0.0));
#3351=ORIENTED_EDGE('',*,*,#4133,.F.);
#3352=ORIENTED_EDGE('',*,*,#4134,.F.);
#3353=ORIENTED_EDGE('',*,*,#4038,.F.);
#3354=ORIENTED_EDGE('',*,*,#4074,.T.);
#3355=CARTESIAN_POINT('',(-2.20360297657338,0.0999999999999943,-1.5));
#3356=DIRECTION('',(-0.939692620785871,0.34202014332577,0.0));
#3357=DIRECTION('',(-0.34202014332577,-0.939692620785871,-0.0));
#3358=ORIENTED_EDGE('',*,*,#4135,.F.);
#3359=ORIENTED_EDGE('',*,*,#4136,.F.);
#3360=ORIENTED_EDGE('',*,*,#4137,.F.);
#3361=ORIENTED_EDGE('',*,*,#4063,.T.);
#3362=CARTESIAN_POINT('',(-2.20360297657338,0.0999999999999943,-1.5));
#3363=DIRECTION('',(-0.939692620785871,0.34202014332577,0.0));
#3364=DIRECTION('',(-0.34202014332577,-0.939692620785871,-0.0));
#3365=ORIENTED_EDGE('',*,*,#4136,.T.);
#3366=ORIENTED_EDGE('',*,*,#4138,.F.);
#3367=ORIENTED_EDGE('',*,*,#4139,.T.);
#3368=ORIENTED_EDGE('',*,*,#4140,.T.);
#3369=CARTESIAN_POINT('',(0.0,0.0,0.0));
#3370=DIRECTION('',(0.0,1.0,0.0));
#3371=DIRECTION('',(0.0,0.0,1.0));
#3372=ORIENTED_EDGE('',*,*,#4137,.T.);
#3373=ORIENTED_EDGE('',*,*,#4140,.F.);
#3374=ORIENTED_EDGE('',*,*,#4141,.T.);
#3375=ORIENTED_EDGE('',*,*,#4064,.T.);
#3376=CARTESIAN_POINT('',(-4.4165,0.0999999999999943,0.657735026918957));
#3377=DIRECTION('',(-5.30270106023E-17,0.500000000000019,0.866025403784427));
#3378=DIRECTION('',(-3.06151588455606E-17,-0.866025403784428,0.500000000000019));
#3379=ORIENTED_EDGE('',*,*,#4133,.T.);
#3380=ORIENTED_EDGE('',*,*,#4073,.F.);
#3381=ORIENTED_EDGE('',*,*,#4142,.T.);
#3382=ORIENTED_EDGE('',*,*,#4143,.F.);
#3383=CARTESIAN_POINT('',(-4.4165,0.0999999999999943,-0.657735026918957));
#3384=DIRECTION('',(5.30270106023E-17,0.500000000000019,-0.866025403784427));
#3385=DIRECTION('',(-3.06151588455606E-17,0.866025403784428,0.500000000000019));
#3386=ORIENTED_EDGE('',*,*,#4134,.T.);
#3387=ORIENTED_EDGE('',*,*,#4143,.T.);
#3388=ORIENTED_EDGE('',*,*,#4144,.T.);
#3389=ORIENTED_EDGE('',*,*,#4039,.F.);
#3390=CARTESIAN_POINT('',(0.0,0.0,0.0));
#3391=DIRECTION('',(0.0,1.0,0.0));
#3392=DIRECTION('',(0.0,0.0,1.0));
#3393=ORIENTED_EDGE('',*,*,#4040,.F.);
#3394=ORIENTED_EDGE('',*,*,#4144,.F.);
#3395=ORIENTED_EDGE('',*,*,#4142,.F.);
#3396=ORIENTED_EDGE('',*,*,#4072,.F.);
#3397=CARTESIAN_POINT('',(-2.87639702342662,0.0999999999999943,-1.5));
#3398=DIRECTION('',(0.939692620785871,0.34202014332577,0.0));
#3399=DIRECTION('',(-0.34202014332577,0.939692620785871,0.0));
#3400=ORIENTED_EDGE('',*,*,#4145,.F.);
#3401=ORIENTED_EDGE('',*,*,#4065,.F.);
#3402=ORIENTED_EDGE('',*,*,#4141,.F.);
#3403=ORIENTED_EDGE('',*,*,#4139,.F.);
#3404=CARTESIAN_POINT('',(-2.87639702342662,0.0999999999999943,-1.5));
#3405=DIRECTION('',(0.939692620785871,0.34202014332577,0.0));
#3406=DIRECTION('',(-0.34202014332577,0.939692620785871,0.0));
#3407=ORIENTED_EDGE('',*,*,#4042,.F.);
#3408=ORIENTED_EDGE('',*,*,#4071,.T.);
#3409=ORIENTED_EDGE('',*,*,#4146,.F.);
#3410=ORIENTED_EDGE('',*,*,#4147,.F.);
#3411=CARTESIAN_POINT('',(-3.47360297657338,0.0999999999999943,-1.5));
#3412=DIRECTION('',(-0.939692620785871,0.34202014332577,0.0));
#3413=DIRECTION('',(-0.34202014332577,-0.939692620785871,-0.0));
#3414=ORIENTED_EDGE('',*,*,#4148,.F.);
#3415=ORIENTED_EDGE('',*,*,#4149,.F.);
#3416=ORIENTED_EDGE('',*,*,#4150,.F.);
#3417=ORIENTED_EDGE('',*,*,#4067,.T.);
#3418=CARTESIAN_POINT('',(-3.47360297657338,0.0999999999999943,-1.5));
#3419=DIRECTION('',(-0.939692620785871,0.34202014332577,0.0));
#3420=DIRECTION('',(-0.34202014332577,-0.939692620785871,-0.0));
#3421=ORIENTED_EDGE('',*,*,#4149,.T.);
#3422=ORIENTED_EDGE('',*,*,#4151,.F.);
#3423=ORIENTED_EDGE('',*,*,#4152,.T.);
#3424=ORIENTED_EDGE('',*,*,#4153,.T.);
#3425=CARTESIAN_POINT('',(0.0,0.0,0.0));
#3426=DIRECTION('',(0.0,1.0,0.0));
#3427=DIRECTION('',(0.0,0.0,1.0));
#3428=ORIENTED_EDGE('',*,*,#4147,.T.);
#3429=ORIENTED_EDGE('',*,*,#4154,.T.);
#3430=ORIENTED_EDGE('',*,*,#4155,.T.);
#3431=ORIENTED_EDGE('',*,*,#4043,.F.);
#3432=CARTESIAN_POINT('',(0.0,0.0,0.0));
#3433=DIRECTION('',(0.0,1.0,0.0));
#3434=DIRECTION('',(0.0,0.0,1.0));
#3435=ORIENTED_EDGE('',*,*,#4150,.T.);
#3436=ORIENTED_EDGE('',*,*,#4153,.F.);
#3437=ORIENTED_EDGE('',*,*,#4156,.F.);
#3438=ORIENTED_EDGE('',*,*,#4068,.T.);
#3439=CARTESIAN_POINT('',(-4.4165,0.0999999999999943,0.657735026918957));
#3440=DIRECTION('',(-5.30270106023E-17,0.500000000000019,0.866025403784427));
#3441=DIRECTION('',(-3.06151588455606E-17,-0.866025403784428,0.500000000000019));
#3442=ORIENTED_EDGE('',*,*,#4146,.T.);
#3443=ORIENTED_EDGE('',*,*,#4070,.F.);
#3444=ORIENTED_EDGE('',*,*,#4157,.F.);
#3445=ORIENTED_EDGE('',*,*,#4154,.F.);
#3446=CARTESIAN_POINT('',(-4.4165,0.0999999999999943,-0.657735026918957));
#3447=DIRECTION('',(5.30270106023E-17,0.500000000000019,-0.866025403784427));
#3448=DIRECTION('',(-3.06151588455606E-17,0.866025403784428,0.500000000000019));
#3449=ORIENTED_EDGE('',*,*,#3996,.T.);
#3450=ORIENTED_EDGE('',*,*,#4092,.F.);
#3451=ORIENTED_EDGE('',*,*,#4158,.F.);
#3452=ORIENTED_EDGE('',*,*,#4086,.F.);
#3453=CARTESIAN_POINT('',(-4.4165,0.0999999999999943,-0.657735026918957));
#3454=DIRECTION('',(5.30270106023E-17,0.500000000000019,-0.866025403784427));
#3455=DIRECTION('',(-3.06151588455606E-17,0.866025403784428,0.500000000000019));
#3456=ORIENTED_EDGE('',*,*,#4157,.T.);
#3457=ORIENTED_EDGE('',*,*,#4069,.T.);
#3458=ORIENTED_EDGE('',*,*,#4156,.T.);
#3459=ORIENTED_EDGE('',*,*,#4152,.F.);
#3460=ORIENTED_EDGE('',*,*,#4159,.F.);
#3461=ORIENTED_EDGE('',*,*,#4160,.T.);
#3462=ORIENTED_EDGE('',*,*,#4044,.F.);
#3463=ORIENTED_EDGE('',*,*,#4155,.F.);
#3464=CARTESIAN_POINT('',(-4.015,2.05,0.0));
#3465=DIRECTION('',(1.0,0.0,0.0));
#3466=DIRECTION('',(0.0,0.0,-1.0));
#3467=ORIENTED_EDGE('',*,*,#4000,.T.);
#3468=ORIENTED_EDGE('',*,*,#4017,.T.);
#3469=ORIENTED_EDGE('',*,*,#4161,.T.);
#3470=ORIENTED_EDGE('',*,*,#4162,.T.);
#3471=ORIENTED_EDGE('',*,*,#4159,.T.);
#3472=ORIENTED_EDGE('',*,*,#4151,.T.);
#3473=ORIENTED_EDGE('',*,*,#4148,.T.);
#3474=ORIENTED_EDGE('',*,*,#4066,.T.);
#3475=ORIENTED_EDGE('',*,*,#4145,.T.);
#3476=ORIENTED_EDGE('',*,*,#4138,.T.);
#3477=ORIENTED_EDGE('',*,*,#4135,.T.);
#3478=ORIENTED_EDGE('',*,*,#4062,.T.);
#3479=ORIENTED_EDGE('',*,*,#4132,.T.);
#3480=ORIENTED_EDGE('',*,*,#4125,.T.);
#3481=ORIENTED_EDGE('',*,*,#4122,.T.);
#3482=ORIENTED_EDGE('',*,*,#4058,.T.);
#3483=ORIENTED_EDGE('',*,*,#4119,.T.);
#3484=ORIENTED_EDGE('',*,*,#4112,.T.);
#3485=ORIENTED_EDGE('',*,*,#4109,.T.);
#3486=ORIENTED_EDGE('',*,*,#4054,.T.);
#3487=ORIENTED_EDGE('',*,*,#4106,.T.);
#3488=ORIENTED_EDGE('',*,*,#4099,.T.);
#3489=ORIENTED_EDGE('',*,*,#4096,.T.);
#3490=ORIENTED_EDGE('',*,*,#4050,.T.);
#3491=ORIENTED_EDGE('',*,*,#4093,.T.);
#3492=ORIENTED_EDGE('',*,*,#4012,.T.);
#3493=ORIENTED_EDGE('',*,*,#4008,.T.);
#3494=ORIENTED_EDGE('',*,*,#4048,.T.);
#3495=CARTESIAN_POINT('',(0.0,2.05,1.1));
#3496=DIRECTION('',(0.0,0.0,1.0));
#3497=DIRECTION('',(1.0,0.0,0.0));
#3498=ORIENTED_EDGE('',*,*,#3909,.T.);
#3499=ORIENTED_EDGE('',*,*,#3869,.T.);
#3500=ORIENTED_EDGE('',*,*,#3919,.T.);
#3501=ORIENTED_EDGE('',*,*,#3833,.T.);
#3502=ORIENTED_EDGE('',*,*,#3929,.T.);
#3503=ORIENTED_EDGE('',*,*,#3797,.T.);
#3504=ORIENTED_EDGE('',*,*,#3939,.T.);
#3505=ORIENTED_EDGE('',*,*,#3761,.T.);
#3506=ORIENTED_EDGE('',*,*,#3949,.T.);
#3507=ORIENTED_EDGE('',*,*,#3725,.T.);
#3508=ORIENTED_EDGE('',*,*,#3959,.T.);
#3509=ORIENTED_EDGE('',*,*,#3689,.T.);
#3510=ORIENTED_EDGE('',*,*,#4163,.T.);
#3511=ORIENTED_EDGE('',*,*,#4045,.F.);
#3512=ORIENTED_EDGE('',*,*,#4160,.F.);
#3513=ORIENTED_EDGE('',*,*,#4162,.F.);
#3514=CARTESIAN_POINT('',(0.0,4.1,0.0));
#3515=DIRECTION('',(0.0,-1.0,0.0));
#3516=DIRECTION('',(0.0,0.0,-1.0));
#3517=ORIENTED_EDGE('',*,*,#4158,.T.);
#3518=ORIENTED_EDGE('',*,*,#4091,.T.);
#3519=ORIENTED_EDGE('',*,*,#4046,.F.);
#3520=ORIENTED_EDGE('',*,*,#4163,.F.);
#3521=ORIENTED_EDGE('',*,*,#4161,.F.);
#3522=ORIENTED_EDGE('',*,*,#4016,.T.);
#3523=ORIENTED_EDGE('',*,*,#4021,.T.);
#3524=ORIENTED_EDGE('',*,*,#4087,.T.);
#3525=CARTESIAN_POINT('',(4.015,2.05,0.0));
#3526=DIRECTION('',(-1.0,0.0,0.0));
#3527=DIRECTION('',(0.0,0.0,1.0));
#3528=EDGE_CURVE('',#4164,#4165,#4166,.T.);
#3529=EDGE_CURVE('',#4164,#4167,#4168,.T.);
#3530=EDGE_CURVE('',#4167,#4169,#4170,.T.);
#3531=EDGE_CURVE('',#4171,#4169,#4172,.T.);
#3532=EDGE_CURVE('',#4173,#4171,#4174,.T.);
#3533=EDGE_CURVE('',#4165,#4173,#4175,.T.);
#3534=EDGE_CURVE('',#4176,#4177,#4178,.T.);
#3535=EDGE_CURVE('',#4176,#4179,#4180,.T.);
#3536=EDGE_CURVE('',#4179,#4181,#4182,.T.);
#3537=EDGE_CURVE('',#4183,#4181,#4184,.T.);
#3538=EDGE_CURVE('',#4185,#4183,#4186,.T.);
#3539=EDGE_CURVE('',#4177,#4185,#4187,.T.);
#3540=EDGE_CURVE('',#4188,#4189,#4190,.T.);
#3541=EDGE_CURVE('',#4188,#4191,#4192,.T.);
#3542=EDGE_CURVE('',#4191,#4193,#4194,.T.);
#3543=EDGE_CURVE('',#4195,#4193,#4196,.T.);
#3544=EDGE_CURVE('',#4197,#4195,#4198,.T.);
#3545=EDGE_CURVE('',#4189,#4197,#4199,.T.);
#3546=EDGE_CURVE('',#4200,#4201,#4202,.T.);
#3547=EDGE_CURVE('',#4200,#4203,#4204,.T.);
#3548=EDGE_CURVE('',#4203,#4205,#4206,.T.);
#3549=EDGE_CURVE('',#4207,#4205,#4208,.T.);
#3550=EDGE_CURVE('',#4209,#4207,#4210,.T.);
#3551=EDGE_CURVE('',#4201,#4209,#4211,.T.);
#3552=EDGE_CURVE('',#4212,#4213,#4214,.T.);
#3553=EDGE_CURVE('',#4212,#4215,#4216,.T.);
#3554=EDGE_CURVE('',#4215,#4217,#4218,.T.);
#3555=EDGE_CURVE('',#4219,#4217,#4220,.T.);
#3556=EDGE_CURVE('',#4221,#4219,#4222,.T.);
#3557=EDGE_CURVE('',#4213,#4221,#4223,.T.);
#3558=EDGE_CURVE('',#4224,#4225,#4226,.T.);
#3559=EDGE_CURVE('',#4224,#4227,#4228,.T.);
#3560=EDGE_CURVE('',#4227,#4229,#4230,.T.);
#3561=EDGE_CURVE('',#4231,#4229,#4232,.T.);
#3562=EDGE_CURVE('',#4233,#4231,#4234,.T.);
#3563=EDGE_CURVE('',#4225,#4233,#4235,.T.);
#3564=EDGE_CURVE('',#4236,#4237,#4238,.T.);
#3565=EDGE_CURVE('',#4236,#4239,#4240,.T.);
#3566=EDGE_CURVE('',#4239,#4241,#4242,.T.);
#3567=EDGE_CURVE('',#4243,#4241,#4244,.T.);
#3568=EDGE_CURVE('',#4245,#4243,#4246,.T.);
#3569=EDGE_CURVE('',#4237,#4245,#4247,.T.);
#3570=EDGE_CURVE('',#4173,#4239,#4248,.T.);
#3571=EDGE_CURVE('',#4171,#4249,#4250,.T.);
#3572=EDGE_CURVE('',#4251,#4249,#4252,.T.);
#3573=EDGE_CURVE('',#4241,#4251,#4253,.T.);
#3574=EDGE_CURVE('',#4254,#4255,#4256,.T.);
#3575=EDGE_CURVE('',#4169,#4254,#4257,.T.);
#3576=EDGE_CURVE('',#4258,#4167,#4259,.T.);
#3577=EDGE_CURVE('',#4255,#4258,#4260,.T.);
#3578=EDGE_CURVE('',#4255,#4261,#4262,.T.);
#3579=EDGE_CURVE('',#4261,#4258,#4263,.T.);
#3580=EDGE_CURVE('',#4245,#4264,#4265,.T.);
#3581=EDGE_CURVE('',#4243,#4266,#4267,.T.);
#3582=EDGE_CURVE('',#4268,#4266,#4269,.T.);
#3583=EDGE_CURVE('',#4264,#4268,#4270,.T.);
#3584=EDGE_CURVE('',#4271,#4272,#4273,.T.);
#3585=EDGE_CURVE('',#4271,#4274,#4275,.T.);
#3586=EDGE_CURVE('',#4274,#4276,#4277,.T.);
#3587=EDGE_CURVE('',#4278,#4276,#4279,.T.);
#3588=EDGE_CURVE('',#4280,#4278,#4281,.T.);
#3589=EDGE_CURVE('',#4272,#4280,#4282,.T.);
#3590=EDGE_CURVE('',#4185,#4274,#4283,.T.);
#3591=EDGE_CURVE('',#4183,#4284,#4285,.T.);
#3592=EDGE_CURVE('',#4286,#4284,#4287,.T.);
#3593=EDGE_CURVE('',#4276,#4286,#4288,.T.);
#3594=EDGE_CURVE('',#4289,#4290,#4291,.T.);
#3595=EDGE_CURVE('',#4181,#4289,#4292,.T.);
#3596=EDGE_CURVE('',#4293,#4179,#4294,.T.);
#3597=EDGE_CURVE('',#4290,#4293,#4295,.T.);
#3598=EDGE_CURVE('',#4290,#4296,#4297,.T.);
#3599=EDGE_CURVE('',#4296,#4293,#4298,.T.);
#3600=EDGE_CURVE('',#4280,#4299,#4300,.T.);
#3601=EDGE_CURVE('',#4278,#4301,#4302,.T.);
#3602=EDGE_CURVE('',#4303,#4301,#4304,.T.);
#3603=EDGE_CURVE('',#4299,#4303,#4305,.T.);
#3604=EDGE_CURVE('',#4306,#4307,#4308,.T.);
#3605=EDGE_CURVE('',#4306,#4309,#4310,.T.);
#3606=EDGE_CURVE('',#4309,#4311,#4312,.T.);
#3607=EDGE_CURVE('',#4313,#4311,#4314,.T.);
#3608=EDGE_CURVE('',#4315,#4313,#4316,.T.);
#3609=EDGE_CURVE('',#4307,#4315,#4317,.T.);
#3610=EDGE_CURVE('',#4197,#4309,#4318,.T.);
#3611=EDGE_CURVE('',#4195,#4319,#4320,.T.);
#3612=EDGE_CURVE('',#4321,#4319,#4322,.T.);
#3613=EDGE_CURVE('',#4311,#4321,#4323,.T.);
#3614=EDGE_CURVE('',#4324,#4325,#4326,.T.);
#3615=EDGE_CURVE('',#4193,#4324,#4327,.T.);
#3616=EDGE_CURVE('',#4328,#4191,#4329,.T.);
#3617=EDGE_CURVE('',#4325,#4328,#4330,.T.);
#3618=EDGE_CURVE('',#4325,#4331,#4332,.T.);
#3619=EDGE_CURVE('',#4331,#4328,#4333,.T.);
#3620=EDGE_CURVE('',#4315,#4334,#4335,.T.);
#3621=EDGE_CURVE('',#4313,#4336,#4337,.T.);
#3622=EDGE_CURVE('',#4338,#4336,#4339,.T.);
#3623=EDGE_CURVE('',#4334,#4338,#4340,.T.);
#3624=EDGE_CURVE('',#4341,#4342,#4343,.T.);
#3625=EDGE_CURVE('',#4341,#4344,#4345,.T.);
#3626=EDGE_CURVE('',#4344,#4346,#4347,.T.);
#3627=EDGE_CURVE('',#4348,#4346,#4349,.T.);
#3628=EDGE_CURVE('',#4350,#4348,#4351,.T.);
#3629=EDGE_CURVE('',#4342,#4350,#4352,.T.);
#3630=EDGE_CURVE('',#4209,#4344,#4353,.T.);
#3631=EDGE_CURVE('',#4207,#4354,#4355,.T.);
#3632=EDGE_CURVE('',#4356,#4354,#4357,.T.);
#3633=EDGE_CURVE('',#4346,#4356,#4358,.T.);
#3634=EDGE_CURVE('',#4359,#4360,#4361,.T.);
#3635=EDGE_CURVE('',#4205,#4359,#4362,.T.);
#3636=EDGE_CURVE('',#4363,#4203,#4364,.T.);
#3637=EDGE_CURVE('',#4360,#4363,#4365,.T.);
#3638=EDGE_CURVE('',#4360,#4366,#4367,.T.);
#3639=EDGE_CURVE('',#4366,#4363,#4368,.T.);
#3640=EDGE_CURVE('',#4350,#4369,#4370,.T.);
#3641=EDGE_CURVE('',#4348,#4371,#4372,.T.);
#3642=EDGE_CURVE('',#4373,#4371,#4374,.T.);
#3643=EDGE_CURVE('',#4369,#4373,#4375,.T.);
#3644=EDGE_CURVE('',#4376,#4377,#4378,.T.);
#3645=EDGE_CURVE('',#4376,#4379,#4380,.T.);
#3646=EDGE_CURVE('',#4379,#4381,#4382,.T.);
#3647=EDGE_CURVE('',#4383,#4381,#4384,.T.);
#3648=EDGE_CURVE('',#4385,#4383,#4386,.T.);
#3649=EDGE_CURVE('',#4377,#4385,#4387,.T.);
#3650=EDGE_CURVE('',#4221,#4379,#4388,.T.);
#3651=EDGE_CURVE('',#4219,#4389,#4390,.T.);
#3652=EDGE_CURVE('',#4391,#4389,#4392,.T.);
#3653=EDGE_CURVE('',#4381,#4391,#4393,.T.);
#3654=EDGE_CURVE('',#4394,#4395,#4396,.T.);
#3655=EDGE_CURVE('',#4217,#4394,#4397,.T.);
#3656=EDGE_CURVE('',#4398,#4215,#4399,.T.);
#3657=EDGE_CURVE('',#4395,#4398,#4400,.T.);
#3658=EDGE_CURVE('',#4395,#4401,#4402,.T.);
#3659=EDGE_CURVE('',#4401,#4398,#4403,.T.);
#3660=EDGE_CURVE('',#4385,#4404,#4405,.T.);
#3661=EDGE_CURVE('',#4383,#4406,#4407,.T.);
#3662=EDGE_CURVE('',#4408,#4406,#4409,.T.);
#3663=EDGE_CURVE('',#4404,#4408,#4410,.T.);
#3664=EDGE_CURVE('',#4411,#4412,#4413,.T.);
#3665=EDGE_CURVE('',#4411,#4414,#4415,.T.);
#3666=EDGE_CURVE('',#4414,#4416,#4417,.T.);
#3667=EDGE_CURVE('',#4418,#4416,#4419,.T.);
#3668=EDGE_CURVE('',#4420,#4418,#4421,.T.);
#3669=EDGE_CURVE('',#4412,#4420,#4422,.T.);
#3670=EDGE_CURVE('',#4233,#4414,#4423,.T.);
#3671=EDGE_CURVE('',#4231,#4424,#4425,.T.);
#3672=EDGE_CURVE('',#4426,#4424,#4427,.T.);
#3673=EDGE_CURVE('',#4416,#4426,#4428,.T.);
#3674=EDGE_CURVE('',#4429,#4430,#4431,.T.);
#3675=EDGE_CURVE('',#4229,#4429,#4432,.T.);
#3676=EDGE_CURVE('',#4433,#4227,#4434,.T.);
#3677=EDGE_CURVE('',#4430,#4433,#4435,.T.);
#3678=EDGE_CURVE('',#4430,#4436,#4437,.T.);
#3679=EDGE_CURVE('',#4436,#4433,#4438,.T.);
#3680=EDGE_CURVE('',#4420,#4439,#4440,.T.);
#3681=EDGE_CURVE('',#4418,#4441,#4442,.T.);
#3682=EDGE_CURVE('',#4443,#4441,#4444,.T.);
#3683=EDGE_CURVE('',#4439,#4443,#4445,.T.);
#3684=EDGE_CURVE('',#4446,#4447,#4448,.T.);
#3685=EDGE_CURVE('',#4446,#4449,#4450,.T.);
#3686=EDGE_CURVE('',#4451,#4449,#4452,.T.);
#3687=EDGE_CURVE('',#4447,#4451,#4453,.T.);
#3688=EDGE_CURVE('',#4454,#4455,#4456,.T.);
#3689=EDGE_CURVE('',#4457,#4454,#4458,.T.);
#3690=EDGE_CURVE('',#4459,#4457,#4460,.T.);
#3691=EDGE_CURVE('',#4455,#4459,#4461,.T.);
#3692=EDGE_CURVE('',#4455,#4462,#4463,.T.);
#3693=EDGE_CURVE('',#4464,#4459,#4465,.T.);
#3694=EDGE_CURVE('',#4462,#4464,#4466,.T.);
#3695=EDGE_CURVE('',#4467,#4468,#4469,.T.);
#3696=EDGE_CURVE('',#4467,#4470,#4471,.T.);
#3697=EDGE_CURVE('',#4472,#4470,#4473,.T.);
#3698=EDGE_CURVE('',#4468,#4472,#4474,.T.);
#3699=EDGE_CURVE('',#4468,#4475,#4476,.T.);
#3700=EDGE_CURVE('',#4477,#4472,#4478,.T.);
#3701=EDGE_CURVE('',#4475,#4477,#4479,.T.);
#3702=EDGE_CURVE('',#4475,#4446,#4480,.T.);
#3703=EDGE_CURVE('',#4449,#4477,#4481,.T.);
#3704=EDGE_CURVE('',#4482,#4483,#4484,.T.);
#3705=EDGE_CURVE('',#4482,#4485,#4486,.T.);
#3706=EDGE_CURVE('',#4487,#4485,#4488,.T.);
#3707=EDGE_CURVE('',#4483,#4487,#4489,.T.);
#3708=EDGE_CURVE('',#4490,#4487,#4491,.T.);
#3709=EDGE_CURVE('',#4483,#4490,#4492,.T.);
#3710=EDGE_CURVE('',#4493,#4447,#4494,.T.);
#3711=EDGE_CURVE('',#4495,#4493,#4496,.T.);
#3712=EDGE_CURVE('',#4451,#4495,#4497,.T.);
#3713=EDGE_CURVE('',#4451,#4447,#4498,.T.);
#3714=EDGE_CURVE('',#4493,#4499,#4500,.T.);
#3715=EDGE_CURVE('',#4493,#4495,#4501,.T.);
#3716=EDGE_CURVE('',#4502,#4495,#4503,.T.);
#3717=EDGE_CURVE('',#4499,#4502,#4504,.T.);
#3718=EDGE_CURVE('',#4499,#4482,#4505,.T.);
#3719=EDGE_CURVE('',#4485,#4502,#4506,.T.);
#3720=EDGE_CURVE('',#4507,#4508,#4509,.T.);
#3721=EDGE_CURVE('',#4507,#4510,#4511,.T.);
#3722=EDGE_CURVE('',#4512,#4510,#4513,.T.);
#3723=EDGE_CURVE('',#4508,#4512,#4514,.T.);
#3724=EDGE_CURVE('',#4515,#4516,#4517,.T.);
#3725=EDGE_CURVE('',#4518,#4515,#4519,.T.);
#3726=EDGE_CURVE('',#4520,#4518,#4521,.T.);
#3727=EDGE_CURVE('',#4516,#4520,#4522,.T.);
#3728=EDGE_CURVE('',#4516,#4523,#4524,.T.);
#3729=EDGE_CURVE('',#4525,#4520,#4526,.T.);
#3730=EDGE_CURVE('',#4523,#4525,#4527,.T.);
#3731=EDGE_CURVE('',#4528,#4529,#4530,.T.);
#3732=EDGE_CURVE('',#4528,#4531,#4532,.T.);
#3733=EDGE_CURVE('',#4533,#4531,#4534,.T.);
#3734=EDGE_CURVE('',#4529,#4533,#4535,.T.);
#3735=EDGE_CURVE('',#4529,#4536,#4537,.T.);
#3736=EDGE_CURVE('',#4538,#4533,#4539,.T.);
#3737=EDGE_CURVE('',#4536,#4538,#4540,.T.);
#3738=EDGE_CURVE('',#4536,#4507,#4541,.T.);
#3739=EDGE_CURVE('',#4510,#4538,#4542,.T.);
#3740=EDGE_CURVE('',#4543,#4544,#4545,.T.);
#3741=EDGE_CURVE('',#4543,#4546,#4547,.T.);
#3742=EDGE_CURVE('',#4548,#4546,#4549,.T.);
#3743=EDGE_CURVE('',#4544,#4548,#4550,.T.);
#3744=EDGE_CURVE('',#4551,#4548,#4552,.T.);
#3745=EDGE_CURVE('',#4544,#4551,#4553,.T.);
#3746=EDGE_CURVE('',#4554,#4508,#4555,.T.);
#3747=EDGE_CURVE('',#4556,#4554,#4557,.T.);
#3748=EDGE_CURVE('',#4512,#4556,#4558,.T.);
#3749=EDGE_CURVE('',#4512,#4508,#4559,.T.);
#3750=EDGE_CURVE('',#4554,#4560,#4561,.T.);
#3751=EDGE_CURVE('',#4554,#4556,#4562,.T.);
#3752=EDGE_CURVE('',#4563,#4556,#4564,.T.);
#3753=EDGE_CURVE('',#4560,#4563,#4565,.T.);
#3754=EDGE_CURVE('',#4560,#4543,#4566,.T.);
#3755=EDGE_CURVE('',#4546,#4563,#4567,.T.);
#3756=EDGE_CURVE('',#4568,#4569,#4570,.T.);
#3757=EDGE_CURVE('',#4568,#4571,#4572,.T.);
#3758=EDGE_CURVE('',#4573,#4571,#4574,.T.);
#3759=EDGE_CURVE('',#4569,#4573,#4575,.T.);
#3760=EDGE_CURVE('',#4576,#4577,#4578,.T.);
#3761=EDGE_CURVE('',#4579,#4576,#4580,.T.);
#3762=EDGE_CURVE('',#4581,#4579,#4582,.T.);
#3763=EDGE_CURVE('',#4577,#4581,#4583,.T.);
#3764=EDGE_CURVE('',#4577,#4584,#4585,.T.);
#3765=EDGE_CURVE('',#4586,#4581,#4587,.T.);
#3766=EDGE_CURVE('',#4584,#4586,#4588,.T.);
#3767=EDGE_CURVE('',#4589,#4590,#4591,.T.);
#3768=EDGE_CURVE('',#4589,#4592,#4593,.T.);
#3769=EDGE_CURVE('',#4594,#4592,#4595,.T.);
#3770=EDGE_CURVE('',#4590,#4594,#4596,.T.);
#3771=EDGE_CURVE('',#4590,#4597,#4598,.T.);
#3772=EDGE_CURVE('',#4599,#4594,#4600,.T.);
#3773=EDGE_CURVE('',#4597,#4599,#4601,.T.);
#3774=EDGE_CURVE('',#4597,#4568,#4602,.T.);
#3775=EDGE_CURVE('',#4571,#4599,#4603,.T.);
#3776=EDGE_CURVE('',#4604,#4605,#4606,.T.);
#3777=EDGE_CURVE('',#4604,#4607,#4608,.T.);
#3778=EDGE_CURVE('',#4609,#4607,#4610,.T.);
#3779=EDGE_CURVE('',#4605,#4609,#4611,.T.);
#3780=EDGE_CURVE('',#4612,#4609,#4613,.T.);
#3781=EDGE_CURVE('',#4605,#4612,#4614,.T.);
#3782=EDGE_CURVE('',#4615,#4569,#4616,.T.);
#3783=EDGE_CURVE('',#4617,#4615,#4618,.T.);
#3784=EDGE_CURVE('',#4573,#4617,#4619,.T.);
#3785=EDGE_CURVE('',#4573,#4569,#4620,.T.);
#3786=EDGE_CURVE('',#4615,#4621,#4622,.T.);
#3787=EDGE_CURVE('',#4615,#4617,#4623,.T.);
#3788=EDGE_CURVE('',#4624,#4617,#4625,.T.);
#3789=EDGE_CURVE('',#4621,#4624,#4626,.T.);
#3790=EDGE_CURVE('',#4621,#4604,#4627,.T.);
#3791=EDGE_CURVE('',#4607,#4624,#4628,.T.);
#3792=EDGE_CURVE('',#4629,#4630,#4631,.T.);
#3793=EDGE_CURVE('',#4629,#4632,#4633,.T.);
#3794=EDGE_CURVE('',#4634,#4632,#4635,.T.);
#3795=EDGE_CURVE('',#4630,#4634,#4636,.T.);
#3796=EDGE_CURVE('',#4637,#4638,#4639,.T.);
#3797=EDGE_CURVE('',#4640,#4637,#4641,.T.);
#3798=EDGE_CURVE('',#4642,#4640,#4643,.T.);
#3799=EDGE_CURVE('',#4638,#4642,#4644,.T.);
#3800=EDGE_CURVE('',#4638,#4645,#4646,.T.);
#3801=EDGE_CURVE('',#4647,#4642,#4648,.T.);
#3802=EDGE_CURVE('',#4645,#4647,#4649,.T.);
#3803=EDGE_CURVE('',#4650,#4651,#4652,.T.);
#3804=EDGE_CURVE('',#4650,#4653,#4654,.T.);
#3805=EDGE_CURVE('',#4655,#4653,#4656,.T.);
#3806=EDGE_CURVE('',#4651,#4655,#4657,.T.);
#3807=EDGE_CURVE('',#4651,#4658,#4659,.T.);
#3808=EDGE_CURVE('',#4660,#4655,#4661,.T.);
#3809=EDGE_CURVE('',#4658,#4660,#4662,.T.);
#3810=EDGE_CURVE('',#4658,#4629,#4663,.T.);
#3811=EDGE_CURVE('',#4632,#4660,#4664,.T.);
#3812=EDGE_CURVE('',#4665,#4666,#4667,.T.);
#3813=EDGE_CURVE('',#4665,#4668,#4669,.T.);
#3814=EDGE_CURVE('',#4670,#4668,#4671,.T.);
#3815=EDGE_CURVE('',#4666,#4670,#4672,.T.);
#3816=EDGE_CURVE('',#4673,#4670,#4674,.T.);
#3817=EDGE_CURVE('',#4666,#4673,#4675,.T.);
#3818=EDGE_CURVE('',#4676,#4630,#4677,.T.);
#3819=EDGE_CURVE('',#4678,#4676,#4679,.T.);
#3820=EDGE_CURVE('',#4634,#4678,#4680,.T.);
#3821=EDGE_CURVE('',#4634,#4630,#4681,.T.);
#3822=EDGE_CURVE('',#4676,#4682,#4683,.T.);
#3823=EDGE_CURVE('',#4676,#4678,#4684,.T.);
#3824=EDGE_CURVE('',#4685,#4678,#4686,.T.);
#3825=EDGE_CURVE('',#4682,#4685,#4687,.T.);
#3826=EDGE_CURVE('',#4682,#4665,#4688,.T.);
#3827=EDGE_CURVE('',#4668,#4685,#4689,.T.);
#3828=EDGE_CURVE('',#4690,#4691,#4692,.T.);
#3829=EDGE_CURVE('',#4690,#4693,#4694,.T.);
#3830=EDGE_CURVE('',#4695,#4693,#4696,.T.);
#3831=EDGE_CURVE('',#4691,#4695,#4697,.T.);
#3832=EDGE_CURVE('',#4698,#4699,#4700,.T.);
#3833=EDGE_CURVE('',#4701,#4698,#4702,.T.);
#3834=EDGE_CURVE('',#4703,#4701,#4704,.T.);
#3835=EDGE_CURVE('',#4699,#4703,#4705,.T.);
#3836=EDGE_CURVE('',#4699,#4706,#4707,.T.);
#3837=EDGE_CURVE('',#4708,#4703,#4709,.T.);
#3838=EDGE_CURVE('',#4706,#4708,#4710,.T.);
#3839=EDGE_CURVE('',#4711,#4712,#4713,.T.);
#3840=EDGE_CURVE('',#4711,#4714,#4715,.T.);
#3841=EDGE_CURVE('',#4716,#4714,#4717,.T.);
#3842=EDGE_CURVE('',#4712,#4716,#4718,.T.);
#3843=EDGE_CURVE('',#4712,#4719,#4720,.T.);
#3844=EDGE_CURVE('',#4721,#4716,#4722,.T.);
#3845=EDGE_CURVE('',#4719,#4721,#4723,.T.);
#3846=EDGE_CURVE('',#4719,#4690,#4724,.T.);
#3847=EDGE_CURVE('',#4693,#4721,#4725,.T.);
#3848=EDGE_CURVE('',#4726,#4727,#4728,.T.);
#3849=EDGE_CURVE('',#4726,#4729,#4730,.T.);
#3850=EDGE_CURVE('',#4731,#4729,#4732,.T.);
#3851=EDGE_CURVE('',#4727,#4731,#4733,.T.);
#3852=EDGE_CURVE('',#4734,#4731,#4735,.T.);
#3853=EDGE_CURVE('',#4727,#4734,#4736,.T.);
#3854=EDGE_CURVE('',#4737,#4691,#4738,.T.);
#3855=EDGE_CURVE('',#4739,#4737,#4740,.T.);
#3856=EDGE_CURVE('',#4695,#4739,#4741,.T.);
#3857=EDGE_CURVE('',#4695,#4691,#4742,.T.);
#3858=EDGE_CURVE('',#4737,#4743,#4744,.T.);
#3859=EDGE_CURVE('',#4737,#4739,#4745,.T.);
#3860=EDGE_CURVE('',#4746,#4739,#4747,.T.);
#3861=EDGE_CURVE('',#4743,#4746,#4748,.T.);
#3862=EDGE_CURVE('',#4743,#4726,#4749,.T.);
#3863=EDGE_CURVE('',#4729,#4746,#4750,.T.);
#3864=EDGE_CURVE('',#4751,#4752,#4753,.T.);
#3865=EDGE_CURVE('',#4751,#4754,#4755,.T.);
#3866=EDGE_CURVE('',#4756,#4754,#4757,.T.);
#3867=EDGE_CURVE('',#4752,#4756,#4758,.T.);
#3868=EDGE_CURVE('',#4759,#4760,#4761,.T.);
#3869=EDGE_CURVE('',#4762,#4759,#4763,.T.);
#3870=EDGE_CURVE('',#4764,#4762,#4765,.T.);
#3871=EDGE_CURVE('',#4760,#4764,#4766,.T.);
#3872=EDGE_CURVE('',#4760,#4767,#4768,.T.);
#3873=EDGE_CURVE('',#4769,#4764,#4770,.T.);
#3874=EDGE_CURVE('',#4767,#4769,#4771,.T.);
#3875=EDGE_CURVE('',#4772,#4773,#4774,.T.);
#3876=EDGE_CURVE('',#4772,#4775,#4776,.T.);
#3877=EDGE_CURVE('',#4777,#4775,#4778,.T.);
#3878=EDGE_CURVE('',#4773,#4777,#4779,.T.);
#3879=EDGE_CURVE('',#4773,#4780,#4781,.T.);
#3880=EDGE_CURVE('',#4782,#4777,#4783,.T.);
#3881=EDGE_CURVE('',#4780,#4782,#4784,.T.);
#3882=EDGE_CURVE('',#4780,#4751,#4785,.T.);
#3883=EDGE_CURVE('',#4754,#4782,#4786,.T.);
#3884=EDGE_CURVE('',#4787,#4788,#4789,.T.);
#3885=EDGE_CURVE('',#4787,#4790,#4791,.T.);
#3886=EDGE_CURVE('',#4792,#4790,#4793,.T.);
#3887=EDGE_CURVE('',#4788,#4792,#4794,.T.);
#3888=EDGE_CURVE('',#4795,#4792,#4796,.T.);
#3889=EDGE_CURVE('',#4788,#4795,#4797,.T.);
#3890=EDGE_CURVE('',#4798,#4752,#4799,.T.);
#3891=EDGE_CURVE('',#4800,#4798,#4801,.T.);
#3892=EDGE_CURVE('',#4756,#4800,#4802,.T.);
#3893=EDGE_CURVE('',#4756,#4752,#4803,.T.);
#3894=EDGE_CURVE('',#4798,#4804,#4805,.T.);
#3895=EDGE_CURVE('',#4798,#4800,#4806,.T.);
#3896=EDGE_CURVE('',#4807,#4800,#4808,.T.);
#3897=EDGE_CURVE('',#4804,#4807,#4809,.T.);
#3898=EDGE_CURVE('',#4804,#4787,#4810,.T.);
#3899=EDGE_CURVE('',#4790,#4807,#4811,.T.);
#3900=EDGE_CURVE('',#4790,#4787,#4812,.T.);
#3901=EDGE_CURVE('',#4807,#4804,#4813,.T.);
#3902=EDGE_CURVE('',#4792,#4788,#4814,.T.);
#3903=EDGE_CURVE('',#4754,#4751,#4815,.T.);
#3904=EDGE_CURVE('',#4782,#4780,#4816,.T.);
#3905=EDGE_CURVE('',#4777,#4773,#4817,.T.);
#3906=EDGE_CURVE('',#4775,#4772,#4818,.T.);
#3907=EDGE_CURVE('',#4769,#4767,#4819,.T.);
#3908=EDGE_CURVE('',#4764,#4760,#4820,.T.);
#3909=EDGE_CURVE('',#4759,#4762,#4821,.T.);
#3910=EDGE_CURVE('',#4729,#4726,#4822,.T.);
#3911=EDGE_CURVE('',#4746,#4743,#4823,.T.);
#3912=EDGE_CURVE('',#4731,#4727,#4824,.T.);
#3913=EDGE_CURVE('',#4693,#4690,#4825,.T.);
#3914=EDGE_CURVE('',#4721,#4719,#4826,.T.);
#3915=EDGE_CURVE('',#4716,#4712,#4827,.T.);
#3916=EDGE_CURVE('',#4714,#4711,#4828,.T.);
#3917=EDGE_CURVE('',#4708,#4706,#4829,.T.);
#3918=EDGE_CURVE('',#4703,#4699,#4830,.T.);
#3919=EDGE_CURVE('',#4698,#4701,#4831,.T.);
#3920=EDGE_CURVE('',#4668,#4665,#4832,.T.);
#3921=EDGE_CURVE('',#4685,#4682,#4833,.T.);
#3922=EDGE_CURVE('',#4670,#4666,#4834,.T.);
#3923=EDGE_CURVE('',#4632,#4629,#4835,.T.);
#3924=EDGE_CURVE('',#4660,#4658,#4836,.T.);
#3925=EDGE_CURVE('',#4655,#4651,#4837,.T.);
#3926=EDGE_CURVE('',#4653,#4650,#4838,.T.);
#3927=EDGE_CURVE('',#4647,#4645,#4839,.T.);
#3928=EDGE_CURVE('',#4642,#4638,#4840,.T.);
#3929=EDGE_CURVE('',#4637,#4640,#4841,.T.);
#3930=EDGE_CURVE('',#4607,#4604,#4842,.T.);
#3931=EDGE_CURVE('',#4624,#4621,#4843,.T.);
#3932=EDGE_CURVE('',#4609,#4605,#4844,.T.);
#3933=EDGE_CURVE('',#4571,#4568,#4845,.T.);
#3934=EDGE_CURVE('',#4599,#4597,#4846,.T.);
#3935=EDGE_CURVE('',#4594,#4590,#4847,.T.);
#3936=EDGE_CURVE('',#4592,#4589,#4848,.T.);
#3937=EDGE_CURVE('',#4586,#4584,#4849,.T.);
#3938=EDGE_CURVE('',#4581,#4577,#4850,.T.);
#3939=EDGE_CURVE('',#4576,#4579,#4851,.T.);
#3940=EDGE_CURVE('',#4546,#4543,#4852,.T.);
#3941=EDGE_CURVE('',#4563,#4560,#4853,.T.);
#3942=EDGE_CURVE('',#4548,#4544,#4854,.T.);
#3943=EDGE_CURVE('',#4510,#4507,#4855,.T.);
#3944=EDGE_CURVE('',#4538,#4536,#4856,.T.);
#3945=EDGE_CURVE('',#4533,#4529,#4857,.T.);
#3946=EDGE_CURVE('',#4531,#4528,#4858,.T.);
#3947=EDGE_CURVE('',#4525,#4523,#4859,.T.);
#3948=EDGE_CURVE('',#4520,#4516,#4860,.T.);
#3949=EDGE_CURVE('',#4515,#4518,#4861,.T.);
#3950=EDGE_CURVE('',#4485,#4482,#4862,.T.);
#3951=EDGE_CURVE('',#4502,#4499,#4863,.T.);
#3952=EDGE_CURVE('',#4487,#4483,#4864,.T.);
#3953=EDGE_CURVE('',#4449,#4446,#4865,.T.);
#3954=EDGE_CURVE('',#4477,#4475,#4866,.T.);
#3955=EDGE_CURVE('',#4472,#4468,#4867,.T.);
#3956=EDGE_CURVE('',#4470,#4467,#4868,.T.);
#3957=EDGE_CURVE('',#4464,#4462,#4869,.T.);
#3958=EDGE_CURVE('',#4459,#4455,#4870,.T.);
#3959=EDGE_CURVE('',#4454,#4457,#4871,.T.);
#3960=EDGE_CURVE('',#4443,#4439,#4872,.T.);
#3961=EDGE_CURVE('',#4441,#4412,#4873,.T.);
#3962=EDGE_CURVE('',#4433,#4430,#4874,.T.);
#3963=EDGE_CURVE('',#4429,#4224,#4875,.T.);
#3964=EDGE_CURVE('',#4424,#4225,#4876,.T.);
#3965=EDGE_CURVE('',#4426,#4411,#4877,.T.);
#3966=EDGE_CURVE('',#4408,#4404,#4878,.T.);
#3967=EDGE_CURVE('',#4406,#4377,#4879,.T.);
#3968=EDGE_CURVE('',#4398,#4395,#4880,.T.);
#3969=EDGE_CURVE('',#4394,#4212,#4881,.T.);
#3970=EDGE_CURVE('',#4389,#4213,#4882,.T.);
#3971=EDGE_CURVE('',#4391,#4376,#4883,.T.);
#3972=EDGE_CURVE('',#4373,#4369,#4884,.T.);
#3973=EDGE_CURVE('',#4371,#4342,#4885,.T.);
#3974=EDGE_CURVE('',#4363,#4360,#4886,.T.);
#3975=EDGE_CURVE('',#4359,#4200,#4887,.T.);
#3976=EDGE_CURVE('',#4354,#4201,#4888,.T.);
#3977=EDGE_CURVE('',#4356,#4341,#4889,.T.);
#3978=EDGE_CURVE('',#4338,#4334,#4890,.T.);
#3979=EDGE_CURVE('',#4336,#4307,#4891,.T.);
#3980=EDGE_CURVE('',#4328,#4325,#4892,.T.);
#3981=EDGE_CURVE('',#4324,#4188,#4893,.T.);
#3982=EDGE_CURVE('',#4319,#4189,#4894,.T.);
#3983=EDGE_CURVE('',#4321,#4306,#4895,.T.);
#3984=EDGE_CURVE('',#4303,#4299,#4896,.T.);
#3985=EDGE_CURVE('',#4301,#4272,#4897,.T.);
#3986=EDGE_CURVE('',#4293,#4290,#4898,.T.);
#3987=EDGE_CURVE('',#4289,#4176,#4899,.T.);
#3988=EDGE_CURVE('',#4284,#4177,#4900,.T.);
#3989=EDGE_CURVE('',#4286,#4271,#4901,.T.);
#3990=EDGE_CURVE('',#4268,#4264,#4902,.T.);
#3991=EDGE_CURVE('',#4266,#4237,#4903,.T.);
#3992=EDGE_CURVE('',#4258,#4255,#4904,.T.);
#3993=EDGE_CURVE('',#4254,#4164,#4905,.T.);
#3994=EDGE_CURVE('',#4249,#4165,#4906,.T.);
#3995=EDGE_CURVE('',#4251,#4236,#4907,.T.);
#3996=EDGE_CURVE('',#4908,#4909,#4910,.T.);
#3997=EDGE_CURVE('',#4911,#4908,#4912,.T.);
#3998=EDGE_CURVE('',#4913,#4911,#4914,.T.);
#3999=EDGE_CURVE('',#4909,#4913,#4915,.T.);
#4000=EDGE_CURVE('',#4916,#4917,#4918,.T.);
#4001=EDGE_CURVE('',#4919,#4916,#4920,.T.);
#4002=EDGE_CURVE('',#4921,#4919,#4922,.T.);
#4003=EDGE_CURVE('',#4917,#4921,#4923,.T.);
#4004=EDGE_CURVE('',#4924,#4925,#4926,.T.);
#4005=EDGE_CURVE('',#4927,#4924,#4928,.T.);
#4006=EDGE_CURVE('',#4929,#4927,#4930,.T.);
#4007=EDGE_CURVE('',#4929,#4925,#4931,.T.);
#4008=EDGE_CURVE('',#4932,#4933,#4934,.T.);
#4009=EDGE_CURVE('',#4935,#4932,#4936,.T.);
#4010=EDGE_CURVE('',#4937,#4935,#4938,.T.);
#4011=EDGE_CURVE('',#4937,#4933,#4939,.T.);
#4012=EDGE_CURVE('',#4940,#4932,#4941,.T.);
#4013=EDGE_CURVE('',#4940,#4942,#4943,.T.);
#4014=EDGE_CURVE('',#4942,#4935,#4944,.T.);
#4015=EDGE_CURVE('',#4921,#4945,#4946,.T.);
#4016=EDGE_CURVE('',#4947,#4945,#4948,.T.);
#4017=EDGE_CURVE('',#4917,#4947,#4949,.T.);
#4018=EDGE_CURVE('',#4942,#4950,#4951,.T.);
#4019=EDGE_CURVE('',#4950,#4937,#4952,.T.);
#4020=EDGE_CURVE('',#4919,#4953,#4954,.T.);
#4021=EDGE_CURVE('',#4945,#4953,#4955,.T.);
#4022=EDGE_CURVE('',#4911,#4929,#4956,.T.);
#4023=EDGE_CURVE('',#4927,#4957,#4958,.T.);
#4024=EDGE_CURVE('',#4957,#4959,#4960,.T.);
#4025=EDGE_CURVE('',#4959,#4961,#4962,.T.);
#4026=EDGE_CURVE('',#4961,#4963,#4964,.T.);
#4027=EDGE_CURVE('',#4963,#4965,#4966,.T.);
#4028=EDGE_CURVE('',#4965,#4967,#4968,.T.);
#4029=EDGE_CURVE('',#4967,#4969,#4970,.T.);
#4030=EDGE_CURVE('',#4969,#4971,#4972,.T.);
#4031=EDGE_CURVE('',#4971,#4973,#4974,.T.);
#4032=EDGE_CURVE('',#4973,#4975,#4976,.T.);
#4033=EDGE_CURVE('',#4975,#4977,#4978,.T.);
#4034=EDGE_CURVE('',#4977,#4979,#4980,.T.);
#4035=EDGE_CURVE('',#4979,#4981,#4982,.T.);
#4036=EDGE_CURVE('',#4981,#4983,#4984,.T.);
#4037=EDGE_CURVE('',#4983,#4985,#4986,.T.);
#4038=EDGE_CURVE('',#4985,#4987,#4988,.T.);
#4039=EDGE_CURVE('',#4987,#4989,#4990,.T.);
#4040=EDGE_CURVE('',#4989,#4991,#4992,.T.);
#4041=EDGE_CURVE('',#4991,#4993,#4994,.T.);
#4042=EDGE_CURVE('',#4993,#4995,#4996,.T.);
#4043=EDGE_CURVE('',#4995,#4997,#4998,.T.);
#4044=EDGE_CURVE('',#4997,#4999,#5000,.T.);
#4045=EDGE_CURVE('',#4999,#5001,#5002,.T.);
#4046=EDGE_CURVE('',#5001,#5003,#5004,.T.);
#4047=EDGE_CURVE('',#5003,#4913,#5005,.T.);
#4048=EDGE_CURVE('',#4933,#4916,#5006,.T.);
#4049=EDGE_CURVE('',#4950,#5007,#5008,.T.);
#4050=EDGE_CURVE('',#5009,#5007,#5010,.T.);
#4051=EDGE_CURVE('',#5011,#5009,#5012,.T.);
#4052=EDGE_CURVE('',#5013,#5011,#5014,.T.);
#4053=EDGE_CURVE('',#5013,#5015,#5016,.T.);
#4054=EDGE_CURVE('',#5017,#5015,#5018,.T.);
#4055=EDGE_CURVE('',#5019,#5017,#5020,.T.);
#4056=EDGE_CURVE('',#5021,#5019,#5022,.T.);
#4057=EDGE_CURVE('',#5021,#5023,#5024,.T.);
#4058=EDGE_CURVE('',#5025,#5023,#5026,.T.);
#4059=EDGE_CURVE('',#5027,#5025,#5028,.T.);
#4060=EDGE_CURVE('',#5029,#5027,#5030,.T.);
#4061=EDGE_CURVE('',#5029,#5031,#5032,.T.);
#4062=EDGE_CURVE('',#5033,#5031,#5034,.T.);
#4063=EDGE_CURVE('',#5035,#5033,#5036,.T.);
#4064=EDGE_CURVE('',#5037,#5035,#5038,.T.);
#4065=EDGE_CURVE('',#5037,#5039,#5040,.T.);
#4066=EDGE_CURVE('',#5041,#5039,#5042,.T.);
#4067=EDGE_CURVE('',#5043,#5041,#5044,.T.);
#4068=EDGE_CURVE('',#5045,#5043,#5046,.T.);
#4069=EDGE_CURVE('',#5047,#5045,#5048,.T.);
#4070=EDGE_CURVE('',#5047,#5049,#5050,.T.);
#4071=EDGE_CURVE('',#4993,#5049,#5051,.T.);
#4072=EDGE_CURVE('',#4991,#5052,#5053,.T.);
#4073=EDGE_CURVE('',#5052,#5054,#5055,.T.);
#4074=EDGE_CURVE('',#4985,#5054,#5056,.T.);
#4075=EDGE_CURVE('',#4983,#5057,#5058,.T.);
#4076=EDGE_CURVE('',#5057,#5059,#5060,.T.);
#4077=EDGE_CURVE('',#4977,#5059,#5061,.T.);
#4078=EDGE_CURVE('',#4975,#5062,#5063,.T.);
#4079=EDGE_CURVE('',#5062,#5064,#5065,.T.);
#4080=EDGE_CURVE('',#4969,#5064,#5066,.T.);
#4081=EDGE_CURVE('',#4967,#5067,#5068,.T.);
#4082=EDGE_CURVE('',#5067,#5069,#5070,.T.);
#4083=EDGE_CURVE('',#4961,#5069,#5071,.T.);
#4084=EDGE_CURVE('',#4959,#5072,#5073,.T.);
#4085=EDGE_CURVE('',#5072,#4925,#5074,.T.);
#4086=EDGE_CURVE('',#4908,#5075,#5076,.T.);
#4087=EDGE_CURVE('',#4953,#5075,#5077,.T.);
#4088=EDGE_CURVE('',#5072,#5078,#5079,.T.);
#4089=EDGE_CURVE('',#4924,#5078,#5080,.T.);
#4090=EDGE_CURVE('',#5078,#4957,#5081,.T.);
#4091=EDGE_CURVE('',#5082,#5003,#5083,.T.);
#4092=EDGE_CURVE('',#5082,#4909,#5084,.T.);
#4093=EDGE_CURVE('',#5007,#4940,#5085,.T.);
#4094=EDGE_CURVE('',#5086,#5069,#5087,.T.);
#4095=EDGE_CURVE('',#4963,#5086,#5088,.T.);
#4096=EDGE_CURVE('',#5089,#5009,#5090,.T.);
#4097=EDGE_CURVE('',#5091,#5089,#5092,.T.);
#4098=EDGE_CURVE('',#5011,#5091,#5093,.T.);
#4099=EDGE_CURVE('',#5094,#5089,#5095,.T.);
#4100=EDGE_CURVE('',#5094,#5096,#5097,.T.);
#4101=EDGE_CURVE('',#5096,#5091,#5098,.T.);
#4102=EDGE_CURVE('',#5096,#5013,#5099,.T.);
#4103=EDGE_CURVE('',#5067,#5100,#5101,.T.);
#4104=EDGE_CURVE('',#5086,#5100,#5102,.T.);
#4105=EDGE_CURVE('',#5100,#4965,#5103,.T.);
#4106=EDGE_CURVE('',#5015,#5094,#5104,.T.);
#4107=EDGE_CURVE('',#5105,#5064,#5106,.T.);
#4108=EDGE_CURVE('',#4971,#5105,#5107,.T.);
#4109=EDGE_CURVE('',#5108,#5017,#5109,.T.);
#4110=EDGE_CURVE('',#5110,#5108,#5111,.T.);
#4111=EDGE_CURVE('',#5019,#5110,#5112,.T.);
#4112=EDGE_CURVE('',#5113,#5108,#5114,.T.);
#4113=EDGE_CURVE('',#5113,#5115,#5116,.T.);
#4114=EDGE_CURVE('',#5115,#5110,#5117,.T.);
#4115=EDGE_CURVE('',#5115,#5021,#5118,.T.);
#4116=EDGE_CURVE('',#5062,#5119,#5120,.T.);
#4117=EDGE_CURVE('',#5105,#5119,#5121,.T.);
#4118=EDGE_CURVE('',#5119,#4973,#5122,.T.);
#4119=EDGE_CURVE('',#5023,#5113,#5123,.T.);
#4120=EDGE_CURVE('',#5124,#5059,#5125,.T.);
#4121=EDGE_CURVE('',#4979,#5124,#5126,.T.);
#4122=EDGE_CURVE('',#5127,#5025,#5128,.T.);
#4123=EDGE_CURVE('',#5129,#5127,#5130,.T.);
#4124=EDGE_CURVE('',#5027,#5129,#5131,.T.);
#4125=EDGE_CURVE('',#5132,#5127,#5133,.T.);
#4126=EDGE_CURVE('',#5132,#5134,#5135,.T.);
#4127=EDGE_CURVE('',#5134,#5129,#5136,.T.);
#4128=EDGE_CURVE('',#5134,#5029,#5137,.T.);
#4129=EDGE_CURVE('',#5057,#5138,#5139,.T.);
#4130=EDGE_CURVE('',#5124,#5138,#5140,.T.);
#4131=EDGE_CURVE('',#5138,#4981,#5141,.T.);
#4132=EDGE_CURVE('',#5031,#5132,#5142,.T.);
#4133=EDGE_CURVE('',#5143,#5054,#5144,.T.);
#4134=EDGE_CURVE('',#4987,#5143,#5145,.T.);
#4135=EDGE_CURVE('',#5146,#5033,#5147,.T.);
#4136=EDGE_CURVE('',#5148,#5146,#5149,.T.);
#4137=EDGE_CURVE('',#5035,#5148,#5150,.T.);
#4138=EDGE_CURVE('',#5151,#5146,#5152,.T.);
#4139=EDGE_CURVE('',#5151,#5153,#5154,.T.);
#4140=EDGE_CURVE('',#5153,#5148,#5155,.T.);
#4141=EDGE_CURVE('',#5153,#5037,#5156,.T.);
#4142=EDGE_CURVE('',#5052,#5157,#5158,.T.);
#4143=EDGE_CURVE('',#5143,#5157,#5159,.T.);
#4144=EDGE_CURVE('',#5157,#4989,#5160,.T.);
#4145=EDGE_CURVE('',#5039,#5151,#5161,.T.);
#4146=EDGE_CURVE('',#5162,#5049,#5163,.T.);
#4147=EDGE_CURVE('',#4995,#5162,#5164,.T.);
#4148=EDGE_CURVE('',#5165,#5041,#5166,.T.);
#4149=EDGE_CURVE('',#5167,#5165,#5168,.T.);
#4150=EDGE_CURVE('',#5043,#5167,#5169,.T.);
#4151=EDGE_CURVE('',#5170,#5165,#5171,.T.);
#4152=EDGE_CURVE('',#5170,#5172,#5173,.T.);
#4153=EDGE_CURVE('',#5172,#5167,#5174,.T.);
#4154=EDGE_CURVE('',#5162,#5175,#5176,.T.);
#4155=EDGE_CURVE('',#5175,#4997,#5177,.T.);
#4156=EDGE_CURVE('',#5045,#5172,#5178,.T.);
#4157=EDGE_CURVE('',#5175,#5047,#5179,.T.);
#4158=EDGE_CURVE('',#5075,#5082,#5180,.T.);
#4159=EDGE_CURVE('',#5181,#5170,#5182,.T.);
#4160=EDGE_CURVE('',#5181,#4999,#5183,.T.);
#4161=EDGE_CURVE('',#4947,#5184,#5185,.T.);
#4162=EDGE_CURVE('',#5184,#5181,#5186,.T.);
#4163=EDGE_CURVE('',#5184,#5001,#5187,.T.);
#4164=VERTEX_POINT('',#5188);
#4165=VERTEX_POINT('',#5189);
#4166=CIRCLE('',#5190,0.88);
#4167=VERTEX_POINT('',#5191);
#4168=CIRCLE('',#5192,0.22);
#4169=VERTEX_POINT('',#5193);
#4170=CIRCLE('',#5194,0.22);
#4171=VERTEX_POINT('',#5195);
#4172=CIRCLE('',#5196,0.44);
#4173=VERTEX_POINT('',#5197);
#4174=CIRCLE('',#5198,0.22);
#4175=CIRCLE('',#5199,0.22);
#4176=VERTEX_POINT('',#5200);
#4177=VERTEX_POINT('',#5201);
#4178=CIRCLE('',#5202,0.88);
#4179=VERTEX_POINT('',#5203);
#4180=CIRCLE('',#5204,0.22);
#4181=VERTEX_POINT('',#5205);
#4182=CIRCLE('',#5206,0.22);
#4183=VERTEX_POINT('',#5207);
#4184=CIRCLE('',#5208,0.44);
#4185=VERTEX_POINT('',#5209);
#4186=CIRCLE('',#5210,0.22);
#4187=CIRCLE('',#5211,0.22);
#4188=VERTEX_POINT('',#5212);
#4189=VERTEX_POINT('',#5213);
#4190=CIRCLE('',#5214,0.88);
#4191=VERTEX_POINT('',#5215);
#4192=CIRCLE('',#5216,0.22);
#4193=VERTEX_POINT('',#5217);
#4194=CIRCLE('',#5218,0.22);
#4195=VERTEX_POINT('',#5219);
#4196=CIRCLE('',#5220,0.44);
#4197=VERTEX_POINT('',#5221);
#4198=CIRCLE('',#5222,0.22);
#4199=CIRCLE('',#5223,0.22);
#4200=VERTEX_POINT('',#5224);
#4201=VERTEX_POINT('',#5225);
#4202=CIRCLE('',#5226,0.88);
#4203=VERTEX_POINT('',#5227);
#4204=CIRCLE('',#5228,0.22);
#4205=VERTEX_POINT('',#5229);
#4206=CIRCLE('',#5230,0.22);
#4207=VERTEX_POINT('',#5231);
#4208=CIRCLE('',#5232,0.44);
#4209=VERTEX_POINT('',#5233);
#4210=CIRCLE('',#5234,0.22);
#4211=CIRCLE('',#5235,0.22);
#4212=VERTEX_POINT('',#5236);
#4213=VERTEX_POINT('',#5237);
#4214=CIRCLE('',#5238,0.88);
#4215=VERTEX_POINT('',#5239);
#4216=CIRCLE('',#5240,0.22);
#4217=VERTEX_POINT('',#5241);
#4218=CIRCLE('',#5242,0.22);
#4219=VERTEX_POINT('',#5243);
#4220=CIRCLE('',#5244,0.44);
#4221=VERTEX_POINT('',#5245);
#4222=CIRCLE('',#5246,0.22);
#4223=CIRCLE('',#5247,0.22);
#4224=VERTEX_POINT('',#5248);
#4225=VERTEX_POINT('',#5249);
#4226=CIRCLE('',#5250,0.88);
#4227=VERTEX_POINT('',#5251);
#4228=CIRCLE('',#5252,0.22);
#4229=VERTEX_POINT('',#5253);
#4230=CIRCLE('',#5254,0.22);
#4231=VERTEX_POINT('',#5255);
#4232=CIRCLE('',#5256,0.44);
#4233=VERTEX_POINT('',#5257);
#4234=CIRCLE('',#5258,0.22);
#4235=CIRCLE('',#5259,0.22);
#4236=VERTEX_POINT('',#5260);
#4237=VERTEX_POINT('',#5261);
#4238=CIRCLE('',#5262,0.0999999999999569);
#4239=VERTEX_POINT('',#5263);
#4240=CIRCLE('',#5264,0.22);
#4241=VERTEX_POINT('',#5265);
#4242=CIRCLE('',#5266,0.22);
#4243=VERTEX_POINT('',#5267);
#4244=CIRCLE('',#5268,0.0999999999999569);
#4245=VERTEX_POINT('',#5269);
#4246=CIRCLE('',#5270,0.249289321881349);
#4247=CIRCLE('',#5271,0.249289321881349);
#4248=LINE('',#5272,#5273);
#4249=VERTEX_POINT('',#5274);
#4250=CIRCLE('',#5275,0.22);
#4251=VERTEX_POINT('',#5276);
#4252=LINE('',#5277,#5278);
#4253=CIRCLE('',#5279,0.22);
#4254=VERTEX_POINT('',#5280);
#4255=VERTEX_POINT('',#5281);
#4256=LINE('',#5282,#5283);
#4257=CIRCLE('',#5284,0.22);
#4258=VERTEX_POINT('',#5285);
#4259=LINE('',#5286,#5287);
#4260=CIRCLE('',#5288,0.22);
#4261=VERTEX_POINT('',#5289);
#4262=CIRCLE('',#5290,0.22);
#4263=CIRCLE('',#5291,0.22);
#4264=VERTEX_POINT('',#5292);
#4265=LINE('',#5293,#5294);
#4266=VERTEX_POINT('',#5295);
#4267=CIRCLE('',#5296,0.249289321881349);
#4268=VERTEX_POINT('',#5297);
#4269=LINE('',#5298,#5299);
#4270=CIRCLE('',#5300,0.319999999999994);
#4271=VERTEX_POINT('',#5301);
#4272=VERTEX_POINT('',#5302);
#4273=CIRCLE('',#5303,0.0999999999999569);
#4274=VERTEX_POINT('',#5304);
#4275=CIRCLE('',#5305,0.22);
#4276=VERTEX_POINT('',#5306);
#4277=CIRCLE('',#5307,0.22);
#4278=VERTEX_POINT('',#5308);
#4279=CIRCLE('',#5309,0.0999999999999569);
#4280=VERTEX_POINT('',#5310);
#4281=CIRCLE('',#5311,0.249289321881349);
#4282=CIRCLE('',#5312,0.249289321881349);
#4283=LINE('',#5313,#5314);
#4284=VERTEX_POINT('',#5315);
#4285=CIRCLE('',#5316,0.22);
#4286=VERTEX_POINT('',#5317);
#4287=LINE('',#5318,#5319);
#4288=CIRCLE('',#5320,0.22);
#4289=VERTEX_POINT('',#5321);
#4290=VERTEX_POINT('',#5322);
#4291=LINE('',#5323,#5324);
#4292=CIRCLE('',#5325,0.22);
#4293=VERTEX_POINT('',#5326);
#4294=LINE('',#5327,#5328);
#4295=CIRCLE('',#5329,0.22);
#4296=VERTEX_POINT('',#5330);
#4297=CIRCLE('',#5331,0.22);
#4298=CIRCLE('',#5332,0.22);
#4299=VERTEX_POINT('',#5333);
#4300=LINE('',#5334,#5335);
#4301=VERTEX_POINT('',#5336);
#4302=CIRCLE('',#5337,0.249289321881349);
#4303=VERTEX_POINT('',#5338);
#4304=LINE('',#5339,#5340);
#4305=CIRCLE('',#5341,0.319999999999994);
#4306=VERTEX_POINT('',#5342);
#4307=VERTEX_POINT('',#5343);
#4308=CIRCLE('',#5344,0.0999999999999569);
#4309=VERTEX_POINT('',#5345);
#4310=CIRCLE('',#5346,0.22);
#4311=VERTEX_POINT('',#5347);
#4312=CIRCLE('',#5348,0.22);
#4313=VERTEX_POINT('',#5349);
#4314=CIRCLE('',#5350,0.0999999999999569);
#4315=VERTEX_POINT('',#5351);
#4316=CIRCLE('',#5352,0.249289321881349);
#4317=CIRCLE('',#5353,0.249289321881349);
#4318=LINE('',#5354,#5355);
#4319=VERTEX_POINT('',#5356);
#4320=CIRCLE('',#5357,0.22);
#4321=VERTEX_POINT('',#5358);
#4322=LINE('',#5359,#5360);
#4323=CIRCLE('',#5361,0.22);
#4324=VERTEX_POINT('',#5362);
#4325=VERTEX_POINT('',#5363);
#4326=LINE('',#5364,#5365);
#4327=CIRCLE('',#5366,0.22);
#4328=VERTEX_POINT('',#5367);
#4329=LINE('',#5368,#5369);
#4330=CIRCLE('',#5370,0.22);
#4331=VERTEX_POINT('',#5371);
#4332=CIRCLE('',#5372,0.22);
#4333=CIRCLE('',#5373,0.22);
#4334=VERTEX_POINT('',#5374);
#4335=LINE('',#5375,#5376);
#4336=VERTEX_POINT('',#5377);
#4337=CIRCLE('',#5378,0.249289321881349);
#4338=VERTEX_POINT('',#5379);
#4339=LINE('',#5380,#5381);
#4340=CIRCLE('',#5382,0.319999999999994);
#4341=VERTEX_POINT('',#5383);
#4342=VERTEX_POINT('',#5384);
#4343=CIRCLE('',#5385,0.0999999999999569);
#4344=VERTEX_POINT('',#5386);
#4345=CIRCLE('',#5387,0.22);
#4346=VERTEX_POINT('',#5388);
#4347=CIRCLE('',#5389,0.22);
#4348=VERTEX_POINT('',#5390);
#4349=CIRCLE('',#5391,0.0999999999999569);
#4350=VERTEX_POINT('',#5392);
#4351=CIRCLE('',#5393,0.249289321881349);
#4352=CIRCLE('',#5394,0.249289321881349);
#4353=LINE('',#5395,#5396);
#4354=VERTEX_POINT('',#5397);
#4355=CIRCLE('',#5398,0.22);
#4356=VERTEX_POINT('',#5399);
#4357=LINE('',#5400,#5401);
#4358=CIRCLE('',#5402,0.22);
#4359=VERTEX_POINT('',#5403);
#4360=VERTEX_POINT('',#5404);
#4361=LINE('',#5405,#5406);
#4362=CIRCLE('',#5407,0.22);
#4363=VERTEX_POINT('',#5408);
#4364=LINE('',#5409,#5410);
#4365=CIRCLE('',#5411,0.22);
#4366=VERTEX_POINT('',#5412);
#4367=CIRCLE('',#5413,0.22);
#4368=CIRCLE('',#5414,0.22);
#4369=VERTEX_POINT('',#5415);
#4370=LINE('',#5416,#5417);
#4371=VERTEX_POINT('',#5418);
#4372=CIRCLE('',#5419,0.249289321881349);
#4373=VERTEX_POINT('',#5420);
#4374=LINE('',#5421,#5422);
#4375=CIRCLE('',#5423,0.319999999999994);
#4376=VERTEX_POINT('',#5424);
#4377=VERTEX_POINT('',#5425);
#4378=CIRCLE('',#5426,0.0999999999999569);
#4379=VERTEX_POINT('',#5427);
#4380=CIRCLE('',#5428,0.22);
#4381=VERTEX_POINT('',#5429);
#4382=CIRCLE('',#5430,0.22);
#4383=VERTEX_POINT('',#5431);
#4384=CIRCLE('',#5432,0.0999999999999569);
#4385=VERTEX_POINT('',#5433);
#4386=CIRCLE('',#5434,0.249289321881349);
#4387=CIRCLE('',#5435,0.249289321881349);
#4388=LINE('',#5436,#5437);
#4389=VERTEX_POINT('',#5438);
#4390=CIRCLE('',#5439,0.22);
#4391=VERTEX_POINT('',#5440);
#4392=LINE('',#5441,#5442);
#4393=CIRCLE('',#5443,0.22);
#4394=VERTEX_POINT('',#5444);
#4395=VERTEX_POINT('',#5445);
#4396=LINE('',#5446,#5447);
#4397=CIRCLE('',#5448,0.22);
#4398=VERTEX_POINT('',#5449);
#4399=LINE('',#5450,#5451);
#4400=CIRCLE('',#5452,0.22);
#4401=VERTEX_POINT('',#5453);
#4402=CIRCLE('',#5454,0.22);
#4403=CIRCLE('',#5455,0.22);
#4404=VERTEX_POINT('',#5456);
#4405=LINE('',#5457,#5458);
#4406=VERTEX_POINT('',#5459);
#4407=CIRCLE('',#5460,0.249289321881349);
#4408=VERTEX_POINT('',#5461);
#4409=LINE('',#5462,#5463);
#4410=CIRCLE('',#5464,0.319999999999994);
#4411=VERTEX_POINT('',#5465);
#4412=VERTEX_POINT('',#5466);
#4413=CIRCLE('',#5467,0.0999999999999569);
#4414=VERTEX_POINT('',#5468);
#4415=CIRCLE('',#5469,0.22);
#4416=VERTEX_POINT('',#5470);
#4417=CIRCLE('',#5471,0.22);
#4418=VERTEX_POINT('',#5472);
#4419=CIRCLE('',#5473,0.0999999999999569);
#4420=VERTEX_POINT('',#5474);
#4421=CIRCLE('',#5475,0.249289321881349);
#4422=CIRCLE('',#5476,0.249289321881349);
#4423=LINE('',#5477,#5478);
#4424=VERTEX_POINT('',#5479);
#4425=CIRCLE('',#5480,0.22);
#4426=VERTEX_POINT('',#5481);
#4427=LINE('',#5482,#5483);
#4428=CIRCLE('',#5484,0.22);
#4429=VERTEX_POINT('',#5485);
#4430=VERTEX_POINT('',#5486);
#4431=LINE('',#5487,#5488);
#4432=CIRCLE('',#5489,0.22);
#4433=VERTEX_POINT('',#5490);
#4434=LINE('',#5491,#5492);
#4435=CIRCLE('',#5493,0.22);
#4436=VERTEX_POINT('',#5494);
#4437=CIRCLE('',#5495,0.22);
#4438=CIRCLE('',#5496,0.22);
#4439=VERTEX_POINT('',#5497);
#4440=LINE('',#5498,#5499);
#4441=VERTEX_POINT('',#5500);
#4442=CIRCLE('',#5501,0.249289321881349);
#4443=VERTEX_POINT('',#5502);
#4444=LINE('',#5503,#5504);
#4445=CIRCLE('',#5505,0.319999999999994);
#4446=VERTEX_POINT('',#5506);
#4447=VERTEX_POINT('',#5507);
#4448=LINE('',#5508,#5509);
#4449=VERTEX_POINT('',#5510);
#4450=CIRCLE('',#5511,0.15097819458649);
#4451=VERTEX_POINT('',#5512);
#4452=LINE('',#5513,#5514);
#4453=CIRCLE('',#5515,0.26538531953578);
#4454=VERTEX_POINT('',#5516);
#4455=VERTEX_POINT('',#5517);
#4456=LINE('',#5518,#5519);
#4457=VERTEX_POINT('',#5520);
#4458=CIRCLE('',#5521,0.5);
#4459=VERTEX_POINT('',#5522);
#4460=LINE('',#5523,#5524);
#4461=CIRCLE('',#5525,0.385);
#4462=VERTEX_POINT('',#5526);
#4463=LINE('',#5527,#5528);
#4464=VERTEX_POINT('',#5529);
#4465=LINE('',#5530,#5531);
#4466=CIRCLE('',#5532,0.385);
#4467=VERTEX_POINT('',#5533);
#4468=VERTEX_POINT('',#5534);
#4469=LINE('',#5535,#5536);
#4470=VERTEX_POINT('',#5537);
#4471=CIRCLE('',#5538,0.345);
#4472=VERTEX_POINT('',#5539);
#4473=LINE('',#5540,#5541);
#4474=CIRCLE('',#5542,0.2925);
#4475=VERTEX_POINT('',#5543);
#4476=LINE('',#5544,#5545);
#4477=VERTEX_POINT('',#5546);
#4478=LINE('',#5547,#5548);
#4479=CIRCLE('',#5549,0.2925);
#4480=LINE('',#5550,#5551);
#4481=LINE('',#5552,#5553);
#4482=VERTEX_POINT('',#5554);
#4483=VERTEX_POINT('',#5555);
#4484=LINE('',#5556,#5557);
#4485=VERTEX_POINT('',#5558);
#4486=CIRCLE('',#5559,0.280000000000001);
#4487=VERTEX_POINT('',#5560);
#4488=LINE('',#5561,#5562);
#4489=CIRCLE('',#5563,0.280000000000001);
#4490=VERTEX_POINT('',#5564);
#4491=LINE('',#5565,#5566);
#4492=LINE('',#5567,#5568);
#4493=VERTEX_POINT('',#5569);
#4494=LINE('',#5570,#5571);
#4495=VERTEX_POINT('',#5572);
#4496=CIRCLE('',#5573,0.405000000000001);
#4497=LINE('',#5574,#5575);
#4498=CIRCLE('',#5576,0.26538531953578);
#4499=VERTEX_POINT('',#5577);
#4500=LINE('',#5578,#5579);
#4501=CIRCLE('',#5580,0.405000000000001);
#4502=VERTEX_POINT('',#5581);
#4503=LINE('',#5582,#5583);
#4504=CIRCLE('',#5584,0.405000000000001);
#4505=LINE('',#5585,#5586);
#4506=LINE('',#5587,#5588);
#4507=VERTEX_POINT('',#5589);
#4508=VERTEX_POINT('',#5590);
#4509=LINE('',#5591,#5592);
#4510=VERTEX_POINT('',#5593);
#4511=CIRCLE('',#5594,0.15097819458649);
#4512=VERTEX_POINT('',#5595);
#4513=LINE('',#5596,#5597);
#4514=CIRCLE('',#5598,0.26538531953578);
#4515=VERTEX_POINT('',#5599);
#4516=VERTEX_POINT('',#5600);
#4517=LINE('',#5601,#5602);
#4518=VERTEX_POINT('',#5603);
#4519=CIRCLE('',#5604,0.5);
#4520=VERTEX_POINT('',#5605);
#4521=LINE('',#5606,#5607);
#4522=CIRCLE('',#5608,0.385);
#4523=VERTEX_POINT('',#5609);
#4524=LINE('',#5610,#5611);
#4525=VERTEX_POINT('',#5612);
#4526=LINE('',#5613,#5614);
#4527=CIRCLE('',#5615,0.385);
#4528=VERTEX_POINT('',#5616);
#4529=VERTEX_POINT('',#5617);
#4530=LINE('',#5618,#5619);
#4531=VERTEX_POINT('',#5620);
#4532=CIRCLE('',#5621,0.345);
#4533=VERTEX_POINT('',#5622);
#4534=LINE('',#5623,#5624);
#4535=CIRCLE('',#5625,0.2925);
#4536=VERTEX_POINT('',#5626);
#4537=LINE('',#5627,#5628);
#4538=VERTEX_POINT('',#5629);
#4539=LINE('',#5630,#5631);
#4540=CIRCLE('',#5632,0.2925);
#4541=LINE('',#5633,#5634);
#4542=LINE('',#5635,#5636);
#4543=VERTEX_POINT('',#5637);
#4544=VERTEX_POINT('',#5638);
#4545=LINE('',#5639,#5640);
#4546=VERTEX_POINT('',#5641);
#4547=CIRCLE('',#5642,0.280000000000001);
#4548=VERTEX_POINT('',#5643);
#4549=LINE('',#5644,#5645);
#4550=CIRCLE('',#5646,0.280000000000001);
#4551=VERTEX_POINT('',#5647);
#4552=LINE('',#5648,#5649);
#4553=LINE('',#5650,#5651);
#4554=VERTEX_POINT('',#5652);
#4555=LINE('',#5653,#5654);
#4556=VERTEX_POINT('',#5655);
#4557=CIRCLE('',#5656,0.405000000000001);
#4558=LINE('',#5657,#5658);
#4559=CIRCLE('',#5659,0.26538531953578);
#4560=VERTEX_POINT('',#5660);
#4561=LINE('',#5661,#5662);
#4562=CIRCLE('',#5663,0.405000000000001);
#4563=VERTEX_POINT('',#5664);
#4564=LINE('',#5665,#5666);
#4565=CIRCLE('',#5667,0.405000000000001);
#4566=LINE('',#5668,#5669);
#4567=LINE('',#5670,#5671);
#4568=VERTEX_POINT('',#5672);
#4569=VERTEX_POINT('',#5673);
#4570=LINE('',#5674,#5675);
#4571=VERTEX_POINT('',#5676);
#4572=CIRCLE('',#5677,0.15097819458649);
#4573=VERTEX_POINT('',#5678);
#4574=LINE('',#5679,#5680);
#4575=CIRCLE('',#5681,0.26538531953578);
#4576=VERTEX_POINT('',#5682);
#4577=VERTEX_POINT('',#5683);
#4578=LINE('',#5684,#5685);
#4579=VERTEX_POINT('',#5686);
#4580=CIRCLE('',#5687,0.5);
#4581=VERTEX_POINT('',#5688);
#4582=LINE('',#5689,#5690);
#4583=CIRCLE('',#5691,0.385);
#4584=VERTEX_POINT('',#5692);
#4585=LINE('',#5693,#5694);
#4586=VERTEX_POINT('',#5695);
#4587=LINE('',#5696,#5697);
#4588=CIRCLE('',#5698,0.385);
#4589=VERTEX_POINT('',#5699);
#4590=VERTEX_POINT('',#5700);
#4591=LINE('',#5701,#5702);
#4592=VERTEX_POINT('',#5703);
#4593=CIRCLE('',#5704,0.345);
#4594=VERTEX_POINT('',#5705);
#4595=LINE('',#5706,#5707);
#4596=CIRCLE('',#5708,0.2925);
#4597=VERTEX_POINT('',#5709);
#4598=LINE('',#5710,#5711);
#4599=VERTEX_POINT('',#5712);
#4600=LINE('',#5713,#5714);
#4601=CIRCLE('',#5715,0.2925);
#4602=LINE('',#5716,#5717);
#4603=LINE('',#5718,#5719);
#4604=VERTEX_POINT('',#5720);
#4605=VERTEX_POINT('',#5721);
#4606=LINE('',#5722,#5723);
#4607=VERTEX_POINT('',#5724);
#4608=CIRCLE('',#5725,0.280000000000001);
#4609=VERTEX_POINT('',#5726);
#4610=LINE('',#5727,#5728);
#4611=CIRCLE('',#5729,0.280000000000001);
#4612=VERTEX_POINT('',#5730);
#4613=LINE('',#5731,#5732);
#4614=LINE('',#5733,#5734);
#4615=VERTEX_POINT('',#5735);
#4616=LINE('',#5736,#5737);
#4617=VERTEX_POINT('',#5738);
#4618=CIRCLE('',#5739,0.405000000000001);
#4619=LINE('',#5740,#5741);
#4620=CIRCLE('',#5742,0.26538531953578);
#4621=VERTEX_POINT('',#5743);
#4622=LINE('',#5744,#5745);
#4623=CIRCLE('',#5746,0.405000000000001);
#4624=VERTEX_POINT('',#5747);
#4625=LINE('',#5748,#5749);
#4626=CIRCLE('',#5750,0.405000000000001);
#4627=LINE('',#5751,#5752);
#4628=LINE('',#5753,#5754);
#4629=VERTEX_POINT('',#5755);
#4630=VERTEX_POINT('',#5756);
#4631=LINE('',#5757,#5758);
#4632=VERTEX_POINT('',#5759);
#4633=CIRCLE('',#5760,0.15097819458649);
#4634=VERTEX_POINT('',#5761);
#4635=LINE('',#5762,#5763);
#4636=CIRCLE('',#5764,0.26538531953578);
#4637=VERTEX_POINT('',#5765);
#4638=VERTEX_POINT('',#5766);
#4639=LINE('',#5767,#5768);
#4640=VERTEX_POINT('',#5769);
#4641=CIRCLE('',#5770,0.5);
#4642=VERTEX_POINT('',#5771);
#4643=LINE('',#5772,#5773);
#4644=CIRCLE('',#5774,0.385);
#4645=VERTEX_POINT('',#5775);
#4646=LINE('',#5776,#5777);
#4647=VERTEX_POINT('',#5778);
#4648=LINE('',#5779,#5780);
#4649=CIRCLE('',#5781,0.385);
#4650=VERTEX_POINT('',#5782);
#4651=VERTEX_POINT('',#5783);
#4652=LINE('',#5784,#5785);
#4653=VERTEX_POINT('',#5786);
#4654=CIRCLE('',#5787,0.345);
#4655=VERTEX_POINT('',#5788);
#4656=LINE('',#5789,#5790);
#4657=CIRCLE('',#5791,0.2925);
#4658=VERTEX_POINT('',#5792);
#4659=LINE('',#5793,#5794);
#4660=VERTEX_POINT('',#5795);
#4661=LINE('',#5796,#5797);
#4662=CIRCLE('',#5798,0.2925);
#4663=LINE('',#5799,#5800);
#4664=LINE('',#5801,#5802);
#4665=VERTEX_POINT('',#5803);
#4666=VERTEX_POINT('',#5804);
#4667=LINE('',#5805,#5806);
#4668=VERTEX_POINT('',#5807);
#4669=CIRCLE('',#5808,0.280000000000001);
#4670=VERTEX_POINT('',#5809);
#4671=LINE('',#5810,#5811);
#4672=CIRCLE('',#5812,0.280000000000001);
#4673=VERTEX_POINT('',#5813);
#4674=LINE('',#5814,#5815);
#4675=LINE('',#5816,#5817);
#4676=VERTEX_POINT('',#5818);
#4677=LINE('',#5819,#5820);
#4678=VERTEX_POINT('',#5821);
#4679=CIRCLE('',#5822,0.405000000000001);
#4680=LINE('',#5823,#5824);
#4681=CIRCLE('',#5825,0.26538531953578);
#4682=VERTEX_POINT('',#5826);
#4683=LINE('',#5827,#5828);
#4684=CIRCLE('',#5829,0.405000000000001);
#4685=VERTEX_POINT('',#5830);
#4686=LINE('',#5831,#5832);
#4687=CIRCLE('',#5833,0.405000000000001);
#4688=LINE('',#5834,#5835);
#4689=LINE('',#5836,#5837);
#4690=VERTEX_POINT('',#5838);
#4691=VERTEX_POINT('',#5839);
#4692=LINE('',#5840,#5841);
#4693=VERTEX_POINT('',#5842);
#4694=CIRCLE('',#5843,0.15097819458649);
#4695=VERTEX_POINT('',#5844);
#4696=LINE('',#5845,#5846);
#4697=CIRCLE('',#5847,0.26538531953578);
#4698=VERTEX_POINT('',#5848);
#4699=VERTEX_POINT('',#5849);
#4700=LINE('',#5850,#5851);
#4701=VERTEX_POINT('',#5852);
#4702=CIRCLE('',#5853,0.5);
#4703=VERTEX_POINT('',#5854);
#4704=LINE('',#5855,#5856);
#4705=CIRCLE('',#5857,0.385);
#4706=VERTEX_POINT('',#5858);
#4707=LINE('',#5859,#5860);
#4708=VERTEX_POINT('',#5861);
#4709=LINE('',#5862,#5863);
#4710=CIRCLE('',#5864,0.385);
#4711=VERTEX_POINT('',#5865);
#4712=VERTEX_POINT('',#5866);
#4713=LINE('',#5867,#5868);
#4714=VERTEX_POINT('',#5869);
#4715=CIRCLE('',#5870,0.345);
#4716=VERTEX_POINT('',#5871);
#4717=LINE('',#5872,#5873);
#4718=CIRCLE('',#5874,0.2925);
#4719=VERTEX_POINT('',#5875);
#4720=LINE('',#5876,#5877);
#4721=VERTEX_POINT('',#5878);
#4722=LINE('',#5879,#5880);
#4723=CIRCLE('',#5881,0.2925);
#4724=LINE('',#5882,#5883);
#4725=LINE('',#5884,#5885);
#4726=VERTEX_POINT('',#5886);
#4727=VERTEX_POINT('',#5887);
#4728=LINE('',#5888,#5889);
#4729=VERTEX_POINT('',#5890);
#4730=CIRCLE('',#5891,0.280000000000001);
#4731=VERTEX_POINT('',#5892);
#4732=LINE('',#5893,#5894);
#4733=CIRCLE('',#5895,0.280000000000001);
#4734=VERTEX_POINT('',#5896);
#4735=LINE('',#5897,#5898);
#4736=LINE('',#5899,#5900);
#4737=VERTEX_POINT('',#5901);
#4738=LINE('',#5902,#5903);
#4739=VERTEX_POINT('',#5904);
#4740=CIRCLE('',#5905,0.405000000000001);
#4741=LINE('',#5906,#5907);
#4742=CIRCLE('',#5908,0.26538531953578);
#4743=VERTEX_POINT('',#5909);
#4744=LINE('',#5910,#5911);
#4745=CIRCLE('',#5912,0.405000000000001);
#4746=VERTEX_POINT('',#5913);
#4747=LINE('',#5914,#5915);
#4748=CIRCLE('',#5916,0.405000000000001);
#4749=LINE('',#5917,#5918);
#4750=LINE('',#5919,#5920);
#4751=VERTEX_POINT('',#5921);
#4752=VERTEX_POINT('',#5922);
#4753=LINE('',#5923,#5924);
#4754=VERTEX_POINT('',#5925);
#4755=CIRCLE('',#5926,0.15097819458649);
#4756=VERTEX_POINT('',#5927);
#4757=LINE('',#5928,#5929);
#4758=CIRCLE('',#5930,0.26538531953578);
#4759=VERTEX_POINT('',#5931);
#4760=VERTEX_POINT('',#5932);
#4761=LINE('',#5933,#5934);
#4762=VERTEX_POINT('',#5935);
#4763=CIRCLE('',#5936,0.5);
#4764=VERTEX_POINT('',#5937);
#4765=LINE('',#5938,#5939);
#4766=CIRCLE('',#5940,0.385);
#4767=VERTEX_POINT('',#5941);
#4768=LINE('',#5942,#5943);
#4769=VERTEX_POINT('',#5944);
#4770=LINE('',#5945,#5946);
#4771=CIRCLE('',#5947,0.385);
#4772=VERTEX_POINT('',#5948);
#4773=VERTEX_POINT('',#5949);
#4774=LINE('',#5950,#5951);
#4775=VERTEX_POINT('',#5952);
#4776=CIRCLE('',#5953,0.345);
#4777=VERTEX_POINT('',#5954);
#4778=LINE('',#5955,#5956);
#4779=CIRCLE('',#5957,0.2925);
#4780=VERTEX_POINT('',#5958);
#4781=LINE('',#5959,#5960);
#4782=VERTEX_POINT('',#5961);
#4783=LINE('',#5962,#5963);
#4784=CIRCLE('',#5964,0.2925);
#4785=LINE('',#5965,#5966);
#4786=LINE('',#5967,#5968);
#4787=VERTEX_POINT('',#5969);
#4788=VERTEX_POINT('',#5970);
#4789=LINE('',#5971,#5972);
#4790=VERTEX_POINT('',#5973);
#4791=CIRCLE('',#5974,0.280000000000001);
#4792=VERTEX_POINT('',#5975);
#4793=LINE('',#5976,#5977);
#4794=CIRCLE('',#5978,0.280000000000001);
#4795=VERTEX_POINT('',#5979);
#4796=LINE('',#5980,#5981);
#4797=LINE('',#5982,#5983);
#4798=VERTEX_POINT('',#5984);
#4799=LINE('',#5985,#5986);
#4800=VERTEX_POINT('',#5987);
#4801=CIRCLE('',#5988,0.405000000000001);
#4802=LINE('',#5989,#5990);
#4803=CIRCLE('',#5991,0.26538531953578);
#4804=VERTEX_POINT('',#5992);
#4805=LINE('',#5993,#5994);
#4806=CIRCLE('',#5995,0.405000000000001);
#4807=VERTEX_POINT('',#5996);
#4808=LINE('',#5997,#5998);
#4809=CIRCLE('',#5999,0.405000000000001);
#4810=LINE('',#6000,#6001);
#4811=LINE('',#6002,#6003);
#4812=CIRCLE('',#6004,0.280000000000001);
#4813=CIRCLE('',#6005,0.405000000000001);
#4814=CIRCLE('',#6006,0.280000000000001);
#4815=CIRCLE('',#6007,0.15097819458649);
#4816=CIRCLE('',#6008,0.2925);
#4817=CIRCLE('',#6009,0.2925);
#4818=CIRCLE('',#6010,0.345);
#4819=CIRCLE('',#6011,0.385);
#4820=CIRCLE('',#6012,0.385);
#4821=CIRCLE('',#6013,0.5);
#4822=CIRCLE('',#6014,0.280000000000001);
#4823=CIRCLE('',#6015,0.405000000000001);
#4824=CIRCLE('',#6016,0.280000000000001);
#4825=CIRCLE('',#6017,0.15097819458649);
#4826=CIRCLE('',#6018,0.2925);
#4827=CIRCLE('',#6019,0.2925);
#4828=CIRCLE('',#6020,0.345);
#4829=CIRCLE('',#6021,0.385);
#4830=CIRCLE('',#6022,0.385);
#4831=CIRCLE('',#6023,0.5);
#4832=CIRCLE('',#6024,0.280000000000001);
#4833=CIRCLE('',#6025,0.405000000000001);
#4834=CIRCLE('',#6026,0.280000000000001);
#4835=CIRCLE('',#6027,0.15097819458649);
#4836=CIRCLE('',#6028,0.2925);
#4837=CIRCLE('',#6029,0.2925);
#4838=CIRCLE('',#6030,0.345);
#4839=CIRCLE('',#6031,0.385);
#4840=CIRCLE('',#6032,0.385);
#4841=CIRCLE('',#6033,0.5);
#4842=CIRCLE('',#6034,0.280000000000001);
#4843=CIRCLE('',#6035,0.405000000000001);
#4844=CIRCLE('',#6036,0.280000000000001);
#4845=CIRCLE('',#6037,0.15097819458649);
#4846=CIRCLE('',#6038,0.2925);
#4847=CIRCLE('',#6039,0.2925);
#4848=CIRCLE('',#6040,0.345);
#4849=CIRCLE('',#6041,0.385);
#4850=CIRCLE('',#6042,0.385);
#4851=CIRCLE('',#6043,0.5);
#4852=CIRCLE('',#6044,0.280000000000001);
#4853=CIRCLE('',#6045,0.405000000000001);
#4854=CIRCLE('',#6046,0.280000000000001);
#4855=CIRCLE('',#6047,0.15097819458649);
#4856=CIRCLE('',#6048,0.2925);
#4857=CIRCLE('',#6049,0.2925);
#4858=CIRCLE('',#6050,0.345);
#4859=CIRCLE('',#6051,0.385);
#4860=CIRCLE('',#6052,0.385);
#4861=CIRCLE('',#6053,0.5);
#4862=CIRCLE('',#6054,0.280000000000001);
#4863=CIRCLE('',#6055,0.405000000000001);
#4864=CIRCLE('',#6056,0.280000000000001);
#4865=CIRCLE('',#6057,0.15097819458649);
#4866=CIRCLE('',#6058,0.2925);
#4867=CIRCLE('',#6059,0.2925);
#4868=CIRCLE('',#6060,0.345);
#4869=CIRCLE('',#6061,0.385);
#4870=CIRCLE('',#6062,0.385);
#4871=CIRCLE('',#6063,0.5);
#4872=CIRCLE('',#6064,0.319999999999994);
#4873=CIRCLE('',#6065,0.249289321881349);
#4874=CIRCLE('',#6066,0.22);
#4875=CIRCLE('',#6067,0.22);
#4876=CIRCLE('',#6068,0.22);
#4877=CIRCLE('',#6069,0.22);
#4878=CIRCLE('',#6070,0.319999999999994);
#4879=CIRCLE('',#6071,0.249289321881349);
#4880=CIRCLE('',#6072,0.22);
#4881=CIRCLE('',#6073,0.22);
#4882=CIRCLE('',#6074,0.22);
#4883=CIRCLE('',#6075,0.22);
#4884=CIRCLE('',#6076,0.319999999999994);
#4885=CIRCLE('',#6077,0.249289321881349);
#4886=CIRCLE('',#6078,0.22);
#4887=CIRCLE('',#6079,0.22);
#4888=CIRCLE('',#6080,0.22);
#4889=CIRCLE('',#6081,0.22);
#4890=CIRCLE('',#6082,0.319999999999994);
#4891=CIRCLE('',#6083,0.249289321881349);
#4892=CIRCLE('',#6084,0.22);
#4893=CIRCLE('',#6085,0.22);
#4894=CIRCLE('',#6086,0.22);
#4895=CIRCLE('',#6087,0.22);
#4896=CIRCLE('',#6088,0.319999999999994);
#4897=CIRCLE('',#6089,0.249289321881349);
#4898=CIRCLE('',#6090,0.22);
#4899=CIRCLE('',#6091,0.22);
#4900=CIRCLE('',#6092,0.22);
#4901=CIRCLE('',#6093,0.22);
#4902=CIRCLE('',#6094,0.319999999999994);
#4903=CIRCLE('',#6095,0.249289321881349);
#4904=CIRCLE('',#6096,0.22);
#4905=CIRCLE('',#6097,0.22);
#4906=CIRCLE('',#6098,0.22);
#4907=CIRCLE('',#6099,0.22);
#4908=VERTEX_POINT('',#6100);
#4909=VERTEX_POINT('',#6101);
#4910=LINE('',#6102,#6103);
#4911=VERTEX_POINT('',#6104);
#4912=LINE('',#6105,#6106);
#4913=VERTEX_POINT('',#6107);
#4914=LINE('',#6108,#6109);
#4915=LINE('',#6110,#6111);
#4916=VERTEX_POINT('',#6112);
#4917=VERTEX_POINT('',#6113);
#4918=LINE('',#6114,#6115);
#4919=VERTEX_POINT('',#6116);
#4920=LINE('',#6117,#6118);
#4921=VERTEX_POINT('',#6119);
#4922=LINE('',#6120,#6121);
#4923=LINE('',#6122,#6123);
#4924=VERTEX_POINT('',#6124);
#4925=VERTEX_POINT('',#6125);
#4926=LINE('',#6126,#6127);
#4927=VERTEX_POINT('',#6128);
#4928=LINE('',#6129,#6130);
#4929=VERTEX_POINT('',#6131);
#4930=LINE('',#6132,#6133);
#4931=LINE('',#6134,#6135);
#4932=VERTEX_POINT('',#6136);
#4933=VERTEX_POINT('',#6137);
#4934=LINE('',#6138,#6139);
#4935=VERTEX_POINT('',#6140);
#4936=LINE('',#6141,#6142);
#4937=VERTEX_POINT('',#6143);
#4938=LINE('',#6144,#6145);
#4939=LINE('',#6146,#6147);
#4940=VERTEX_POINT('',#6148);
#4941=LINE('',#6149,#6150);
#4942=VERTEX_POINT('',#6151);
#4943=LINE('',#6152,#6153);
#4944=LINE('',#6154,#6155);
#4945=VERTEX_POINT('',#6156);
#4946=LINE('',#6157,#6158);
#4947=VERTEX_POINT('',#6159);
#4948=LINE('',#6160,#6161);
#4949=LINE('',#6162,#6163);
#4950=VERTEX_POINT('',#6164);
#4951=LINE('',#6165,#6166);
#4952=LINE('',#6167,#6168);
#4953=VERTEX_POINT('',#6169);
#4954=LINE('',#6170,#6171);
#4955=LINE('',#6172,#6173);
#4956=LINE('',#6174,#6175);
#4957=VERTEX_POINT('',#6176);
#4958=LINE('',#6177,#6178);
#4959=VERTEX_POINT('',#6179);
#4960=LINE('',#6180,#6181);
#4961=VERTEX_POINT('',#6182);
#4962=LINE('',#6183,#6184);
#4963=VERTEX_POINT('',#6185);
#4964=LINE('',#6186,#6187);
#4965=VERTEX_POINT('',#6188);
#4966=LINE('',#6189,#6190);
#4967=VERTEX_POINT('',#6191);
#4968=LINE('',#6192,#6193);
#4969=VERTEX_POINT('',#6194);
#4970=LINE('',#6195,#6196);
#4971=VERTEX_POINT('',#6197);
#4972=LINE('',#6198,#6199);
#4973=VERTEX_POINT('',#6200);
#4974=LINE('',#6201,#6202);
#4975=VERTEX_POINT('',#6203);
#4976=LINE('',#6204,#6205);
#4977=VERTEX_POINT('',#6206);
#4978=LINE('',#6207,#6208);
#4979=VERTEX_POINT('',#6209);
#4980=LINE('',#6210,#6211);
#4981=VERTEX_POINT('',#6212);
#4982=LINE('',#6213,#6214);
#4983=VERTEX_POINT('',#6215);
#4984=LINE('',#6216,#6217);
#4985=VERTEX_POINT('',#6218);
#4986=LINE('',#6219,#6220);
#4987=VERTEX_POINT('',#6221);
#4988=LINE('',#6222,#6223);
#4989=VERTEX_POINT('',#6224);
#4990=LINE('',#6225,#6226);
#4991=VERTEX_POINT('',#6227);
#4992=LINE('',#6228,#6229);
#4993=VERTEX_POINT('',#6230);
#4994=LINE('',#6231,#6232);
#4995=VERTEX_POINT('',#6233);
#4996=LINE('',#6234,#6235);
#4997=VERTEX_POINT('',#6236);
#4998=LINE('',#6237,#6238);
#4999=VERTEX_POINT('',#6239);
#5000=LINE('',#6240,#6241);
#5001=VERTEX_POINT('',#6242);
#5002=LINE('',#6243,#6244);
#5003=VERTEX_POINT('',#6245);
#5004=LINE('',#6246,#6247);
#5005=LINE('',#6248,#6249);
#5006=LINE('',#6250,#6251);
#5007=VERTEX_POINT('',#6252);
#5008=LINE('',#6253,#6254);
#5009=VERTEX_POINT('',#6255);
#5010=LINE('',#6256,#6257);
#5011=VERTEX_POINT('',#6258);
#5012=LINE('',#6259,#6260);
#5013=VERTEX_POINT('',#6261);
#5014=LINE('',#6262,#6263);
#5015=VERTEX_POINT('',#6264);
#5016=LINE('',#6265,#6266);
#5017=VERTEX_POINT('',#6267);
#5018=LINE('',#6268,#6269);
#5019=VERTEX_POINT('',#6270);
#5020=LINE('',#6271,#6272);
#5021=VERTEX_POINT('',#6273);
#5022=LINE('',#6274,#6275);
#5023=VERTEX_POINT('',#6276);
#5024=LINE('',#6277,#6278);
#5025=VERTEX_POINT('',#6279);
#5026=LINE('',#6280,#6281);
#5027=VERTEX_POINT('',#6282);
#5028=LINE('',#6283,#6284);
#5029=VERTEX_POINT('',#6285);
#5030=LINE('',#6286,#6287);
#5031=VERTEX_POINT('',#6288);
#5032=LINE('',#6289,#6290);
#5033=VERTEX_POINT('',#6291);
#5034=LINE('',#6292,#6293);
#5035=VERTEX_POINT('',#6294);
#5036=LINE('',#6295,#6296);
#5037=VERTEX_POINT('',#6297);
#5038=LINE('',#6298,#6299);
#5039=VERTEX_POINT('',#6300);
#5040=LINE('',#6301,#6302);
#5041=VERTEX_POINT('',#6303);
#5042=LINE('',#6304,#6305);
#5043=VERTEX_POINT('',#6306);
#5044=LINE('',#6307,#6308);
#5045=VERTEX_POINT('',#6309);
#5046=LINE('',#6310,#6311);
#5047=VERTEX_POINT('',#6312);
#5048=LINE('',#6313,#6314);
#5049=VERTEX_POINT('',#6315);
#5050=LINE('',#6316,#6317);
#5051=LINE('',#6318,#6319);
#5052=VERTEX_POINT('',#6320);
#5053=LINE('',#6321,#6322);
#5054=VERTEX_POINT('',#6323);
#5055=LINE('',#6324,#6325);
#5056=LINE('',#6326,#6327);
#5057=VERTEX_POINT('',#6328);
#5058=LINE('',#6329,#6330);
#5059=VERTEX_POINT('',#6331);
#5060=LINE('',#6332,#6333);
#5061=LINE('',#6334,#6335);
#5062=VERTEX_POINT('',#6336);
#5063=LINE('',#6337,#6338);
#5064=VERTEX_POINT('',#6339);
#5065=LINE('',#6340,#6341);
#5066=LINE('',#6342,#6343);
#5067=VERTEX_POINT('',#6344);
#5068=LINE('',#6345,#6346);
#5069=VERTEX_POINT('',#6347);
#5070=LINE('',#6348,#6349);
#5071=LINE('',#6350,#6351);
#5072=VERTEX_POINT('',#6352);
#5073=LINE('',#6353,#6354);
#5074=LINE('',#6355,#6356);
#5075=VERTEX_POINT('',#6357);
#5076=LINE('',#6358,#6359);
#5077=LINE('',#6360,#6361);
#5078=VERTEX_POINT('',#6362);
#5079=LINE('',#6363,#6364);
#5080=LINE('',#6365,#6366);
#5081=LINE('',#6367,#6368);
#5082=VERTEX_POINT('',#6369);
#5083=LINE('',#6370,#6371);
#5084=LINE('',#6372,#6373);
#5085=LINE('',#6374,#6375);
#5086=VERTEX_POINT('',#6376);
#5087=LINE('',#6377,#6378);
#5088=LINE('',#6379,#6380);
#5089=VERTEX_POINT('',#6381);
#5090=LINE('',#6382,#6383);
#5091=VERTEX_POINT('',#6384);
#5092=LINE('',#6385,#6386);
#5093=LINE('',#6387,#6388);
#5094=VERTEX_POINT('',#6389);
#5095=LINE('',#6390,#6391);
#5096=VERTEX_POINT('',#6392);
#5097=LINE('',#6393,#6394);
#5098=LINE('',#6395,#6396);
#5099=LINE('',#6397,#6398);
#5100=VERTEX_POINT('',#6399);
#5101=LINE('',#6400,#6401);
#5102=LINE('',#6402,#6403);
#5103=LINE('',#6404,#6405);
#5104=LINE('',#6406,#6407);
#5105=VERTEX_POINT('',#6408);
#5106=LINE('',#6409,#6410);
#5107=LINE('',#6411,#6412);
#5108=VERTEX_POINT('',#6413);
#5109=LINE('',#6414,#6415);
#5110=VERTEX_POINT('',#6416);
#5111=LINE('',#6417,#6418);
#5112=LINE('',#6419,#6420);
#5113=VERTEX_POINT('',#6421);
#5114=LINE('',#6422,#6423);
#5115=VERTEX_POINT('',#6424);
#5116=LINE('',#6425,#6426);
#5117=LINE('',#6427,#6428);
#5118=LINE('',#6429,#6430);
#5119=VERTEX_POINT('',#6431);
#5120=LINE('',#6432,#6433);
#5121=LINE('',#6434,#6435);
#5122=LINE('',#6436,#6437);
#5123=LINE('',#6438,#6439);
#5124=VERTEX_POINT('',#6440);
#5125=LINE('',#6441,#6442);
#5126=LINE('',#6443,#6444);
#5127=VERTEX_POINT('',#6445);
#5128=LINE('',#6446,#6447);
#5129=VERTEX_POINT('',#6448);
#5130=LINE('',#6449,#6450);
#5131=LINE('',#6451,#6452);
#5132=VERTEX_POINT('',#6453);
#5133=LINE('',#6454,#6455);
#5134=VERTEX_POINT('',#6456);
#5135=LINE('',#6457,#6458);
#5136=LINE('',#6459,#6460);
#5137=LINE('',#6461,#6462);
#5138=VERTEX_POINT('',#6463);
#5139=LINE('',#6464,#6465);
#5140=LINE('',#6466,#6467);
#5141=LINE('',#6468,#6469);
#5142=LINE('',#6470,#6471);
#5143=VERTEX_POINT('',#6472);
#5144=LINE('',#6473,#6474);
#5145=LINE('',#6475,#6476);
#5146=VERTEX_POINT('',#6477);
#5147=LINE('',#6478,#6479);
#5148=VERTEX_POINT('',#6480);
#5149=LINE('',#6481,#6482);
#5150=LINE('',#6483,#6484);
#5151=VERTEX_POINT('',#6485);
#5152=LINE('',#6486,#6487);
#5153=VERTEX_POINT('',#6488);
#5154=LINE('',#6489,#6490);
#5155=LINE('',#6491,#6492);
#5156=LINE('',#6493,#6494);
#5157=VERTEX_POINT('',#6495);
#5158=LINE('',#6496,#6497);
#5159=LINE('',#6498,#6499);
#5160=LINE('',#6500,#6501);
#5161=LINE('',#6502,#6503);
#5162=VERTEX_POINT('',#6504);
#5163=LINE('',#6505,#6506);
#5164=LINE('',#6507,#6508);
#5165=VERTEX_POINT('',#6509);
#5166=LINE('',#6510,#6511);
#5167=VERTEX_POINT('',#6512);
#5168=LINE('',#6513,#6514);
#5169=LINE('',#6515,#6516);
#5170=VERTEX_POINT('',#6517);
#5171=LINE('',#6518,#6519);
#5172=VERTEX_POINT('',#6520);
#5173=LINE('',#6521,#6522);
#5174=LINE('',#6523,#6524);
#5175=VERTEX_POINT('',#6525);
#5176=LINE('',#6526,#6527);
#5177=LINE('',#6528,#6529);
#5178=LINE('',#6530,#6531);
#5179=LINE('',#6532,#6533);
#5180=LINE('',#6534,#6535);
#5181=VERTEX_POINT('',#6536);
#5182=LINE('',#6537,#6538);
#5183=LINE('',#6539,#6540);
#5184=VERTEX_POINT('',#6541);
#5185=LINE('',#6542,#6543);
#5186=LINE('',#6544,#6545);
#5187=LINE('',#6546,#6547);
#5188=CARTESIAN_POINT('',(-3.175,-1.42,0.66));
#5189=CARTESIAN_POINT('',(-3.175,-0.539999999999999,-0.22));
#5190=AXIS2_PLACEMENT_3D('',#6548,#6549,#6550);
#5191=CARTESIAN_POINT('',(-3.395,-1.2,0.66));
#5192=AXIS2_PLACEMENT_3D('',#6551,#6552,#6553);
#5193=CARTESIAN_POINT('',(-3.175,-0.98,0.66));
#5194=AXIS2_PLACEMENT_3D('',#6554,#6555,#6556);
#5195=CARTESIAN_POINT('',(-3.175,-0.539999999999999,0.22));
#5196=AXIS2_PLACEMENT_3D('',#6557,#6558,#6559);
#5197=CARTESIAN_POINT('',(-3.395,-0.539999999999999,0.0));
#5198=AXIS2_PLACEMENT_3D('',#6560,#6561,#6562);
#5199=AXIS2_PLACEMENT_3D('',#6563,#6564,#6565);
#5200=CARTESIAN_POINT('',(-1.905,-1.42,0.66));
#5201=CARTESIAN_POINT('',(-1.905,-0.539999999999999,-0.22));
#5202=AXIS2_PLACEMENT_3D('',#6566,#6567,#6568);
#5203=CARTESIAN_POINT('',(-2.125,-1.2,0.66));
#5204=AXIS2_PLACEMENT_3D('',#6569,#6570,#6571);
#5205=CARTESIAN_POINT('',(-1.905,-0.98,0.66));
#5206=AXIS2_PLACEMENT_3D('',#6572,#6573,#6574);
#5207=CARTESIAN_POINT('',(-1.905,-0.539999999999999,0.22));
#5208=AXIS2_PLACEMENT_3D('',#6575,#6576,#6577);
#5209=CARTESIAN_POINT('',(-2.125,-0.539999999999999,0.0));
#5210=AXIS2_PLACEMENT_3D('',#6578,#6579,#6580);
#5211=AXIS2_PLACEMENT_3D('',#6581,#6582,#6583);
#5212=CARTESIAN_POINT('',(-0.635,-1.42,0.66));
#5213=CARTESIAN_POINT('',(-0.635,-0.539999999999999,-0.22));
#5214=AXIS2_PLACEMENT_3D('',#6584,#6585,#6586);
#5215=CARTESIAN_POINT('',(-0.855,-1.2,0.66));
#5216=AXIS2_PLACEMENT_3D('',#6587,#6588,#6589);
#5217=CARTESIAN_POINT('',(-0.635,-0.98,0.66));
#5218=AXIS2_PLACEMENT_3D('',#6590,#6591,#6592);
#5219=CARTESIAN_POINT('',(-0.635,-0.539999999999999,0.22));
#5220=AXIS2_PLACEMENT_3D('',#6593,#6594,#6595);
#5221=CARTESIAN_POINT('',(-0.855,-0.539999999999999,0.0));
#5222=AXIS2_PLACEMENT_3D('',#6596,#6597,#6598);
#5223=AXIS2_PLACEMENT_3D('',#6599,#6600,#6601);
#5224=CARTESIAN_POINT('',(0.635,-1.42,0.66));
#5225=CARTESIAN_POINT('',(0.635,-0.539999999999999,-0.22));
#5226=AXIS2_PLACEMENT_3D('',#6602,#6603,#6604);
#5227=CARTESIAN_POINT('',(0.415,-1.2,0.66));
#5228=AXIS2_PLACEMENT_3D('',#6605,#6606,#6607);
#5229=CARTESIAN_POINT('',(0.635,-0.98,0.66));
#5230=AXIS2_PLACEMENT_3D('',#6608,#6609,#6610);
#5231=CARTESIAN_POINT('',(0.635,-0.539999999999999,0.22));
#5232=AXIS2_PLACEMENT_3D('',#6611,#6612,#6613);
#5233=CARTESIAN_POINT('',(0.415,-0.539999999999999,0.0));
#5234=AXIS2_PLACEMENT_3D('',#6614,#6615,#6616);
#5235=AXIS2_PLACEMENT_3D('',#6617,#6618,#6619);
#5236=CARTESIAN_POINT('',(1.905,-1.42,0.66));
#5237=CARTESIAN_POINT('',(1.905,-0.539999999999999,-0.22));
#5238=AXIS2_PLACEMENT_3D('',#6620,#6621,#6622);
#5239=CARTESIAN_POINT('',(1.685,-1.2,0.66));
#5240=AXIS2_PLACEMENT_3D('',#6623,#6624,#6625);
#5241=CARTESIAN_POINT('',(1.905,-0.98,0.66));
#5242=AXIS2_PLACEMENT_3D('',#6626,#6627,#6628);
#5243=CARTESIAN_POINT('',(1.905,-0.539999999999999,0.22));
#5244=AXIS2_PLACEMENT_3D('',#6629,#6630,#6631);
#5245=CARTESIAN_POINT('',(1.685,-0.539999999999999,0.0));
#5246=AXIS2_PLACEMENT_3D('',#6632,#6633,#6634);
#5247=AXIS2_PLACEMENT_3D('',#6635,#6636,#6637);
#5248=CARTESIAN_POINT('',(3.175,-1.42,0.66));
#5249=CARTESIAN_POINT('',(3.175,-0.539999999999999,-0.22));
#5250=AXIS2_PLACEMENT_3D('',#6638,#6639,#6640);
#5251=CARTESIAN_POINT('',(2.955,-1.2,0.66));
#5252=AXIS2_PLACEMENT_3D('',#6641,#6642,#6643);
#5253=CARTESIAN_POINT('',(3.175,-0.98,0.66));
#5254=AXIS2_PLACEMENT_3D('',#6644,#6645,#6646);
#5255=CARTESIAN_POINT('',(3.175,-0.539999999999999,0.22));
#5256=AXIS2_PLACEMENT_3D('',#6647,#6648,#6649);
#5257=CARTESIAN_POINT('',(2.955,-0.539999999999999,0.0));
#5258=AXIS2_PLACEMENT_3D('',#6650,#6651,#6652);
#5259=AXIS2_PLACEMENT_3D('',#6653,#6654,#6655);
#5260=CARTESIAN_POINT('',(-3.175,0.0585786437626901,-0.22));
#5261=CARTESIAN_POINT('',(-3.175,0.12928932188134,-0.249289321881349));
#5262=AXIS2_PLACEMENT_3D('',#6656,#6657,#6658);
#5263=CARTESIAN_POINT('',(-3.395,0.0585786437626901,0.0));
#5264=AXIS2_PLACEMENT_3D('',#6659,#6660,#6661);
#5265=CARTESIAN_POINT('',(-3.175,0.0585786437626901,0.22));
#5266=AXIS2_PLACEMENT_3D('',#6662,#6663,#6664);
#5267=CARTESIAN_POINT('',(-3.175,0.12928932188134,0.249289321881349));
#5268=AXIS2_PLACEMENT_3D('',#6665,#6666,#6667);
#5269=CARTESIAN_POINT('',(-3.42428932188135,0.12928932188134,0.0));
#5270=AXIS2_PLACEMENT_3D('',#6668,#6669,#6670);
#5271=AXIS2_PLACEMENT_3D('',#6671,#6672,#6673);
#5272=CARTESIAN_POINT('',(-3.395,-0.240710678118655,-2.69413397840923E-17));
#5273=VECTOR('',#6674,1.0);
#5274=CARTESIAN_POINT('',(-2.955,-0.539999999999999,2.69413397840923E-17));
#5275=AXIS2_PLACEMENT_3D('',#6675,#6676,#6677);
#5276=CARTESIAN_POINT('',(-2.955,0.0585786437626901,2.69413397840923E-17));
#5277=CARTESIAN_POINT('',(-2.955,-0.240710678118655,2.69413397840923E-17));
#5278=VECTOR('',#6678,1.0);
#5279=AXIS2_PLACEMENT_3D('',#6679,#6680,#6681);
#5280=CARTESIAN_POINT('',(-2.955,-1.2,0.66));
#5281=CARTESIAN_POINT('',(-2.955,-1.2,3.88));
#5282=CARTESIAN_POINT('',(-2.955,-1.2,2.27));
#5283=VECTOR('',#6682,1.0);
#5284=AXIS2_PLACEMENT_3D('',#6683,#6684,#6685);
#5285=CARTESIAN_POINT('',(-3.395,-1.2,3.88));
#5286=CARTESIAN_POINT('',(-3.395,-1.2,2.27));
#5287=VECTOR('',#6686,1.0);
#5288=AXIS2_PLACEMENT_3D('',#6687,#6688,#6689);
#5289=CARTESIAN_POINT('',(-3.175,-1.2,4.1));
#5290=AXIS2_PLACEMENT_3D('',#6690,#6691,#6692);
#5291=AXIS2_PLACEMENT_3D('',#6693,#6694,#6695);
#5292=CARTESIAN_POINT('',(-3.49499999999999,0.199999999999989,-3.91874033223153E-17));
#5293=CARTESIAN_POINT('',(-3.50714466094067,0.21214466094067,-4.06746462176129E-17));
#5294=VECTOR('',#6696,1.0);
#5295=CARTESIAN_POINT('',(-2.92571067811865,0.12928932188134,3.05281287515972E-17));
#5296=AXIS2_PLACEMENT_3D('',#6697,#6698,#6699);
#5297=CARTESIAN_POINT('',(-2.85500000000001,0.199999999999989,-3.91874033223153E-17));
#5298=CARTESIAN_POINT('',(-2.84285533905933,0.21214466094067,4.06746462176129E-17));
#5299=VECTOR('',#6700,1.0);
#5300=AXIS2_PLACEMENT_3D('',#6701,#6702,#6703);
#5301=CARTESIAN_POINT('',(-1.905,0.0585786437626901,-0.22));
#5302=CARTESIAN_POINT('',(-1.905,0.12928932188134,-0.249289321881349));
#5303=AXIS2_PLACEMENT_3D('',#6704,#6705,#6706);
#5304=CARTESIAN_POINT('',(-2.125,0.0585786437626901,0.0));
#5305=AXIS2_PLACEMENT_3D('',#6707,#6708,#6709);
#5306=CARTESIAN_POINT('',(-1.905,0.0585786437626901,0.22));
#5307=AXIS2_PLACEMENT_3D('',#6710,#6711,#6712);
#5308=CARTESIAN_POINT('',(-1.905,0.12928932188134,0.249289321881349));
#5309=AXIS2_PLACEMENT_3D('',#6713,#6714,#6715);
#5310=CARTESIAN_POINT('',(-2.15428932188135,0.12928932188134,0.0));
#5311=AXIS2_PLACEMENT_3D('',#6716,#6717,#6718);
#5312=AXIS2_PLACEMENT_3D('',#6719,#6720,#6721);
#5313=CARTESIAN_POINT('',(-2.125,-0.240710678118655,-2.69413397840923E-17));
#5314=VECTOR('',#6722,1.0);
#5315=CARTESIAN_POINT('',(-1.685,-0.539999999999999,2.69413397840923E-17));
#5316=AXIS2_PLACEMENT_3D('',#6723,#6724,#6725);
#5317=CARTESIAN_POINT('',(-1.685,0.0585786437626901,2.69413397840923E-17));
#5318=CARTESIAN_POINT('',(-1.685,-0.240710678118655,2.69413397840923E-17));
#5319=VECTOR('',#6726,1.0);
#5320=AXIS2_PLACEMENT_3D('',#6727,#6728,#6729);
#5321=CARTESIAN_POINT('',(-1.685,-1.2,0.66));
#5322=CARTESIAN_POINT('',(-1.685,-1.2,3.88));
#5323=CARTESIAN_POINT('',(-1.685,-1.2,2.27));
#5324=VECTOR('',#6730,1.0);
#5325=AXIS2_PLACEMENT_3D('',#6731,#6732,#6733);
#5326=CARTESIAN_POINT('',(-2.125,-1.2,3.88));
#5327=CARTESIAN_POINT('',(-2.125,-1.2,2.27));
#5328=VECTOR('',#6734,1.0);
#5329=AXIS2_PLACEMENT_3D('',#6735,#6736,#6737);
#5330=CARTESIAN_POINT('',(-1.905,-1.2,4.1));
#5331=AXIS2_PLACEMENT_3D('',#6738,#6739,#6740);
#5332=AXIS2_PLACEMENT_3D('',#6741,#6742,#6743);
#5333=CARTESIAN_POINT('',(-2.22499999999999,0.199999999999989,-3.91874033223153E-17));
#5334=CARTESIAN_POINT('',(-2.23714466094067,0.21214466094067,-4.06746462176129E-17));
#5335=VECTOR('',#6744,1.0);
#5336=CARTESIAN_POINT('',(-1.65571067811865,0.12928932188134,3.05281287515972E-17));
#5337=AXIS2_PLACEMENT_3D('',#6745,#6746,#6747);
#5338=CARTESIAN_POINT('',(-1.58500000000001,0.199999999999989,-3.91874033223153E-17));
#5339=CARTESIAN_POINT('',(-1.57285533905933,0.21214466094067,4.06746462176129E-17));
#5340=VECTOR('',#6748,1.0);
#5341=AXIS2_PLACEMENT_3D('',#6749,#6750,#6751);
#5342=CARTESIAN_POINT('',(-0.635,0.0585786437626901,-0.22));
#5343=CARTESIAN_POINT('',(-0.635,0.12928932188134,-0.249289321881349));
#5344=AXIS2_PLACEMENT_3D('',#6752,#6753,#6754);
#5345=CARTESIAN_POINT('',(-0.855,0.0585786437626901,0.0));
#5346=AXIS2_PLACEMENT_3D('',#6755,#6756,#6757);
#5347=CARTESIAN_POINT('',(-0.635,0.0585786437626901,0.22));
#5348=AXIS2_PLACEMENT_3D('',#6758,#6759,#6760);
#5349=CARTESIAN_POINT('',(-0.635,0.12928932188134,0.249289321881349));
#5350=AXIS2_PLACEMENT_3D('',#6761,#6762,#6763);
#5351=CARTESIAN_POINT('',(-0.884289321881349,0.12928932188134,0.0));
#5352=AXIS2_PLACEMENT_3D('',#6764,#6765,#6766);
#5353=AXIS2_PLACEMENT_3D('',#6767,#6768,#6769);
#5354=CARTESIAN_POINT('',(-0.855,-0.240710678118655,-2.69413397840923E-17));
#5355=VECTOR('',#6770,1.0);
#5356=CARTESIAN_POINT('',(-0.415,-0.539999999999999,2.69413397840923E-17));
#5357=AXIS2_PLACEMENT_3D('',#6771,#6772,#6773);
#5358=CARTESIAN_POINT('',(-0.415,0.0585786437626901,2.69413397840923E-17));
#5359=CARTESIAN_POINT('',(-0.415,-0.240710678118655,2.69413397840923E-17));
#5360=VECTOR('',#6774,1.0);
#5361=AXIS2_PLACEMENT_3D('',#6775,#6776,#6777);
#5362=CARTESIAN_POINT('',(-0.415,-1.2,0.66));
#5363=CARTESIAN_POINT('',(-0.415,-1.2,3.88));
#5364=CARTESIAN_POINT('',(-0.415,-1.2,2.27));
#5365=VECTOR('',#6778,1.0);
#5366=AXIS2_PLACEMENT_3D('',#6779,#6780,#6781);
#5367=CARTESIAN_POINT('',(-0.855,-1.2,3.88));
#5368=CARTESIAN_POINT('',(-0.855,-1.2,2.27));
#5369=VECTOR('',#6782,1.0);
#5370=AXIS2_PLACEMENT_3D('',#6783,#6784,#6785);
#5371=CARTESIAN_POINT('',(-0.635,-1.2,4.1));
#5372=AXIS2_PLACEMENT_3D('',#6786,#6787,#6788);
#5373=AXIS2_PLACEMENT_3D('',#6789,#6790,#6791);
#5374=CARTESIAN_POINT('',(-0.954999999999994,0.199999999999989,-3.91874033223153E-17));
#5375=CARTESIAN_POINT('',(-0.967144660940674,0.21214466094067,-4.06746462176129E-17));
#5376=VECTOR('',#6792,1.0);
#5377=CARTESIAN_POINT('',(-0.385710678118651,0.12928932188134,3.05281287515972E-17));
#5378=AXIS2_PLACEMENT_3D('',#6793,#6794,#6795);
#5379=CARTESIAN_POINT('',(-0.315000000000006,0.199999999999989,-3.91874033223153E-17));
#5380=CARTESIAN_POINT('',(-0.302855339059325,0.21214466094067,4.06746462176129E-17));
#5381=VECTOR('',#6796,1.0);
#5382=AXIS2_PLACEMENT_3D('',#6797,#6798,#6799);
#5383=CARTESIAN_POINT('',(0.635,0.0585786437626901,-0.22));
#5384=CARTESIAN_POINT('',(0.635,0.12928932188134,-0.249289321881349));
#5385=AXIS2_PLACEMENT_3D('',#6800,#6801,#6802);
#5386=CARTESIAN_POINT('',(0.415,0.0585786437626901,0.0));
#5387=AXIS2_PLACEMENT_3D('',#6803,#6804,#6805);
#5388=CARTESIAN_POINT('',(0.635,0.0585786437626901,0.22));
#5389=AXIS2_PLACEMENT_3D('',#6806,#6807,#6808);
#5390=CARTESIAN_POINT('',(0.635,0.12928932188134,0.249289321881349));
#5391=AXIS2_PLACEMENT_3D('',#6809,#6810,#6811);
#5392=CARTESIAN_POINT('',(0.385710678118651,0.12928932188134,0.0));
#5393=AXIS2_PLACEMENT_3D('',#6812,#6813,#6814);
#5394=AXIS2_PLACEMENT_3D('',#6815,#6816,#6817);
#5395=CARTESIAN_POINT('',(0.415,-0.240710678118655,-2.69413397840923E-17));
#5396=VECTOR('',#6818,1.0);
#5397=CARTESIAN_POINT('',(0.855,-0.539999999999999,2.69413397840923E-17));
#5398=AXIS2_PLACEMENT_3D('',#6819,#6820,#6821);
#5399=CARTESIAN_POINT('',(0.855,0.0585786437626901,2.69413397840923E-17));
#5400=CARTESIAN_POINT('',(0.855,-0.240710678118655,2.69413397840923E-17));
#5401=VECTOR('',#6822,1.0);
#5402=AXIS2_PLACEMENT_3D('',#6823,#6824,#6825);
#5403=CARTESIAN_POINT('',(0.855,-1.2,0.66));
#5404=CARTESIAN_POINT('',(0.855,-1.2,3.88));
#5405=CARTESIAN_POINT('',(0.855,-1.2,2.27));
#5406=VECTOR('',#6826,1.0);
#5407=AXIS2_PLACEMENT_3D('',#6827,#6828,#6829);
#5408=CARTESIAN_POINT('',(0.415,-1.2,3.88));
#5409=CARTESIAN_POINT('',(0.415,-1.2,2.27));
#5410=VECTOR('',#6830,1.0);
#5411=AXIS2_PLACEMENT_3D('',#6831,#6832,#6833);
#5412=CARTESIAN_POINT('',(0.635,-1.2,4.1));
#5413=AXIS2_PLACEMENT_3D('',#6834,#6835,#6836);
#5414=AXIS2_PLACEMENT_3D('',#6837,#6838,#6839);
#5415=CARTESIAN_POINT('',(0.315000000000006,0.199999999999989,-3.91874033223153E-17));
#5416=CARTESIAN_POINT('',(0.302855339059326,0.21214466094067,-4.06746462176129E-17));
#5417=VECTOR('',#6840,1.0);
#5418=CARTESIAN_POINT('',(0.884289321881349,0.12928932188134,3.05281287515972E-17));
#5419=AXIS2_PLACEMENT_3D('',#6841,#6842,#6843);
#5420=CARTESIAN_POINT('',(0.954999999999994,0.199999999999989,-3.91874033223153E-17));
#5421=CARTESIAN_POINT('',(0.967144660940675,0.21214466094067,4.06746462176129E-17));
#5422=VECTOR('',#6844,1.0);
#5423=AXIS2_PLACEMENT_3D('',#6845,#6846,#6847);
#5424=CARTESIAN_POINT('',(1.905,0.0585786437626901,-0.22));
#5425=CARTESIAN_POINT('',(1.905,0.12928932188134,-0.249289321881349));
#5426=AXIS2_PLACEMENT_3D('',#6848,#6849,#6850);
#5427=CARTESIAN_POINT('',(1.685,0.0585786437626901,0.0));
#5428=AXIS2_PLACEMENT_3D('',#6851,#6852,#6853);
#5429=CARTESIAN_POINT('',(1.905,0.0585786437626901,0.22));
#5430=AXIS2_PLACEMENT_3D('',#6854,#6855,#6856);
#5431=CARTESIAN_POINT('',(1.905,0.12928932188134,0.249289321881349));
#5432=AXIS2_PLACEMENT_3D('',#6857,#6858,#6859);
#5433=CARTESIAN_POINT('',(1.65571067811865,0.12928932188134,0.0));
#5434=AXIS2_PLACEMENT_3D('',#6860,#6861,#6862);
#5435=AXIS2_PLACEMENT_3D('',#6863,#6864,#6865);
#5436=CARTESIAN_POINT('',(1.685,-0.240710678118655,-2.69413397840923E-17));
#5437=VECTOR('',#6866,1.0);
#5438=CARTESIAN_POINT('',(2.125,-0.539999999999999,2.69413397840923E-17));
#5439=AXIS2_PLACEMENT_3D('',#6867,#6868,#6869);
#5440=CARTESIAN_POINT('',(2.125,0.0585786437626901,2.69413397840923E-17));
#5441=CARTESIAN_POINT('',(2.125,-0.240710678118655,2.69413397840923E-17));
#5442=VECTOR('',#6870,1.0);
#5443=AXIS2_PLACEMENT_3D('',#6871,#6872,#6873);
#5444=CARTESIAN_POINT('',(2.125,-1.2,0.66));
#5445=CARTESIAN_POINT('',(2.125,-1.2,3.88));
#5446=CARTESIAN_POINT('',(2.125,-1.2,2.27));
#5447=VECTOR('',#6874,1.0);
#5448=AXIS2_PLACEMENT_3D('',#6875,#6876,#6877);
#5449=CARTESIAN_POINT('',(1.685,-1.2,3.88));
#5450=CARTESIAN_POINT('',(1.685,-1.2,2.27));
#5451=VECTOR('',#6878,1.0);
#5452=AXIS2_PLACEMENT_3D('',#6879,#6880,#6881);
#5453=CARTESIAN_POINT('',(1.905,-1.2,4.1));
#5454=AXIS2_PLACEMENT_3D('',#6882,#6883,#6884);
#5455=AXIS2_PLACEMENT_3D('',#6885,#6886,#6887);
#5456=CARTESIAN_POINT('',(1.58500000000001,0.199999999999989,-3.91874033223153E-17));
#5457=CARTESIAN_POINT('',(1.57285533905933,0.21214466094067,-4.06746462176129E-17));
#5458=VECTOR('',#6888,1.0);
#5459=CARTESIAN_POINT('',(2.15428932188135,0.12928932188134,3.05281287515972E-17));
#5460=AXIS2_PLACEMENT_3D('',#6889,#6890,#6891);
#5461=CARTESIAN_POINT('',(2.22499999999999,0.199999999999989,-3.91874033223153E-17));
#5462=CARTESIAN_POINT('',(2.23714466094067,0.21214466094067,4.06746462176129E-17));
#5463=VECTOR('',#6892,1.0);
#5464=AXIS2_PLACEMENT_3D('',#6893,#6894,#6895);
#5465=CARTESIAN_POINT('',(3.175,0.0585786437626901,-0.22));
#5466=CARTESIAN_POINT('',(3.175,0.12928932188134,-0.249289321881349));
#5467=AXIS2_PLACEMENT_3D('',#6896,#6897,#6898);
#5468=CARTESIAN_POINT('',(2.955,0.0585786437626901,0.0));
#5469=AXIS2_PLACEMENT_3D('',#6899,#6900,#6901);
#5470=CARTESIAN_POINT('',(3.175,0.0585786437626901,0.22));
#5471=AXIS2_PLACEMENT_3D('',#6902,#6903,#6904);
#5472=CARTESIAN_POINT('',(3.175,0.12928932188134,0.249289321881349));
#5473=AXIS2_PLACEMENT_3D('',#6905,#6906,#6907);
#5474=CARTESIAN_POINT('',(2.92571067811865,0.12928932188134,0.0));
#5475=AXIS2_PLACEMENT_3D('',#6908,#6909,#6910);
#5476=AXIS2_PLACEMENT_3D('',#6911,#6912,#6913);
#5477=CARTESIAN_POINT('',(2.955,-0.240710678118655,-2.69413397840923E-17));
#5478=VECTOR('',#6914,1.0);
#5479=CARTESIAN_POINT('',(3.395,-0.539999999999999,2.69413397840923E-17));
#5480=AXIS2_PLACEMENT_3D('',#6915,#6916,#6917);
#5481=CARTESIAN_POINT('',(3.395,0.0585786437626901,2.69413397840923E-17));
#5482=CARTESIAN_POINT('',(3.395,-0.240710678118655,2.69413397840923E-17));
#5483=VECTOR('',#6918,1.0);
#5484=AXIS2_PLACEMENT_3D('',#6919,#6920,#6921);
#5485=CARTESIAN_POINT('',(3.395,-1.2,0.66));
#5486=CARTESIAN_POINT('',(3.395,-1.2,3.88));
#5487=CARTESIAN_POINT('',(3.395,-1.2,2.27));
#5488=VECTOR('',#6922,1.0);
#5489=AXIS2_PLACEMENT_3D('',#6923,#6924,#6925);
#5490=CARTESIAN_POINT('',(2.955,-1.2,3.88));
#5491=CARTESIAN_POINT('',(2.955,-1.2,2.27));
#5492=VECTOR('',#6926,1.0);
#5493=AXIS2_PLACEMENT_3D('',#6927,#6928,#6929);
#5494=CARTESIAN_POINT('',(3.175,-1.2,4.1));
#5495=AXIS2_PLACEMENT_3D('',#6930,#6931,#6932);
#5496=AXIS2_PLACEMENT_3D('',#6933,#6934,#6935);
#5497=CARTESIAN_POINT('',(2.85500000000001,0.199999999999989,-3.91874033223153E-17));
#5498=CARTESIAN_POINT('',(2.84285533905933,0.21214466094067,-4.06746462176129E-17));
#5499=VECTOR('',#6936,1.0);
#5500=CARTESIAN_POINT('',(3.42428932188135,0.12928932188134,3.05281287515972E-17));
#5501=AXIS2_PLACEMENT_3D('',#6937,#6938,#6939);
#5502=CARTESIAN_POINT('',(3.49499999999999,0.199999999999989,-3.91874033223153E-17));
#5503=CARTESIAN_POINT('',(3.50714466094067,0.21214466094067,4.06746462176129E-17));
#5504=VECTOR('',#6940,1.0);
#5505=AXIS2_PLACEMENT_3D('',#6941,#6942,#6943);
#5506=CARTESIAN_POINT('',(-3.02402180541351,1.6116622216346,0.0));
#5507=CARTESIAN_POINT('',(-2.90961468046422,1.6,0.0));
#5508=CARTESIAN_POINT('',(-2.96681824293886,1.6058311108173,2.54940702446972E-17));
#5509=VECTOR('',#6944,1.0);
#5510=CARTESIAN_POINT('',(-3.32597819458649,1.6116622216346,-1.84888856379247E-17));
#5511=AXIS2_PLACEMENT_3D('',#6945,#6946,#6947);
#5512=CARTESIAN_POINT('',(-3.44038531953578,1.6,-3.24992548514698E-17));
#5513=CARTESIAN_POINT('',(-3.38318175706113,1.6058311108173,-2.54940702446972E-17));
#5514=VECTOR('',#6948,1.0);
#5515=AXIS2_PLACEMENT_3D('',#6949,#6950,#6951);
#5516=CARTESIAN_POINT('',(-2.675,4.1,0.0));
#5517=CARTESIAN_POINT('',(-2.79,3.78404009676272,0.0));
#5518=CARTESIAN_POINT('',(-2.7325,3.94202004838136,5.41888311566402E-17));
#5519=VECTOR('',#6952,1.0);
#5520=CARTESIAN_POINT('',(-3.675,4.1,-6.12303176911189E-17));
#5521=AXIS2_PLACEMENT_3D('',#6953,#6954,#6955);
#5522=CARTESIAN_POINT('',(-3.56,3.78404009676272,-4.71473446221615E-17));
#5523=CARTESIAN_POINT('',(-3.6175,3.94202004838136,-5.41888311566402E-17));
#5524=VECTOR('',#6956,1.0);
#5525=AXIS2_PLACEMENT_3D('',#6957,#6958,#6959);
#5526=CARTESIAN_POINT('',(-2.79,3.7,0.0));
#5527=CARTESIAN_POINT('',(-2.79,3.74202004838136,4.71473446221615E-17));
#5528=VECTOR('',#6960,1.0);
#5529=CARTESIAN_POINT('',(-3.56,3.7,-4.71473446221615E-17));
#5530=CARTESIAN_POINT('',(-3.56,3.74202004838136,-4.71473446221615E-17));
#5531=VECTOR('',#6961,1.0);
#5532=AXIS2_PLACEMENT_3D('',#6962,#6963,#6964);
#5533=CARTESIAN_POINT('',(-2.83,3.7,0.0));
#5534=CARTESIAN_POINT('',(-2.8825,3.635,0.0));
#5535=CARTESIAN_POINT('',(-2.85625,3.6675,3.90343275280883E-17));
#5536=VECTOR('',#6965,1.0);
#5537=CARTESIAN_POINT('',(-3.52,3.7,-4.2248919206872E-17));
#5538=AXIS2_PLACEMENT_3D('',#6966,#6967,#6968);
#5539=CARTESIAN_POINT('',(-3.4675,3.635,-3.58197358493045E-17));
#5540=CARTESIAN_POINT('',(-3.49375,3.6675,-3.90343275280883E-17));
#5541=VECTOR('',#6969,1.0);
#5542=AXIS2_PLACEMENT_3D('',#6970,#6971,#6972);
#5543=CARTESIAN_POINT('',(-2.8825,3.2,0.0));
#5544=CARTESIAN_POINT('',(-2.8825,3.4175,3.58197358493045E-17));
#5545=VECTOR('',#6973,1.0);
#5546=CARTESIAN_POINT('',(-3.4675,3.2,-3.58197358493045E-17));
#5547=CARTESIAN_POINT('',(-3.4675,3.4175,-3.58197358493045E-17));
#5548=VECTOR('',#6974,1.0);
#5549=AXIS2_PLACEMENT_3D('',#6975,#6976,#6977);
#5550=CARTESIAN_POINT('',(-2.95326090270675,2.4058311108173,2.71543107436146E-17));
#5551=VECTOR('',#6978,1.0);
#5552=CARTESIAN_POINT('',(-3.39673909729324,2.4058311108173,-2.71543107436146E-17));
#5553=VECTOR('',#6979,1.0);
#5554=CARTESIAN_POINT('',(-2.895,1.3778312163513,0.0));
#5555=CARTESIAN_POINT('',(-2.895,0.649999999999997,0.0));
#5556=CARTESIAN_POINT('',(-2.895,1.01391560817565,3.42889779070267E-17));
#5557=VECTOR('',#6980,1.0);
#5558=CARTESIAN_POINT('',(-3.455,1.3778312163513,-3.42889779070267E-17));
#5559=AXIS2_PLACEMENT_3D('',#6981,#6982,#6983);
#5560=CARTESIAN_POINT('',(-3.455,0.649999999999997,-3.42889779070267E-17));
#5561=CARTESIAN_POINT('',(-3.455,1.01391560817565,-3.42889779070267E-17));
#5562=VECTOR('',#6984,1.0);
#5563=AXIS2_PLACEMENT_3D('',#6985,#6986,#6987);
#5564=CARTESIAN_POINT('',(-3.175,0.4883419246269,0.0));
#5565=CARTESIAN_POINT('',(-3.315,0.569170962313449,-1.71444889535134E-17));
#5566=VECTOR('',#6988,1.0);
#5567=CARTESIAN_POINT('',(-3.035,0.569170962313449,1.71444889535134E-17));
#5568=VECTOR('',#6989,1.0);
#5569=CARTESIAN_POINT('',(-2.77,3.19614643444255,0.0));
#5570=CARTESIAN_POINT('',(-2.83980734023212,2.39807321722127,4.10479060906373E-17));
#5571=VECTOR('',#6990,1.0);
#5572=CARTESIAN_POINT('',(-3.58,3.19614643444255,-4.95965573298064E-17));
#5573=AXIS2_PLACEMENT_3D('',#6991,#6992,#6993);
#5574=CARTESIAN_POINT('',(-3.51019265976788,2.39807321722127,-4.10479060906373E-17));
#5575=VECTOR('',#6994,1.0);
#5576=AXIS2_PLACEMENT_3D('',#6995,#6996,#6997);
#5577=CARTESIAN_POINT('',(-2.77,1.44999999999999,0.0));
#5578=CARTESIAN_POINT('',(-2.77,2.32307321722127,4.95965573298064E-17));
#5579=VECTOR('',#6998,1.0);
#5580=AXIS2_PLACEMENT_3D('',#6999,#7000,#7001);
#5581=CARTESIAN_POINT('',(-3.58,1.44999999999999,-4.95965573298064E-17));
#5582=CARTESIAN_POINT('',(-3.58,2.32307321722127,-4.95965573298064E-17));
#5583=VECTOR('',#7002,1.0);
#5584=AXIS2_PLACEMENT_3D('',#7003,#7004,#7005);
#5585=CARTESIAN_POINT('',(-2.8325,1.41391560817565,4.19427676184166E-17));
#5586=VECTOR('',#7006,1.0);
#5587=CARTESIAN_POINT('',(-3.5175,1.41391560817565,-4.19427676184166E-17));
#5588=VECTOR('',#7007,1.0);
#5589=CARTESIAN_POINT('',(-1.75402180541351,1.6116622216346,0.0));
#5590=CARTESIAN_POINT('',(-1.63961468046422,1.6,0.0));
#5591=CARTESIAN_POINT('',(-1.69681824293886,1.6058311108173,2.54940702446972E-17));
#5592=VECTOR('',#7008,1.0);
#5593=CARTESIAN_POINT('',(-2.05597819458649,1.6116622216346,-1.84888856379247E-17));
#5594=AXIS2_PLACEMENT_3D('',#7009,#7010,#7011);
#5595=CARTESIAN_POINT('',(-2.17038531953578,1.6,-3.24992548514698E-17));
#5596=CARTESIAN_POINT('',(-2.11318175706113,1.6058311108173,-2.54940702446972E-17));
#5597=VECTOR('',#7012,1.0);
#5598=AXIS2_PLACEMENT_3D('',#7013,#7014,#7015);
#5599=CARTESIAN_POINT('',(-1.405,4.1,0.0));
#5600=CARTESIAN_POINT('',(-1.52,3.78404009676272,0.0));
#5601=CARTESIAN_POINT('',(-1.4625,3.94202004838136,5.41888311566402E-17));
#5602=VECTOR('',#7016,1.0);
#5603=CARTESIAN_POINT('',(-2.405,4.1,-6.12303176911189E-17));
#5604=AXIS2_PLACEMENT_3D('',#7017,#7018,#7019);
#5605=CARTESIAN_POINT('',(-2.29,3.78404009676272,-4.71473446221615E-17));
#5606=CARTESIAN_POINT('',(-2.3475,3.94202004838136,-5.41888311566402E-17));
#5607=VECTOR('',#7020,1.0);
#5608=AXIS2_PLACEMENT_3D('',#7021,#7022,#7023);
#5609=CARTESIAN_POINT('',(-1.52,3.7,0.0));
#5610=CARTESIAN_POINT('',(-1.52,3.74202004838136,4.71473446221615E-17));
#5611=VECTOR('',#7024,1.0);
#5612=CARTESIAN_POINT('',(-2.29,3.7,-4.71473446221615E-17));
#5613=CARTESIAN_POINT('',(-2.29,3.74202004838136,-4.71473446221615E-17));
#5614=VECTOR('',#7025,1.0);
#5615=AXIS2_PLACEMENT_3D('',#7026,#7027,#7028);
#5616=CARTESIAN_POINT('',(-1.56,3.7,0.0));
#5617=CARTESIAN_POINT('',(-1.6125,3.635,0.0));
#5618=CARTESIAN_POINT('',(-1.58625,3.6675,3.90343275280883E-17));
#5619=VECTOR('',#7029,1.0);
#5620=CARTESIAN_POINT('',(-2.25,3.7,-4.2248919206872E-17));
#5621=AXIS2_PLACEMENT_3D('',#7030,#7031,#7032);
#5622=CARTESIAN_POINT('',(-2.1975,3.635,-3.58197358493045E-17));
#5623=CARTESIAN_POINT('',(-2.22375,3.6675,-3.90343275280882E-17));
#5624=VECTOR('',#7033,1.0);
#5625=AXIS2_PLACEMENT_3D('',#7034,#7035,#7036);
#5626=CARTESIAN_POINT('',(-1.6125,3.2,0.0));
#5627=CARTESIAN_POINT('',(-1.6125,3.4175,3.58197358493045E-17));
#5628=VECTOR('',#7037,1.0);
#5629=CARTESIAN_POINT('',(-2.1975,3.2,-3.58197358493045E-17));
#5630=CARTESIAN_POINT('',(-2.1975,3.4175,-3.58197358493045E-17));
#5631=VECTOR('',#7038,1.0);
#5632=AXIS2_PLACEMENT_3D('',#7039,#7040,#7041);
#5633=CARTESIAN_POINT('',(-1.68326090270675,2.4058311108173,2.71543107436146E-17));
#5634=VECTOR('',#7042,1.0);
#5635=CARTESIAN_POINT('',(-2.12673909729324,2.4058311108173,-2.71543107436146E-17));
#5636=VECTOR('',#7043,1.0);
#5637=CARTESIAN_POINT('',(-1.625,1.3778312163513,0.0));
#5638=CARTESIAN_POINT('',(-1.625,0.649999999999997,0.0));
#5639=CARTESIAN_POINT('',(-1.625,1.01391560817565,3.42889779070267E-17));
#5640=VECTOR('',#7044,1.0);
#5641=CARTESIAN_POINT('',(-2.185,1.3778312163513,-3.42889779070267E-17));
#5642=AXIS2_PLACEMENT_3D('',#7045,#7046,#7047);
#5643=CARTESIAN_POINT('',(-2.185,0.649999999999997,-3.42889779070267E-17));
#5644=CARTESIAN_POINT('',(-2.185,1.01391560817565,-3.42889779070267E-17));
#5645=VECTOR('',#7048,1.0);
#5646=AXIS2_PLACEMENT_3D('',#7049,#7050,#7051);
#5647=CARTESIAN_POINT('',(-1.905,0.4883419246269,0.0));
#5648=CARTESIAN_POINT('',(-2.045,0.569170962313449,-1.71444889535134E-17));
#5649=VECTOR('',#7052,1.0);
#5650=CARTESIAN_POINT('',(-1.765,0.569170962313449,1.71444889535134E-17));
#5651=VECTOR('',#7053,1.0);
#5652=CARTESIAN_POINT('',(-1.5,3.19614643444255,0.0));
#5653=CARTESIAN_POINT('',(-1.56980734023212,2.39807321722127,4.10479060906373E-17));
#5654=VECTOR('',#7054,1.0);
#5655=CARTESIAN_POINT('',(-2.31,3.19614643444255,-4.95965573298064E-17));
#5656=AXIS2_PLACEMENT_3D('',#7055,#7056,#7057);
#5657=CARTESIAN_POINT('',(-2.24019265976788,2.39807321722127,-4.10479060906373E-17));
#5658=VECTOR('',#7058,1.0);
#5659=AXIS2_PLACEMENT_3D('',#7059,#7060,#7061);
#5660=CARTESIAN_POINT('',(-1.5,1.44999999999999,0.0));
#5661=CARTESIAN_POINT('',(-1.5,2.32307321722127,4.95965573298064E-17));
#5662=VECTOR('',#7062,1.0);
#5663=AXIS2_PLACEMENT_3D('',#7063,#7064,#7065);
#5664=CARTESIAN_POINT('',(-2.31,1.44999999999999,-4.95965573298064E-17));
#5665=CARTESIAN_POINT('',(-2.31,2.32307321722127,-4.95965573298064E-17));
#5666=VECTOR('',#7066,1.0);
#5667=AXIS2_PLACEMENT_3D('',#7067,#7068,#7069);
#5668=CARTESIAN_POINT('',(-1.5625,1.41391560817565,4.19427676184166E-17));
#5669=VECTOR('',#7070,1.0);
#5670=CARTESIAN_POINT('',(-2.2475,1.41391560817565,-4.19427676184166E-17));
#5671=VECTOR('',#7071,1.0);
#5672=CARTESIAN_POINT('',(-0.48402180541351,1.6116622216346,0.0));
#5673=CARTESIAN_POINT('',(-0.36961468046422,1.6,0.0));
#5674=CARTESIAN_POINT('',(-0.426818242938865,1.6058311108173,2.54940702446972E-17));
#5675=VECTOR('',#7072,1.0);
#5676=CARTESIAN_POINT('',(-0.78597819458649,1.6116622216346,-1.84888856379247E-17));
#5677=AXIS2_PLACEMENT_3D('',#7073,#7074,#7075);
#5678=CARTESIAN_POINT('',(-0.90038531953578,1.6,-3.24992548514698E-17));
#5679=CARTESIAN_POINT('',(-0.843181757061135,1.6058311108173,-2.54940702446972E-17));
#5680=VECTOR('',#7076,1.0);
#5681=AXIS2_PLACEMENT_3D('',#7077,#7078,#7079);
#5682=CARTESIAN_POINT('',(-0.135,4.1,0.0));
#5683=CARTESIAN_POINT('',(-0.25,3.78404009676272,0.0));
#5684=CARTESIAN_POINT('',(-0.1925,3.94202004838136,5.41888311566402E-17));
#5685=VECTOR('',#7080,1.0);
#5686=CARTESIAN_POINT('',(-1.135,4.1,-6.12303176911189E-17));
#5687=AXIS2_PLACEMENT_3D('',#7081,#7082,#7083);
#5688=CARTESIAN_POINT('',(-1.02,3.78404009676272,-4.71473446221615E-17));
#5689=CARTESIAN_POINT('',(-1.0775,3.94202004838136,-5.41888311566402E-17));
#5690=VECTOR('',#7084,1.0);
#5691=AXIS2_PLACEMENT_3D('',#7085,#7086,#7087);
#5692=CARTESIAN_POINT('',(-0.25,3.7,0.0));
#5693=CARTESIAN_POINT('',(-0.25,3.74202004838136,4.71473446221615E-17));
#5694=VECTOR('',#7088,1.0);
#5695=CARTESIAN_POINT('',(-1.02,3.7,-4.71473446221615E-17));
#5696=CARTESIAN_POINT('',(-1.02,3.74202004838136,-4.71473446221615E-17));
#5697=VECTOR('',#7089,1.0);
#5698=AXIS2_PLACEMENT_3D('',#7090,#7091,#7092);
#5699=CARTESIAN_POINT('',(-0.29,3.7,0.0));
#5700=CARTESIAN_POINT('',(-0.3425,3.635,0.0));
#5701=CARTESIAN_POINT('',(-0.31625,3.6675,3.90343275280882E-17));
#5702=VECTOR('',#7093,1.0);
#5703=CARTESIAN_POINT('',(-0.98,3.7,-4.2248919206872E-17));
#5704=AXIS2_PLACEMENT_3D('',#7094,#7095,#7096);
#5705=CARTESIAN_POINT('',(-0.9275,3.635,-3.58197358493045E-17));
#5706=CARTESIAN_POINT('',(-0.95375,3.6675,-3.90343275280883E-17));
#5707=VECTOR('',#7097,1.0);
#5708=AXIS2_PLACEMENT_3D('',#7098,#7099,#7100);
#5709=CARTESIAN_POINT('',(-0.3425,3.2,0.0));
#5710=CARTESIAN_POINT('',(-0.3425,3.4175,3.58197358493045E-17));
#5711=VECTOR('',#7101,1.0);
#5712=CARTESIAN_POINT('',(-0.9275,3.2,-3.58197358493045E-17));
#5713=CARTESIAN_POINT('',(-0.9275,3.4175,-3.58197358493045E-17));
#5714=VECTOR('',#7102,1.0);
#5715=AXIS2_PLACEMENT_3D('',#7103,#7104,#7105);
#5716=CARTESIAN_POINT('',(-0.413260902706755,2.4058311108173,2.71543107436146E-17));
#5717=VECTOR('',#7106,1.0);
#5718=CARTESIAN_POINT('',(-0.856739097293245,2.4058311108173,-2.71543107436146E-17));
#5719=VECTOR('',#7107,1.0);
#5720=CARTESIAN_POINT('',(-0.354999999999999,1.3778312163513,0.0));
#5721=CARTESIAN_POINT('',(-0.354999999999999,0.649999999999997,0.0));
#5722=CARTESIAN_POINT('',(-0.354999999999999,1.01391560817565,3.42889779070267E-17));
#5723=VECTOR('',#7108,1.0);
#5724=CARTESIAN_POINT('',(-0.915000000000001,1.3778312163513,-3.42889779070267E-17));
#5725=AXIS2_PLACEMENT_3D('',#7109,#7110,#7111);
#5726=CARTESIAN_POINT('',(-0.915000000000001,0.649999999999997,-3.42889779070267E-17));
#5727=CARTESIAN_POINT('',(-0.915000000000001,1.01391560817565,-3.42889779070267E-17));
#5728=VECTOR('',#7112,1.0);
#5729=AXIS2_PLACEMENT_3D('',#7113,#7114,#7115);
#5730=CARTESIAN_POINT('',(-0.635,0.4883419246269,0.0));
#5731=CARTESIAN_POINT('',(-0.775,0.569170962313449,-1.71444889535134E-17));
#5732=VECTOR('',#7116,1.0);
#5733=CARTESIAN_POINT('',(-0.494999999999999,0.569170962313449,1.71444889535134E-17));
#5734=VECTOR('',#7117,1.0);
#5735=CARTESIAN_POINT('',(-0.229999999999999,3.19614643444255,0.0));
#5736=CARTESIAN_POINT('',(-0.299807340232116,2.39807321722127,4.10479060906373E-17));
#5737=VECTOR('',#7118,1.0);
#5738=CARTESIAN_POINT('',(-1.04,3.19614643444255,-4.95965573298064E-17));
#5739=AXIS2_PLACEMENT_3D('',#7119,#7120,#7121);
#5740=CARTESIAN_POINT('',(-0.970192659767884,2.39807321722127,-4.10479060906373E-17));
#5741=VECTOR('',#7122,1.0);
#5742=AXIS2_PLACEMENT_3D('',#7123,#7124,#7125);
#5743=CARTESIAN_POINT('',(-0.229999999999999,1.44999999999999,0.0));
#5744=CARTESIAN_POINT('',(-0.229999999999999,2.32307321722127,4.95965573298064E-17));
#5745=VECTOR('',#7126,1.0);
#5746=AXIS2_PLACEMENT_3D('',#7127,#7128,#7129);
#5747=CARTESIAN_POINT('',(-1.04,1.44999999999999,-4.95965573298064E-17));
#5748=CARTESIAN_POINT('',(-1.04,2.32307321722127,-4.95965573298064E-17));
#5749=VECTOR('',#7130,1.0);
#5750=AXIS2_PLACEMENT_3D('',#7131,#7132,#7133);
#5751=CARTESIAN_POINT('',(-0.292499999999999,1.41391560817565,4.19427676184166E-17));
#5752=VECTOR('',#7134,1.0);
#5753=CARTESIAN_POINT('',(-0.977500000000001,1.41391560817565,-4.19427676184166E-17));
#5754=VECTOR('',#7135,1.0);
#5755=CARTESIAN_POINT('',(0.78597819458649,1.6116622216346,0.0));
#5756=CARTESIAN_POINT('',(0.90038531953578,1.6,0.0));
#5757=CARTESIAN_POINT('',(0.843181757061135,1.6058311108173,2.54940702446972E-17));
#5758=VECTOR('',#7136,1.0);
#5759=CARTESIAN_POINT('',(0.48402180541351,1.6116622216346,-1.84888856379247E-17));
#5760=AXIS2_PLACEMENT_3D('',#7137,#7138,#7139);
#5761=CARTESIAN_POINT('',(0.36961468046422,1.6,-3.24992548514698E-17));
#5762=CARTESIAN_POINT('',(0.426818242938865,1.6058311108173,-2.54940702446972E-17));
#5763=VECTOR('',#7140,1.0);
#5764=AXIS2_PLACEMENT_3D('',#7141,#7142,#7143);
#5765=CARTESIAN_POINT('',(1.135,4.1,0.0));
#5766=CARTESIAN_POINT('',(1.02,3.78404009676272,0.0));
#5767=CARTESIAN_POINT('',(1.0775,3.94202004838136,5.41888311566402E-17));
#5768=VECTOR('',#7144,1.0);
#5769=CARTESIAN_POINT('',(0.135,4.1,-6.12303176911189E-17));
#5770=AXIS2_PLACEMENT_3D('',#7145,#7146,#7147);
#5771=CARTESIAN_POINT('',(0.25,3.78404009676272,-4.71473446221615E-17));
#5772=CARTESIAN_POINT('',(0.1925,3.94202004838136,-5.41888311566402E-17));
#5773=VECTOR('',#7148,1.0);
#5774=AXIS2_PLACEMENT_3D('',#7149,#7150,#7151);
#5775=CARTESIAN_POINT('',(1.02,3.7,0.0));
#5776=CARTESIAN_POINT('',(1.02,3.74202004838136,4.71473446221615E-17));
#5777=VECTOR('',#7152,1.0);
#5778=CARTESIAN_POINT('',(0.25,3.7,-4.71473446221615E-17));
#5779=CARTESIAN_POINT('',(0.25,3.74202004838136,-4.71473446221615E-17));
#5780=VECTOR('',#7153,1.0);
#5781=AXIS2_PLACEMENT_3D('',#7154,#7155,#7156);
#5782=CARTESIAN_POINT('',(0.98,3.7,0.0));
#5783=CARTESIAN_POINT('',(0.9275,3.635,0.0));
#5784=CARTESIAN_POINT('',(0.95375,3.6675,3.90343275280882E-17));
#5785=VECTOR('',#7157,1.0);
#5786=CARTESIAN_POINT('',(0.290000000000001,3.7,-4.2248919206872E-17));
#5787=AXIS2_PLACEMENT_3D('',#7158,#7159,#7160);
#5788=CARTESIAN_POINT('',(0.3425,3.635,-3.58197358493045E-17));
#5789=CARTESIAN_POINT('',(0.31625,3.6675,-3.90343275280883E-17));
#5790=VECTOR('',#7161,1.0);
#5791=AXIS2_PLACEMENT_3D('',#7162,#7163,#7164);
#5792=CARTESIAN_POINT('',(0.9275,3.2,0.0));
#5793=CARTESIAN_POINT('',(0.9275,3.4175,3.58197358493045E-17));
#5794=VECTOR('',#7165,1.0);
#5795=CARTESIAN_POINT('',(0.3425,3.2,-3.58197358493045E-17));
#5796=CARTESIAN_POINT('',(0.3425,3.4175,-3.58197358493045E-17));
#5797=VECTOR('',#7166,1.0);
#5798=AXIS2_PLACEMENT_3D('',#7167,#7168,#7169);
#5799=CARTESIAN_POINT('',(0.856739097293245,2.4058311108173,2.71543107436146E-17));
#5800=VECTOR('',#7170,1.0);
#5801=CARTESIAN_POINT('',(0.413260902706755,2.4058311108173,-2.71543107436146E-17));
#5802=VECTOR('',#7171,1.0);
#5803=CARTESIAN_POINT('',(0.915000000000001,1.3778312163513,0.0));
#5804=CARTESIAN_POINT('',(0.915000000000001,0.649999999999997,0.0));
#5805=CARTESIAN_POINT('',(0.915000000000001,1.01391560817565,3.42889779070267E-17));
#5806=VECTOR('',#7172,1.0);
#5807=CARTESIAN_POINT('',(0.354999999999999,1.3778312163513,-3.42889779070267E-17));
#5808=AXIS2_PLACEMENT_3D('',#7173,#7174,#7175);
#5809=CARTESIAN_POINT('',(0.354999999999999,0.649999999999997,-3.42889779070267E-17));
#5810=CARTESIAN_POINT('',(0.354999999999999,1.01391560817565,-3.42889779070267E-17));
#5811=VECTOR('',#7176,1.0);
#5812=AXIS2_PLACEMENT_3D('',#7177,#7178,#7179);
#5813=CARTESIAN_POINT('',(0.635,0.4883419246269,0.0));
#5814=CARTESIAN_POINT('',(0.495,0.569170962313449,-1.71444889535134E-17));
#5815=VECTOR('',#7180,1.0);
#5816=CARTESIAN_POINT('',(0.775000000000001,0.569170962313449,1.71444889535134E-17));
#5817=VECTOR('',#7181,1.0);
#5818=CARTESIAN_POINT('',(1.04,3.19614643444255,0.0));
#5819=CARTESIAN_POINT('',(0.970192659767884,2.39807321722127,4.10479060906373E-17));
#5820=VECTOR('',#7182,1.0);
#5821=CARTESIAN_POINT('',(0.229999999999999,3.19614643444255,-4.95965573298064E-17));
#5822=AXIS2_PLACEMENT_3D('',#7183,#7184,#7185);
#5823=CARTESIAN_POINT('',(0.299807340232116,2.39807321722127,-4.10479060906373E-17));
#5824=VECTOR('',#7186,1.0);
#5825=AXIS2_PLACEMENT_3D('',#7187,#7188,#7189);
#5826=CARTESIAN_POINT('',(1.04,1.44999999999999,0.0));
#5827=CARTESIAN_POINT('',(1.04,2.32307321722127,4.95965573298064E-17));
#5828=VECTOR('',#7190,1.0);
#5829=AXIS2_PLACEMENT_3D('',#7191,#7192,#7193);
#5830=CARTESIAN_POINT('',(0.229999999999999,1.44999999999999,-4.95965573298064E-17));
#5831=CARTESIAN_POINT('',(0.229999999999999,2.32307321722127,-4.95965573298064E-17));
#5832=VECTOR('',#7194,1.0);
#5833=AXIS2_PLACEMENT_3D('',#7195,#7196,#7197);
#5834=CARTESIAN_POINT('',(0.977500000000001,1.41391560817565,4.19427676184166E-17));
#5835=VECTOR('',#7198,1.0);
#5836=CARTESIAN_POINT('',(0.292499999999999,1.41391560817565,-4.19427676184166E-17));
#5837=VECTOR('',#7199,1.0);
#5838=CARTESIAN_POINT('',(2.05597819458649,1.6116622216346,0.0));
#5839=CARTESIAN_POINT('',(2.17038531953578,1.6,0.0));
#5840=CARTESIAN_POINT('',(2.11318175706114,1.6058311108173,2.54940702446972E-17));
#5841=VECTOR('',#7200,1.0);
#5842=CARTESIAN_POINT('',(1.75402180541351,1.6116622216346,-1.84888856379247E-17));
#5843=AXIS2_PLACEMENT_3D('',#7201,#7202,#7203);
#5844=CARTESIAN_POINT('',(1.63961468046422,1.6,-3.24992548514698E-17));
#5845=CARTESIAN_POINT('',(1.69681824293887,1.6058311108173,-2.54940702446972E-17));
#5846=VECTOR('',#7204,1.0);
#5847=AXIS2_PLACEMENT_3D('',#7205,#7206,#7207);
#5848=CARTESIAN_POINT('',(2.405,4.1,0.0));
#5849=CARTESIAN_POINT('',(2.29,3.78404009676272,0.0));
#5850=CARTESIAN_POINT('',(2.3475,3.94202004838136,5.41888311566402E-17));
#5851=VECTOR('',#7208,1.0);
#5852=CARTESIAN_POINT('',(1.405,4.1,-6.12303176911189E-17));
#5853=AXIS2_PLACEMENT_3D('',#7209,#7210,#7211);
#5854=CARTESIAN_POINT('',(1.52,3.78404009676272,-4.71473446221615E-17));
#5855=CARTESIAN_POINT('',(1.4625,3.94202004838136,-5.41888311566402E-17));
#5856=VECTOR('',#7212,1.0);
#5857=AXIS2_PLACEMENT_3D('',#7213,#7214,#7215);
#5858=CARTESIAN_POINT('',(2.29,3.7,0.0));
#5859=CARTESIAN_POINT('',(2.29,3.74202004838136,4.71473446221615E-17));
#5860=VECTOR('',#7216,1.0);
#5861=CARTESIAN_POINT('',(1.52,3.7,-4.71473446221615E-17));
#5862=CARTESIAN_POINT('',(1.52,3.74202004838136,-4.71473446221615E-17));
#5863=VECTOR('',#7217,1.0);
#5864=AXIS2_PLACEMENT_3D('',#7218,#7219,#7220);
#5865=CARTESIAN_POINT('',(2.25,3.7,0.0));
#5866=CARTESIAN_POINT('',(2.1975,3.635,0.0));
#5867=CARTESIAN_POINT('',(2.22375,3.6675,3.90343275280882E-17));
#5868=VECTOR('',#7221,1.0);
#5869=CARTESIAN_POINT('',(1.56,3.7,-4.2248919206872E-17));
#5870=AXIS2_PLACEMENT_3D('',#7222,#7223,#7224);
#5871=CARTESIAN_POINT('',(1.6125,3.635,-3.58197358493045E-17));
#5872=CARTESIAN_POINT('',(1.58625,3.6675,-3.90343275280883E-17));
#5873=VECTOR('',#7225,1.0);
#5874=AXIS2_PLACEMENT_3D('',#7226,#7227,#7228);
#5875=CARTESIAN_POINT('',(2.1975,3.2,0.0));
#5876=CARTESIAN_POINT('',(2.1975,3.4175,3.58197358493045E-17));
#5877=VECTOR('',#7229,1.0);
#5878=CARTESIAN_POINT('',(1.6125,3.2,-3.58197358493045E-17));
#5879=CARTESIAN_POINT('',(1.6125,3.4175,-3.58197358493045E-17));
#5880=VECTOR('',#7230,1.0);
#5881=AXIS2_PLACEMENT_3D('',#7231,#7232,#7233);
#5882=CARTESIAN_POINT('',(2.12673909729325,2.4058311108173,2.71543107436146E-17));
#5883=VECTOR('',#7234,1.0);
#5884=CARTESIAN_POINT('',(1.68326090270676,2.4058311108173,-2.71543107436146E-17));
#5885=VECTOR('',#7235,1.0);
#5886=CARTESIAN_POINT('',(2.185,1.3778312163513,0.0));
#5887=CARTESIAN_POINT('',(2.185,0.649999999999997,0.0));
#5888=CARTESIAN_POINT('',(2.185,1.01391560817565,3.42889779070267E-17));
#5889=VECTOR('',#7236,1.0);
#5890=CARTESIAN_POINT('',(1.625,1.3778312163513,-3.42889779070267E-17));
#5891=AXIS2_PLACEMENT_3D('',#7237,#7238,#7239);
#5892=CARTESIAN_POINT('',(1.625,0.649999999999997,-3.42889779070267E-17));
#5893=CARTESIAN_POINT('',(1.625,1.01391560817565,-3.42889779070267E-17));
#5894=VECTOR('',#7240,1.0);
#5895=AXIS2_PLACEMENT_3D('',#7241,#7242,#7243);
#5896=CARTESIAN_POINT('',(1.905,0.4883419246269,0.0));
#5897=CARTESIAN_POINT('',(1.765,0.569170962313449,-1.71444889535134E-17));
#5898=VECTOR('',#7244,1.0);
#5899=CARTESIAN_POINT('',(2.045,0.569170962313449,1.71444889535134E-17));
#5900=VECTOR('',#7245,1.0);
#5901=CARTESIAN_POINT('',(2.31,3.19614643444255,0.0));
#5902=CARTESIAN_POINT('',(2.24019265976788,2.39807321722127,4.10479060906373E-17));
#5903=VECTOR('',#7246,1.0);
#5904=CARTESIAN_POINT('',(1.5,3.19614643444255,-4.95965573298064E-17));
#5905=AXIS2_PLACEMENT_3D('',#7247,#7248,#7249);
#5906=CARTESIAN_POINT('',(1.56980734023212,2.39807321722127,-4.10479060906373E-17));
#5907=VECTOR('',#7250,1.0);
#5908=AXIS2_PLACEMENT_3D('',#7251,#7252,#7253);
#5909=CARTESIAN_POINT('',(2.31,1.44999999999999,0.0));
#5910=CARTESIAN_POINT('',(2.31,2.32307321722127,4.95965573298064E-17));
#5911=VECTOR('',#7254,1.0);
#5912=AXIS2_PLACEMENT_3D('',#7255,#7256,#7257);
#5913=CARTESIAN_POINT('',(1.5,1.44999999999999,-4.95965573298064E-17));
#5914=CARTESIAN_POINT('',(1.5,2.32307321722127,-4.95965573298064E-17));
#5915=VECTOR('',#7258,1.0);
#5916=AXIS2_PLACEMENT_3D('',#7259,#7260,#7261);
#5917=CARTESIAN_POINT('',(2.2475,1.41391560817565,4.19427676184166E-17));
#5918=VECTOR('',#7262,1.0);
#5919=CARTESIAN_POINT('',(1.5625,1.41391560817565,-4.19427676184166E-17));
#5920=VECTOR('',#7263,1.0);
#5921=CARTESIAN_POINT('',(3.32597819458649,1.6116622216346,0.0));
#5922=CARTESIAN_POINT('',(3.44038531953578,1.6,0.0));
#5923=CARTESIAN_POINT('',(3.38318175706113,1.6058311108173,2.54940702446972E-17));
#5924=VECTOR('',#7264,1.0);
#5925=CARTESIAN_POINT('',(3.02402180541351,1.6116622216346,-1.84888856379247E-17));
#5926=AXIS2_PLACEMENT_3D('',#7265,#7266,#7267);
#5927=CARTESIAN_POINT('',(2.90961468046422,1.6,-3.24992548514698E-17));
#5928=CARTESIAN_POINT('',(2.96681824293886,1.6058311108173,-2.54940702446972E-17));
#5929=VECTOR('',#7268,1.0);
#5930=AXIS2_PLACEMENT_3D('',#7269,#7270,#7271);
#5931=CARTESIAN_POINT('',(3.675,4.1,0.0));
#5932=CARTESIAN_POINT('',(3.56,3.78404009676272,0.0));
#5933=CARTESIAN_POINT('',(3.6175,3.94202004838136,5.41888311566402E-17));
#5934=VECTOR('',#7272,1.0);
#5935=CARTESIAN_POINT('',(2.675,4.1,-6.12303176911189E-17));
#5936=AXIS2_PLACEMENT_3D('',#7273,#7274,#7275);
#5937=CARTESIAN_POINT('',(2.79,3.78404009676272,-4.71473446221615E-17));
#5938=CARTESIAN_POINT('',(2.7325,3.94202004838136,-5.41888311566402E-17));
#5939=VECTOR('',#7276,1.0);
#5940=AXIS2_PLACEMENT_3D('',#7277,#7278,#7279);
#5941=CARTESIAN_POINT('',(3.56,3.7,0.0));
#5942=CARTESIAN_POINT('',(3.56,3.74202004838136,4.71473446221615E-17));
#5943=VECTOR('',#7280,1.0);
#5944=CARTESIAN_POINT('',(2.79,3.7,-4.71473446221615E-17));
#5945=CARTESIAN_POINT('',(2.79,3.74202004838136,-4.71473446221615E-17));
#5946=VECTOR('',#7281,1.0);
#5947=AXIS2_PLACEMENT_3D('',#7282,#7283,#7284);
#5948=CARTESIAN_POINT('',(3.52,3.7,0.0));
#5949=CARTESIAN_POINT('',(3.4675,3.635,0.0));
#5950=CARTESIAN_POINT('',(3.49375,3.6675,3.90343275280883E-17));
#5951=VECTOR('',#7285,1.0);
#5952=CARTESIAN_POINT('',(2.83,3.7,-4.2248919206872E-17));
#5953=AXIS2_PLACEMENT_3D('',#7286,#7287,#7288);
#5954=CARTESIAN_POINT('',(2.8825,3.635,-3.58197358493045E-17));
#5955=CARTESIAN_POINT('',(2.85625,3.6675,-3.90343275280883E-17));
#5956=VECTOR('',#7289,1.0);
#5957=AXIS2_PLACEMENT_3D('',#7290,#7291,#7292);
#5958=CARTESIAN_POINT('',(3.4675,3.2,0.0));
#5959=CARTESIAN_POINT('',(3.4675,3.4175,3.58197358493045E-17));
#5960=VECTOR('',#7293,1.0);
#5961=CARTESIAN_POINT('',(2.8825,3.2,-3.58197358493045E-17));
#5962=CARTESIAN_POINT('',(2.8825,3.4175,-3.58197358493045E-17));
#5963=VECTOR('',#7294,1.0);
#5964=AXIS2_PLACEMENT_3D('',#7295,#7296,#7297);
#5965=CARTESIAN_POINT('',(3.39673909729324,2.4058311108173,2.71543107436146E-17));
#5966=VECTOR('',#7298,1.0);
#5967=CARTESIAN_POINT('',(2.95326090270675,2.4058311108173,-2.71543107436146E-17));
#5968=VECTOR('',#7299,1.0);
#5969=CARTESIAN_POINT('',(3.455,1.3778312163513,0.0));
#5970=CARTESIAN_POINT('',(3.455,0.649999999999997,0.0));
#5971=CARTESIAN_POINT('',(3.455,1.01391560817565,3.42889779070267E-17));
#5972=VECTOR('',#7300,1.0);
#5973=CARTESIAN_POINT('',(2.895,1.3778312163513,-3.42889779070267E-17));
#5974=AXIS2_PLACEMENT_3D('',#7301,#7302,#7303);
#5975=CARTESIAN_POINT('',(2.895,0.649999999999997,-3.42889779070267E-17));
#5976=CARTESIAN_POINT('',(2.895,1.01391560817565,-3.42889779070267E-17));
#5977=VECTOR('',#7304,1.0);
#5978=AXIS2_PLACEMENT_3D('',#7305,#7306,#7307);
#5979=CARTESIAN_POINT('',(3.175,0.4883419246269,0.0));
#5980=CARTESIAN_POINT('',(3.035,0.569170962313449,-1.71444889535134E-17));
#5981=VECTOR('',#7308,1.0);
#5982=CARTESIAN_POINT('',(3.315,0.569170962313449,1.71444889535134E-17));
#5983=VECTOR('',#7309,1.0);
#5984=CARTESIAN_POINT('',(3.58,3.19614643444255,0.0));
#5985=CARTESIAN_POINT('',(3.51019265976788,2.39807321722127,4.10479060906373E-17));
#5986=VECTOR('',#7310,1.0);
#5987=CARTESIAN_POINT('',(2.77,3.19614643444255,-4.95965573298064E-17));
#5988=AXIS2_PLACEMENT_3D('',#7311,#7312,#7313);
#5989=CARTESIAN_POINT('',(2.83980734023212,2.39807321722127,-4.10479060906373E-17));
#5990=VECTOR('',#7314,1.0);
#5991=AXIS2_PLACEMENT_3D('',#7315,#7316,#7317);
#5992=CARTESIAN_POINT('',(3.58,1.44999999999999,0.0));
#5993=CARTESIAN_POINT('',(3.58,2.32307321722127,4.95965573298064E-17));
#5994=VECTOR('',#7318,1.0);
#5995=AXIS2_PLACEMENT_3D('',#7319,#7320,#7321);
#5996=CARTESIAN_POINT('',(2.77,1.44999999999999,-4.95965573298064E-17));
#5997=CARTESIAN_POINT('',(2.77,2.32307321722127,-4.95965573298064E-17));
#5998=VECTOR('',#7322,1.0);
#5999=AXIS2_PLACEMENT_3D('',#7323,#7324,#7325);
#6000=CARTESIAN_POINT('',(3.5175,1.41391560817565,4.19427676184166E-17));
#6001=VECTOR('',#7326,1.0);
#6002=CARTESIAN_POINT('',(2.8325,1.41391560817565,-4.19427676184166E-17));
#6003=VECTOR('',#7327,1.0);
#6004=AXIS2_PLACEMENT_3D('',#7328,#7329,#7330);
#6005=AXIS2_PLACEMENT_3D('',#7331,#7332,#7333);
#6006=AXIS2_PLACEMENT_3D('',#7334,#7335,#7336);
#6007=AXIS2_PLACEMENT_3D('',#7337,#7338,#7339);
#6008=AXIS2_PLACEMENT_3D('',#7340,#7341,#7342);
#6009=AXIS2_PLACEMENT_3D('',#7343,#7344,#7345);
#6010=AXIS2_PLACEMENT_3D('',#7346,#7347,#7348);
#6011=AXIS2_PLACEMENT_3D('',#7349,#7350,#7351);
#6012=AXIS2_PLACEMENT_3D('',#7352,#7353,#7354);
#6013=AXIS2_PLACEMENT_3D('',#7355,#7356,#7357);
#6014=AXIS2_PLACEMENT_3D('',#7358,#7359,#7360);
#6015=AXIS2_PLACEMENT_3D('',#7361,#7362,#7363);
#6016=AXIS2_PLACEMENT_3D('',#7364,#7365,#7366);
#6017=AXIS2_PLACEMENT_3D('',#7367,#7368,#7369);
#6018=AXIS2_PLACEMENT_3D('',#7370,#7371,#7372);
#6019=AXIS2_PLACEMENT_3D('',#7373,#7374,#7375);
#6020=AXIS2_PLACEMENT_3D('',#7376,#7377,#7378);
#6021=AXIS2_PLACEMENT_3D('',#7379,#7380,#7381);
#6022=AXIS2_PLACEMENT_3D('',#7382,#7383,#7384);
#6023=AXIS2_PLACEMENT_3D('',#7385,#7386,#7387);
#6024=AXIS2_PLACEMENT_3D('',#7388,#7389,#7390);
#6025=AXIS2_PLACEMENT_3D('',#7391,#7392,#7393);
#6026=AXIS2_PLACEMENT_3D('',#7394,#7395,#7396);
#6027=AXIS2_PLACEMENT_3D('',#7397,#7398,#7399);
#6028=AXIS2_PLACEMENT_3D('',#7400,#7401,#7402);
#6029=AXIS2_PLACEMENT_3D('',#7403,#7404,#7405);
#6030=AXIS2_PLACEMENT_3D('',#7406,#7407,#7408);
#6031=AXIS2_PLACEMENT_3D('',#7409,#7410,#7411);
#6032=AXIS2_PLACEMENT_3D('',#7412,#7413,#7414);
#6033=AXIS2_PLACEMENT_3D('',#7415,#7416,#7417);
#6034=AXIS2_PLACEMENT_3D('',#7418,#7419,#7420);
#6035=AXIS2_PLACEMENT_3D('',#7421,#7422,#7423);
#6036=AXIS2_PLACEMENT_3D('',#7424,#7425,#7426);
#6037=AXIS2_PLACEMENT_3D('',#7427,#7428,#7429);
#6038=AXIS2_PLACEMENT_3D('',#7430,#7431,#7432);
#6039=AXIS2_PLACEMENT_3D('',#7433,#7434,#7435);
#6040=AXIS2_PLACEMENT_3D('',#7436,#7437,#7438);
#6041=AXIS2_PLACEMENT_3D('',#7439,#7440,#7441);
#6042=AXIS2_PLACEMENT_3D('',#7442,#7443,#7444);
#6043=AXIS2_PLACEMENT_3D('',#7445,#7446,#7447);
#6044=AXIS2_PLACEMENT_3D('',#7448,#7449,#7450);
#6045=AXIS2_PLACEMENT_3D('',#7451,#7452,#7453);
#6046=AXIS2_PLACEMENT_3D('',#7454,#7455,#7456);
#6047=AXIS2_PLACEMENT_3D('',#7457,#7458,#7459);
#6048=AXIS2_PLACEMENT_3D('',#7460,#7461,#7462);
#6049=AXIS2_PLACEMENT_3D('',#7463,#7464,#7465);
#6050=AXIS2_PLACEMENT_3D('',#7466,#7467,#7468);
#6051=AXIS2_PLACEMENT_3D('',#7469,#7470,#7471);
#6052=AXIS2_PLACEMENT_3D('',#7472,#7473,#7474);
#6053=AXIS2_PLACEMENT_3D('',#7475,#7476,#7477);
#6054=AXIS2_PLACEMENT_3D('',#7478,#7479,#7480);
#6055=AXIS2_PLACEMENT_3D('',#7481,#7482,#7483);
#6056=AXIS2_PLACEMENT_3D('',#7484,#7485,#7486);
#6057=AXIS2_PLACEMENT_3D('',#7487,#7488,#7489);
#6058=AXIS2_PLACEMENT_3D('',#7490,#7491,#7492);
#6059=AXIS2_PLACEMENT_3D('',#7493,#7494,#7495);
#6060=AXIS2_PLACEMENT_3D('',#7496,#7497,#7498);
#6061=AXIS2_PLACEMENT_3D('',#7499,#7500,#7501);
#6062=AXIS2_PLACEMENT_3D('',#7502,#7503,#7504);
#6063=AXIS2_PLACEMENT_3D('',#7505,#7506,#7507);
#6064=AXIS2_PLACEMENT_3D('',#7508,#7509,#7510);
#6065=AXIS2_PLACEMENT_3D('',#7511,#7512,#7513);
#6066=AXIS2_PLACEMENT_3D('',#7514,#7515,#7516);
#6067=AXIS2_PLACEMENT_3D('',#7517,#7518,#7519);
#6068=AXIS2_PLACEMENT_3D('',#7520,#7521,#7522);
#6069=AXIS2_PLACEMENT_3D('',#7523,#7524,#7525);
#6070=AXIS2_PLACEMENT_3D('',#7526,#7527,#7528);
#6071=AXIS2_PLACEMENT_3D('',#7529,#7530,#7531);
#6072=AXIS2_PLACEMENT_3D('',#7532,#7533,#7534);
#6073=AXIS2_PLACEMENT_3D('',#7535,#7536,#7537);
#6074=AXIS2_PLACEMENT_3D('',#7538,#7539,#7540);
#6075=AXIS2_PLACEMENT_3D('',#7541,#7542,#7543);
#6076=AXIS2_PLACEMENT_3D('',#7544,#7545,#7546);
#6077=AXIS2_PLACEMENT_3D('',#7547,#7548,#7549);
#6078=AXIS2_PLACEMENT_3D('',#7550,#7551,#7552);
#6079=AXIS2_PLACEMENT_3D('',#7553,#7554,#7555);
#6080=AXIS2_PLACEMENT_3D('',#7556,#7557,#7558);
#6081=AXIS2_PLACEMENT_3D('',#7559,#7560,#7561);
#6082=AXIS2_PLACEMENT_3D('',#7562,#7563,#7564);
#6083=AXIS2_PLACEMENT_3D('',#7565,#7566,#7567);
#6084=AXIS2_PLACEMENT_3D('',#7568,#7569,#7570);
#6085=AXIS2_PLACEMENT_3D('',#7571,#7572,#7573);
#6086=AXIS2_PLACEMENT_3D('',#7574,#7575,#7576);
#6087=AXIS2_PLACEMENT_3D('',#7577,#7578,#7579);
#6088=AXIS2_PLACEMENT_3D('',#7580,#7581,#7582);
#6089=AXIS2_PLACEMENT_3D('',#7583,#7584,#7585);
#6090=AXIS2_PLACEMENT_3D('',#7586,#7587,#7588);
#6091=AXIS2_PLACEMENT_3D('',#7589,#7590,#7591);
#6092=AXIS2_PLACEMENT_3D('',#7592,#7593,#7594);
#6093=AXIS2_PLACEMENT_3D('',#7595,#7596,#7597);
#6094=AXIS2_PLACEMENT_3D('',#7598,#7599,#7600);
#6095=AXIS2_PLACEMENT_3D('',#7601,#7602,#7603);
#6096=AXIS2_PLACEMENT_3D('',#7604,#7605,#7606);
#6097=AXIS2_PLACEMENT_3D('',#7607,#7608,#7609);
#6098=AXIS2_PLACEMENT_3D('',#7610,#7611,#7612);
#6099=AXIS2_PLACEMENT_3D('',#7613,#7614,#7615);
#6100=CARTESIAN_POINT('',(3.43720595314675,0.199999999999989,-0.599999999999994));
#6101=CARTESIAN_POINT('',(3.51000000000001,0.0,-0.715470053837918));
#6102=CARTESIAN_POINT('',(3.17743725261603,0.913708638988969,-0.187940125156723));
#6103=VECTOR('',#7616,1.0);
#6104=CARTESIAN_POINT('',(3.43720595314675,0.199999999999989,-1.1));
#6105=CARTESIAN_POINT('',(3.43720595314675,0.199999999999989,-1.5));
#6106=VECTOR('',#7617,1.0);
#6107=CARTESIAN_POINT('',(3.51000000000001,0.0,-1.1));
#6108=CARTESIAN_POINT('',(2.95707683715904,1.51914390459849,-1.1));
#6109=VECTOR('',#7618,1.0);
#6110=CARTESIAN_POINT('',(3.51000000000001,0.0,-0.75));
#6111=VECTOR('',#7619,1.0);
#6112=CARTESIAN_POINT('',(3.43720595314675,0.199999999999989,1.1));
#6113=CARTESIAN_POINT('',(3.51000000000001,0.0,1.1));
#6114=CARTESIAN_POINT('',(2.95707683715904,1.51914390459849,1.1));
#6115=VECTOR('',#7620,1.0);
#6116=CARTESIAN_POINT('',(3.43720595314675,0.199999999999989,0.599999999999995));
#6117=CARTESIAN_POINT('',(3.43720595314675,0.199999999999989,-1.5));
#6118=VECTOR('',#7621,1.0);
#6119=CARTESIAN_POINT('',(3.51000000000001,0.0,0.715470053837919));
#6120=CARTESIAN_POINT('',(2.96239712376904,1.50452653727249,-0.153168747459334));
#6121=VECTOR('',#7622,1.0);
#6122=CARTESIAN_POINT('',(3.51000000000001,0.0,-0.75));
#6123=VECTOR('',#7623,1.0);
#6124=CARTESIAN_POINT('',(2.83999999999999,0.0,-0.715470053837918));
#6125=CARTESIAN_POINT('',(2.91279404685325,0.199999999999989,-0.599999999999994));
#6126=CARTESIAN_POINT('',(2.48647076462292,-0.971313591315245,-1.27625821725135));
#6127=VECTOR('',#7624,1.0);
#6128=CARTESIAN_POINT('',(2.83999999999999,0.0,-1.1));
#6129=CARTESIAN_POINT('',(2.83999999999999,0.0,-0.75));
#6130=VECTOR('',#7625,1.0);
#6131=CARTESIAN_POINT('',(2.91279404685325,0.199999999999989,-1.1));
#6132=CARTESIAN_POINT('',(3.02151871629212,0.498718574220843,-1.1));
#6133=VECTOR('',#7626,1.0);
#6134=CARTESIAN_POINT('',(2.91279404685325,0.199999999999989,-1.5));
#6135=VECTOR('',#7627,1.0);
#6136=CARTESIAN_POINT('',(2.83999999999999,0.0,1.1));
#6137=CARTESIAN_POINT('',(2.91279404685325,0.199999999999989,1.1));
#6138=CARTESIAN_POINT('',(3.02151871629212,0.498718574220843,1.1));
#6139=VECTOR('',#7628,1.0);
#6140=CARTESIAN_POINT('',(2.83999999999999,0.0,0.715470053837919));
#6141=CARTESIAN_POINT('',(2.83999999999999,0.0,-0.75));
#6142=VECTOR('',#7629,1.0);
#6143=CARTESIAN_POINT('',(2.91279404685325,0.199999999999989,0.599999999999995));
#6144=CARTESIAN_POINT('',(2.70151089346991,-0.380495693031722,0.935149344635289));
#6145=VECTOR('',#7630,1.0);
#6146=CARTESIAN_POINT('',(2.91279404685325,0.199999999999989,-1.5));
#6147=VECTOR('',#7631,1.0);
#6148=CARTESIAN_POINT('',(2.24000000000001,0.0,1.1));
#6149=CARTESIAN_POINT('',(0.0,0.0,1.1));
#6150=VECTOR('',#7632,1.0);
#6151=CARTESIAN_POINT('',(2.24000000000001,0.0,0.715470053837919));
#6152=CARTESIAN_POINT('',(2.24000000000001,0.0,-0.75));
#6153=VECTOR('',#7633,1.0);
#6154=CARTESIAN_POINT('',(-2.20825,0.0,0.715470053837919));
#6155=VECTOR('',#7634,1.0);
#6156=CARTESIAN_POINT('',(4.015,0.0,0.715470053837919));
#6157=CARTESIAN_POINT('',(-2.20825,0.0,0.715470053837919));
#6158=VECTOR('',#7635,1.0);
#6159=CARTESIAN_POINT('',(4.015,0.0,1.1));
#6160=CARTESIAN_POINT('',(4.015,0.0,0.0));
#6161=VECTOR('',#7636,1.0);
#6162=CARTESIAN_POINT('',(0.0,0.0,1.1));
#6163=VECTOR('',#7637,1.0);
#6164=CARTESIAN_POINT('',(2.16720595314675,0.199999999999989,0.599999999999995));
#6165=CARTESIAN_POINT('',(1.74978609947256,1.34685162240149,-0.0621350929141079));
#6166=VECTOR('',#7638,1.0);
#6167=CARTESIAN_POINT('',(-4.4165,0.199999999999989,0.599999999999994));
#6168=VECTOR('',#7639,1.0);
#6169=CARTESIAN_POINT('',(4.015,0.199999999999989,0.599999999999995));
#6170=CARTESIAN_POINT('',(-4.4165,0.199999999999989,0.599999999999994));
#6171=VECTOR('',#7640,1.0);
#6172=CARTESIAN_POINT('',(4.015,0.973653810567646,0.153330764209155));
#6173=VECTOR('',#7641,1.0);
#6174=CARTESIAN_POINT('',(1.5875,0.199999999999989,-1.1));
#6175=VECTOR('',#7642,1.0);
#6176=CARTESIAN_POINT('',(2.24000000000001,0.0,-1.1));
#6177=CARTESIAN_POINT('',(0.0,0.0,-1.1));
#6178=VECTOR('',#7643,1.0);
#6179=CARTESIAN_POINT('',(2.16720595314675,0.199999999999989,-1.1));
#6180=CARTESIAN_POINT('',(1.76135772646881,1.31505883852296,-1.1));
#6181=VECTOR('',#7644,1.0);
#6182=CARTESIAN_POINT('',(1.64279404685325,0.199999999999989,-1.1));
#6183=CARTESIAN_POINT('',(0.9525,0.199999999999989,-1.1));
#6184=VECTOR('',#7645,1.0);
#6185=CARTESIAN_POINT('',(1.56999999999999,0.0,-1.1));
#6186=CARTESIAN_POINT('',(1.82579960560189,0.702803640296371,-1.1));
#6187=VECTOR('',#7646,1.0);
#6188=CARTESIAN_POINT('',(0.970000000000008,0.0,-1.1));
#6189=CARTESIAN_POINT('',(0.0,0.0,-1.1));
#6190=VECTOR('',#7647,1.0);
#6191=CARTESIAN_POINT('',(0.897205953146747,0.199999999999989,-1.1));
#6192=CARTESIAN_POINT('',(0.565638615778575,1.11097377244743,-1.1));
#6193=VECTOR('',#7648,1.0);
#6194=CARTESIAN_POINT('',(0.372794046853253,0.199999999999989,-1.1));
#6195=CARTESIAN_POINT('',(0.3175,0.199999999999989,-1.1));
#6196=VECTOR('',#7649,1.0);
#6197=CARTESIAN_POINT('',(0.299999999999992,0.0,-1.1));
#6198=CARTESIAN_POINT('',(0.630080494911657,0.9068887063719,-1.1));
#6199=VECTOR('',#7650,1.0);
#6200=CARTESIAN_POINT('',(-0.299999999999992,0.0,-1.1));
#6201=CARTESIAN_POINT('',(0.0,0.0,-1.1));
#6202=VECTOR('',#7651,1.0);
#6203=CARTESIAN_POINT('',(-0.372794046853253,0.199999999999989,-1.1));
#6204=CARTESIAN_POINT('',(-0.630080494911657,0.9068887063719,-1.1));
#6205=VECTOR('',#7652,1.0);
#6206=CARTESIAN_POINT('',(-0.897205953146747,0.199999999999989,-1.1));
#6207=CARTESIAN_POINT('',(-0.3175,0.199999999999989,-1.1));
#6208=VECTOR('',#7653,1.0);
#6209=CARTESIAN_POINT('',(-0.970000000000008,0.0,-1.1));
#6210=CARTESIAN_POINT('',(-0.565638615778574,1.11097377244743,-1.1));
#6211=VECTOR('',#7654,1.0);
#6212=CARTESIAN_POINT('',(-1.56999999999999,0.0,-1.1));
#6213=CARTESIAN_POINT('',(0.0,0.0,-1.1));
#6214=VECTOR('',#7655,1.0);
#6215=CARTESIAN_POINT('',(-1.64279404685325,0.199999999999989,-1.1));
#6216=CARTESIAN_POINT('',(-1.82579960560189,0.702803640296372,-1.1));
#6217=VECTOR('',#7656,1.0);
#6218=CARTESIAN_POINT('',(-2.16720595314675,0.199999999999989,-1.1));
#6219=CARTESIAN_POINT('',(-0.9525,0.199999999999989,-1.1));
#6220=VECTOR('',#7657,1.0);
#6221=CARTESIAN_POINT('',(-2.24000000000001,0.0,-1.1));
#6222=CARTESIAN_POINT('',(-1.76135772646881,1.31505883852296,-1.1));
#6223=VECTOR('',#7658,1.0);
#6224=CARTESIAN_POINT('',(-2.83999999999999,0.0,-1.1));
#6225=CARTESIAN_POINT('',(0.0,0.0,-1.1));
#6226=VECTOR('',#7659,1.0);
#6227=CARTESIAN_POINT('',(-2.91279404685325,0.199999999999989,-1.1));
#6228=CARTESIAN_POINT('',(-3.02151871629212,0.498718574220843,-1.1));
#6229=VECTOR('',#7660,1.0);
#6230=CARTESIAN_POINT('',(-3.43720595314675,0.199999999999989,-1.1));
#6231=CARTESIAN_POINT('',(-1.5875,0.199999999999989,-1.1));
#6232=VECTOR('',#7661,1.0);
#6233=CARTESIAN_POINT('',(-3.51000000000001,0.0,-1.1));
#6234=CARTESIAN_POINT('',(-2.95707683715904,1.51914390459849,-1.1));
#6235=VECTOR('',#7662,1.0);
#6236=CARTESIAN_POINT('',(-4.015,0.0,-1.1));
#6237=CARTESIAN_POINT('',(0.0,0.0,-1.1));
#6238=VECTOR('',#7663,1.0);
#6239=CARTESIAN_POINT('',(-4.015,4.1,-1.1));
#6240=CARTESIAN_POINT('',(-4.015,2.05,-1.1));
#6241=VECTOR('',#7664,1.0);
#6242=CARTESIAN_POINT('',(4.015,4.1,-1.1));
#6243=CARTESIAN_POINT('',(0.0,4.1,-1.1));
#6244=VECTOR('',#7665,1.0);
#6245=CARTESIAN_POINT('',(4.015,0.0,-1.1));
#6246=CARTESIAN_POINT('',(4.015,2.05,-1.1));
#6247=VECTOR('',#7666,1.0);
#6248=CARTESIAN_POINT('',(0.0,0.0,-1.1));
#6249=VECTOR('',#7667,1.0);
#6250=CARTESIAN_POINT('',(1.5875,0.199999999999989,1.1));
#6251=VECTOR('',#7668,1.0);
#6252=CARTESIAN_POINT('',(2.16720595314675,0.199999999999989,1.1));
#6253=CARTESIAN_POINT('',(2.16720595314675,0.199999999999989,-1.5));
#6254=VECTOR('',#7669,1.0);
#6255=CARTESIAN_POINT('',(1.64279404685325,0.199999999999989,1.1));
#6256=CARTESIAN_POINT('',(0.9525,0.199999999999989,1.1));
#6257=VECTOR('',#7670,1.0);
#6258=CARTESIAN_POINT('',(1.64279404685325,0.199999999999989,0.599999999999995));
#6259=CARTESIAN_POINT('',(1.64279404685325,0.199999999999989,-1.5));
#6260=VECTOR('',#7671,1.0);
#6261=CARTESIAN_POINT('',(0.897205953146747,0.199999999999989,0.599999999999995));
#6262=CARTESIAN_POINT('',(-4.4165,0.199999999999989,0.599999999999994));
#6263=VECTOR('',#7672,1.0);
#6264=CARTESIAN_POINT('',(0.897205953146747,0.199999999999989,1.1));
#6265=CARTESIAN_POINT('',(0.897205953146747,0.199999999999989,-1.5));
#6266=VECTOR('',#7673,1.0);
#6267=CARTESIAN_POINT('',(0.372794046853253,0.199999999999989,1.1));
#6268=CARTESIAN_POINT('',(0.3175,0.199999999999989,1.1));
#6269=VECTOR('',#7674,1.0);
#6270=CARTESIAN_POINT('',(0.372794046853253,0.199999999999989,0.599999999999995));
#6271=CARTESIAN_POINT('',(0.372794046853253,0.199999999999989,-1.5));
#6272=VECTOR('',#7675,1.0);
#6273=CARTESIAN_POINT('',(-0.372794046853253,0.199999999999989,0.599999999999995));
#6274=CARTESIAN_POINT('',(-4.4165,0.199999999999989,0.599999999999994));
#6275=VECTOR('',#7676,1.0);
#6276=CARTESIAN_POINT('',(-0.372794046853253,0.199999999999989,1.1));
#6277=CARTESIAN_POINT('',(-0.372794046853253,0.199999999999989,-1.5));
#6278=VECTOR('',#7677,1.0);
#6279=CARTESIAN_POINT('',(-0.897205953146747,0.199999999999989,1.1));
#6280=CARTESIAN_POINT('',(-0.3175,0.199999999999989,1.1));
#6281=VECTOR('',#7678,1.0);
#6282=CARTESIAN_POINT('',(-0.897205953146747,0.199999999999989,0.599999999999995));
#6283=CARTESIAN_POINT('',(-0.897205953146747,0.199999999999989,-1.5));
#6284=VECTOR('',#7679,1.0);
#6285=CARTESIAN_POINT('',(-1.64279404685325,0.199999999999989,0.599999999999995));
#6286=CARTESIAN_POINT('',(-4.4165,0.199999999999989,0.599999999999994));
#6287=VECTOR('',#7680,1.0);
#6288=CARTESIAN_POINT('',(-1.64279404685325,0.199999999999989,1.1));
#6289=CARTESIAN_POINT('',(-1.64279404685325,0.199999999999989,-1.5));
#6290=VECTOR('',#7681,1.0);
#6291=CARTESIAN_POINT('',(-2.16720595314675,0.199999999999989,1.1));
#6292=CARTESIAN_POINT('',(-0.9525,0.199999999999989,1.1));
#6293=VECTOR('',#7682,1.0);
#6294=CARTESIAN_POINT('',(-2.16720595314675,0.199999999999989,0.599999999999995));
#6295=CARTESIAN_POINT('',(-2.16720595314675,0.199999999999989,-1.5));
#6296=VECTOR('',#7683,1.0);
#6297=CARTESIAN_POINT('',(-2.91279404685325,0.199999999999989,0.599999999999995));
#6298=CARTESIAN_POINT('',(-4.4165,0.199999999999989,0.599999999999994));
#6299=VECTOR('',#7684,1.0);
#6300=CARTESIAN_POINT('',(-2.91279404685325,0.199999999999989,1.1));
#6301=CARTESIAN_POINT('',(-2.91279404685325,0.199999999999989,-1.5));
#6302=VECTOR('',#7685,1.0);
#6303=CARTESIAN_POINT('',(-3.43720595314675,0.199999999999989,1.1));
#6304=CARTESIAN_POINT('',(-1.5875,0.199999999999989,1.1));
#6305=VECTOR('',#7686,1.0);
#6306=CARTESIAN_POINT('',(-3.43720595314675,0.199999999999989,0.599999999999994));
#6307=CARTESIAN_POINT('',(-3.43720595314675,0.199999999999989,-1.5));
#6308=VECTOR('',#7687,1.0);
#6309=CARTESIAN_POINT('',(-4.015,0.199999999999989,0.599999999999994));
#6310=CARTESIAN_POINT('',(-4.4165,0.199999999999989,0.599999999999994));
#6311=VECTOR('',#7688,1.0);
#6312=CARTESIAN_POINT('',(-4.015,0.199999999999989,-0.599999999999994));
#6313=CARTESIAN_POINT('',(-4.015,0.199999999999989,0.0));
#6314=VECTOR('',#7689,1.0);
#6315=CARTESIAN_POINT('',(-3.43720595314675,0.199999999999989,-0.599999999999994));
#6316=CARTESIAN_POINT('',(-4.4165,0.199999999999989,-0.599999999999994));
#6317=VECTOR('',#7690,1.0);
#6318=CARTESIAN_POINT('',(-3.43720595314675,0.199999999999989,-1.5));
#6319=VECTOR('',#7691,1.0);
#6320=CARTESIAN_POINT('',(-2.91279404685325,0.199999999999989,-0.599999999999994));
#6321=CARTESIAN_POINT('',(-2.91279404685325,0.199999999999989,-1.5));
#6322=VECTOR('',#7692,1.0);
#6323=CARTESIAN_POINT('',(-2.16720595314675,0.199999999999989,-0.599999999999994));
#6324=CARTESIAN_POINT('',(-4.4165,0.199999999999989,-0.599999999999994));
#6325=VECTOR('',#7693,1.0);
#6326=CARTESIAN_POINT('',(-2.16720595314675,0.199999999999989,-1.5));
#6327=VECTOR('',#7694,1.0);
#6328=CARTESIAN_POINT('',(-1.64279404685325,0.199999999999989,-0.599999999999994));
#6329=CARTESIAN_POINT('',(-1.64279404685325,0.199999999999989,-1.5));
#6330=VECTOR('',#7695,1.0);
#6331=CARTESIAN_POINT('',(-0.897205953146747,0.199999999999989,-0.599999999999994));
#6332=CARTESIAN_POINT('',(-4.4165,0.199999999999989,-0.599999999999994));
#6333=VECTOR('',#7696,1.0);
#6334=CARTESIAN_POINT('',(-0.897205953146747,0.199999999999989,-1.5));
#6335=VECTOR('',#7697,1.0);
#6336=CARTESIAN_POINT('',(-0.372794046853253,0.199999999999989,-0.599999999999994));
#6337=CARTESIAN_POINT('',(-0.372794046853253,0.199999999999989,-1.5));
#6338=VECTOR('',#7698,1.0);
#6339=CARTESIAN_POINT('',(0.372794046853253,0.199999999999989,-0.599999999999994));
#6340=CARTESIAN_POINT('',(-4.4165,0.199999999999989,-0.599999999999994));
#6341=VECTOR('',#7699,1.0);
#6342=CARTESIAN_POINT('',(0.372794046853253,0.199999999999989,-1.5));
#6343=VECTOR('',#7700,1.0);
#6344=CARTESIAN_POINT('',(0.897205953146747,0.199999999999989,-0.599999999999994));
#6345=CARTESIAN_POINT('',(0.897205953146747,0.199999999999989,-1.5));
#6346=VECTOR('',#7701,1.0);
#6347=CARTESIAN_POINT('',(1.64279404685325,0.199999999999989,-0.599999999999994));
#6348=CARTESIAN_POINT('',(-4.4165,0.199999999999989,-0.599999999999994));
#6349=VECTOR('',#7702,1.0);
#6350=CARTESIAN_POINT('',(1.64279404685325,0.199999999999989,-1.5));
#6351=VECTOR('',#7703,1.0);
#6352=CARTESIAN_POINT('',(2.16720595314675,0.199999999999989,-0.599999999999994));
#6353=CARTESIAN_POINT('',(2.16720595314675,0.199999999999989,-1.5));
#6354=VECTOR('',#7704,1.0);
#6355=CARTESIAN_POINT('',(-4.4165,0.199999999999989,-0.599999999999994));
#6356=VECTOR('',#7705,1.0);
#6357=CARTESIAN_POINT('',(4.015,0.199999999999989,-0.599999999999994));
#6358=CARTESIAN_POINT('',(-4.4165,0.199999999999989,-0.599999999999994));
#6359=VECTOR('',#7706,1.0);
#6360=CARTESIAN_POINT('',(4.015,0.199999999999989,0.0));
#6361=VECTOR('',#7707,1.0);
#6362=CARTESIAN_POINT('',(2.24000000000001,0.0,-0.715470053837919));
#6363=CARTESIAN_POINT('',(1.96482622831955,0.756033724117972,-0.278973779701949));
#6364=VECTOR('',#7708,1.0);
#6365=CARTESIAN_POINT('',(-2.20825,0.0,-0.715470053837919));
#6366=VECTOR('',#7709,1.0);
#6367=CARTESIAN_POINT('',(2.24000000000001,0.0,-0.75));
#6368=VECTOR('',#7710,1.0);
#6369=CARTESIAN_POINT('',(4.015,0.0,-0.715470053837918));
#6370=CARTESIAN_POINT('',(4.015,0.0,0.0));
#6371=VECTOR('',#7711,1.0);
#6372=CARTESIAN_POINT('',(-2.20825,0.0,-0.715470053837919));
#6373=VECTOR('',#7712,1.0);
#6374=CARTESIAN_POINT('',(1.76135772646881,1.31505883852296,1.1));
#6375=VECTOR('',#7713,1.0);
#6376=CARTESIAN_POINT('',(1.56999999999999,0.0,-0.715470053837919));
#6377=CARTESIAN_POINT('',(1.27385974032644,-0.813638676444247,-1.18522456270612));
#6378=VECTOR('',#7714,1.0);
#6379=CARTESIAN_POINT('',(1.56999999999999,0.0,-0.75));
#6380=VECTOR('',#7715,1.0);
#6381=CARTESIAN_POINT('',(1.56999999999999,0.0,1.1));
#6382=CARTESIAN_POINT('',(1.82579960560189,0.702803640296371,1.1));
#6383=VECTOR('',#7716,1.0);
#6384=CARTESIAN_POINT('',(1.56999999999999,0.0,0.715470053837919));
#6385=CARTESIAN_POINT('',(1.56999999999999,0.0,-0.75));
#6386=VECTOR('',#7717,1.0);
#6387=CARTESIAN_POINT('',(1.48889986917343,-0.222820778160725,0.844115690090063));
#6388=VECTOR('',#7718,1.0);
#6389=CARTESIAN_POINT('',(0.970000000000008,0.0,1.1));
#6390=CARTESIAN_POINT('',(0.0,0.0,1.1));
#6391=VECTOR('',#7719,1.0);
#6392=CARTESIAN_POINT('',(0.970000000000008,0.0,0.715470053837919));
#6393=CARTESIAN_POINT('',(0.970000000000008,0.0,-0.75));
#6394=VECTOR('',#7720,1.0);
#6395=CARTESIAN_POINT('',(-2.20825,0.0,0.715470053837919));
#6396=VECTOR('',#7721,1.0);
#6397=CARTESIAN_POINT('',(0.537175075176076,1.1891767075305,0.0288985616311184));
#6398=VECTOR('',#7722,1.0);
#6399=CARTESIAN_POINT('',(0.970000000000008,0.0,-0.715470053837919));
#6400=CARTESIAN_POINT('',(0.752215204023068,0.598358809246975,-0.370007434247176));
#6401=VECTOR('',#7723,1.0);
#6402=CARTESIAN_POINT('',(-2.20825,0.0,-0.715470053837919));
#6403=VECTOR('',#7724,1.0);
#6404=CARTESIAN_POINT('',(0.970000000000008,0.0,-0.75));
#6405=VECTOR('',#7725,1.0);
#6406=CARTESIAN_POINT('',(0.565638615778575,1.11097377244743,1.1));
#6407=VECTOR('',#7726,1.0);
#6408=CARTESIAN_POINT('',(0.299999999999992,0.0,-0.715470053837919));
#6409=CARTESIAN_POINT('',(0.0612487160299567,-0.65596376157325,-1.09419090816089));
#6410=VECTOR('',#7727,1.0);
#6411=CARTESIAN_POINT('',(0.299999999999992,0.0,-0.75));
#6412=VECTOR('',#7728,1.0);
#6413=CARTESIAN_POINT('',(0.299999999999992,0.0,1.1));
#6414=CARTESIAN_POINT('',(0.630080494911657,0.9068887063719,1.1));
#6415=VECTOR('',#7729,1.0);
#6416=CARTESIAN_POINT('',(0.299999999999992,0.0,0.715470053837919));
#6417=CARTESIAN_POINT('',(0.299999999999992,0.0,-0.75));
#6418=VECTOR('',#7730,1.0);
#6419=CARTESIAN_POINT('',(0.276288844876948,-0.0651458632897277,0.753082035544836));
#6420=VECTOR('',#7731,1.0);
#6421=CARTESIAN_POINT('',(-0.299999999999992,0.0,1.1));
#6422=CARTESIAN_POINT('',(0.0,0.0,1.1));
#6423=VECTOR('',#7732,1.0);
#6424=CARTESIAN_POINT('',(-0.299999999999992,0.0,0.715470053837919));
#6425=CARTESIAN_POINT('',(-0.299999999999992,0.0,-0.75));
#6426=VECTOR('',#7733,1.0);
#6427=CARTESIAN_POINT('',(-2.20825,0.0,0.715470053837919));
#6428=VECTOR('',#7734,1.0);
#6429=CARTESIAN_POINT('',(-0.675435949120404,1.0315017926595,0.119932216176345));
#6430=VECTOR('',#7735,1.0);
#6431=CARTESIAN_POINT('',(-0.299999999999992,0.0,-0.715470053837919));
#6432=CARTESIAN_POINT('',(-0.460395820273413,0.440683894375978,-0.461041088792402));
#6433=VECTOR('',#7736,1.0);
#6434=CARTESIAN_POINT('',(-2.20825,0.0,-0.715470053837919));
#6435=VECTOR('',#7737,1.0);
#6436=CARTESIAN_POINT('',(-0.299999999999992,0.0,-0.75));
#6437=VECTOR('',#7738,1.0);
#6438=CARTESIAN_POINT('',(-0.630080494911657,0.9068887063719,1.1));
#6439=VECTOR('',#7739,1.0);
#6440=CARTESIAN_POINT('',(-0.970000000000008,0.0,-0.715470053837919));
#6441=CARTESIAN_POINT('',(-1.15136230826652,-0.498288846702253,-1.00315725361567));
#6442=VECTOR('',#7740,1.0);
#6443=CARTESIAN_POINT('',(-0.970000000000008,0.0,-0.75));
#6444=VECTOR('',#7741,1.0);
#6445=CARTESIAN_POINT('',(-0.970000000000008,0.0,1.1));
#6446=CARTESIAN_POINT('',(-0.565638615778574,1.11097377244743,1.1));
#6447=VECTOR('',#7742,1.0);
#6448=CARTESIAN_POINT('',(-0.970000000000008,0.0,0.715470053837919));
#6449=CARTESIAN_POINT('',(-0.970000000000008,0.0,-0.75));
#6450=VECTOR('',#7743,1.0);
#6451=CARTESIAN_POINT('',(-0.936322179419532,0.0925290515812695,0.66204838099961));
#6452=VECTOR('',#7744,1.0);
#6453=CARTESIAN_POINT('',(-1.56999999999999,0.0,1.1));
#6454=CARTESIAN_POINT('',(0.0,0.0,1.1));
#6455=VECTOR('',#7745,1.0);
#6456=CARTESIAN_POINT('',(-1.56999999999999,0.0,0.715470053837919));
#6457=CARTESIAN_POINT('',(-1.56999999999999,0.0,-0.75));
#6458=VECTOR('',#7746,1.0);
#6459=CARTESIAN_POINT('',(-2.20825,0.0,0.715470053837919));
#6460=VECTOR('',#7747,1.0);
#6461=CARTESIAN_POINT('',(-1.88804697341688,0.873826877788503,0.210965870721571));
#6462=VECTOR('',#7748,1.0);
#6463=CARTESIAN_POINT('',(-1.56999999999999,0.0,-0.715470053837919));
#6464=CARTESIAN_POINT('',(-1.67300684456989,0.28300897950498,-0.552074743337628));
#6465=VECTOR('',#7749,1.0);
#6466=CARTESIAN_POINT('',(-2.20825,0.0,-0.715470053837919));
#6467=VECTOR('',#7750,1.0);
#6468=CARTESIAN_POINT('',(-1.56999999999999,0.0,-0.75));
#6469=VECTOR('',#7751,1.0);
#6470=CARTESIAN_POINT('',(-1.82579960560189,0.702803640296372,1.1));
#6471=VECTOR('',#7752,1.0);
#6472=CARTESIAN_POINT('',(-2.24000000000001,0.0,-0.715470053837919));
#6473=CARTESIAN_POINT('',(-2.363973332563,-0.340613931831255,-0.912123599070441));
#6474=VECTOR('',#7753,1.0);
#6475=CARTESIAN_POINT('',(-2.24000000000001,0.0,-0.75));
#6476=VECTOR('',#7754,1.0);
#6477=CARTESIAN_POINT('',(-2.24000000000001,0.0,1.1));
#6478=CARTESIAN_POINT('',(-1.76135772646881,1.31505883852296,1.1));
#6479=VECTOR('',#7755,1.0);
#6480=CARTESIAN_POINT('',(-2.24000000000001,0.0,0.715470053837919));
#6481=CARTESIAN_POINT('',(-2.24000000000001,0.0,-0.75));
#6482=VECTOR('',#7756,1.0);
#6483=CARTESIAN_POINT('',(-2.14893320371601,0.250203966452267,0.571014726454384));
#6484=VECTOR('',#7757,1.0);
#6485=CARTESIAN_POINT('',(-2.83999999999999,0.0,1.1));
#6486=CARTESIAN_POINT('',(0.0,0.0,1.1));
#6487=VECTOR('',#7758,1.0);
#6488=CARTESIAN_POINT('',(-2.83999999999999,0.0,0.715470053837919));
#6489=CARTESIAN_POINT('',(-2.83999999999999,0.0,-0.75));
#6490=VECTOR('',#7759,1.0);
#6491=CARTESIAN_POINT('',(-2.20825,0.0,0.715470053837919));
#6492=VECTOR('',#7760,1.0);
#6493=CARTESIAN_POINT('',(-3.10065799771336,0.716151962917505,0.301999525266797));
#6494=VECTOR('',#7761,1.0);
#6495=CARTESIAN_POINT('',(-2.83999999999999,0.0,-0.715470053837919));
#6496=CARTESIAN_POINT('',(-2.88561786886637,0.125334064633983,-0.643108397882855));
#6497=VECTOR('',#7762,1.0);
#6498=CARTESIAN_POINT('',(-2.20825,0.0,-0.715470053837919));
#6499=VECTOR('',#7763,1.0);
#6500=CARTESIAN_POINT('',(-2.83999999999999,0.0,-0.75));
#6501=VECTOR('',#7764,1.0);
#6502=CARTESIAN_POINT('',(-3.02151871629212,0.498718574220843,1.1));
#6503=VECTOR('',#7765,1.0);
#6504=CARTESIAN_POINT('',(-3.51000000000001,0.0,-0.715470053837919));
#6505=CARTESIAN_POINT('',(-3.57658435685948,-0.182939016960258,-0.821089944525215));
#6506=VECTOR('',#7766,1.0);
#6507=CARTESIAN_POINT('',(-3.51000000000001,0.0,-0.75));
#6508=VECTOR('',#7767,1.0);
#6509=CARTESIAN_POINT('',(-3.51000000000001,0.0,1.1));
#6510=CARTESIAN_POINT('',(-2.95707683715904,1.51914390459849,1.1));
#6511=VECTOR('',#7768,1.0);
#6512=CARTESIAN_POINT('',(-3.51000000000001,0.0,0.715470053837919));
#6513=CARTESIAN_POINT('',(-3.51000000000001,0.0,-0.75));
#6514=VECTOR('',#7769,1.0);
#6515=CARTESIAN_POINT('',(-3.36154422801249,0.407878881323264,0.479981071909157));
#6516=VECTOR('',#7770,1.0);
#6517=CARTESIAN_POINT('',(-4.015,0.0,1.1));
#6518=CARTESIAN_POINT('',(0.0,0.0,1.1));
#6519=VECTOR('',#7771,1.0);
#6520=CARTESIAN_POINT('',(-4.015,0.0,0.715470053837919));
#6521=CARTESIAN_POINT('',(-4.015,0.0,0.0));
#6522=VECTOR('',#7772,1.0);
#6523=CARTESIAN_POINT('',(-2.20825,0.0,0.715470053837919));
#6524=VECTOR('',#7773,1.0);
#6525=CARTESIAN_POINT('',(-4.015,0.0,-0.715470053837919));
#6526=CARTESIAN_POINT('',(-2.20825,0.0,-0.715470053837919));
#6527=VECTOR('',#7774,1.0);
#6528=CARTESIAN_POINT('',(-4.015,0.0,0.0));
#6529=VECTOR('',#7775,1.0);
#6530=CARTESIAN_POINT('',(-4.015,0.973653810567646,0.153330764209155));
#6531=VECTOR('',#7776,1.0);
#6532=CARTESIAN_POINT('',(-4.015,0.973653810567646,-0.153330764209155));
#6533=VECTOR('',#7777,1.0);
#6534=CARTESIAN_POINT('',(4.015,0.973653810567646,-0.153330764209154));
#6535=VECTOR('',#7778,1.0);
#6536=CARTESIAN_POINT('',(-4.015,4.1,1.1));
#6537=CARTESIAN_POINT('',(-4.015,2.05,1.1));
#6538=VECTOR('',#7779,1.0);
#6539=CARTESIAN_POINT('',(-4.015,4.1,0.0));
#6540=VECTOR('',#7780,1.0);
#6541=CARTESIAN_POINT('',(4.015,4.1,1.1));
#6542=CARTESIAN_POINT('',(4.015,2.05,1.1));
#6543=VECTOR('',#7781,1.0);
#6544=CARTESIAN_POINT('',(0.0,4.1,1.1));
#6545=VECTOR('',#7782,1.0);
#6546=CARTESIAN_POINT('',(4.015,4.1,0.0));
#6547=VECTOR('',#7783,1.0);
#6548=CARTESIAN_POINT('',(-3.175,-0.54,0.66));
#6549=DIRECTION('',(1.0,6.12303176911189E-17,3.74915180455534E-33));
#6550=DIRECTION('',(3.74915180455534E-33,0.0,-1.0));
#6551=CARTESIAN_POINT('',(-3.175,-1.2,0.66));
#6552=DIRECTION('',(0.0,6.12303176911189E-17,-1.0));
#6553=DIRECTION('',(6.12303176911189E-17,-1.0,-6.12303176911189E-17));
#6554=CARTESIAN_POINT('',(-3.175,-1.2,0.66));
#6555=DIRECTION('',(0.0,6.12303176911189E-17,-1.0));
#6556=DIRECTION('',(6.12303176911189E-17,-1.0,-6.12303176911189E-17));
#6557=CARTESIAN_POINT('',(-3.175,-0.54,0.66));
#6558=DIRECTION('',(-1.0,-6.12303176911189E-17,-3.74915180455534E-33));
#6559=DIRECTION('',(3.74915180455534E-33,0.0,-1.0));
#6560=CARTESIAN_POINT('',(-3.175,-0.539999999999999,0.0));
#6561=DIRECTION('',(0.0,1.0,0.0));
#6562=DIRECTION('',(-1.0,0.0,0.0));
#6563=CARTESIAN_POINT('',(-3.175,-0.539999999999999,0.0));
#6564=DIRECTION('',(0.0,1.0,0.0));
#6565=DIRECTION('',(-1.0,0.0,0.0));
#6566=CARTESIAN_POINT('',(-1.905,-0.54,0.66));
#6567=DIRECTION('',(1.0,6.12303176911189E-17,3.74915180455534E-33));
#6568=DIRECTION('',(3.74915180455534E-33,0.0,-1.0));
#6569=CARTESIAN_POINT('',(-1.905,-1.2,0.66));
#6570=DIRECTION('',(0.0,6.12303176911189E-17,-1.0));
#6571=DIRECTION('',(6.12303176911189E-17,-1.0,-6.12303176911189E-17));
#6572=CARTESIAN_POINT('',(-1.905,-1.2,0.66));
#6573=DIRECTION('',(0.0,6.12303176911189E-17,-1.0));
#6574=DIRECTION('',(6.12303176911189E-17,-1.0,-6.12303176911189E-17));
#6575=CARTESIAN_POINT('',(-1.905,-0.54,0.66));
#6576=DIRECTION('',(-1.0,-6.12303176911189E-17,-3.74915180455534E-33));
#6577=DIRECTION('',(3.74915180455534E-33,0.0,-1.0));
#6578=CARTESIAN_POINT('',(-1.905,-0.539999999999999,0.0));
#6579=DIRECTION('',(0.0,1.0,0.0));
#6580=DIRECTION('',(-1.0,0.0,0.0));
#6581=CARTESIAN_POINT('',(-1.905,-0.539999999999999,0.0));
#6582=DIRECTION('',(0.0,1.0,0.0));
#6583=DIRECTION('',(-1.0,0.0,0.0));
#6584=CARTESIAN_POINT('',(-0.635,-0.54,0.66));
#6585=DIRECTION('',(1.0,6.12303176911189E-17,3.74915180455534E-33));
#6586=DIRECTION('',(3.74915180455534E-33,0.0,-1.0));
#6587=CARTESIAN_POINT('',(-0.635,-1.2,0.66));
#6588=DIRECTION('',(0.0,6.12303176911189E-17,-1.0));
#6589=DIRECTION('',(6.12303176911189E-17,-1.0,-6.12303176911189E-17));
#6590=CARTESIAN_POINT('',(-0.635,-1.2,0.66));
#6591=DIRECTION('',(0.0,6.12303176911189E-17,-1.0));
#6592=DIRECTION('',(6.12303176911189E-17,-1.0,-6.12303176911189E-17));
#6593=CARTESIAN_POINT('',(-0.635,-0.54,0.66));
#6594=DIRECTION('',(-1.0,-6.12303176911189E-17,-3.74915180455534E-33));
#6595=DIRECTION('',(3.74915180455534E-33,0.0,-1.0));
#6596=CARTESIAN_POINT('',(-0.635,-0.539999999999999,0.0));
#6597=DIRECTION('',(0.0,1.0,0.0));
#6598=DIRECTION('',(-1.0,0.0,0.0));
#6599=CARTESIAN_POINT('',(-0.635,-0.539999999999999,0.0));
#6600=DIRECTION('',(0.0,1.0,0.0));
#6601=DIRECTION('',(-1.0,0.0,0.0));
#6602=CARTESIAN_POINT('',(0.635,-0.54,0.66));
#6603=DIRECTION('',(1.0,6.12303176911189E-17,3.74915180455534E-33));
#6604=DIRECTION('',(3.74915180455534E-33,0.0,-1.0));
#6605=CARTESIAN_POINT('',(0.635,-1.2,0.66));
#6606=DIRECTION('',(0.0,6.12303176911189E-17,-1.0));
#6607=DIRECTION('',(6.12303176911189E-17,-1.0,-6.12303176911189E-17));
#6608=CARTESIAN_POINT('',(0.635,-1.2,0.66));
#6609=DIRECTION('',(0.0,6.12303176911189E-17,-1.0));
#6610=DIRECTION('',(6.12303176911189E-17,-1.0,-6.12303176911189E-17));
#6611=CARTESIAN_POINT('',(0.635,-0.54,0.66));
#6612=DIRECTION('',(-1.0,-6.12303176911189E-17,-3.74915180455534E-33));
#6613=DIRECTION('',(3.74915180455534E-33,0.0,-1.0));
#6614=CARTESIAN_POINT('',(0.635,-0.539999999999999,0.0));
#6615=DIRECTION('',(0.0,1.0,0.0));
#6616=DIRECTION('',(-1.0,0.0,0.0));
#6617=CARTESIAN_POINT('',(0.635,-0.539999999999999,0.0));
#6618=DIRECTION('',(0.0,1.0,0.0));
#6619=DIRECTION('',(-1.0,0.0,0.0));
#6620=CARTESIAN_POINT('',(1.905,-0.54,0.66));
#6621=DIRECTION('',(1.0,6.12303176911189E-17,3.74915180455534E-33));
#6622=DIRECTION('',(3.74915180455534E-33,0.0,-1.0));
#6623=CARTESIAN_POINT('',(1.905,-1.2,0.66));
#6624=DIRECTION('',(0.0,6.12303176911189E-17,-1.0));
#6625=DIRECTION('',(6.12303176911189E-17,-1.0,-6.12303176911189E-17));
#6626=CARTESIAN_POINT('',(1.905,-1.2,0.66));
#6627=DIRECTION('',(0.0,6.12303176911189E-17,-1.0));
#6628=DIRECTION('',(6.12303176911189E-17,-1.0,-6.12303176911189E-17));
#6629=CARTESIAN_POINT('',(1.905,-0.54,0.66));
#6630=DIRECTION('',(-1.0,-6.12303176911189E-17,-3.74915180455534E-33));
#6631=DIRECTION('',(3.74915180455534E-33,0.0,-1.0));
#6632=CARTESIAN_POINT('',(1.905,-0.539999999999999,0.0));
#6633=DIRECTION('',(0.0,1.0,0.0));
#6634=DIRECTION('',(-1.0,0.0,0.0));
#6635=CARTESIAN_POINT('',(1.905,-0.539999999999999,0.0));
#6636=DIRECTION('',(0.0,1.0,0.0));
#6637=DIRECTION('',(-1.0,0.0,0.0));
#6638=CARTESIAN_POINT('',(3.175,-0.54,0.66));
#6639=DIRECTION('',(1.0,6.12303176911189E-17,3.74915180455534E-33));
#6640=DIRECTION('',(3.74915180455534E-33,0.0,-1.0));
#6641=CARTESIAN_POINT('',(3.175,-1.2,0.66));
#6642=DIRECTION('',(0.0,6.12303176911189E-17,-1.0));
#6643=DIRECTION('',(6.12303176911189E-17,-1.0,-6.12303176911189E-17));
#6644=CARTESIAN_POINT('',(3.175,-1.2,0.66));
#6645=DIRECTION('',(0.0,6.12303176911189E-17,-1.0));
#6646=DIRECTION('',(6.12303176911189E-17,-1.0,-6.12303176911189E-17));
#6647=CARTESIAN_POINT('',(3.175,-0.54,0.66));
#6648=DIRECTION('',(-1.0,-6.12303176911189E-17,-3.74915180455534E-33));
#6649=DIRECTION('',(3.74915180455534E-33,0.0,-1.0));
#6650=CARTESIAN_POINT('',(3.175,-0.539999999999999,0.0));
#6651=DIRECTION('',(0.0,1.0,0.0));
#6652=DIRECTION('',(-1.0,0.0,0.0));
#6653=CARTESIAN_POINT('',(3.175,-0.539999999999999,0.0));
#6654=DIRECTION('',(0.0,1.0,0.0));
#6655=DIRECTION('',(-1.0,0.0,0.0));
#6656=CARTESIAN_POINT('',(-3.175,0.0585786437626981,-0.319999999999956));
#6657=DIRECTION('',(-1.0,0.0,-0.0));
#6658=DIRECTION('',(0.0,-0.0,-1.0));
#6659=CARTESIAN_POINT('',(-3.175,0.0585786437626901,0.0));
#6660=DIRECTION('',(0.0,1.0,0.0));
#6661=DIRECTION('',(-1.0,0.0,0.0));
#6662=CARTESIAN_POINT('',(-3.175,0.0585786437626901,0.0));
#6663=DIRECTION('',(0.0,1.0,0.0));
#6664=DIRECTION('',(-1.0,0.0,0.0));
#6665=CARTESIAN_POINT('',(-3.175,0.0585786437626981,0.319999999999956));
#6666=DIRECTION('',(-1.0,0.0,0.0));
#6667=DIRECTION('',(0.0,0.0,1.0));
#6668=CARTESIAN_POINT('',(-3.175,0.12928932188134,0.0));
#6669=DIRECTION('',(0.0,1.0,0.0));
#6670=DIRECTION('',(-1.0,0.0,0.0));
#6671=CARTESIAN_POINT('',(-3.175,0.12928932188134,0.0));
#6672=DIRECTION('',(0.0,1.0,0.0));
#6673=DIRECTION('',(-1.0,0.0,0.0));
#6674=DIRECTION('',(0.0,1.0,0.0));
#6675=CARTESIAN_POINT('',(-3.175,-0.539999999999999,0.0));
#6676=DIRECTION('',(0.0,1.0,0.0));
#6677=DIRECTION('',(-1.0,0.0,0.0));
#6678=DIRECTION('',(-0.0,-1.0,-0.0));
#6679=CARTESIAN_POINT('',(-3.175,0.0585786437626901,0.0));
#6680=DIRECTION('',(0.0,1.0,0.0));
#6681=DIRECTION('',(-1.0,0.0,0.0));
#6682=DIRECTION('',(0.0,0.0,1.0));
#6683=CARTESIAN_POINT('',(-3.175,-1.2,0.66));
#6684=DIRECTION('',(0.0,6.12303176911189E-17,-1.0));
#6685=DIRECTION('',(6.12303176911189E-17,-1.0,-6.12303176911189E-17));
#6686=DIRECTION('',(-0.0,-0.0,-1.0));
#6687=CARTESIAN_POINT('',(-3.175,-1.2,3.88));
#6688=DIRECTION('',(0.0,0.0,1.0));
#6689=DIRECTION('',(1.0,0.0,0.0));
#6690=CARTESIAN_POINT('',(-3.175,-1.2,3.88));
#6691=DIRECTION('',(0.0,-1.0,0.0));
#6692=DIRECTION('',(0.0,0.0,1.0));
#6693=CARTESIAN_POINT('',(-3.175,-1.2,3.88));
#6694=DIRECTION('',(0.0,-1.0,0.0));
#6695=DIRECTION('',(0.0,0.0,1.0));
#6696=DIRECTION('',(-0.707106781186525,0.70710678118657,-8.65927457071909E-17));
#6697=CARTESIAN_POINT('',(-3.175,0.12928932188134,0.0));
#6698=DIRECTION('',(0.0,1.0,0.0));
#6699=DIRECTION('',(-1.0,0.0,0.0));
#6700=DIRECTION('',(-0.707106781186525,-0.70710678118657,-8.65927457071908E-17));
#6701=CARTESIAN_POINT('',(-3.175,0.199999999999989,0.0));
#6702=DIRECTION('',(0.0,1.0,0.0));
#6703=DIRECTION('',(-1.0,0.0,0.0));
#6704=CARTESIAN_POINT('',(-1.905,0.0585786437626981,-0.319999999999956));
#6705=DIRECTION('',(-1.0,0.0,-0.0));
#6706=DIRECTION('',(0.0,-0.0,-1.0));
#6707=CARTESIAN_POINT('',(-1.905,0.0585786437626901,0.0));
#6708=DIRECTION('',(0.0,1.0,0.0));
#6709=DIRECTION('',(-1.0,0.0,0.0));
#6710=CARTESIAN_POINT('',(-1.905,0.0585786437626901,0.0));
#6711=DIRECTION('',(0.0,1.0,0.0));
#6712=DIRECTION('',(-1.0,0.0,0.0));
#6713=CARTESIAN_POINT('',(-1.905,0.0585786437626981,0.319999999999956));
#6714=DIRECTION('',(-1.0,0.0,0.0));
#6715=DIRECTION('',(0.0,0.0,1.0));
#6716=CARTESIAN_POINT('',(-1.905,0.12928932188134,0.0));
#6717=DIRECTION('',(0.0,1.0,0.0));
#6718=DIRECTION('',(-1.0,0.0,0.0));
#6719=CARTESIAN_POINT('',(-1.905,0.12928932188134,0.0));
#6720=DIRECTION('',(0.0,1.0,0.0));
#6721=DIRECTION('',(-1.0,0.0,0.0));
#6722=DIRECTION('',(0.0,1.0,0.0));
#6723=CARTESIAN_POINT('',(-1.905,-0.539999999999999,0.0));
#6724=DIRECTION('',(0.0,1.0,0.0));
#6725=DIRECTION('',(-1.0,0.0,0.0));
#6726=DIRECTION('',(-0.0,-1.0,-0.0));
#6727=CARTESIAN_POINT('',(-1.905,0.0585786437626901,0.0));
#6728=DIRECTION('',(0.0,1.0,0.0));
#6729=DIRECTION('',(-1.0,0.0,0.0));
#6730=DIRECTION('',(0.0,0.0,1.0));
#6731=CARTESIAN_POINT('',(-1.905,-1.2,0.66));
#6732=DIRECTION('',(0.0,6.12303176911189E-17,-1.0));
#6733=DIRECTION('',(6.12303176911189E-17,-1.0,-6.12303176911189E-17));
#6734=DIRECTION('',(-0.0,-0.0,-1.0));
#6735=CARTESIAN_POINT('',(-1.905,-1.2,3.88));
#6736=DIRECTION('',(0.0,0.0,1.0));
#6737=DIRECTION('',(1.0,0.0,0.0));
#6738=CARTESIAN_POINT('',(-1.905,-1.2,3.88));
#6739=DIRECTION('',(0.0,-1.0,0.0));
#6740=DIRECTION('',(0.0,0.0,1.0));
#6741=CARTESIAN_POINT('',(-1.905,-1.2,3.88));
#6742=DIRECTION('',(0.0,-1.0,0.0));
#6743=DIRECTION('',(0.0,0.0,1.0));
#6744=DIRECTION('',(-0.707106781186525,0.70710678118657,-8.65927457071909E-17));
#6745=CARTESIAN_POINT('',(-1.905,0.12928932188134,0.0));
#6746=DIRECTION('',(0.0,1.0,0.0));
#6747=DIRECTION('',(-1.0,0.0,0.0));
#6748=DIRECTION('',(-0.707106781186525,-0.70710678118657,-8.65927457071908E-17));
#6749=CARTESIAN_POINT('',(-1.905,0.199999999999989,0.0));
#6750=DIRECTION('',(0.0,1.0,0.0));
#6751=DIRECTION('',(-1.0,0.0,0.0));
#6752=CARTESIAN_POINT('',(-0.635,0.0585786437626981,-0.319999999999956));
#6753=DIRECTION('',(-1.0,0.0,-0.0));
#6754=DIRECTION('',(0.0,-0.0,-1.0));
#6755=CARTESIAN_POINT('',(-0.635,0.0585786437626901,0.0));
#6756=DIRECTION('',(0.0,1.0,0.0));
#6757=DIRECTION('',(-1.0,0.0,0.0));
#6758=CARTESIAN_POINT('',(-0.635,0.0585786437626901,0.0));
#6759=DIRECTION('',(0.0,1.0,0.0));
#6760=DIRECTION('',(-1.0,0.0,0.0));
#6761=CARTESIAN_POINT('',(-0.635,0.0585786437626981,0.319999999999956));
#6762=DIRECTION('',(-1.0,0.0,0.0));
#6763=DIRECTION('',(0.0,0.0,1.0));
#6764=CARTESIAN_POINT('',(-0.635,0.12928932188134,0.0));
#6765=DIRECTION('',(0.0,1.0,0.0));
#6766=DIRECTION('',(-1.0,0.0,0.0));
#6767=CARTESIAN_POINT('',(-0.635,0.12928932188134,0.0));
#6768=DIRECTION('',(0.0,1.0,0.0));
#6769=DIRECTION('',(-1.0,0.0,0.0));
#6770=DIRECTION('',(0.0,1.0,0.0));
#6771=CARTESIAN_POINT('',(-0.635,-0.539999999999999,0.0));
#6772=DIRECTION('',(0.0,1.0,0.0));
#6773=DIRECTION('',(-1.0,0.0,0.0));
#6774=DIRECTION('',(-0.0,-1.0,-0.0));
#6775=CARTESIAN_POINT('',(-0.635,0.0585786437626901,0.0));
#6776=DIRECTION('',(0.0,1.0,0.0));
#6777=DIRECTION('',(-1.0,0.0,0.0));
#6778=DIRECTION('',(0.0,0.0,1.0));
#6779=CARTESIAN_POINT('',(-0.635,-1.2,0.66));
#6780=DIRECTION('',(0.0,6.12303176911189E-17,-1.0));
#6781=DIRECTION('',(6.12303176911189E-17,-1.0,-6.12303176911189E-17));
#6782=DIRECTION('',(-0.0,-0.0,-1.0));
#6783=CARTESIAN_POINT('',(-0.635,-1.2,3.88));
#6784=DIRECTION('',(0.0,0.0,1.0));
#6785=DIRECTION('',(1.0,0.0,0.0));
#6786=CARTESIAN_POINT('',(-0.635,-1.2,3.88));
#6787=DIRECTION('',(0.0,-1.0,0.0));
#6788=DIRECTION('',(0.0,0.0,1.0));
#6789=CARTESIAN_POINT('',(-0.635,-1.2,3.88));
#6790=DIRECTION('',(0.0,-1.0,0.0));
#6791=DIRECTION('',(0.0,0.0,1.0));
#6792=DIRECTION('',(-0.707106781186525,0.70710678118657,-8.65927457071908E-17));
#6793=CARTESIAN_POINT('',(-0.635,0.12928932188134,0.0));
#6794=DIRECTION('',(0.0,1.0,0.0));
#6795=DIRECTION('',(-1.0,0.0,0.0));
#6796=DIRECTION('',(-0.707106781186525,-0.70710678118657,-8.65927457071908E-17));
#6797=CARTESIAN_POINT('',(-0.635,0.199999999999989,0.0));
#6798=DIRECTION('',(0.0,1.0,0.0));
#6799=DIRECTION('',(-1.0,0.0,0.0));
#6800=CARTESIAN_POINT('',(0.635,0.0585786437626981,-0.319999999999956));
#6801=DIRECTION('',(-1.0,0.0,-0.0));
#6802=DIRECTION('',(0.0,-0.0,-1.0));
#6803=CARTESIAN_POINT('',(0.635,0.0585786437626901,0.0));
#6804=DIRECTION('',(0.0,1.0,0.0));
#6805=DIRECTION('',(-1.0,0.0,0.0));
#6806=CARTESIAN_POINT('',(0.635,0.0585786437626901,0.0));
#6807=DIRECTION('',(0.0,1.0,0.0));
#6808=DIRECTION('',(-1.0,0.0,0.0));
#6809=CARTESIAN_POINT('',(0.635,0.0585786437626981,0.319999999999956));
#6810=DIRECTION('',(-1.0,0.0,0.0));
#6811=DIRECTION('',(0.0,0.0,1.0));
#6812=CARTESIAN_POINT('',(0.635,0.12928932188134,0.0));
#6813=DIRECTION('',(0.0,1.0,0.0));
#6814=DIRECTION('',(-1.0,0.0,0.0));
#6815=CARTESIAN_POINT('',(0.635,0.12928932188134,0.0));
#6816=DIRECTION('',(0.0,1.0,0.0));
#6817=DIRECTION('',(-1.0,0.0,0.0));
#6818=DIRECTION('',(0.0,1.0,0.0));
#6819=CARTESIAN_POINT('',(0.635,-0.539999999999999,0.0));
#6820=DIRECTION('',(0.0,1.0,0.0));
#6821=DIRECTION('',(-1.0,0.0,0.0));
#6822=DIRECTION('',(-0.0,-1.0,-0.0));
#6823=CARTESIAN_POINT('',(0.635,0.0585786437626901,0.0));
#6824=DIRECTION('',(0.0,1.0,0.0));
#6825=DIRECTION('',(-1.0,0.0,0.0));
#6826=DIRECTION('',(0.0,0.0,1.0));
#6827=CARTESIAN_POINT('',(0.635,-1.2,0.66));
#6828=DIRECTION('',(0.0,6.12303176911189E-17,-1.0));
#6829=DIRECTION('',(6.12303176911189E-17,-1.0,-6.12303176911189E-17));
#6830=DIRECTION('',(-0.0,-0.0,-1.0));
#6831=CARTESIAN_POINT('',(0.635,-1.2,3.88));
#6832=DIRECTION('',(0.0,0.0,1.0));
#6833=DIRECTION('',(1.0,0.0,0.0));
#6834=CARTESIAN_POINT('',(0.635,-1.2,3.88));
#6835=DIRECTION('',(0.0,-1.0,0.0));
#6836=DIRECTION('',(0.0,0.0,1.0));
#6837=CARTESIAN_POINT('',(0.635,-1.2,3.88));
#6838=DIRECTION('',(0.0,-1.0,0.0));
#6839=DIRECTION('',(0.0,0.0,1.0));
#6840=DIRECTION('',(-0.707106781186525,0.70710678118657,-8.65927457071908E-17));
#6841=CARTESIAN_POINT('',(0.635,0.12928932188134,0.0));
#6842=DIRECTION('',(0.0,1.0,0.0));
#6843=DIRECTION('',(-1.0,0.0,0.0));
#6844=DIRECTION('',(-0.707106781186525,-0.70710678118657,-8.65927457071908E-17));
#6845=CARTESIAN_POINT('',(0.635,0.199999999999989,0.0));
#6846=DIRECTION('',(0.0,1.0,0.0));
#6847=DIRECTION('',(-1.0,0.0,0.0));
#6848=CARTESIAN_POINT('',(1.905,0.0585786437626981,-0.319999999999956));
#6849=DIRECTION('',(-1.0,0.0,-0.0));
#6850=DIRECTION('',(0.0,-0.0,-1.0));
#6851=CARTESIAN_POINT('',(1.905,0.0585786437626901,0.0));
#6852=DIRECTION('',(0.0,1.0,0.0));
#6853=DIRECTION('',(-1.0,0.0,0.0));
#6854=CARTESIAN_POINT('',(1.905,0.0585786437626901,0.0));
#6855=DIRECTION('',(0.0,1.0,0.0));
#6856=DIRECTION('',(-1.0,0.0,0.0));
#6857=CARTESIAN_POINT('',(1.905,0.0585786437626981,0.319999999999956));
#6858=DIRECTION('',(-1.0,0.0,0.0));
#6859=DIRECTION('',(0.0,0.0,1.0));
#6860=CARTESIAN_POINT('',(1.905,0.12928932188134,0.0));
#6861=DIRECTION('',(0.0,1.0,0.0));
#6862=DIRECTION('',(-1.0,0.0,0.0));
#6863=CARTESIAN_POINT('',(1.905,0.12928932188134,0.0));
#6864=DIRECTION('',(0.0,1.0,0.0));
#6865=DIRECTION('',(-1.0,0.0,0.0));
#6866=DIRECTION('',(0.0,1.0,0.0));
#6867=CARTESIAN_POINT('',(1.905,-0.539999999999999,0.0));
#6868=DIRECTION('',(0.0,1.0,0.0));
#6869=DIRECTION('',(-1.0,0.0,0.0));
#6870=DIRECTION('',(-0.0,-1.0,-0.0));
#6871=CARTESIAN_POINT('',(1.905,0.0585786437626901,0.0));
#6872=DIRECTION('',(0.0,1.0,0.0));
#6873=DIRECTION('',(-1.0,0.0,0.0));
#6874=DIRECTION('',(0.0,0.0,1.0));
#6875=CARTESIAN_POINT('',(1.905,-1.2,0.66));
#6876=DIRECTION('',(0.0,6.12303176911189E-17,-1.0));
#6877=DIRECTION('',(6.12303176911189E-17,-1.0,-6.12303176911189E-17));
#6878=DIRECTION('',(-0.0,-0.0,-1.0));
#6879=CARTESIAN_POINT('',(1.905,-1.2,3.88));
#6880=DIRECTION('',(0.0,0.0,1.0));
#6881=DIRECTION('',(1.0,0.0,0.0));
#6882=CARTESIAN_POINT('',(1.905,-1.2,3.88));
#6883=DIRECTION('',(0.0,-1.0,0.0));
#6884=DIRECTION('',(0.0,0.0,1.0));
#6885=CARTESIAN_POINT('',(1.905,-1.2,3.88));
#6886=DIRECTION('',(0.0,-1.0,0.0));
#6887=DIRECTION('',(0.0,0.0,1.0));
#6888=DIRECTION('',(-0.707106781186525,0.70710678118657,-8.65927457071909E-17));
#6889=CARTESIAN_POINT('',(1.905,0.12928932188134,0.0));
#6890=DIRECTION('',(0.0,1.0,0.0));
#6891=DIRECTION('',(-1.0,0.0,0.0));
#6892=DIRECTION('',(-0.707106781186525,-0.70710678118657,-8.65927457071908E-17));
#6893=CARTESIAN_POINT('',(1.905,0.199999999999989,0.0));
#6894=DIRECTION('',(0.0,1.0,0.0));
#6895=DIRECTION('',(-1.0,0.0,0.0));
#6896=CARTESIAN_POINT('',(3.175,0.0585786437626981,-0.319999999999956));
#6897=DIRECTION('',(-1.0,0.0,-0.0));
#6898=DIRECTION('',(0.0,-0.0,-1.0));
#6899=CARTESIAN_POINT('',(3.175,0.0585786437626901,0.0));
#6900=DIRECTION('',(0.0,1.0,0.0));
#6901=DIRECTION('',(-1.0,0.0,0.0));
#6902=CARTESIAN_POINT('',(3.175,0.0585786437626901,0.0));
#6903=DIRECTION('',(0.0,1.0,0.0));
#6904=DIRECTION('',(-1.0,0.0,0.0));
#6905=CARTESIAN_POINT('',(3.175,0.0585786437626981,0.319999999999956));
#6906=DIRECTION('',(-1.0,0.0,0.0));
#6907=DIRECTION('',(0.0,0.0,1.0));
#6908=CARTESIAN_POINT('',(3.175,0.12928932188134,0.0));
#6909=DIRECTION('',(0.0,1.0,0.0));
#6910=DIRECTION('',(-1.0,0.0,0.0));
#6911=CARTESIAN_POINT('',(3.175,0.12928932188134,0.0));
#6912=DIRECTION('',(0.0,1.0,0.0));
#6913=DIRECTION('',(-1.0,0.0,0.0));
#6914=DIRECTION('',(0.0,1.0,0.0));
#6915=CARTESIAN_POINT('',(3.175,-0.539999999999999,0.0));
#6916=DIRECTION('',(0.0,1.0,0.0));
#6917=DIRECTION('',(-1.0,0.0,0.0));
#6918=DIRECTION('',(-0.0,-1.0,-0.0));
#6919=CARTESIAN_POINT('',(3.175,0.0585786437626901,0.0));
#6920=DIRECTION('',(0.0,1.0,0.0));
#6921=DIRECTION('',(-1.0,0.0,0.0));
#6922=DIRECTION('',(0.0,0.0,1.0));
#6923=CARTESIAN_POINT('',(3.175,-1.2,0.66));
#6924=DIRECTION('',(0.0,6.12303176911189E-17,-1.0));
#6925=DIRECTION('',(6.12303176911189E-17,-1.0,-6.12303176911189E-17));
#6926=DIRECTION('',(-0.0,-0.0,-1.0));
#6927=CARTESIAN_POINT('',(3.175,-1.2,3.88));
#6928=DIRECTION('',(0.0,0.0,1.0));
#6929=DIRECTION('',(1.0,0.0,0.0));
#6930=CARTESIAN_POINT('',(3.175,-1.2,3.88));
#6931=DIRECTION('',(0.0,-1.0,0.0));
#6932=DIRECTION('',(0.0,0.0,1.0));
#6933=CARTESIAN_POINT('',(3.175,-1.2,3.88));
#6934=DIRECTION('',(0.0,-1.0,0.0));
#6935=DIRECTION('',(0.0,0.0,1.0));
#6936=DIRECTION('',(-0.707106781186525,0.70710678118657,-8.65927457071909E-17));
#6937=CARTESIAN_POINT('',(3.175,0.12928932188134,0.0));
#6938=DIRECTION('',(0.0,1.0,0.0));
#6939=DIRECTION('',(-1.0,0.0,0.0));
#6940=DIRECTION('',(-0.707106781186525,-0.70710678118657,-8.65927457071908E-17));
#6941=CARTESIAN_POINT('',(3.175,0.199999999999989,0.0));
#6942=DIRECTION('',(0.0,1.0,0.0));
#6943=DIRECTION('',(-1.0,0.0,0.0));
#6944=DIRECTION('',(0.994844653066852,-0.101410631909549,1.21829308321189E-16));
#6945=CARTESIAN_POINT('',(-3.175,1.6116622216346,0.0));
#6946=DIRECTION('',(-0.0,1.0,0.0));
#6947=DIRECTION('',(1.0,0.0,0.0));
#6948=DIRECTION('',(0.994844653066852,0.101410631909549,1.21829308321189E-16));
#6949=CARTESIAN_POINT('',(-3.175,1.6,0.0));
#6950=DIRECTION('',(-0.0,1.0,0.0));
#6951=DIRECTION('',(1.0,0.0,0.0));
#6952=DIRECTION('',(-0.342020143325671,-0.939692620785908,-4.18840040651857E-17));
#6953=CARTESIAN_POINT('',(-3.175,4.1,0.0));
#6954=DIRECTION('',(0.0,-1.0,0.0));
#6955=DIRECTION('',(1.0,0.0,0.0));
#6956=DIRECTION('',(-0.342020143325671,0.939692620785908,-4.18840040651857E-17));
#6957=CARTESIAN_POINT('',(-3.175,3.78404009676272,0.0));
#6958=DIRECTION('',(-0.0,1.0,0.0));
#6959=DIRECTION('',(1.0,0.0,0.0));
#6960=DIRECTION('',(-0.0,-1.0,-0.0));
#6961=DIRECTION('',(-0.0,1.0,-0.0));
#6962=CARTESIAN_POINT('',(-3.175,3.7,0.0));
#6963=DIRECTION('',(-0.0,1.0,0.0));
#6964=DIRECTION('',(1.0,0.0,0.0));
#6965=DIRECTION('',(-0.628337107087622,-0.777941180203721,-7.69465613681875E-17));
#6966=CARTESIAN_POINT('',(-3.175,3.7,0.0));
#6967=DIRECTION('',(-0.0,1.0,0.0));
#6968=DIRECTION('',(1.0,0.0,0.0));
#6969=DIRECTION('',(-0.628337107087622,0.777941180203721,-7.69465613681874E-17));
#6970=CARTESIAN_POINT('',(-3.175,3.635,0.0));
#6971=DIRECTION('',(-0.0,1.0,0.0));
#6972=DIRECTION('',(1.0,0.0,0.0));
#6973=DIRECTION('',(-0.0,-1.0,-0.0));
#6974=DIRECTION('',(-0.0,1.0,-0.0));
#6975=CARTESIAN_POINT('',(-3.175,3.2,0.0));
#6976=DIRECTION('',(-0.0,1.0,0.0));
#6977=DIRECTION('',(1.0,0.0,0.0));
#6978=DIRECTION('',(-0.0887489837651811,-0.996054023575352,-1.0868256941412E-17));
#6979=DIRECTION('',(-0.0887489837651811,0.996054023575352,-1.0868256941412E-17));
#6980=DIRECTION('',(-0.0,-1.0,-0.0));
#6981=CARTESIAN_POINT('',(-3.175,1.3778312163513,0.0));
#6982=DIRECTION('',(-0.0,1.0,0.0));
#6983=DIRECTION('',(1.0,0.0,0.0));
#6984=DIRECTION('',(-0.0,1.0,-0.0));
#6985=CARTESIAN_POINT('',(-3.175,0.649999999999997,0.0));
#6986=DIRECTION('',(-0.0,1.0,0.0));
#6987=DIRECTION('',(1.0,0.0,0.0));
#6988=DIRECTION('',(-0.866025403784437,0.500000000000003,-1.06054021204601E-16));
#6989=DIRECTION('',(-0.866025403784437,-0.500000000000003,-1.06054021204601E-16));
#6990=DIRECTION('',(-0.0871371377233324,-0.996196325645395,-1.06708692509888E-17));
#6991=CARTESIAN_POINT('',(-3.175,3.19614643444255,0.0));
#6992=DIRECTION('',(-0.0,1.0,0.0));
#6993=DIRECTION('',(1.0,0.0,0.0));
#6994=DIRECTION('',(-0.0871371377233324,0.996196325645395,-1.06708692509888E-17));
#6995=CARTESIAN_POINT('',(-3.175,1.6,0.0));
#6996=DIRECTION('',(-0.0,1.0,0.0));
#6997=DIRECTION('',(1.0,0.0,0.0));
#6998=DIRECTION('',(-0.0,-1.0,-0.0));
#6999=CARTESIAN_POINT('',(-3.175,3.19614643444255,0.0));
#7000=DIRECTION('',(-0.0,1.0,0.0));
#7001=DIRECTION('',(1.0,0.0,0.0));
#7002=DIRECTION('',(-0.0,1.0,-0.0));
#7003=CARTESIAN_POINT('',(-3.175,1.44999999999999,0.0));
#7004=DIRECTION('',(-0.0,1.0,0.0));
#7005=DIRECTION('',(1.0,0.0,0.0));
#7006=DIRECTION('',(-0.866025403784472,-0.499999999999943,-1.06054021204605E-16));
#7007=DIRECTION('',(-0.866025403784472,0.499999999999943,-1.06054021204605E-16));
#7008=DIRECTION('',(0.994844653066852,-0.101410631909549,1.21829308321189E-16));
#7009=CARTESIAN_POINT('',(-1.905,1.6116622216346,0.0));
#7010=DIRECTION('',(-0.0,1.0,0.0));
#7011=DIRECTION('',(1.0,0.0,0.0));
#7012=DIRECTION('',(0.994844653066852,0.101410631909549,1.21829308321189E-16));
#7013=CARTESIAN_POINT('',(-1.905,1.6,0.0));
#7014=DIRECTION('',(-0.0,1.0,0.0));
#7015=DIRECTION('',(1.0,0.0,0.0));
#7016=DIRECTION('',(-0.342020143325671,-0.939692620785908,-4.18840040651857E-17));
#7017=CARTESIAN_POINT('',(-1.905,4.1,0.0));
#7018=DIRECTION('',(0.0,-1.0,0.0));
#7019=DIRECTION('',(1.0,0.0,0.0));
#7020=DIRECTION('',(-0.342020143325671,0.939692620785908,-4.18840040651857E-17));
#7021=CARTESIAN_POINT('',(-1.905,3.78404009676272,0.0));
#7022=DIRECTION('',(-0.0,1.0,0.0));
#7023=DIRECTION('',(1.0,0.0,0.0));
#7024=DIRECTION('',(-0.0,-1.0,-0.0));
#7025=DIRECTION('',(-0.0,1.0,-0.0));
#7026=CARTESIAN_POINT('',(-1.905,3.7,0.0));
#7027=DIRECTION('',(-0.0,1.0,0.0));
#7028=DIRECTION('',(1.0,0.0,0.0));
#7029=DIRECTION('',(-0.628337107087623,-0.777941180203721,-7.69465613681874E-17));
#7030=CARTESIAN_POINT('',(-1.905,3.7,0.0));
#7031=DIRECTION('',(-0.0,1.0,0.0));
#7032=DIRECTION('',(1.0,0.0,0.0));
#7033=DIRECTION('',(-0.628337107087622,0.777941180203721,-7.69465613681874E-17));
#7034=CARTESIAN_POINT('',(-1.905,3.635,0.0));
#7035=DIRECTION('',(-0.0,1.0,0.0));
#7036=DIRECTION('',(1.0,0.0,0.0));
#7037=DIRECTION('',(-0.0,-1.0,-0.0));
#7038=DIRECTION('',(-0.0,1.0,-0.0));
#7039=CARTESIAN_POINT('',(-1.905,3.2,0.0));
#7040=DIRECTION('',(-0.0,1.0,0.0));
#7041=DIRECTION('',(1.0,0.0,0.0));
#7042=DIRECTION('',(-0.0887489837651811,-0.996054023575352,-1.0868256941412E-17));
#7043=DIRECTION('',(-0.0887489837651811,0.996054023575352,-1.0868256941412E-17));
#7044=DIRECTION('',(-0.0,-1.0,-0.0));
#7045=CARTESIAN_POINT('',(-1.905,1.3778312163513,0.0));
#7046=DIRECTION('',(-0.0,1.0,0.0));
#7047=DIRECTION('',(1.0,0.0,0.0));
#7048=DIRECTION('',(-0.0,1.0,-0.0));
#7049=CARTESIAN_POINT('',(-1.905,0.649999999999997,0.0));
#7050=DIRECTION('',(-0.0,1.0,0.0));
#7051=DIRECTION('',(1.0,0.0,0.0));
#7052=DIRECTION('',(-0.866025403784437,0.500000000000003,-1.06054021204601E-16));
#7053=DIRECTION('',(-0.866025403784437,-0.500000000000003,-1.06054021204601E-16));
#7054=DIRECTION('',(-0.0871371377233324,-0.996196325645395,-1.06708692509888E-17));
#7055=CARTESIAN_POINT('',(-1.905,3.19614643444255,0.0));
#7056=DIRECTION('',(-0.0,1.0,0.0));
#7057=DIRECTION('',(1.0,0.0,0.0));
#7058=DIRECTION('',(-0.0871371377233324,0.996196325645395,-1.06708692509888E-17));
#7059=CARTESIAN_POINT('',(-1.905,1.6,0.0));
#7060=DIRECTION('',(-0.0,1.0,0.0));
#7061=DIRECTION('',(1.0,0.0,0.0));
#7062=DIRECTION('',(-0.0,-1.0,-0.0));
#7063=CARTESIAN_POINT('',(-1.905,3.19614643444255,0.0));
#7064=DIRECTION('',(-0.0,1.0,0.0));
#7065=DIRECTION('',(1.0,0.0,0.0));
#7066=DIRECTION('',(-0.0,1.0,-0.0));
#7067=CARTESIAN_POINT('',(-1.905,1.44999999999999,0.0));
#7068=DIRECTION('',(-0.0,1.0,0.0));
#7069=DIRECTION('',(1.0,0.0,0.0));
#7070=DIRECTION('',(-0.866025403784472,-0.499999999999943,-1.06054021204605E-16));
#7071=DIRECTION('',(-0.866025403784472,0.499999999999943,-1.06054021204605E-16));
#7072=DIRECTION('',(0.994844653066852,-0.101410631909549,1.21829308321189E-16));
#7073=CARTESIAN_POINT('',(-0.635,1.6116622216346,0.0));
#7074=DIRECTION('',(-0.0,1.0,0.0));
#7075=DIRECTION('',(1.0,0.0,0.0));
#7076=DIRECTION('',(0.994844653066852,0.101410631909549,1.21829308321189E-16));
#7077=CARTESIAN_POINT('',(-0.635,1.6,0.0));
#7078=DIRECTION('',(-0.0,1.0,0.0));
#7079=DIRECTION('',(1.0,0.0,0.0));
#7080=DIRECTION('',(-0.342020143325671,-0.939692620785908,-4.18840040651857E-17));
#7081=CARTESIAN_POINT('',(-0.635,4.1,0.0));
#7082=DIRECTION('',(0.0,-1.0,0.0));
#7083=DIRECTION('',(1.0,0.0,0.0));
#7084=DIRECTION('',(-0.342020143325671,0.939692620785908,-4.18840040651857E-17));
#7085=CARTESIAN_POINT('',(-0.635,3.78404009676272,0.0));
#7086=DIRECTION('',(-0.0,1.0,0.0));
#7087=DIRECTION('',(1.0,0.0,0.0));
#7088=DIRECTION('',(-0.0,-1.0,-0.0));
#7089=DIRECTION('',(-0.0,1.0,-0.0));
#7090=CARTESIAN_POINT('',(-0.635,3.7,0.0));
#7091=DIRECTION('',(-0.0,1.0,0.0));
#7092=DIRECTION('',(1.0,0.0,0.0));
#7093=DIRECTION('',(-0.628337107087622,-0.777941180203721,-7.69465613681874E-17));
#7094=CARTESIAN_POINT('',(-0.635,3.7,0.0));
#7095=DIRECTION('',(-0.0,1.0,0.0));
#7096=DIRECTION('',(1.0,0.0,0.0));
#7097=DIRECTION('',(-0.628337107087623,0.777941180203721,-7.69465613681874E-17));
#7098=CARTESIAN_POINT('',(-0.635,3.635,0.0));
#7099=DIRECTION('',(-0.0,1.0,0.0));
#7100=DIRECTION('',(1.0,0.0,0.0));
#7101=DIRECTION('',(-0.0,-1.0,-0.0));
#7102=DIRECTION('',(-0.0,1.0,-0.0));
#7103=CARTESIAN_POINT('',(-0.635,3.2,0.0));
#7104=DIRECTION('',(-0.0,1.0,0.0));
#7105=DIRECTION('',(1.0,0.0,0.0));
#7106=DIRECTION('',(-0.0887489837651811,-0.996054023575352,-1.0868256941412E-17));
#7107=DIRECTION('',(-0.0887489837651811,0.996054023575352,-1.0868256941412E-17));
#7108=DIRECTION('',(-0.0,-1.0,-0.0));
#7109=CARTESIAN_POINT('',(-0.635,1.3778312163513,0.0));
#7110=DIRECTION('',(-0.0,1.0,0.0));
#7111=DIRECTION('',(1.0,0.0,0.0));
#7112=DIRECTION('',(-0.0,1.0,-0.0));
#7113=CARTESIAN_POINT('',(-0.635,0.649999999999997,0.0));
#7114=DIRECTION('',(-0.0,1.0,0.0));
#7115=DIRECTION('',(1.0,0.0,0.0));
#7116=DIRECTION('',(-0.866025403784437,0.500000000000003,-1.06054021204601E-16));
#7117=DIRECTION('',(-0.866025403784437,-0.500000000000003,-1.06054021204601E-16));
#7118=DIRECTION('',(-0.0871371377233324,-0.996196325645395,-1.06708692509888E-17));
#7119=CARTESIAN_POINT('',(-0.635,3.19614643444255,0.0));
#7120=DIRECTION('',(-0.0,1.0,0.0));
#7121=DIRECTION('',(1.0,0.0,0.0));
#7122=DIRECTION('',(-0.0871371377233324,0.996196325645395,-1.06708692509888E-17));
#7123=CARTESIAN_POINT('',(-0.635,1.6,0.0));
#7124=DIRECTION('',(-0.0,1.0,0.0));
#7125=DIRECTION('',(1.0,0.0,0.0));
#7126=DIRECTION('',(-0.0,-1.0,-0.0));
#7127=CARTESIAN_POINT('',(-0.635,3.19614643444255,0.0));
#7128=DIRECTION('',(-0.0,1.0,0.0));
#7129=DIRECTION('',(1.0,0.0,0.0));
#7130=DIRECTION('',(-0.0,1.0,-0.0));
#7131=CARTESIAN_POINT('',(-0.635,1.44999999999999,0.0));
#7132=DIRECTION('',(-0.0,1.0,0.0));
#7133=DIRECTION('',(1.0,0.0,0.0));
#7134=DIRECTION('',(-0.866025403784472,-0.499999999999943,-1.06054021204605E-16));
#7135=DIRECTION('',(-0.866025403784472,0.499999999999943,-1.06054021204605E-16));
#7136=DIRECTION('',(0.994844653066852,-0.101410631909549,1.21829308321189E-16));
#7137=CARTESIAN_POINT('',(0.635,1.6116622216346,0.0));
#7138=DIRECTION('',(-0.0,1.0,0.0));
#7139=DIRECTION('',(1.0,0.0,0.0));
#7140=DIRECTION('',(0.994844653066852,0.101410631909549,1.21829308321189E-16));
#7141=CARTESIAN_POINT('',(0.635,1.6,0.0));
#7142=DIRECTION('',(-0.0,1.0,0.0));
#7143=DIRECTION('',(1.0,0.0,0.0));
#7144=DIRECTION('',(-0.342020143325671,-0.939692620785908,-4.18840040651857E-17));
#7145=CARTESIAN_POINT('',(0.635,4.1,0.0));
#7146=DIRECTION('',(0.0,-1.0,0.0));
#7147=DIRECTION('',(1.0,0.0,0.0));
#7148=DIRECTION('',(-0.342020143325671,0.939692620785908,-4.18840040651857E-17));
#7149=CARTESIAN_POINT('',(0.635,3.78404009676272,0.0));
#7150=DIRECTION('',(-0.0,1.0,0.0));
#7151=DIRECTION('',(1.0,0.0,0.0));
#7152=DIRECTION('',(-0.0,-1.0,-0.0));
#7153=DIRECTION('',(-0.0,1.0,-0.0));
#7154=CARTESIAN_POINT('',(0.635,3.7,0.0));
#7155=DIRECTION('',(-0.0,1.0,0.0));
#7156=DIRECTION('',(1.0,0.0,0.0));
#7157=DIRECTION('',(-0.628337107087623,-0.777941180203721,-7.69465613681874E-17));
#7158=CARTESIAN_POINT('',(0.635,3.7,0.0));
#7159=DIRECTION('',(-0.0,1.0,0.0));
#7160=DIRECTION('',(1.0,0.0,0.0));
#7161=DIRECTION('',(-0.628337107087622,0.777941180203721,-7.69465613681874E-17));
#7162=CARTESIAN_POINT('',(0.635,3.635,0.0));
#7163=DIRECTION('',(-0.0,1.0,0.0));
#7164=DIRECTION('',(1.0,0.0,0.0));
#7165=DIRECTION('',(-0.0,-1.0,-0.0));
#7166=DIRECTION('',(-0.0,1.0,-0.0));
#7167=CARTESIAN_POINT('',(0.635,3.2,0.0));
#7168=DIRECTION('',(-0.0,1.0,0.0));
#7169=DIRECTION('',(1.0,0.0,0.0));
#7170=DIRECTION('',(-0.0887489837651811,-0.996054023575352,-1.0868256941412E-17));
#7171=DIRECTION('',(-0.0887489837651811,0.996054023575352,-1.0868256941412E-17));
#7172=DIRECTION('',(-0.0,-1.0,-0.0));
#7173=CARTESIAN_POINT('',(0.635,1.3778312163513,0.0));
#7174=DIRECTION('',(-0.0,1.0,0.0));
#7175=DIRECTION('',(1.0,0.0,0.0));
#7176=DIRECTION('',(-0.0,1.0,-0.0));
#7177=CARTESIAN_POINT('',(0.635,0.649999999999997,0.0));
#7178=DIRECTION('',(-0.0,1.0,0.0));
#7179=DIRECTION('',(1.0,0.0,0.0));
#7180=DIRECTION('',(-0.866025403784437,0.500000000000003,-1.06054021204601E-16));
#7181=DIRECTION('',(-0.866025403784437,-0.500000000000003,-1.06054021204601E-16));
#7182=DIRECTION('',(-0.0871371377233324,-0.996196325645395,-1.06708692509888E-17));
#7183=CARTESIAN_POINT('',(0.635,3.19614643444255,0.0));
#7184=DIRECTION('',(-0.0,1.0,0.0));
#7185=DIRECTION('',(1.0,0.0,0.0));
#7186=DIRECTION('',(-0.0871371377233324,0.996196325645395,-1.06708692509888E-17));
#7187=CARTESIAN_POINT('',(0.635,1.6,0.0));
#7188=DIRECTION('',(-0.0,1.0,0.0));
#7189=DIRECTION('',(1.0,0.0,0.0));
#7190=DIRECTION('',(-0.0,-1.0,-0.0));
#7191=CARTESIAN_POINT('',(0.635,3.19614643444255,0.0));
#7192=DIRECTION('',(-0.0,1.0,0.0));
#7193=DIRECTION('',(1.0,0.0,0.0));
#7194=DIRECTION('',(-0.0,1.0,-0.0));
#7195=CARTESIAN_POINT('',(0.635,1.44999999999999,0.0));
#7196=DIRECTION('',(-0.0,1.0,0.0));
#7197=DIRECTION('',(1.0,0.0,0.0));
#7198=DIRECTION('',(-0.866025403784472,-0.499999999999943,-1.06054021204605E-16));
#7199=DIRECTION('',(-0.866025403784472,0.499999999999943,-1.06054021204605E-16));
#7200=DIRECTION('',(0.994844653066852,-0.101410631909549,1.21829308321189E-16));
#7201=CARTESIAN_POINT('',(1.905,1.6116622216346,0.0));
#7202=DIRECTION('',(-0.0,1.0,0.0));
#7203=DIRECTION('',(1.0,0.0,0.0));
#7204=DIRECTION('',(0.994844653066852,0.101410631909549,1.21829308321189E-16));
#7205=CARTESIAN_POINT('',(1.905,1.6,0.0));
#7206=DIRECTION('',(-0.0,1.0,0.0));
#7207=DIRECTION('',(1.0,0.0,0.0));
#7208=DIRECTION('',(-0.342020143325671,-0.939692620785908,-4.18840040651857E-17));
#7209=CARTESIAN_POINT('',(1.905,4.1,0.0));
#7210=DIRECTION('',(0.0,-1.0,0.0));
#7211=DIRECTION('',(1.0,0.0,0.0));
#7212=DIRECTION('',(-0.342020143325671,0.939692620785908,-4.18840040651857E-17));
#7213=CARTESIAN_POINT('',(1.905,3.78404009676272,0.0));
#7214=DIRECTION('',(-0.0,1.0,0.0));
#7215=DIRECTION('',(1.0,0.0,0.0));
#7216=DIRECTION('',(-0.0,-1.0,-0.0));
#7217=DIRECTION('',(-0.0,1.0,-0.0));
#7218=CARTESIAN_POINT('',(1.905,3.7,0.0));
#7219=DIRECTION('',(-0.0,1.0,0.0));
#7220=DIRECTION('',(1.0,0.0,0.0));
#7221=DIRECTION('',(-0.628337107087622,-0.777941180203721,-7.69465613681874E-17));
#7222=CARTESIAN_POINT('',(1.905,3.7,0.0));
#7223=DIRECTION('',(-0.0,1.0,0.0));
#7224=DIRECTION('',(1.0,0.0,0.0));
#7225=DIRECTION('',(-0.628337107087623,0.777941180203721,-7.69465613681874E-17));
#7226=CARTESIAN_POINT('',(1.905,3.635,0.0));
#7227=DIRECTION('',(-0.0,1.0,0.0));
#7228=DIRECTION('',(1.0,0.0,0.0));
#7229=DIRECTION('',(-0.0,-1.0,-0.0));
#7230=DIRECTION('',(-0.0,1.0,-0.0));
#7231=CARTESIAN_POINT('',(1.905,3.2,0.0));
#7232=DIRECTION('',(-0.0,1.0,0.0));
#7233=DIRECTION('',(1.0,0.0,0.0));
#7234=DIRECTION('',(-0.0887489837651811,-0.996054023575352,-1.0868256941412E-17));
#7235=DIRECTION('',(-0.0887489837651811,0.996054023575352,-1.0868256941412E-17));
#7236=DIRECTION('',(-0.0,-1.0,-0.0));
#7237=CARTESIAN_POINT('',(1.905,1.3778312163513,0.0));
#7238=DIRECTION('',(-0.0,1.0,0.0));
#7239=DIRECTION('',(1.0,0.0,0.0));
#7240=DIRECTION('',(-0.0,1.0,-0.0));
#7241=CARTESIAN_POINT('',(1.905,0.649999999999997,0.0));
#7242=DIRECTION('',(-0.0,1.0,0.0));
#7243=DIRECTION('',(1.0,0.0,0.0));
#7244=DIRECTION('',(-0.866025403784437,0.500000000000003,-1.06054021204601E-16));
#7245=DIRECTION('',(-0.866025403784437,-0.500000000000003,-1.06054021204601E-16));
#7246=DIRECTION('',(-0.0871371377233324,-0.996196325645395,-1.06708692509888E-17));
#7247=CARTESIAN_POINT('',(1.905,3.19614643444255,0.0));
#7248=DIRECTION('',(-0.0,1.0,0.0));
#7249=DIRECTION('',(1.0,0.0,0.0));
#7250=DIRECTION('',(-0.0871371377233324,0.996196325645395,-1.06708692509888E-17));
#7251=CARTESIAN_POINT('',(1.905,1.6,0.0));
#7252=DIRECTION('',(-0.0,1.0,0.0));
#7253=DIRECTION('',(1.0,0.0,0.0));
#7254=DIRECTION('',(-0.0,-1.0,-0.0));
#7255=CARTESIAN_POINT('',(1.905,3.19614643444255,0.0));
#7256=DIRECTION('',(-0.0,1.0,0.0));
#7257=DIRECTION('',(1.0,0.0,0.0));
#7258=DIRECTION('',(-0.0,1.0,-0.0));
#7259=CARTESIAN_POINT('',(1.905,1.44999999999999,0.0));
#7260=DIRECTION('',(-0.0,1.0,0.0));
#7261=DIRECTION('',(1.0,0.0,0.0));
#7262=DIRECTION('',(-0.866025403784472,-0.499999999999943,-1.06054021204605E-16));
#7263=DIRECTION('',(-0.866025403784472,0.499999999999943,-1.06054021204605E-16));
#7264=DIRECTION('',(0.994844653066852,-0.101410631909549,1.21829308321189E-16));
#7265=CARTESIAN_POINT('',(3.175,1.6116622216346,0.0));
#7266=DIRECTION('',(-0.0,1.0,0.0));
#7267=DIRECTION('',(1.0,0.0,0.0));
#7268=DIRECTION('',(0.994844653066852,0.101410631909549,1.21829308321189E-16));
#7269=CARTESIAN_POINT('',(3.175,1.6,0.0));
#7270=DIRECTION('',(-0.0,1.0,0.0));
#7271=DIRECTION('',(1.0,0.0,0.0));
#7272=DIRECTION('',(-0.342020143325671,-0.939692620785908,-4.18840040651857E-17));
#7273=CARTESIAN_POINT('',(3.175,4.1,0.0));
#7274=DIRECTION('',(0.0,-1.0,0.0));
#7275=DIRECTION('',(1.0,0.0,0.0));
#7276=DIRECTION('',(-0.342020143325671,0.939692620785908,-4.18840040651857E-17));
#7277=CARTESIAN_POINT('',(3.175,3.78404009676272,0.0));
#7278=DIRECTION('',(-0.0,1.0,0.0));
#7279=DIRECTION('',(1.0,0.0,0.0));
#7280=DIRECTION('',(-0.0,-1.0,-0.0));
#7281=DIRECTION('',(-0.0,1.0,-0.0));
#7282=CARTESIAN_POINT('',(3.175,3.7,0.0));
#7283=DIRECTION('',(-0.0,1.0,0.0));
#7284=DIRECTION('',(1.0,0.0,0.0));
#7285=DIRECTION('',(-0.628337107087622,-0.777941180203721,-7.69465613681875E-17));
#7286=CARTESIAN_POINT('',(3.175,3.7,0.0));
#7287=DIRECTION('',(-0.0,1.0,0.0));
#7288=DIRECTION('',(1.0,0.0,0.0));
#7289=DIRECTION('',(-0.628337107087622,0.777941180203721,-7.69465613681874E-17));
#7290=CARTESIAN_POINT('',(3.175,3.635,0.0));
#7291=DIRECTION('',(-0.0,1.0,0.0));
#7292=DIRECTION('',(1.0,0.0,0.0));
#7293=DIRECTION('',(-0.0,-1.0,-0.0));
#7294=DIRECTION('',(-0.0,1.0,-0.0));
#7295=CARTESIAN_POINT('',(3.175,3.2,0.0));
#7296=DIRECTION('',(-0.0,1.0,0.0));
#7297=DIRECTION('',(1.0,0.0,0.0));
#7298=DIRECTION('',(-0.0887489837651811,-0.996054023575352,-1.0868256941412E-17));
#7299=DIRECTION('',(-0.0887489837651811,0.996054023575352,-1.0868256941412E-17));
#7300=DIRECTION('',(-0.0,-1.0,-0.0));
#7301=CARTESIAN_POINT('',(3.175,1.3778312163513,0.0));
#7302=DIRECTION('',(-0.0,1.0,0.0));
#7303=DIRECTION('',(1.0,0.0,0.0));
#7304=DIRECTION('',(-0.0,1.0,-0.0));
#7305=CARTESIAN_POINT('',(3.175,0.649999999999997,0.0));
#7306=DIRECTION('',(-0.0,1.0,0.0));
#7307=DIRECTION('',(1.0,0.0,0.0));
#7308=DIRECTION('',(-0.866025403784437,0.500000000000003,-1.06054021204601E-16));
#7309=DIRECTION('',(-0.866025403784437,-0.500000000000003,-1.06054021204601E-16));
#7310=DIRECTION('',(-0.0871371377233324,-0.996196325645395,-1.06708692509888E-17));
#7311=CARTESIAN_POINT('',(3.175,3.19614643444255,0.0));
#7312=DIRECTION('',(-0.0,1.0,0.0));
#7313=DIRECTION('',(1.0,0.0,0.0));
#7314=DIRECTION('',(-0.0871371377233324,0.996196325645395,-1.06708692509888E-17));
#7315=CARTESIAN_POINT('',(3.175,1.6,0.0));
#7316=DIRECTION('',(-0.0,1.0,0.0));
#7317=DIRECTION('',(1.0,0.0,0.0));
#7318=DIRECTION('',(-0.0,-1.0,-0.0));
#7319=CARTESIAN_POINT('',(3.175,3.19614643444255,0.0));
#7320=DIRECTION('',(-0.0,1.0,0.0));
#7321=DIRECTION('',(1.0,0.0,0.0));
#7322=DIRECTION('',(-0.0,1.0,-0.0));
#7323=CARTESIAN_POINT('',(3.175,1.44999999999999,0.0));
#7324=DIRECTION('',(-0.0,1.0,0.0));
#7325=DIRECTION('',(1.0,0.0,0.0));
#7326=DIRECTION('',(-0.866025403784472,-0.499999999999943,-1.06054021204605E-16));
#7327=DIRECTION('',(-0.866025403784472,0.499999999999943,-1.06054021204605E-16));
#7328=CARTESIAN_POINT('',(3.175,1.3778312163513,0.0));
#7329=DIRECTION('',(-0.0,1.0,0.0));
#7330=DIRECTION('',(1.0,0.0,0.0));
#7331=CARTESIAN_POINT('',(3.175,1.44999999999999,0.0));
#7332=DIRECTION('',(-0.0,1.0,0.0));
#7333=DIRECTION('',(1.0,0.0,0.0));
#7334=CARTESIAN_POINT('',(3.175,0.649999999999997,0.0));
#7335=DIRECTION('',(-0.0,1.0,0.0));
#7336=DIRECTION('',(1.0,0.0,0.0));
#7337=CARTESIAN_POINT('',(3.175,1.6116622216346,0.0));
#7338=DIRECTION('',(-0.0,1.0,0.0));
#7339=DIRECTION('',(1.0,0.0,0.0));
#7340=CARTESIAN_POINT('',(3.175,3.2,0.0));
#7341=DIRECTION('',(-0.0,1.0,0.0));
#7342=DIRECTION('',(1.0,0.0,0.0));
#7343=CARTESIAN_POINT('',(3.175,3.635,0.0));
#7344=DIRECTION('',(-0.0,1.0,0.0));
#7345=DIRECTION('',(1.0,0.0,0.0));
#7346=CARTESIAN_POINT('',(3.175,3.7,0.0));
#7347=DIRECTION('',(-0.0,1.0,0.0));
#7348=DIRECTION('',(1.0,0.0,0.0));
#7349=CARTESIAN_POINT('',(3.175,3.7,0.0));
#7350=DIRECTION('',(-0.0,1.0,0.0));
#7351=DIRECTION('',(1.0,0.0,0.0));
#7352=CARTESIAN_POINT('',(3.175,3.78404009676272,0.0));
#7353=DIRECTION('',(-0.0,1.0,0.0));
#7354=DIRECTION('',(1.0,0.0,0.0));
#7355=CARTESIAN_POINT('',(3.175,4.1,0.0));
#7356=DIRECTION('',(0.0,-1.0,0.0));
#7357=DIRECTION('',(1.0,0.0,0.0));
#7358=CARTESIAN_POINT('',(1.905,1.3778312163513,0.0));
#7359=DIRECTION('',(-0.0,1.0,0.0));
#7360=DIRECTION('',(1.0,0.0,0.0));
#7361=CARTESIAN_POINT('',(1.905,1.44999999999999,0.0));
#7362=DIRECTION('',(-0.0,1.0,0.0));
#7363=DIRECTION('',(1.0,0.0,0.0));
#7364=CARTESIAN_POINT('',(1.905,0.649999999999997,0.0));
#7365=DIRECTION('',(-0.0,1.0,0.0));
#7366=DIRECTION('',(1.0,0.0,0.0));
#7367=CARTESIAN_POINT('',(1.905,1.6116622216346,0.0));
#7368=DIRECTION('',(-0.0,1.0,0.0));
#7369=DIRECTION('',(1.0,0.0,0.0));
#7370=CARTESIAN_POINT('',(1.905,3.2,0.0));
#7371=DIRECTION('',(-0.0,1.0,0.0));
#7372=DIRECTION('',(1.0,0.0,0.0));
#7373=CARTESIAN_POINT('',(1.905,3.635,0.0));
#7374=DIRECTION('',(-0.0,1.0,0.0));
#7375=DIRECTION('',(1.0,0.0,0.0));
#7376=CARTESIAN_POINT('',(1.905,3.7,0.0));
#7377=DIRECTION('',(-0.0,1.0,0.0));
#7378=DIRECTION('',(1.0,0.0,0.0));
#7379=CARTESIAN_POINT('',(1.905,3.7,0.0));
#7380=DIRECTION('',(-0.0,1.0,0.0));
#7381=DIRECTION('',(1.0,0.0,0.0));
#7382=CARTESIAN_POINT('',(1.905,3.78404009676272,0.0));
#7383=DIRECTION('',(-0.0,1.0,0.0));
#7384=DIRECTION('',(1.0,0.0,0.0));
#7385=CARTESIAN_POINT('',(1.905,4.1,0.0));
#7386=DIRECTION('',(0.0,-1.0,0.0));
#7387=DIRECTION('',(1.0,0.0,0.0));
#7388=CARTESIAN_POINT('',(0.635,1.3778312163513,0.0));
#7389=DIRECTION('',(-0.0,1.0,0.0));
#7390=DIRECTION('',(1.0,0.0,0.0));
#7391=CARTESIAN_POINT('',(0.635,1.44999999999999,0.0));
#7392=DIRECTION('',(-0.0,1.0,0.0));
#7393=DIRECTION('',(1.0,0.0,0.0));
#7394=CARTESIAN_POINT('',(0.635,0.649999999999997,0.0));
#7395=DIRECTION('',(-0.0,1.0,0.0));
#7396=DIRECTION('',(1.0,0.0,0.0));
#7397=CARTESIAN_POINT('',(0.635,1.6116622216346,0.0));
#7398=DIRECTION('',(-0.0,1.0,0.0));
#7399=DIRECTION('',(1.0,0.0,0.0));
#7400=CARTESIAN_POINT('',(0.635,3.2,0.0));
#7401=DIRECTION('',(-0.0,1.0,0.0));
#7402=DIRECTION('',(1.0,0.0,0.0));
#7403=CARTESIAN_POINT('',(0.635,3.635,0.0));
#7404=DIRECTION('',(-0.0,1.0,0.0));
#7405=DIRECTION('',(1.0,0.0,0.0));
#7406=CARTESIAN_POINT('',(0.635,3.7,0.0));
#7407=DIRECTION('',(-0.0,1.0,0.0));
#7408=DIRECTION('',(1.0,0.0,0.0));
#7409=CARTESIAN_POINT('',(0.635,3.7,0.0));
#7410=DIRECTION('',(-0.0,1.0,0.0));
#7411=DIRECTION('',(1.0,0.0,0.0));
#7412=CARTESIAN_POINT('',(0.635,3.78404009676272,0.0));
#7413=DIRECTION('',(-0.0,1.0,0.0));
#7414=DIRECTION('',(1.0,0.0,0.0));
#7415=CARTESIAN_POINT('',(0.635,4.1,0.0));
#7416=DIRECTION('',(0.0,-1.0,0.0));
#7417=DIRECTION('',(1.0,0.0,0.0));
#7418=CARTESIAN_POINT('',(-0.635,1.3778312163513,0.0));
#7419=DIRECTION('',(-0.0,1.0,0.0));
#7420=DIRECTION('',(1.0,0.0,0.0));
#7421=CARTESIAN_POINT('',(-0.635,1.44999999999999,0.0));
#7422=DIRECTION('',(-0.0,1.0,0.0));
#7423=DIRECTION('',(1.0,0.0,0.0));
#7424=CARTESIAN_POINT('',(-0.635,0.649999999999997,0.0));
#7425=DIRECTION('',(-0.0,1.0,0.0));
#7426=DIRECTION('',(1.0,0.0,0.0));
#7427=CARTESIAN_POINT('',(-0.635,1.6116622216346,0.0));
#7428=DIRECTION('',(-0.0,1.0,0.0));
#7429=DIRECTION('',(1.0,0.0,0.0));
#7430=CARTESIAN_POINT('',(-0.635,3.2,0.0));
#7431=DIRECTION('',(-0.0,1.0,0.0));
#7432=DIRECTION('',(1.0,0.0,0.0));
#7433=CARTESIAN_POINT('',(-0.635,3.635,0.0));
#7434=DIRECTION('',(-0.0,1.0,0.0));
#7435=DIRECTION('',(1.0,0.0,0.0));
#7436=CARTESIAN_POINT('',(-0.635,3.7,0.0));
#7437=DIRECTION('',(-0.0,1.0,0.0));
#7438=DIRECTION('',(1.0,0.0,0.0));
#7439=CARTESIAN_POINT('',(-0.635,3.7,0.0));
#7440=DIRECTION('',(-0.0,1.0,0.0));
#7441=DIRECTION('',(1.0,0.0,0.0));
#7442=CARTESIAN_POINT('',(-0.635,3.78404009676272,0.0));
#7443=DIRECTION('',(-0.0,1.0,0.0));
#7444=DIRECTION('',(1.0,0.0,0.0));
#7445=CARTESIAN_POINT('',(-0.635,4.1,0.0));
#7446=DIRECTION('',(0.0,-1.0,0.0));
#7447=DIRECTION('',(1.0,0.0,0.0));
#7448=CARTESIAN_POINT('',(-1.905,1.3778312163513,0.0));
#7449=DIRECTION('',(-0.0,1.0,0.0));
#7450=DIRECTION('',(1.0,0.0,0.0));
#7451=CARTESIAN_POINT('',(-1.905,1.44999999999999,0.0));
#7452=DIRECTION('',(-0.0,1.0,0.0));
#7453=DIRECTION('',(1.0,0.0,0.0));
#7454=CARTESIAN_POINT('',(-1.905,0.649999999999997,0.0));
#7455=DIRECTION('',(-0.0,1.0,0.0));
#7456=DIRECTION('',(1.0,0.0,0.0));
#7457=CARTESIAN_POINT('',(-1.905,1.6116622216346,0.0));
#7458=DIRECTION('',(-0.0,1.0,0.0));
#7459=DIRECTION('',(1.0,0.0,0.0));
#7460=CARTESIAN_POINT('',(-1.905,3.2,0.0));
#7461=DIRECTION('',(-0.0,1.0,0.0));
#7462=DIRECTION('',(1.0,0.0,0.0));
#7463=CARTESIAN_POINT('',(-1.905,3.635,0.0));
#7464=DIRECTION('',(-0.0,1.0,0.0));
#7465=DIRECTION('',(1.0,0.0,0.0));
#7466=CARTESIAN_POINT('',(-1.905,3.7,0.0));
#7467=DIRECTION('',(-0.0,1.0,0.0));
#7468=DIRECTION('',(1.0,0.0,0.0));
#7469=CARTESIAN_POINT('',(-1.905,3.7,0.0));
#7470=DIRECTION('',(-0.0,1.0,0.0));
#7471=DIRECTION('',(1.0,0.0,0.0));
#7472=CARTESIAN_POINT('',(-1.905,3.78404009676272,0.0));
#7473=DIRECTION('',(-0.0,1.0,0.0));
#7474=DIRECTION('',(1.0,0.0,0.0));
#7475=CARTESIAN_POINT('',(-1.905,4.1,0.0));
#7476=DIRECTION('',(0.0,-1.0,0.0));
#7477=DIRECTION('',(1.0,0.0,0.0));
#7478=CARTESIAN_POINT('',(-3.175,1.3778312163513,0.0));
#7479=DIRECTION('',(-0.0,1.0,0.0));
#7480=DIRECTION('',(1.0,0.0,0.0));
#7481=CARTESIAN_POINT('',(-3.175,1.44999999999999,0.0));
#7482=DIRECTION('',(-0.0,1.0,0.0));
#7483=DIRECTION('',(1.0,0.0,0.0));
#7484=CARTESIAN_POINT('',(-3.175,0.649999999999997,0.0));
#7485=DIRECTION('',(-0.0,1.0,0.0));
#7486=DIRECTION('',(1.0,0.0,0.0));
#7487=CARTESIAN_POINT('',(-3.175,1.6116622216346,0.0));
#7488=DIRECTION('',(-0.0,1.0,0.0));
#7489=DIRECTION('',(1.0,0.0,0.0));
#7490=CARTESIAN_POINT('',(-3.175,3.2,0.0));
#7491=DIRECTION('',(-0.0,1.0,0.0));
#7492=DIRECTION('',(1.0,0.0,0.0));
#7493=CARTESIAN_POINT('',(-3.175,3.635,0.0));
#7494=DIRECTION('',(-0.0,1.0,0.0));
#7495=DIRECTION('',(1.0,0.0,0.0));
#7496=CARTESIAN_POINT('',(-3.175,3.7,0.0));
#7497=DIRECTION('',(-0.0,1.0,0.0));
#7498=DIRECTION('',(1.0,0.0,0.0));
#7499=CARTESIAN_POINT('',(-3.175,3.7,0.0));
#7500=DIRECTION('',(-0.0,1.0,0.0));
#7501=DIRECTION('',(1.0,0.0,0.0));
#7502=CARTESIAN_POINT('',(-3.175,3.78404009676272,0.0));
#7503=DIRECTION('',(-0.0,1.0,0.0));
#7504=DIRECTION('',(1.0,0.0,0.0));
#7505=CARTESIAN_POINT('',(-3.175,4.1,0.0));
#7506=DIRECTION('',(0.0,-1.0,0.0));
#7507=DIRECTION('',(1.0,0.0,0.0));
#7508=CARTESIAN_POINT('',(3.175,0.199999999999989,0.0));
#7509=DIRECTION('',(0.0,1.0,0.0));
#7510=DIRECTION('',(-1.0,0.0,0.0));
#7511=CARTESIAN_POINT('',(3.175,0.12928932188134,0.0));
#7512=DIRECTION('',(0.0,1.0,0.0));
#7513=DIRECTION('',(-1.0,0.0,0.0));
#7514=CARTESIAN_POINT('',(3.175,-1.2,3.88));
#7515=DIRECTION('',(0.0,0.0,1.0));
#7516=DIRECTION('',(1.0,0.0,0.0));
#7517=CARTESIAN_POINT('',(3.175,-1.2,0.66));
#7518=DIRECTION('',(0.0,6.12303176911189E-17,-1.0));
#7519=DIRECTION('',(6.12303176911189E-17,-1.0,-6.12303176911189E-17));
#7520=CARTESIAN_POINT('',(3.175,-0.539999999999999,0.0));
#7521=DIRECTION('',(0.0,1.0,0.0));
#7522=DIRECTION('',(-1.0,0.0,0.0));
#7523=CARTESIAN_POINT('',(3.175,0.0585786437626901,0.0));
#7524=DIRECTION('',(0.0,1.0,0.0));
#7525=DIRECTION('',(-1.0,0.0,0.0));
#7526=CARTESIAN_POINT('',(1.905,0.199999999999989,0.0));
#7527=DIRECTION('',(0.0,1.0,0.0));
#7528=DIRECTION('',(-1.0,0.0,0.0));
#7529=CARTESIAN_POINT('',(1.905,0.12928932188134,0.0));
#7530=DIRECTION('',(0.0,1.0,0.0));
#7531=DIRECTION('',(-1.0,0.0,0.0));
#7532=CARTESIAN_POINT('',(1.905,-1.2,3.88));
#7533=DIRECTION('',(0.0,0.0,1.0));
#7534=DIRECTION('',(1.0,0.0,0.0));
#7535=CARTESIAN_POINT('',(1.905,-1.2,0.66));
#7536=DIRECTION('',(0.0,6.12303176911189E-17,-1.0));
#7537=DIRECTION('',(6.12303176911189E-17,-1.0,-6.12303176911189E-17));
#7538=CARTESIAN_POINT('',(1.905,-0.539999999999999,0.0));
#7539=DIRECTION('',(0.0,1.0,0.0));
#7540=DIRECTION('',(-1.0,0.0,0.0));
#7541=CARTESIAN_POINT('',(1.905,0.0585786437626901,0.0));
#7542=DIRECTION('',(0.0,1.0,0.0));
#7543=DIRECTION('',(-1.0,0.0,0.0));
#7544=CARTESIAN_POINT('',(0.635,0.199999999999989,0.0));
#7545=DIRECTION('',(0.0,1.0,0.0));
#7546=DIRECTION('',(-1.0,0.0,0.0));
#7547=CARTESIAN_POINT('',(0.635,0.12928932188134,0.0));
#7548=DIRECTION('',(0.0,1.0,0.0));
#7549=DIRECTION('',(-1.0,0.0,0.0));
#7550=CARTESIAN_POINT('',(0.635,-1.2,3.88));
#7551=DIRECTION('',(0.0,0.0,1.0));
#7552=DIRECTION('',(1.0,0.0,0.0));
#7553=CARTESIAN_POINT('',(0.635,-1.2,0.66));
#7554=DIRECTION('',(0.0,6.12303176911189E-17,-1.0));
#7555=DIRECTION('',(6.12303176911189E-17,-1.0,-6.12303176911189E-17));
#7556=CARTESIAN_POINT('',(0.635,-0.539999999999999,0.0));
#7557=DIRECTION('',(0.0,1.0,0.0));
#7558=DIRECTION('',(-1.0,0.0,0.0));
#7559=CARTESIAN_POINT('',(0.635,0.0585786437626901,0.0));
#7560=DIRECTION('',(0.0,1.0,0.0));
#7561=DIRECTION('',(-1.0,0.0,0.0));
#7562=CARTESIAN_POINT('',(-0.635,0.199999999999989,0.0));
#7563=DIRECTION('',(0.0,1.0,0.0));
#7564=DIRECTION('',(-1.0,0.0,0.0));
#7565=CARTESIAN_POINT('',(-0.635,0.12928932188134,0.0));
#7566=DIRECTION('',(0.0,1.0,0.0));
#7567=DIRECTION('',(-1.0,0.0,0.0));
#7568=CARTESIAN_POINT('',(-0.635,-1.2,3.88));
#7569=DIRECTION('',(0.0,0.0,1.0));
#7570=DIRECTION('',(1.0,0.0,0.0));
#7571=CARTESIAN_POINT('',(-0.635,-1.2,0.66));
#7572=DIRECTION('',(0.0,6.12303176911189E-17,-1.0));
#7573=DIRECTION('',(6.12303176911189E-17,-1.0,-6.12303176911189E-17));
#7574=CARTESIAN_POINT('',(-0.635,-0.539999999999999,0.0));
#7575=DIRECTION('',(0.0,1.0,0.0));
#7576=DIRECTION('',(-1.0,0.0,0.0));
#7577=CARTESIAN_POINT('',(-0.635,0.0585786437626901,0.0));
#7578=DIRECTION('',(0.0,1.0,0.0));
#7579=DIRECTION('',(-1.0,0.0,0.0));
#7580=CARTESIAN_POINT('',(-1.905,0.199999999999989,0.0));
#7581=DIRECTION('',(0.0,1.0,0.0));
#7582=DIRECTION('',(-1.0,0.0,0.0));
#7583=CARTESIAN_POINT('',(-1.905,0.12928932188134,0.0));
#7584=DIRECTION('',(0.0,1.0,0.0));
#7585=DIRECTION('',(-1.0,0.0,0.0));
#7586=CARTESIAN_POINT('',(-1.905,-1.2,3.88));
#7587=DIRECTION('',(0.0,0.0,1.0));
#7588=DIRECTION('',(1.0,0.0,0.0));
#7589=CARTESIAN_POINT('',(-1.905,-1.2,0.66));
#7590=DIRECTION('',(0.0,6.12303176911189E-17,-1.0));
#7591=DIRECTION('',(6.12303176911189E-17,-1.0,-6.12303176911189E-17));
#7592=CARTESIAN_POINT('',(-1.905,-0.539999999999999,0.0));
#7593=DIRECTION('',(0.0,1.0,0.0));
#7594=DIRECTION('',(-1.0,0.0,0.0));
#7595=CARTESIAN_POINT('',(-1.905,0.0585786437626901,0.0));
#7596=DIRECTION('',(0.0,1.0,0.0));
#7597=DIRECTION('',(-1.0,0.0,0.0));
#7598=CARTESIAN_POINT('',(-3.175,0.199999999999989,0.0));
#7599=DIRECTION('',(0.0,1.0,0.0));
#7600=DIRECTION('',(-1.0,0.0,0.0));
#7601=CARTESIAN_POINT('',(-3.175,0.12928932188134,0.0));
#7602=DIRECTION('',(0.0,1.0,0.0));
#7603=DIRECTION('',(-1.0,0.0,0.0));
#7604=CARTESIAN_POINT('',(-3.175,-1.2,3.88));
#7605=DIRECTION('',(0.0,0.0,1.0));
#7606=DIRECTION('',(1.0,0.0,0.0));
#7607=CARTESIAN_POINT('',(-3.175,-1.2,0.66));
#7608=DIRECTION('',(0.0,6.12303176911189E-17,-1.0));
#7609=DIRECTION('',(6.12303176911189E-17,-1.0,-6.12303176911189E-17));
#7610=CARTESIAN_POINT('',(-3.175,-0.539999999999999,0.0));
#7611=DIRECTION('',(0.0,1.0,0.0));
#7612=DIRECTION('',(-1.0,0.0,0.0));
#7613=CARTESIAN_POINT('',(-3.175,0.0585786437626901,0.0));
#7614=DIRECTION('',(0.0,1.0,0.0));
#7615=DIRECTION('',(-1.0,0.0,0.0));
#7616=DIRECTION('',(0.300626578483311,-0.825964736070521,-0.476870962711478));
#7617=DIRECTION('',(0.0,0.0,1.0));
#7618=DIRECTION('',(-0.34202014332577,0.939692620785871,0.0));
#7619=DIRECTION('',(0.0,0.0,-1.0));
#7620=DIRECTION('',(0.34202014332577,-0.939692620785871,0.0));
#7621=DIRECTION('',(0.0,0.0,1.0));
#7622=DIRECTION('',(-0.300626578483311,0.825964736070521,-0.476870962711478));
#7623=DIRECTION('',(0.0,0.0,-1.0));
#7624=DIRECTION('',(0.300626578483311,0.825964736070521,0.476870962711478));
#7625=DIRECTION('',(0.0,-0.0,1.0));
#7626=DIRECTION('',(-0.34202014332577,-0.939692620785871,0.0));
#7627=DIRECTION('',(0.0,0.0,1.0));
#7628=DIRECTION('',(0.34202014332577,0.939692620785871,-0.0));
#7629=DIRECTION('',(0.0,-0.0,1.0));
#7630=DIRECTION('',(-0.300626578483311,-0.825964736070521,0.476870962711478));
#7631=DIRECTION('',(0.0,0.0,1.0));
#7632=DIRECTION('',(1.0,0.0,0.0));
#7633=DIRECTION('',(0.0,0.0,-1.0));
#7634=DIRECTION('',(1.0,-0.0,6.12303176911189E-17));
#7635=DIRECTION('',(1.0,-0.0,6.12303176911189E-17));
#7636=DIRECTION('',(0.0,0.0,-1.0));
#7637=DIRECTION('',(1.0,0.0,0.0));
#7638=DIRECTION('',(-0.300626578483311,0.825964736070521,-0.476870962711478));
#7639=DIRECTION('',(1.0,0.0,6.12303176911189E-17));
#7640=DIRECTION('',(1.0,0.0,6.12303176911189E-17));
#7641=DIRECTION('',(0.0,0.866025403784427,-0.500000000000019));
#7642=DIRECTION('',(-1.0,0.0,0.0));
#7643=DIRECTION('',(-1.0,0.0,0.0));
#7644=DIRECTION('',(-0.34202014332577,0.939692620785871,0.0));
#7645=DIRECTION('',(-1.0,0.0,0.0));
#7646=DIRECTION('',(-0.34202014332577,-0.939692620785871,0.0));
#7647=DIRECTION('',(-1.0,0.0,0.0));
#7648=DIRECTION('',(-0.34202014332577,0.939692620785871,0.0));
#7649=DIRECTION('',(-1.0,0.0,0.0));
#7650=DIRECTION('',(-0.34202014332577,-0.939692620785871,0.0));
#7651=DIRECTION('',(-1.0,0.0,0.0));
#7652=DIRECTION('',(-0.34202014332577,0.939692620785871,0.0));
#7653=DIRECTION('',(-1.0,0.0,0.0));
#7654=DIRECTION('',(-0.34202014332577,-0.939692620785871,0.0));
#7655=DIRECTION('',(-1.0,0.0,0.0));
#7656=DIRECTION('',(-0.34202014332577,0.939692620785871,0.0));
#7657=DIRECTION('',(-1.0,0.0,0.0));
#7658=DIRECTION('',(-0.34202014332577,-0.939692620785871,0.0));
#7659=DIRECTION('',(-1.0,0.0,0.0));
#7660=DIRECTION('',(-0.34202014332577,0.939692620785871,0.0));
#7661=DIRECTION('',(-1.0,0.0,0.0));
#7662=DIRECTION('',(-0.34202014332577,-0.939692620785871,0.0));
#7663=DIRECTION('',(-1.0,0.0,0.0));
#7664=DIRECTION('',(0.0,1.0,0.0));
#7665=DIRECTION('',(1.0,0.0,0.0));
#7666=DIRECTION('',(0.0,-1.0,0.0));
#7667=DIRECTION('',(-1.0,0.0,0.0));
#7668=DIRECTION('',(1.0,0.0,0.0));
#7669=DIRECTION('',(0.0,0.0,1.0));
#7670=DIRECTION('',(1.0,0.0,0.0));
#7671=DIRECTION('',(0.0,0.0,1.0));
#7672=DIRECTION('',(1.0,0.0,6.12303176911189E-17));
#7673=DIRECTION('',(0.0,0.0,1.0));
#7674=DIRECTION('',(1.0,0.0,0.0));
#7675=DIRECTION('',(0.0,0.0,1.0));
#7676=DIRECTION('',(1.0,0.0,6.12303176911189E-17));
#7677=DIRECTION('',(0.0,0.0,1.0));
#7678=DIRECTION('',(1.0,0.0,0.0));
#7679=DIRECTION('',(0.0,0.0,1.0));
#7680=DIRECTION('',(1.0,0.0,6.12303176911189E-17));
#7681=DIRECTION('',(0.0,0.0,1.0));
#7682=DIRECTION('',(1.0,0.0,0.0));
#7683=DIRECTION('',(0.0,0.0,1.0));
#7684=DIRECTION('',(1.0,0.0,6.12303176911189E-17));
#7685=DIRECTION('',(0.0,0.0,1.0));
#7686=DIRECTION('',(1.0,0.0,0.0));
#7687=DIRECTION('',(0.0,0.0,1.0));
#7688=DIRECTION('',(1.0,0.0,6.12303176911189E-17));
#7689=DIRECTION('',(0.0,0.0,1.0));
#7690=DIRECTION('',(1.0,0.0,6.12303176911189E-17));
#7691=DIRECTION('',(0.0,0.0,1.0));
#7692=DIRECTION('',(0.0,0.0,1.0));
#7693=DIRECTION('',(1.0,0.0,6.12303176911189E-17));
#7694=DIRECTION('',(0.0,0.0,1.0));
#7695=DIRECTION('',(0.0,0.0,1.0));
#7696=DIRECTION('',(1.0,0.0,6.12303176911189E-17));
#7697=DIRECTION('',(0.0,0.0,1.0));
#7698=DIRECTION('',(0.0,0.0,1.0));
#7699=DIRECTION('',(1.0,0.0,6.12303176911189E-17));
#7700=DIRECTION('',(0.0,0.0,1.0));
#7701=DIRECTION('',(0.0,0.0,1.0));
#7702=DIRECTION('',(1.0,0.0,6.12303176911189E-17));
#7703=DIRECTION('',(0.0,0.0,1.0));
#7704=DIRECTION('',(0.0,0.0,1.0));
#7705=DIRECTION('',(1.0,0.0,6.12303176911189E-17));
#7706=DIRECTION('',(1.0,0.0,6.12303176911189E-17));
#7707=DIRECTION('',(0.0,0.0,-1.0));
#7708=DIRECTION('',(0.300626578483311,-0.825964736070521,-0.476870962711478));
#7709=DIRECTION('',(-1.0,0.0,-6.12303176911189E-17));
#7710=DIRECTION('',(0.0,0.0,-1.0));
#7711=DIRECTION('',(0.0,0.0,-1.0));
#7712=DIRECTION('',(-1.0,0.0,-6.12303176911189E-17));
#7713=DIRECTION('',(0.34202014332577,-0.939692620785871,0.0));
#7714=DIRECTION('',(0.300626578483311,0.825964736070521,0.476870962711478));
#7715=DIRECTION('',(0.0,-0.0,1.0));
#7716=DIRECTION('',(0.34202014332577,0.939692620785871,-0.0));
#7717=DIRECTION('',(0.0,-0.0,1.0));
#7718=DIRECTION('',(-0.300626578483311,-0.825964736070521,0.476870962711478));
#7719=DIRECTION('',(1.0,0.0,0.0));
#7720=DIRECTION('',(0.0,0.0,-1.0));
#7721=DIRECTION('',(1.0,-0.0,6.12303176911189E-17));
#7722=DIRECTION('',(-0.300626578483311,0.825964736070521,-0.476870962711478));
#7723=DIRECTION('',(0.300626578483311,-0.825964736070521,-0.476870962711478));
#7724=DIRECTION('',(-1.0,0.0,-6.12303176911189E-17));
#7725=DIRECTION('',(0.0,0.0,-1.0));
#7726=DIRECTION('',(0.34202014332577,-0.939692620785871,0.0));
#7727=DIRECTION('',(0.300626578483311,0.825964736070521,0.476870962711478));
#7728=DIRECTION('',(0.0,-0.0,1.0));
#7729=DIRECTION('',(0.34202014332577,0.939692620785871,-0.0));
#7730=DIRECTION('',(0.0,-0.0,1.0));
#7731=DIRECTION('',(-0.300626578483311,-0.825964736070521,0.476870962711478));
#7732=DIRECTION('',(1.0,0.0,0.0));
#7733=DIRECTION('',(0.0,0.0,-1.0));
#7734=DIRECTION('',(1.0,-0.0,6.12303176911189E-17));
#7735=DIRECTION('',(-0.300626578483311,0.825964736070521,-0.476870962711478));
#7736=DIRECTION('',(0.300626578483311,-0.825964736070521,-0.476870962711478));
#7737=DIRECTION('',(-1.0,0.0,-6.12303176911189E-17));
#7738=DIRECTION('',(0.0,0.0,-1.0));
#7739=DIRECTION('',(0.34202014332577,-0.939692620785871,0.0));
#7740=DIRECTION('',(0.300626578483311,0.825964736070521,0.476870962711478));
#7741=DIRECTION('',(0.0,-0.0,1.0));
#7742=DIRECTION('',(0.34202014332577,0.939692620785871,-0.0));
#7743=DIRECTION('',(0.0,-0.0,1.0));
#7744=DIRECTION('',(-0.300626578483311,-0.825964736070521,0.476870962711478));
#7745=DIRECTION('',(1.0,0.0,0.0));
#7746=DIRECTION('',(0.0,0.0,-1.0));
#7747=DIRECTION('',(1.0,-0.0,6.12303176911189E-17));
#7748=DIRECTION('',(-0.300626578483311,0.825964736070521,-0.476870962711478));
#7749=DIRECTION('',(0.300626578483311,-0.825964736070521,-0.476870962711478));
#7750=DIRECTION('',(-1.0,0.0,-6.12303176911189E-17));
#7751=DIRECTION('',(0.0,0.0,-1.0));
#7752=DIRECTION('',(0.34202014332577,-0.939692620785871,0.0));
#7753=DIRECTION('',(0.300626578483311,0.825964736070521,0.476870962711478));
#7754=DIRECTION('',(0.0,-0.0,1.0));
#7755=DIRECTION('',(0.34202014332577,0.939692620785871,-0.0));
#7756=DIRECTION('',(0.0,-0.0,1.0));
#7757=DIRECTION('',(-0.300626578483311,-0.825964736070521,0.476870962711478));
#7758=DIRECTION('',(1.0,0.0,0.0));
#7759=DIRECTION('',(0.0,0.0,-1.0));
#7760=DIRECTION('',(1.0,-0.0,6.12303176911189E-17));
#7761=DIRECTION('',(-0.300626578483311,0.825964736070521,-0.476870962711478));
#7762=DIRECTION('',(0.300626578483311,-0.825964736070521,-0.476870962711478));
#7763=DIRECTION('',(-1.0,0.0,-6.12303176911189E-17));
#7764=DIRECTION('',(0.0,0.0,-1.0));
#7765=DIRECTION('',(0.34202014332577,-0.939692620785871,0.0));
#7766=DIRECTION('',(0.300626578483311,0.825964736070521,0.476870962711478));
#7767=DIRECTION('',(0.0,-0.0,1.0));
#7768=DIRECTION('',(0.34202014332577,0.939692620785871,-0.0));
#7769=DIRECTION('',(0.0,-0.0,1.0));
#7770=DIRECTION('',(-0.300626578483311,-0.825964736070521,0.476870962711478));
#7771=DIRECTION('',(1.0,0.0,0.0));
#7772=DIRECTION('',(0.0,0.0,-1.0));
#7773=DIRECTION('',(1.0,-0.0,6.12303176911189E-17));
#7774=DIRECTION('',(-1.0,0.0,-6.12303176911189E-17));
#7775=DIRECTION('',(0.0,0.0,-1.0));
#7776=DIRECTION('',(0.0,-0.866025403784427,0.500000000000019));
#7777=DIRECTION('',(-0.0,0.866025403784427,0.500000000000019));
#7778=DIRECTION('',(-0.0,-0.866025403784427,-0.500000000000019));
#7779=DIRECTION('',(0.0,-1.0,0.0));
#7780=DIRECTION('',(0.0,0.0,-1.0));
#7781=DIRECTION('',(0.0,1.0,0.0));
#7782=DIRECTION('',(-1.0,0.0,0.0));
#7783=DIRECTION('',(0.0,0.0,-1.0));
ENDSEC;
END-ISO-10303-21;
