ISO-10303-21;
HEADER;
FILE_DESCRIPTION(('STEP AP203'),'1');
FILE_NAME('pcb_connector_851-83-004-20-001101.stp','2024-09-10T14:13:49',('TraceParts'),('TraceParts S.A.'),'Spatial InterOp 3D',' ',' ');
FILE_SCHEMA(('CONFIG_CONTROL_DESIGN'));
ENDSEC;
DATA;
#1=DESIGN_CONTEXT('',#27,'design');
#2=APPLICATION_PROTOCOL_DEFINITION('INTERNATIONAL STANDARD','config_control_design',1994,#27);
#3=PRODUCT_CATEGORY_RELATIONSHIP('NONE','NONE',#28,#29);
#4=DATE_AND_TIME(#30,#31);
#5=DATE_TIME_ROLE('creation_date');
#6=DATE_TIME_ROLE('classification_date');
#7=PERSON_AND_ORGANIZATION_ROLE('creator');
#8=PERSON_AND_ORGANIZATION_ROLE('design_supplier');
#9=PERSON_AND_ORGANIZATION_ROLE('classification_officer');
#10=PERSON_AND_ORGANIZATION_ROLE('design_owner');
#11=APPROVAL_PERSON_ORGANIZATION(#32,#33,#34);
#12=APPROVAL_DATE_TIME(#4,#33);
#13=CC_DESIGN_APPROVAL(#33,(#35,#36,#37));
#14=CC_DESIGN_DATE_AND_TIME_ASSIGNMENT(#4,#5,(#37));
#15=CC_DESIGN_DATE_AND_TIME_ASSIGNMENT(#4,#6,(#35));
#16=CC_DESIGN_PERSON_AND_ORGANIZATION_ASSIGNMENT(#32,#10,(#38));
#17=CC_DESIGN_PERSON_AND_ORGANIZATION_ASSIGNMENT(#32,#7,(#37));
#18=CC_DESIGN_PERSON_AND_ORGANIZATION_ASSIGNMENT(#32,#7,(#36));
#19=CC_DESIGN_PERSON_AND_ORGANIZATION_ASSIGNMENT(#32,#8,(#36));
#20=CC_DESIGN_SECURITY_CLASSIFICATION(#35,(#36));
#21=CC_DESIGN_PERSON_AND_ORGANIZATION_ASSIGNMENT(#32,#9,(#35));
#22=SHAPE_DEFINITION_REPRESENTATION(#39,#40);
#23= (GEOMETRIC_REPRESENTATION_CONTEXT(3)GLOBAL_UNCERTAINTY_ASSIGNED_CONTEXT((#43))GLOBAL_UNIT_ASSIGNED_CONTEXT((#45,#46,#47))REPRESENTATION_CONTEXT('NONE','WORKSPACE'));
#27=APPLICATION_CONTEXT('CONFIGURATION CONTROLLED 3D DESIGNS OF MECHANICAL PARTS AND ASSEMBLIES');
#28=PRODUCT_CATEGORY('part','NONE');
#29=PRODUCT_RELATED_PRODUCT_CATEGORY('detail',' ',(#38));
#30=CALENDAR_DATE(2024,10,8);
#31=LOCAL_TIME(16,13,49.0,#49);
#32=PERSON_AND_ORGANIZATION(#50,#51);
#33=APPROVAL(#52,'SOLID MODEL');
#34=APPROVAL_ROLE('APPROVED');
#35=SECURITY_CLASSIFICATION('','',#53);
#36=PRODUCT_DEFINITION_FORMATION_WITH_SPECIFIED_SOURCE(' ','NONE',#38,.NOT_KNOWN.);
#37=PRODUCT_DEFINITION('','NONE',#36,#1);
#38=PRODUCT('1','','PART--DESC',(#54));
#39=PRODUCT_DEFINITION_SHAPE('NONE','NONE',#37);
#40=ADVANCED_BREP_SHAPE_REPRESENTATION('1',(#55,#56),#23);
#43=UNCERTAINTY_MEASURE_WITH_UNIT(LENGTH_MEASURE(1.0E-06),#45,'','');
#45= (CONVERSION_BASED_UNIT('MILLIMETRE',#59)LENGTH_UNIT()NAMED_UNIT(#62));
#46= (NAMED_UNIT(#64)PLANE_ANGLE_UNIT()SI_UNIT($,.RADIAN.));
#47= (NAMED_UNIT(#64)SOLID_ANGLE_UNIT()SI_UNIT($,.STERADIAN.));
#49=COORDINATED_UNIVERSAL_TIME_OFFSET(1,0,.AHEAD.);
#50=PERSON('','UNSPECIFIED',$,$,$,$);
#51=ORGANIZATION('UNSPECIFIED','UNSPECIFIED','UNSPECIFIED');
#52=APPROVAL_STATUS('approved');
#53=SECURITY_CLASSIFICATION_LEVEL('unclassified');
#54=MECHANICAL_CONTEXT('',#27,'mechanical');
#55=MANIFOLD_SOLID_BREP('1',#70);
#56=AXIS2_PLACEMENT_3D('',#71,#72,#73);
#59=LENGTH_MEASURE_WITH_UNIT(LENGTH_MEASURE(1.0),#74);
#62=DIMENSIONAL_EXPONENTS(1.0,0.0,0.0,0.0,0.0,0.0,0.0);
#64=DIMENSIONAL_EXPONENTS(0.0,0.0,0.0,0.0,0.0,0.0,0.0);
#70=CLOSED_SHELL('',(#75,#76,#77,#78,#79,#80,#81,#82,#83,#84,#85,#86,#87,#88,#89,#90,#91,#92,#93,#94,#95,#96,#97,#98,#99,#100,#101,#102,#103,#104,#105,#106,#107,#108,#109,#110,#111,#112,#113,#114,#115,#116,#117,#118,#119,#120,#121,#122,#123,#124,#125,#126,#127,#128,#129,#130,#131,#132,#133,#134,#135,#136,#137,#138,#139,#140,#141,#142,#143,#144,#145,#146,#147,#148,#149,#150,#151,#152,#153,#154,#155,#156,#157,#158,#159,#160,#161,#162,#163,#164,#165,#166,#167,#168,#169,#170,#171,#172,#173,#174,#175,#176,#177,#178,#179,#180,#181,#182,#183,#184,#185,#186,#187,#188,#189,#190,#191,#192,#193,#194,#195,#196,#197,#198,#199,#200,#201,#202,#203,#204,#205,#206,#207,#208,#209,#210,#211,#212,#213,#214,#215,#216,#217,#218,#219,#220,#221,#222,#223,#224,#225,#226,#227,#228,#229,#230,#231,#232,#233,#234,#235,#236,#237,#238,#239,#240,#241,#242,#243,#244,#245,#246,#247,#248,#249,#250,#251,#252,#253,#254,#255,#256));
#71=CARTESIAN_POINT('',(0.0,0.0,0.0));
#72=DIRECTION('',(0.0,0.0,1.0));
#73=DIRECTION('',(1.0,0.0,0.0));
#74= (NAMED_UNIT(#62)LENGTH_UNIT()SI_UNIT(.MILLI.,.METRE.));
#75=ADVANCED_FACE('',(#258),#259,.T.);
#76=ADVANCED_FACE('',(#260),#261,.T.);
#77=ADVANCED_FACE('',(#262),#263,.T.);
#78=ADVANCED_FACE('',(#264),#265,.T.);
#79=ADVANCED_FACE('',(#266),#267,.F.);
#80=ADVANCED_FACE('',(#268),#269,.T.);
#81=ADVANCED_FACE('',(#270),#271,.T.);
#82=ADVANCED_FACE('',(#272),#273,.T.);
#83=ADVANCED_FACE('',(#274),#275,.T.);
#84=ADVANCED_FACE('',(#276),#277,.F.);
#85=ADVANCED_FACE('',(#278),#279,.T.);
#86=ADVANCED_FACE('',(#280),#281,.T.);
#87=ADVANCED_FACE('',(#282),#283,.T.);
#88=ADVANCED_FACE('',(#284),#285,.T.);
#89=ADVANCED_FACE('',(#286),#287,.F.);
#90=ADVANCED_FACE('',(#288),#289,.T.);
#91=ADVANCED_FACE('',(#290),#291,.T.);
#92=ADVANCED_FACE('',(#292),#293,.T.);
#93=ADVANCED_FACE('',(#294),#295,.T.);
#94=ADVANCED_FACE('',(#296),#297,.F.);
#95=ADVANCED_FACE('',(#298),#299,.T.);
#96=ADVANCED_FACE('',(#300),#301,.T.);
#97=ADVANCED_FACE('',(#302),#303,.T.);
#98=ADVANCED_FACE('',(#304),#305,.T.);
#99=ADVANCED_FACE('',(#306),#307,.F.);
#100=ADVANCED_FACE('',(#308),#309,.F.);
#101=ADVANCED_FACE('',(#310),#311,.F.);
#102=ADVANCED_FACE('',(#312),#313,.F.);
#103=ADVANCED_FACE('',(#314),#315,.F.);
#104=ADVANCED_FACE('',(#316),#317,.F.);
#105=ADVANCED_FACE('',(#318),#319,.F.);
#106=ADVANCED_FACE('',(#320),#321,.F.);
#107=ADVANCED_FACE('',(#322),#323,.T.);
#108=ADVANCED_FACE('',(#324),#325,.F.);
#109=ADVANCED_FACE('',(#326),#327,.F.);
#110=ADVANCED_FACE('',(#328),#329,.F.);
#111=ADVANCED_FACE('',(#330),#331,.F.);
#112=ADVANCED_FACE('',(#332),#333,.F.);
#113=ADVANCED_FACE('',(#334),#335,.F.);
#114=ADVANCED_FACE('',(#336),#337,.F.);
#115=ADVANCED_FACE('',(#338),#339,.F.);
#116=ADVANCED_FACE('',(#340),#341,.F.);
#117=ADVANCED_FACE('',(#342),#343,.F.);
#118=ADVANCED_FACE('',(#344),#345,.T.);
#119=ADVANCED_FACE('',(#346),#347,.F.);
#120=ADVANCED_FACE('',(#348),#349,.F.);
#121=ADVANCED_FACE('',(#350),#351,.F.);
#122=ADVANCED_FACE('',(#352),#353,.F.);
#123=ADVANCED_FACE('',(#354),#355,.F.);
#124=ADVANCED_FACE('',(#356),#357,.F.);
#125=ADVANCED_FACE('',(#358),#359,.F.);
#126=ADVANCED_FACE('',(#360),#361,.F.);
#127=ADVANCED_FACE('',(#362),#363,.F.);
#128=ADVANCED_FACE('',(#364),#365,.F.);
#129=ADVANCED_FACE('',(#366),#367,.T.);
#130=ADVANCED_FACE('',(#368),#369,.F.);
#131=ADVANCED_FACE('',(#370),#371,.F.);
#132=ADVANCED_FACE('',(#372),#373,.F.);
#133=ADVANCED_FACE('',(#374),#375,.F.);
#134=ADVANCED_FACE('',(#376),#377,.F.);
#135=ADVANCED_FACE('',(#378),#379,.F.);
#136=ADVANCED_FACE('',(#380),#381,.F.);
#137=ADVANCED_FACE('',(#382),#383,.F.);
#138=ADVANCED_FACE('',(#384),#385,.F.);
#139=ADVANCED_FACE('',(#386),#387,.F.);
#140=ADVANCED_FACE('',(#388),#389,.T.);
#141=ADVANCED_FACE('',(#390),#391,.F.);
#142=ADVANCED_FACE('',(#392),#393,.F.);
#143=ADVANCED_FACE('',(#394),#395,.F.);
#144=ADVANCED_FACE('',(#396),#397,.F.);
#145=ADVANCED_FACE('',(#398),#399,.T.);
#146=ADVANCED_FACE('',(#400),#401,.F.);
#147=ADVANCED_FACE('',(#402),#403,.F.);
#148=ADVANCED_FACE('',(#404),#405,.F.);
#149=ADVANCED_FACE('',(#406),#407,.F.);
#150=ADVANCED_FACE('',(#408),#409,.F.);
#151=ADVANCED_FACE('',(#410,#411),#412,.F.);
#152=ADVANCED_FACE('',(#413),#414,.F.);
#153=ADVANCED_FACE('',(#415),#416,.F.);
#154=ADVANCED_FACE('',(#417),#418,.F.);
#155=ADVANCED_FACE('',(#419),#420,.F.);
#156=ADVANCED_FACE('',(#421),#422,.F.);
#157=ADVANCED_FACE('',(#423),#424,.T.);
#158=ADVANCED_FACE('',(#425),#426,.F.);
#159=ADVANCED_FACE('',(#427),#428,.F.);
#160=ADVANCED_FACE('',(#429),#430,.F.);
#161=ADVANCED_FACE('',(#431),#432,.F.);
#162=ADVANCED_FACE('',(#433),#434,.F.);
#163=ADVANCED_FACE('',(#435,#436),#437,.F.);
#164=ADVANCED_FACE('',(#438),#439,.F.);
#165=ADVANCED_FACE('',(#440),#441,.F.);
#166=ADVANCED_FACE('',(#442),#443,.F.);
#167=ADVANCED_FACE('',(#444),#445,.F.);
#168=ADVANCED_FACE('',(#446),#447,.F.);
#169=ADVANCED_FACE('',(#448),#449,.T.);
#170=ADVANCED_FACE('',(#450),#451,.F.);
#171=ADVANCED_FACE('',(#452),#453,.F.);
#172=ADVANCED_FACE('',(#454),#455,.F.);
#173=ADVANCED_FACE('',(#456),#457,.F.);
#174=ADVANCED_FACE('',(#458),#459,.F.);
#175=ADVANCED_FACE('',(#460,#461),#462,.F.);
#176=ADVANCED_FACE('',(#463),#464,.F.);
#177=ADVANCED_FACE('',(#465),#466,.F.);
#178=ADVANCED_FACE('',(#467),#468,.F.);
#179=ADVANCED_FACE('',(#469),#470,.F.);
#180=ADVANCED_FACE('',(#471),#472,.F.);
#181=ADVANCED_FACE('',(#473),#474,.T.);
#182=ADVANCED_FACE('',(#475),#476,.F.);
#183=ADVANCED_FACE('',(#477),#478,.F.);
#184=ADVANCED_FACE('',(#479),#480,.F.);
#185=ADVANCED_FACE('',(#481),#482,.F.);
#186=ADVANCED_FACE('',(#483),#484,.F.);
#187=ADVANCED_FACE('',(#485,#486),#487,.F.);
#188=ADVANCED_FACE('',(#488),#489,.F.);
#189=ADVANCED_FACE('',(#490),#491,.F.);
#190=ADVANCED_FACE('',(#492),#493,.F.);
#191=ADVANCED_FACE('',(#494),#495,.T.);
#192=ADVANCED_FACE('',(#496),#497,.T.);
#193=ADVANCED_FACE('',(#498),#499,.T.);
#194=ADVANCED_FACE('',(#500),#501,.T.);
#195=ADVANCED_FACE('',(#502),#503,.T.);
#196=ADVANCED_FACE('',(#504),#505,.F.);
#197=ADVANCED_FACE('',(#506),#507,.T.);
#198=ADVANCED_FACE('',(#508),#509,.T.);
#199=ADVANCED_FACE('',(#510),#511,.T.);
#200=ADVANCED_FACE('',(#512),#513,.T.);
#201=ADVANCED_FACE('',(#514),#515,.T.);
#202=ADVANCED_FACE('',(#516),#517,.F.);
#203=ADVANCED_FACE('',(#518),#519,.T.);
#204=ADVANCED_FACE('',(#520),#521,.T.);
#205=ADVANCED_FACE('',(#522),#523,.T.);
#206=ADVANCED_FACE('',(#524),#525,.T.);
#207=ADVANCED_FACE('',(#526),#527,.T.);
#208=ADVANCED_FACE('',(#528),#529,.F.);
#209=ADVANCED_FACE('',(#530),#531,.T.);
#210=ADVANCED_FACE('',(#532),#533,.T.);
#211=ADVANCED_FACE('',(#534),#535,.T.);
#212=ADVANCED_FACE('',(#536),#537,.T.);
#213=ADVANCED_FACE('',(#538),#539,.T.);
#214=ADVANCED_FACE('',(#540),#541,.F.);
#215=ADVANCED_FACE('',(#542),#543,.F.);
#216=ADVANCED_FACE('',(#544),#545,.F.);
#217=ADVANCED_FACE('',(#546),#547,.F.);
#218=ADVANCED_FACE('',(#548),#549,.F.);
#219=ADVANCED_FACE('',(#550),#551,.F.);
#220=ADVANCED_FACE('',(#552),#553,.F.);
#221=ADVANCED_FACE('',(#554),#555,.F.);
#222=ADVANCED_FACE('',(#556),#557,.F.);
#223=ADVANCED_FACE('',(#558),#559,.F.);
#224=ADVANCED_FACE('',(#560,#561,#562,#563,#564),#565,.F.);
#225=ADVANCED_FACE('',(#566),#567,.F.);
#226=ADVANCED_FACE('',(#568),#569,.F.);
#227=ADVANCED_FACE('',(#570),#571,.F.);
#228=ADVANCED_FACE('',(#572),#573,.F.);
#229=ADVANCED_FACE('',(#574),#575,.F.);
#230=ADVANCED_FACE('',(#576),#577,.F.);
#231=ADVANCED_FACE('',(#578),#579,.F.);
#232=ADVANCED_FACE('',(#580),#581,.F.);
#233=ADVANCED_FACE('',(#582),#583,.F.);
#234=ADVANCED_FACE('',(#584),#585,.F.);
#235=ADVANCED_FACE('',(#586),#587,.F.);
#236=ADVANCED_FACE('',(#588),#589,.F.);
#237=ADVANCED_FACE('',(#590),#591,.F.);
#238=ADVANCED_FACE('',(#592),#593,.F.);
#239=ADVANCED_FACE('',(#594),#595,.F.);
#240=ADVANCED_FACE('',(#596),#597,.F.);
#241=ADVANCED_FACE('',(#598),#599,.F.);
#242=ADVANCED_FACE('',(#600),#601,.F.);
#243=ADVANCED_FACE('',(#602),#603,.F.);
#244=ADVANCED_FACE('',(#604),#605,.F.);
#245=ADVANCED_FACE('',(#606),#607,.F.);
#246=ADVANCED_FACE('',(#608),#609,.F.);
#247=ADVANCED_FACE('',(#610),#611,.F.);
#248=ADVANCED_FACE('',(#612),#613,.F.);
#249=ADVANCED_FACE('',(#614),#615,.F.);
#250=ADVANCED_FACE('',(#616),#617,.F.);
#251=ADVANCED_FACE('',(#618),#619,.F.);
#252=ADVANCED_FACE('',(#620),#621,.F.);
#253=ADVANCED_FACE('',(#622),#623,.F.);
#254=ADVANCED_FACE('',(#624),#625,.T.);
#255=ADVANCED_FACE('',(#626,#627,#628,#629,#630),#631,.F.);
#256=ADVANCED_FACE('',(#632),#633,.F.);
#258=FACE_OUTER_BOUND('',#634,.T.);
#259=TOROIDAL_SURFACE('',#635,0.66,0.22);
#260=FACE_OUTER_BOUND('',#636,.T.);
#261=TOROIDAL_SURFACE('',#637,0.66,0.22);
#262=FACE_OUTER_BOUND('',#638,.T.);
#263=TOROIDAL_SURFACE('',#639,0.66,0.22);
#264=FACE_OUTER_BOUND('',#640,.T.);
#265=TOROIDAL_SURFACE('',#641,0.66,0.22);
#266=FACE_OUTER_BOUND('',#642,.T.);
#267=TOROIDAL_SURFACE('',#643,0.319999999999956,0.0999999999999569);
#268=FACE_OUTER_BOUND('',#644,.T.);
#269=CYLINDRICAL_SURFACE('',#645,0.22);
#270=FACE_OUTER_BOUND('',#646,.T.);
#271=CYLINDRICAL_SURFACE('',#647,0.22);
#272=FACE_OUTER_BOUND('',#648,.T.);
#273=SPHERICAL_SURFACE('',#649,0.22);
#274=FACE_OUTER_BOUND('',#650,.T.);
#275=CONICAL_SURFACE('',#651,0.332144660940674,0.785398163397417);
#276=FACE_OUTER_BOUND('',#652,.T.);
#277=TOROIDAL_SURFACE('',#653,0.319999999999956,0.0999999999999569);
#278=FACE_OUTER_BOUND('',#654,.T.);
#279=CYLINDRICAL_SURFACE('',#655,0.22);
#280=FACE_OUTER_BOUND('',#656,.T.);
#281=CYLINDRICAL_SURFACE('',#657,0.22);
#282=FACE_OUTER_BOUND('',#658,.T.);
#283=SPHERICAL_SURFACE('',#659,0.22);
#284=FACE_OUTER_BOUND('',#660,.T.);
#285=CONICAL_SURFACE('',#661,0.332144660940674,0.785398163397417);
#286=FACE_OUTER_BOUND('',#662,.T.);
#287=TOROIDAL_SURFACE('',#663,0.319999999999956,0.0999999999999569);
#288=FACE_OUTER_BOUND('',#664,.T.);
#289=CYLINDRICAL_SURFACE('',#665,0.22);
#290=FACE_OUTER_BOUND('',#666,.T.);
#291=CYLINDRICAL_SURFACE('',#667,0.22);
#292=FACE_OUTER_BOUND('',#668,.T.);
#293=SPHERICAL_SURFACE('',#669,0.22);
#294=FACE_OUTER_BOUND('',#670,.T.);
#295=CONICAL_SURFACE('',#671,0.332144660940674,0.785398163397417);
#296=FACE_OUTER_BOUND('',#672,.T.);
#297=TOROIDAL_SURFACE('',#673,0.319999999999956,0.0999999999999569);
#298=FACE_OUTER_BOUND('',#674,.T.);
#299=CYLINDRICAL_SURFACE('',#675,0.22);
#300=FACE_OUTER_BOUND('',#676,.T.);
#301=CYLINDRICAL_SURFACE('',#677,0.22);
#302=FACE_OUTER_BOUND('',#678,.T.);
#303=SPHERICAL_SURFACE('',#679,0.22);
#304=FACE_OUTER_BOUND('',#680,.T.);
#305=CONICAL_SURFACE('',#681,0.332144660940674,0.785398163397417);
#306=FACE_OUTER_BOUND('',#682,.T.);
#307=CONICAL_SURFACE('',#683,0.208181757061135,1.46921106572594);
#308=FACE_OUTER_BOUND('',#684,.T.);
#309=CONICAL_SURFACE('',#685,0.4425,0.349065850398868);
#310=FACE_OUTER_BOUND('',#686,.T.);
#311=CYLINDRICAL_SURFACE('',#687,0.385);
#312=FACE_OUTER_BOUND('',#688,.T.);
#313=CONICAL_SURFACE('',#689,0.31875,0.67941380540785);
#314=FACE_OUTER_BOUND('',#690,.T.);
#315=CYLINDRICAL_SURFACE('',#691,0.2925);
#316=FACE_OUTER_BOUND('',#692,.T.);
#317=CONICAL_SURFACE('',#693,0.221739097293245,0.0888659021280663);
#318=FACE_OUTER_BOUND('',#694,.T.);
#319=CYLINDRICAL_SURFACE('',#695,0.280000000000001);
#320=FACE_OUTER_BOUND('',#696,.T.);
#321=CONICAL_SURFACE('',#697,0.140000000000001,1.04719755119659);
#322=FACE_OUTER_BOUND('',#698,.T.);
#323=CONICAL_SURFACE('',#699,0.335192659767884,0.0872477865224776);
#324=FACE_OUTER_BOUND('',#700,.T.);
#325=CYLINDRICAL_SURFACE('',#701,0.405000000000001);
#326=FACE_OUTER_BOUND('',#702,.T.);
#327=CONICAL_SURFACE('',#703,0.342500000000001,1.04719755119666);
#328=FACE_OUTER_BOUND('',#704,.T.);
#329=CONICAL_SURFACE('',#705,0.208181757061135,1.46921106572594);
#330=FACE_OUTER_BOUND('',#706,.T.);
#331=CONICAL_SURFACE('',#707,0.4425,0.349065850398868);
#332=FACE_OUTER_BOUND('',#708,.T.);
#333=CYLINDRICAL_SURFACE('',#709,0.385);
#334=FACE_OUTER_BOUND('',#710,.T.);
#335=CONICAL_SURFACE('',#711,0.31875,0.67941380540785);
#336=FACE_OUTER_BOUND('',#712,.T.);
#337=CYLINDRICAL_SURFACE('',#713,0.2925);
#338=FACE_OUTER_BOUND('',#714,.T.);
#339=CONICAL_SURFACE('',#715,0.221739097293245,0.0888659021280663);
#340=FACE_OUTER_BOUND('',#716,.T.);
#341=CYLINDRICAL_SURFACE('',#717,0.280000000000001);
#342=FACE_OUTER_BOUND('',#718,.T.);
#343=CONICAL_SURFACE('',#719,0.140000000000001,1.04719755119659);
#344=FACE_OUTER_BOUND('',#720,.T.);
#345=CONICAL_SURFACE('',#721,0.335192659767884,0.0872477865224776);
#346=FACE_OUTER_BOUND('',#722,.T.);
#347=CYLINDRICAL_SURFACE('',#723,0.405000000000001);
#348=FACE_OUTER_BOUND('',#724,.T.);
#349=CONICAL_SURFACE('',#725,0.342500000000001,1.04719755119666);
#350=FACE_OUTER_BOUND('',#726,.T.);
#351=CONICAL_SURFACE('',#727,0.208181757061135,1.46921106572594);
#352=FACE_OUTER_BOUND('',#728,.T.);
#353=CONICAL_SURFACE('',#729,0.4425,0.349065850398868);
#354=FACE_OUTER_BOUND('',#730,.T.);
#355=CYLINDRICAL_SURFACE('',#731,0.385);
#356=FACE_OUTER_BOUND('',#732,.T.);
#357=CONICAL_SURFACE('',#733,0.31875,0.67941380540785);
#358=FACE_OUTER_BOUND('',#734,.T.);
#359=CYLINDRICAL_SURFACE('',#735,0.2925);
#360=FACE_OUTER_BOUND('',#736,.T.);
#361=CONICAL_SURFACE('',#737,0.221739097293245,0.0888659021280663);
#362=FACE_OUTER_BOUND('',#738,.T.);
#363=CYLINDRICAL_SURFACE('',#739,0.280000000000001);
#364=FACE_OUTER_BOUND('',#740,.T.);
#365=CONICAL_SURFACE('',#741,0.140000000000001,1.04719755119659);
#366=FACE_OUTER_BOUND('',#742,.T.);
#367=CONICAL_SURFACE('',#743,0.335192659767884,0.0872477865224776);
#368=FACE_OUTER_BOUND('',#744,.T.);
#369=CYLINDRICAL_SURFACE('',#745,0.405000000000001);
#370=FACE_OUTER_BOUND('',#746,.T.);
#371=CONICAL_SURFACE('',#747,0.342500000000001,1.04719755119666);
#372=FACE_OUTER_BOUND('',#748,.T.);
#373=CONICAL_SURFACE('',#749,0.208181757061135,1.46921106572594);
#374=FACE_OUTER_BOUND('',#750,.T.);
#375=CONICAL_SURFACE('',#751,0.4425,0.349065850398868);
#376=FACE_OUTER_BOUND('',#752,.T.);
#377=CYLINDRICAL_SURFACE('',#753,0.385);
#378=FACE_OUTER_BOUND('',#754,.T.);
#379=CONICAL_SURFACE('',#755,0.31875,0.67941380540785);
#380=FACE_OUTER_BOUND('',#756,.T.);
#381=CYLINDRICAL_SURFACE('',#757,0.2925);
#382=FACE_OUTER_BOUND('',#758,.T.);
#383=CONICAL_SURFACE('',#759,0.221739097293245,0.0888659021280663);
#384=FACE_OUTER_BOUND('',#760,.T.);
#385=CYLINDRICAL_SURFACE('',#761,0.280000000000001);
#386=FACE_OUTER_BOUND('',#762,.T.);
#387=CONICAL_SURFACE('',#763,0.140000000000001,1.04719755119659);
#388=FACE_OUTER_BOUND('',#764,.T.);
#389=CONICAL_SURFACE('',#765,0.335192659767884,0.0872477865224776);
#390=FACE_OUTER_BOUND('',#766,.T.);
#391=CYLINDRICAL_SURFACE('',#767,0.405000000000001);
#392=FACE_OUTER_BOUND('',#768,.T.);
#393=CONICAL_SURFACE('',#769,0.342500000000001,1.04719755119666);
#394=FACE_OUTER_BOUND('',#770,.T.);
#395=CONICAL_SURFACE('',#771,0.342500000000001,1.04719755119666);
#396=FACE_OUTER_BOUND('',#772,.T.);
#397=CYLINDRICAL_SURFACE('',#773,0.405000000000001);
#398=FACE_OUTER_BOUND('',#774,.T.);
#399=CONICAL_SURFACE('',#775,0.335192659767884,0.0872477865224776);
#400=FACE_OUTER_BOUND('',#776,.T.);
#401=CONICAL_SURFACE('',#777,0.140000000000001,1.04719755119659);
#402=FACE_OUTER_BOUND('',#778,.T.);
#403=CYLINDRICAL_SURFACE('',#779,0.280000000000001);
#404=FACE_OUTER_BOUND('',#780,.T.);
#405=CONICAL_SURFACE('',#781,0.221739097293245,0.0888659021280663);
#406=FACE_OUTER_BOUND('',#782,.T.);
#407=CYLINDRICAL_SURFACE('',#783,0.2925);
#408=FACE_OUTER_BOUND('',#784,.T.);
#409=CONICAL_SURFACE('',#785,0.31875,0.67941380540785);
#410=FACE_OUTER_BOUND('',#786,.T.);
#411=FACE_BOUND('',#787,.T.);
#412=PLANE('',#788);
#413=FACE_OUTER_BOUND('',#789,.T.);
#414=CYLINDRICAL_SURFACE('',#790,0.385);
#415=FACE_OUTER_BOUND('',#791,.T.);
#416=CONICAL_SURFACE('',#792,0.4425,0.349065850398868);
#417=FACE_OUTER_BOUND('',#793,.T.);
#418=CONICAL_SURFACE('',#794,0.208181757061135,1.46921106572594);
#419=FACE_OUTER_BOUND('',#795,.T.);
#420=CONICAL_SURFACE('',#796,0.342500000000001,1.04719755119666);
#421=FACE_OUTER_BOUND('',#797,.T.);
#422=CYLINDRICAL_SURFACE('',#798,0.405000000000001);
#423=FACE_OUTER_BOUND('',#799,.T.);
#424=CONICAL_SURFACE('',#800,0.335192659767884,0.0872477865224776);
#425=FACE_OUTER_BOUND('',#801,.T.);
#426=CONICAL_SURFACE('',#802,0.140000000000001,1.04719755119659);
#427=FACE_OUTER_BOUND('',#803,.T.);
#428=CYLINDRICAL_SURFACE('',#804,0.280000000000001);
#429=FACE_OUTER_BOUND('',#805,.T.);
#430=CONICAL_SURFACE('',#806,0.221739097293245,0.0888659021280663);
#431=FACE_OUTER_BOUND('',#807,.T.);
#432=CYLINDRICAL_SURFACE('',#808,0.2925);
#433=FACE_OUTER_BOUND('',#809,.T.);
#434=CONICAL_SURFACE('',#810,0.31875,0.67941380540785);
#435=FACE_OUTER_BOUND('',#811,.T.);
#436=FACE_BOUND('',#812,.T.);
#437=PLANE('',#813);
#438=FACE_OUTER_BOUND('',#814,.T.);
#439=CYLINDRICAL_SURFACE('',#815,0.385);
#440=FACE_OUTER_BOUND('',#816,.T.);
#441=CONICAL_SURFACE('',#817,0.4425,0.349065850398868);
#442=FACE_OUTER_BOUND('',#818,.T.);
#443=CONICAL_SURFACE('',#819,0.208181757061135,1.46921106572594);
#444=FACE_OUTER_BOUND('',#820,.T.);
#445=CONICAL_SURFACE('',#821,0.342500000000001,1.04719755119666);
#446=FACE_OUTER_BOUND('',#822,.T.);
#447=CYLINDRICAL_SURFACE('',#823,0.405000000000001);
#448=FACE_OUTER_BOUND('',#824,.T.);
#449=CONICAL_SURFACE('',#825,0.335192659767884,0.0872477865224776);
#450=FACE_OUTER_BOUND('',#826,.T.);
#451=CONICAL_SURFACE('',#827,0.140000000000001,1.04719755119659);
#452=FACE_OUTER_BOUND('',#828,.T.);
#453=CYLINDRICAL_SURFACE('',#829,0.280000000000001);
#454=FACE_OUTER_BOUND('',#830,.T.);
#455=CONICAL_SURFACE('',#831,0.221739097293245,0.0888659021280663);
#456=FACE_OUTER_BOUND('',#832,.T.);
#457=CYLINDRICAL_SURFACE('',#833,0.2925);
#458=FACE_OUTER_BOUND('',#834,.T.);
#459=CONICAL_SURFACE('',#835,0.31875,0.67941380540785);
#460=FACE_OUTER_BOUND('',#836,.T.);
#461=FACE_BOUND('',#837,.T.);
#462=PLANE('',#838);
#463=FACE_OUTER_BOUND('',#839,.T.);
#464=CYLINDRICAL_SURFACE('',#840,0.385);
#465=FACE_OUTER_BOUND('',#841,.T.);
#466=CONICAL_SURFACE('',#842,0.4425,0.349065850398868);
#467=FACE_OUTER_BOUND('',#843,.T.);
#468=CONICAL_SURFACE('',#844,0.208181757061135,1.46921106572594);
#469=FACE_OUTER_BOUND('',#845,.T.);
#470=CONICAL_SURFACE('',#846,0.342500000000001,1.04719755119666);
#471=FACE_OUTER_BOUND('',#847,.T.);
#472=CYLINDRICAL_SURFACE('',#848,0.405000000000001);
#473=FACE_OUTER_BOUND('',#849,.T.);
#474=CONICAL_SURFACE('',#850,0.335192659767884,0.0872477865224776);
#475=FACE_OUTER_BOUND('',#851,.T.);
#476=CONICAL_SURFACE('',#852,0.140000000000001,1.04719755119659);
#477=FACE_OUTER_BOUND('',#853,.T.);
#478=CYLINDRICAL_SURFACE('',#854,0.280000000000001);
#479=FACE_OUTER_BOUND('',#855,.T.);
#480=CONICAL_SURFACE('',#856,0.221739097293245,0.0888659021280663);
#481=FACE_OUTER_BOUND('',#857,.T.);
#482=CYLINDRICAL_SURFACE('',#858,0.2925);
#483=FACE_OUTER_BOUND('',#859,.T.);
#484=CONICAL_SURFACE('',#860,0.31875,0.67941380540785);
#485=FACE_OUTER_BOUND('',#861,.T.);
#486=FACE_BOUND('',#862,.T.);
#487=PLANE('',#863);
#488=FACE_OUTER_BOUND('',#864,.T.);
#489=CYLINDRICAL_SURFACE('',#865,0.385);
#490=FACE_OUTER_BOUND('',#866,.T.);
#491=CONICAL_SURFACE('',#867,0.4425,0.349065850398868);
#492=FACE_OUTER_BOUND('',#868,.T.);
#493=CONICAL_SURFACE('',#869,0.208181757061135,1.46921106572594);
#494=FACE_OUTER_BOUND('',#870,.T.);
#495=CONICAL_SURFACE('',#871,0.332144660940674,0.785398163397417);
#496=FACE_OUTER_BOUND('',#872,.T.);
#497=SPHERICAL_SURFACE('',#873,0.22);
#498=FACE_OUTER_BOUND('',#874,.T.);
#499=CYLINDRICAL_SURFACE('',#875,0.22);
#500=FACE_OUTER_BOUND('',#876,.T.);
#501=TOROIDAL_SURFACE('',#877,0.66,0.22);
#502=FACE_OUTER_BOUND('',#878,.T.);
#503=CYLINDRICAL_SURFACE('',#879,0.22);
#504=FACE_OUTER_BOUND('',#880,.T.);
#505=TOROIDAL_SURFACE('',#881,0.319999999999956,0.0999999999999569);
#506=FACE_OUTER_BOUND('',#882,.T.);
#507=CONICAL_SURFACE('',#883,0.332144660940674,0.785398163397417);
#508=FACE_OUTER_BOUND('',#884,.T.);
#509=SPHERICAL_SURFACE('',#885,0.22);
#510=FACE_OUTER_BOUND('',#886,.T.);
#511=CYLINDRICAL_SURFACE('',#887,0.22);
#512=FACE_OUTER_BOUND('',#888,.T.);
#513=TOROIDAL_SURFACE('',#889,0.66,0.22);
#514=FACE_OUTER_BOUND('',#890,.T.);
#515=CYLINDRICAL_SURFACE('',#891,0.22);
#516=FACE_OUTER_BOUND('',#892,.T.);
#517=TOROIDAL_SURFACE('',#893,0.319999999999956,0.0999999999999569);
#518=FACE_OUTER_BOUND('',#894,.T.);
#519=CONICAL_SURFACE('',#895,0.332144660940674,0.785398163397417);
#520=FACE_OUTER_BOUND('',#896,.T.);
#521=SPHERICAL_SURFACE('',#897,0.22);
#522=FACE_OUTER_BOUND('',#898,.T.);
#523=CYLINDRICAL_SURFACE('',#899,0.22);
#524=FACE_OUTER_BOUND('',#900,.T.);
#525=TOROIDAL_SURFACE('',#901,0.66,0.22);
#526=FACE_OUTER_BOUND('',#902,.T.);
#527=CYLINDRICAL_SURFACE('',#903,0.22);
#528=FACE_OUTER_BOUND('',#904,.T.);
#529=TOROIDAL_SURFACE('',#905,0.319999999999956,0.0999999999999569);
#530=FACE_OUTER_BOUND('',#906,.T.);
#531=CONICAL_SURFACE('',#907,0.332144660940674,0.785398163397417);
#532=FACE_OUTER_BOUND('',#908,.T.);
#533=SPHERICAL_SURFACE('',#909,0.22);
#534=FACE_OUTER_BOUND('',#910,.T.);
#535=CYLINDRICAL_SURFACE('',#911,0.22);
#536=FACE_OUTER_BOUND('',#912,.T.);
#537=TOROIDAL_SURFACE('',#913,0.66,0.22);
#538=FACE_OUTER_BOUND('',#914,.T.);
#539=CYLINDRICAL_SURFACE('',#915,0.22);
#540=FACE_OUTER_BOUND('',#916,.T.);
#541=TOROIDAL_SURFACE('',#917,0.319999999999956,0.0999999999999569);
#542=FACE_OUTER_BOUND('',#918,.T.);
#543=PLANE('',#919);
#544=FACE_OUTER_BOUND('',#920,.T.);
#545=PLANE('',#921);
#546=FACE_OUTER_BOUND('',#922,.T.);
#547=PLANE('',#923);
#548=FACE_OUTER_BOUND('',#924,.T.);
#549=PLANE('',#925);
#550=FACE_OUTER_BOUND('',#926,.T.);
#551=PLANE('',#927);
#552=FACE_OUTER_BOUND('',#928,.T.);
#553=PLANE('',#929);
#554=FACE_OUTER_BOUND('',#930,.T.);
#555=PLANE('',#931);
#556=FACE_OUTER_BOUND('',#932,.T.);
#557=PLANE('',#933);
#558=FACE_OUTER_BOUND('',#934,.T.);
#559=PLANE('',#935);
#560=FACE_BOUND('',#936,.T.);
#561=FACE_BOUND('',#937,.T.);
#562=FACE_BOUND('',#938,.T.);
#563=FACE_BOUND('',#939,.T.);
#564=FACE_OUTER_BOUND('',#940,.T.);
#565=PLANE('',#941);
#566=FACE_OUTER_BOUND('',#942,.T.);
#567=PLANE('',#943);
#568=FACE_OUTER_BOUND('',#944,.T.);
#569=PLANE('',#945);
#570=FACE_OUTER_BOUND('',#946,.T.);
#571=PLANE('',#947);
#572=FACE_OUTER_BOUND('',#948,.T.);
#573=PLANE('',#949);
#574=FACE_OUTER_BOUND('',#950,.T.);
#575=PLANE('',#951);
#576=FACE_OUTER_BOUND('',#952,.T.);
#577=PLANE('',#953);
#578=FACE_OUTER_BOUND('',#954,.T.);
#579=PLANE('',#955);
#580=FACE_OUTER_BOUND('',#956,.T.);
#581=PLANE('',#957);
#582=FACE_OUTER_BOUND('',#958,.T.);
#583=PLANE('',#959);
#584=FACE_OUTER_BOUND('',#960,.T.);
#585=PLANE('',#961);
#586=FACE_OUTER_BOUND('',#962,.T.);
#587=PLANE('',#963);
#588=FACE_OUTER_BOUND('',#964,.T.);
#589=PLANE('',#965);
#590=FACE_OUTER_BOUND('',#966,.T.);
#591=PLANE('',#967);
#592=FACE_OUTER_BOUND('',#968,.T.);
#593=PLANE('',#969);
#594=FACE_OUTER_BOUND('',#970,.T.);
#595=PLANE('',#971);
#596=FACE_OUTER_BOUND('',#972,.T.);
#597=PLANE('',#973);
#598=FACE_OUTER_BOUND('',#974,.T.);
#599=PLANE('',#975);
#600=FACE_OUTER_BOUND('',#976,.T.);
#601=PLANE('',#977);
#602=FACE_OUTER_BOUND('',#978,.T.);
#603=PLANE('',#979);
#604=FACE_OUTER_BOUND('',#980,.T.);
#605=PLANE('',#981);
#606=FACE_OUTER_BOUND('',#982,.T.);
#607=PLANE('',#983);
#608=FACE_OUTER_BOUND('',#984,.T.);
#609=PLANE('',#985);
#610=FACE_OUTER_BOUND('',#986,.T.);
#611=PLANE('',#987);
#612=FACE_OUTER_BOUND('',#988,.T.);
#613=PLANE('',#989);
#614=FACE_OUTER_BOUND('',#990,.T.);
#615=PLANE('',#991);
#616=FACE_OUTER_BOUND('',#992,.T.);
#617=PLANE('',#993);
#618=FACE_OUTER_BOUND('',#994,.T.);
#619=PLANE('',#995);
#620=FACE_OUTER_BOUND('',#996,.T.);
#621=PLANE('',#997);
#622=FACE_OUTER_BOUND('',#998,.T.);
#623=PLANE('',#999);
#624=FACE_OUTER_BOUND('',#1000,.T.);
#625=PLANE('',#1001);
#626=FACE_BOUND('',#1002,.T.);
#627=FACE_BOUND('',#1003,.T.);
#628=FACE_BOUND('',#1004,.T.);
#629=FACE_BOUND('',#1005,.T.);
#630=FACE_OUTER_BOUND('',#1006,.T.);
#631=PLANE('',#1007);
#632=FACE_OUTER_BOUND('',#1008,.T.);
#633=PLANE('',#1009);
#634=EDGE_LOOP('',(#1010,#1011,#1012,#1013,#1014,#1015));
#635=AXIS2_PLACEMENT_3D('',#1016,#1017,#1018);
#636=EDGE_LOOP('',(#1019,#1020,#1021,#1022,#1023,#1024));
#637=AXIS2_PLACEMENT_3D('',#1025,#1026,#1027);
#638=EDGE_LOOP('',(#1028,#1029,#1030,#1031,#1032,#1033));
#639=AXIS2_PLACEMENT_3D('',#1034,#1035,#1036);
#640=EDGE_LOOP('',(#1037,#1038,#1039,#1040,#1041,#1042));
#641=AXIS2_PLACEMENT_3D('',#1043,#1044,#1045);
#642=EDGE_LOOP('',(#1046,#1047,#1048,#1049,#1050,#1051));
#643=AXIS2_PLACEMENT_3D('',#1052,#1053,#1054);
#644=EDGE_LOOP('',(#1055,#1056,#1057,#1058,#1059,#1060));
#645=AXIS2_PLACEMENT_3D('',#1061,#1062,#1063);
#646=EDGE_LOOP('',(#1064,#1065,#1066,#1067,#1068));
#647=AXIS2_PLACEMENT_3D('',#1069,#1070,#1071);
#648=EDGE_LOOP('',(#1072,#1073,#1074));
#649=AXIS2_PLACEMENT_3D('',#1075,#1076,#1077);
#650=EDGE_LOOP('',(#1078,#1079,#1080,#1081,#1082));
#651=AXIS2_PLACEMENT_3D('',#1083,#1084,#1085);
#652=EDGE_LOOP('',(#1086,#1087,#1088,#1089,#1090,#1091));
#653=AXIS2_PLACEMENT_3D('',#1092,#1093,#1094);
#654=EDGE_LOOP('',(#1095,#1096,#1097,#1098,#1099,#1100));
#655=AXIS2_PLACEMENT_3D('',#1101,#1102,#1103);
#656=EDGE_LOOP('',(#1104,#1105,#1106,#1107,#1108));
#657=AXIS2_PLACEMENT_3D('',#1109,#1110,#1111);
#658=EDGE_LOOP('',(#1112,#1113,#1114));
#659=AXIS2_PLACEMENT_3D('',#1115,#1116,#1117);
#660=EDGE_LOOP('',(#1118,#1119,#1120,#1121,#1122));
#661=AXIS2_PLACEMENT_3D('',#1123,#1124,#1125);
#662=EDGE_LOOP('',(#1126,#1127,#1128,#1129,#1130,#1131));
#663=AXIS2_PLACEMENT_3D('',#1132,#1133,#1134);
#664=EDGE_LOOP('',(#1135,#1136,#1137,#1138,#1139,#1140));
#665=AXIS2_PLACEMENT_3D('',#1141,#1142,#1143);
#666=EDGE_LOOP('',(#1144,#1145,#1146,#1147,#1148));
#667=AXIS2_PLACEMENT_3D('',#1149,#1150,#1151);
#668=EDGE_LOOP('',(#1152,#1153,#1154));
#669=AXIS2_PLACEMENT_3D('',#1155,#1156,#1157);
#670=EDGE_LOOP('',(#1158,#1159,#1160,#1161,#1162));
#671=AXIS2_PLACEMENT_3D('',#1163,#1164,#1165);
#672=EDGE_LOOP('',(#1166,#1167,#1168,#1169,#1170,#1171));
#673=AXIS2_PLACEMENT_3D('',#1172,#1173,#1174);
#674=EDGE_LOOP('',(#1175,#1176,#1177,#1178,#1179,#1180));
#675=AXIS2_PLACEMENT_3D('',#1181,#1182,#1183);
#676=EDGE_LOOP('',(#1184,#1185,#1186,#1187,#1188));
#677=AXIS2_PLACEMENT_3D('',#1189,#1190,#1191);
#678=EDGE_LOOP('',(#1192,#1193,#1194));
#679=AXIS2_PLACEMENT_3D('',#1195,#1196,#1197);
#680=EDGE_LOOP('',(#1198,#1199,#1200,#1201,#1202));
#681=AXIS2_PLACEMENT_3D('',#1203,#1204,#1205);
#682=EDGE_LOOP('',(#1206,#1207,#1208,#1209));
#683=AXIS2_PLACEMENT_3D('',#1210,#1211,#1212);
#684=EDGE_LOOP('',(#1213,#1214,#1215,#1216));
#685=AXIS2_PLACEMENT_3D('',#1217,#1218,#1219);
#686=EDGE_LOOP('',(#1220,#1221,#1222,#1223));
#687=AXIS2_PLACEMENT_3D('',#1224,#1225,#1226);
#688=EDGE_LOOP('',(#1227,#1228,#1229,#1230));
#689=AXIS2_PLACEMENT_3D('',#1231,#1232,#1233);
#690=EDGE_LOOP('',(#1234,#1235,#1236,#1237));
#691=AXIS2_PLACEMENT_3D('',#1238,#1239,#1240);
#692=EDGE_LOOP('',(#1241,#1242,#1243,#1244));
#693=AXIS2_PLACEMENT_3D('',#1245,#1246,#1247);
#694=EDGE_LOOP('',(#1248,#1249,#1250,#1251));
#695=AXIS2_PLACEMENT_3D('',#1252,#1253,#1254);
#696=EDGE_LOOP('',(#1255,#1256,#1257));
#697=AXIS2_PLACEMENT_3D('',#1258,#1259,#1260);
#698=EDGE_LOOP('',(#1261,#1262,#1263,#1264));
#699=AXIS2_PLACEMENT_3D('',#1265,#1266,#1267);
#700=EDGE_LOOP('',(#1268,#1269,#1270,#1271));
#701=AXIS2_PLACEMENT_3D('',#1272,#1273,#1274);
#702=EDGE_LOOP('',(#1275,#1276,#1277,#1278));
#703=AXIS2_PLACEMENT_3D('',#1279,#1280,#1281);
#704=EDGE_LOOP('',(#1282,#1283,#1284,#1285));
#705=AXIS2_PLACEMENT_3D('',#1286,#1287,#1288);
#706=EDGE_LOOP('',(#1289,#1290,#1291,#1292));
#707=AXIS2_PLACEMENT_3D('',#1293,#1294,#1295);
#708=EDGE_LOOP('',(#1296,#1297,#1298,#1299));
#709=AXIS2_PLACEMENT_3D('',#1300,#1301,#1302);
#710=EDGE_LOOP('',(#1303,#1304,#1305,#1306));
#711=AXIS2_PLACEMENT_3D('',#1307,#1308,#1309);
#712=EDGE_LOOP('',(#1310,#1311,#1312,#1313));
#713=AXIS2_PLACEMENT_3D('',#1314,#1315,#1316);
#714=EDGE_LOOP('',(#1317,#1318,#1319,#1320));
#715=AXIS2_PLACEMENT_3D('',#1321,#1322,#1323);
#716=EDGE_LOOP('',(#1324,#1325,#1326,#1327));
#717=AXIS2_PLACEMENT_3D('',#1328,#1329,#1330);
#718=EDGE_LOOP('',(#1331,#1332,#1333));
#719=AXIS2_PLACEMENT_3D('',#1334,#1335,#1336);
#720=EDGE_LOOP('',(#1337,#1338,#1339,#1340));
#721=AXIS2_PLACEMENT_3D('',#1341,#1342,#1343);
#722=EDGE_LOOP('',(#1344,#1345,#1346,#1347));
#723=AXIS2_PLACEMENT_3D('',#1348,#1349,#1350);
#724=EDGE_LOOP('',(#1351,#1352,#1353,#1354));
#725=AXIS2_PLACEMENT_3D('',#1355,#1356,#1357);
#726=EDGE_LOOP('',(#1358,#1359,#1360,#1361));
#727=AXIS2_PLACEMENT_3D('',#1362,#1363,#1364);
#728=EDGE_LOOP('',(#1365,#1366,#1367,#1368));
#729=AXIS2_PLACEMENT_3D('',#1369,#1370,#1371);
#730=EDGE_LOOP('',(#1372,#1373,#1374,#1375));
#731=AXIS2_PLACEMENT_3D('',#1376,#1377,#1378);
#732=EDGE_LOOP('',(#1379,#1380,#1381,#1382));
#733=AXIS2_PLACEMENT_3D('',#1383,#1384,#1385);
#734=EDGE_LOOP('',(#1386,#1387,#1388,#1389));
#735=AXIS2_PLACEMENT_3D('',#1390,#1391,#1392);
#736=EDGE_LOOP('',(#1393,#1394,#1395,#1396));
#737=AXIS2_PLACEMENT_3D('',#1397,#1398,#1399);
#738=EDGE_LOOP('',(#1400,#1401,#1402,#1403));
#739=AXIS2_PLACEMENT_3D('',#1404,#1405,#1406);
#740=EDGE_LOOP('',(#1407,#1408,#1409));
#741=AXIS2_PLACEMENT_3D('',#1410,#1411,#1412);
#742=EDGE_LOOP('',(#1413,#1414,#1415,#1416));
#743=AXIS2_PLACEMENT_3D('',#1417,#1418,#1419);
#744=EDGE_LOOP('',(#1420,#1421,#1422,#1423));
#745=AXIS2_PLACEMENT_3D('',#1424,#1425,#1426);
#746=EDGE_LOOP('',(#1427,#1428,#1429,#1430));
#747=AXIS2_PLACEMENT_3D('',#1431,#1432,#1433);
#748=EDGE_LOOP('',(#1434,#1435,#1436,#1437));
#749=AXIS2_PLACEMENT_3D('',#1438,#1439,#1440);
#750=EDGE_LOOP('',(#1441,#1442,#1443,#1444));
#751=AXIS2_PLACEMENT_3D('',#1445,#1446,#1447);
#752=EDGE_LOOP('',(#1448,#1449,#1450,#1451));
#753=AXIS2_PLACEMENT_3D('',#1452,#1453,#1454);
#754=EDGE_LOOP('',(#1455,#1456,#1457,#1458));
#755=AXIS2_PLACEMENT_3D('',#1459,#1460,#1461);
#756=EDGE_LOOP('',(#1462,#1463,#1464,#1465));
#757=AXIS2_PLACEMENT_3D('',#1466,#1467,#1468);
#758=EDGE_LOOP('',(#1469,#1470,#1471,#1472));
#759=AXIS2_PLACEMENT_3D('',#1473,#1474,#1475);
#760=EDGE_LOOP('',(#1476,#1477,#1478,#1479));
#761=AXIS2_PLACEMENT_3D('',#1480,#1481,#1482);
#762=EDGE_LOOP('',(#1483,#1484,#1485));
#763=AXIS2_PLACEMENT_3D('',#1486,#1487,#1488);
#764=EDGE_LOOP('',(#1489,#1490,#1491,#1492));
#765=AXIS2_PLACEMENT_3D('',#1493,#1494,#1495);
#766=EDGE_LOOP('',(#1496,#1497,#1498,#1499));
#767=AXIS2_PLACEMENT_3D('',#1500,#1501,#1502);
#768=EDGE_LOOP('',(#1503,#1504,#1505,#1506));
#769=AXIS2_PLACEMENT_3D('',#1507,#1508,#1509);
#770=EDGE_LOOP('',(#1510,#1511,#1512,#1513));
#771=AXIS2_PLACEMENT_3D('',#1514,#1515,#1516);
#772=EDGE_LOOP('',(#1517,#1518,#1519,#1520));
#773=AXIS2_PLACEMENT_3D('',#1521,#1522,#1523);
#774=EDGE_LOOP('',(#1524,#1525,#1526,#1527));
#775=AXIS2_PLACEMENT_3D('',#1528,#1529,#1530);
#776=EDGE_LOOP('',(#1531,#1532,#1533));
#777=AXIS2_PLACEMENT_3D('',#1534,#1535,#1536);
#778=EDGE_LOOP('',(#1537,#1538,#1539,#1540));
#779=AXIS2_PLACEMENT_3D('',#1541,#1542,#1543);
#780=EDGE_LOOP('',(#1544,#1545,#1546,#1547));
#781=AXIS2_PLACEMENT_3D('',#1548,#1549,#1550);
#782=EDGE_LOOP('',(#1551,#1552,#1553,#1554));
#783=AXIS2_PLACEMENT_3D('',#1555,#1556,#1557);
#784=EDGE_LOOP('',(#1558,#1559,#1560,#1561));
#785=AXIS2_PLACEMENT_3D('',#1562,#1563,#1564);
#786=EDGE_LOOP('',(#1565,#1566));
#787=EDGE_LOOP('',(#1567,#1568));
#788=AXIS2_PLACEMENT_3D('',#1569,#1570,#1571);
#789=EDGE_LOOP('',(#1572,#1573,#1574,#1575));
#790=AXIS2_PLACEMENT_3D('',#1576,#1577,#1578);
#791=EDGE_LOOP('',(#1579,#1580,#1581,#1582));
#792=AXIS2_PLACEMENT_3D('',#1583,#1584,#1585);
#793=EDGE_LOOP('',(#1586,#1587,#1588,#1589));
#794=AXIS2_PLACEMENT_3D('',#1590,#1591,#1592);
#795=EDGE_LOOP('',(#1593,#1594,#1595,#1596));
#796=AXIS2_PLACEMENT_3D('',#1597,#1598,#1599);
#797=EDGE_LOOP('',(#1600,#1601,#1602,#1603));
#798=AXIS2_PLACEMENT_3D('',#1604,#1605,#1606);
#799=EDGE_LOOP('',(#1607,#1608,#1609,#1610));
#800=AXIS2_PLACEMENT_3D('',#1611,#1612,#1613);
#801=EDGE_LOOP('',(#1614,#1615,#1616));
#802=AXIS2_PLACEMENT_3D('',#1617,#1618,#1619);
#803=EDGE_LOOP('',(#1620,#1621,#1622,#1623));
#804=AXIS2_PLACEMENT_3D('',#1624,#1625,#1626);
#805=EDGE_LOOP('',(#1627,#1628,#1629,#1630));
#806=AXIS2_PLACEMENT_3D('',#1631,#1632,#1633);
#807=EDGE_LOOP('',(#1634,#1635,#1636,#1637));
#808=AXIS2_PLACEMENT_3D('',#1638,#1639,#1640);
#809=EDGE_LOOP('',(#1641,#1642,#1643,#1644));
#810=AXIS2_PLACEMENT_3D('',#1645,#1646,#1647);
#811=EDGE_LOOP('',(#1648,#1649));
#812=EDGE_LOOP('',(#1650,#1651));
#813=AXIS2_PLACEMENT_3D('',#1652,#1653,#1654);
#814=EDGE_LOOP('',(#1655,#1656,#1657,#1658));
#815=AXIS2_PLACEMENT_3D('',#1659,#1660,#1661);
#816=EDGE_LOOP('',(#1662,#1663,#1664,#1665));
#817=AXIS2_PLACEMENT_3D('',#1666,#1667,#1668);
#818=EDGE_LOOP('',(#1669,#1670,#1671,#1672));
#819=AXIS2_PLACEMENT_3D('',#1673,#1674,#1675);
#820=EDGE_LOOP('',(#1676,#1677,#1678,#1679));
#821=AXIS2_PLACEMENT_3D('',#1680,#1681,#1682);
#822=EDGE_LOOP('',(#1683,#1684,#1685,#1686));
#823=AXIS2_PLACEMENT_3D('',#1687,#1688,#1689);
#824=EDGE_LOOP('',(#1690,#1691,#1692,#1693));
#825=AXIS2_PLACEMENT_3D('',#1694,#1695,#1696);
#826=EDGE_LOOP('',(#1697,#1698,#1699));
#827=AXIS2_PLACEMENT_3D('',#1700,#1701,#1702);
#828=EDGE_LOOP('',(#1703,#1704,#1705,#1706));
#829=AXIS2_PLACEMENT_3D('',#1707,#1708,#1709);
#830=EDGE_LOOP('',(#1710,#1711,#1712,#1713));
#831=AXIS2_PLACEMENT_3D('',#1714,#1715,#1716);
#832=EDGE_LOOP('',(#1717,#1718,#1719,#1720));
#833=AXIS2_PLACEMENT_3D('',#1721,#1722,#1723);
#834=EDGE_LOOP('',(#1724,#1725,#1726,#1727));
#835=AXIS2_PLACEMENT_3D('',#1728,#1729,#1730);
#836=EDGE_LOOP('',(#1731,#1732));
#837=EDGE_LOOP('',(#1733,#1734));
#838=AXIS2_PLACEMENT_3D('',#1735,#1736,#1737);
#839=EDGE_LOOP('',(#1738,#1739,#1740,#1741));
#840=AXIS2_PLACEMENT_3D('',#1742,#1743,#1744);
#841=EDGE_LOOP('',(#1745,#1746,#1747,#1748));
#842=AXIS2_PLACEMENT_3D('',#1749,#1750,#1751);
#843=EDGE_LOOP('',(#1752,#1753,#1754,#1755));
#844=AXIS2_PLACEMENT_3D('',#1756,#1757,#1758);
#845=EDGE_LOOP('',(#1759,#1760,#1761,#1762));
#846=AXIS2_PLACEMENT_3D('',#1763,#1764,#1765);
#847=EDGE_LOOP('',(#1766,#1767,#1768,#1769));
#848=AXIS2_PLACEMENT_3D('',#1770,#1771,#1772);
#849=EDGE_LOOP('',(#1773,#1774,#1775,#1776));
#850=AXIS2_PLACEMENT_3D('',#1777,#1778,#1779);
#851=EDGE_LOOP('',(#1780,#1781,#1782));
#852=AXIS2_PLACEMENT_3D('',#1783,#1784,#1785);
#853=EDGE_LOOP('',(#1786,#1787,#1788,#1789));
#854=AXIS2_PLACEMENT_3D('',#1790,#1791,#1792);
#855=EDGE_LOOP('',(#1793,#1794,#1795,#1796));
#856=AXIS2_PLACEMENT_3D('',#1797,#1798,#1799);
#857=EDGE_LOOP('',(#1800,#1801,#1802,#1803));
#858=AXIS2_PLACEMENT_3D('',#1804,#1805,#1806);
#859=EDGE_LOOP('',(#1807,#1808,#1809,#1810));
#860=AXIS2_PLACEMENT_3D('',#1811,#1812,#1813);
#861=EDGE_LOOP('',(#1814,#1815));
#862=EDGE_LOOP('',(#1816,#1817));
#863=AXIS2_PLACEMENT_3D('',#1818,#1819,#1820);
#864=EDGE_LOOP('',(#1821,#1822,#1823,#1824));
#865=AXIS2_PLACEMENT_3D('',#1825,#1826,#1827);
#866=EDGE_LOOP('',(#1828,#1829,#1830,#1831));
#867=AXIS2_PLACEMENT_3D('',#1832,#1833,#1834);
#868=EDGE_LOOP('',(#1835,#1836,#1837,#1838));
#869=AXIS2_PLACEMENT_3D('',#1839,#1840,#1841);
#870=EDGE_LOOP('',(#1842,#1843,#1844,#1845,#1846));
#871=AXIS2_PLACEMENT_3D('',#1847,#1848,#1849);
#872=EDGE_LOOP('',(#1850,#1851,#1852));
#873=AXIS2_PLACEMENT_3D('',#1853,#1854,#1855);
#874=EDGE_LOOP('',(#1856,#1857,#1858,#1859,#1860));
#875=AXIS2_PLACEMENT_3D('',#1861,#1862,#1863);
#876=EDGE_LOOP('',(#1864,#1865,#1866,#1867,#1868,#1869));
#877=AXIS2_PLACEMENT_3D('',#1870,#1871,#1872);
#878=EDGE_LOOP('',(#1873,#1874,#1875,#1876,#1877,#1878));
#879=AXIS2_PLACEMENT_3D('',#1879,#1880,#1881);
#880=EDGE_LOOP('',(#1882,#1883,#1884,#1885,#1886,#1887));
#881=AXIS2_PLACEMENT_3D('',#1888,#1889,#1890);
#882=EDGE_LOOP('',(#1891,#1892,#1893,#1894,#1895));
#883=AXIS2_PLACEMENT_3D('',#1896,#1897,#1898);
#884=EDGE_LOOP('',(#1899,#1900,#1901));
#885=AXIS2_PLACEMENT_3D('',#1902,#1903,#1904);
#886=EDGE_LOOP('',(#1905,#1906,#1907,#1908,#1909));
#887=AXIS2_PLACEMENT_3D('',#1910,#1911,#1912);
#888=EDGE_LOOP('',(#1913,#1914,#1915,#1916,#1917,#1918));
#889=AXIS2_PLACEMENT_3D('',#1919,#1920,#1921);
#890=EDGE_LOOP('',(#1922,#1923,#1924,#1925,#1926,#1927));
#891=AXIS2_PLACEMENT_3D('',#1928,#1929,#1930);
#892=EDGE_LOOP('',(#1931,#1932,#1933,#1934,#1935,#1936));
#893=AXIS2_PLACEMENT_3D('',#1937,#1938,#1939);
#894=EDGE_LOOP('',(#1940,#1941,#1942,#1943,#1944));
#895=AXIS2_PLACEMENT_3D('',#1945,#1946,#1947);
#896=EDGE_LOOP('',(#1948,#1949,#1950));
#897=AXIS2_PLACEMENT_3D('',#1951,#1952,#1953);
#898=EDGE_LOOP('',(#1954,#1955,#1956,#1957,#1958));
#899=AXIS2_PLACEMENT_3D('',#1959,#1960,#1961);
#900=EDGE_LOOP('',(#1962,#1963,#1964,#1965,#1966,#1967));
#901=AXIS2_PLACEMENT_3D('',#1968,#1969,#1970);
#902=EDGE_LOOP('',(#1971,#1972,#1973,#1974,#1975,#1976));
#903=AXIS2_PLACEMENT_3D('',#1977,#1978,#1979);
#904=EDGE_LOOP('',(#1980,#1981,#1982,#1983,#1984,#1985));
#905=AXIS2_PLACEMENT_3D('',#1986,#1987,#1988);
#906=EDGE_LOOP('',(#1989,#1990,#1991,#1992,#1993));
#907=AXIS2_PLACEMENT_3D('',#1994,#1995,#1996);
#908=EDGE_LOOP('',(#1997,#1998,#1999));
#909=AXIS2_PLACEMENT_3D('',#2000,#2001,#2002);
#910=EDGE_LOOP('',(#2003,#2004,#2005,#2006,#2007));
#911=AXIS2_PLACEMENT_3D('',#2008,#2009,#2010);
#912=EDGE_LOOP('',(#2011,#2012,#2013,#2014,#2015,#2016));
#913=AXIS2_PLACEMENT_3D('',#2017,#2018,#2019);
#914=EDGE_LOOP('',(#2020,#2021,#2022,#2023,#2024,#2025));
#915=AXIS2_PLACEMENT_3D('',#2026,#2027,#2028);
#916=EDGE_LOOP('',(#2029,#2030,#2031,#2032,#2033,#2034));
#917=AXIS2_PLACEMENT_3D('',#2035,#2036,#2037);
#918=EDGE_LOOP('',(#2038,#2039,#2040,#2041));
#919=AXIS2_PLACEMENT_3D('',#2042,#2043,#2044);
#920=EDGE_LOOP('',(#2045,#2046,#2047,#2048));
#921=AXIS2_PLACEMENT_3D('',#2049,#2050,#2051);
#922=EDGE_LOOP('',(#2052,#2053,#2054,#2055));
#923=AXIS2_PLACEMENT_3D('',#2056,#2057,#2058);
#924=EDGE_LOOP('',(#2059,#2060,#2061,#2062));
#925=AXIS2_PLACEMENT_3D('',#2063,#2064,#2065);
#926=EDGE_LOOP('',(#2066,#2067,#2068,#2069));
#927=AXIS2_PLACEMENT_3D('',#2070,#2071,#2072);
#928=EDGE_LOOP('',(#2073,#2074,#2075,#2076));
#929=AXIS2_PLACEMENT_3D('',#2077,#2078,#2079);
#930=EDGE_LOOP('',(#2080,#2081,#2082,#2083));
#931=AXIS2_PLACEMENT_3D('',#2084,#2085,#2086);
#932=EDGE_LOOP('',(#2087,#2088,#2089,#2090));
#933=AXIS2_PLACEMENT_3D('',#2091,#2092,#2093);
#934=EDGE_LOOP('',(#2094,#2095,#2096,#2097,#2098,#2099,#2100,#2101,#2102,#2103,#2104,#2105,#2106,#2107,#2108,#2109,#2110,#2111,#2112,#2113));
#935=AXIS2_PLACEMENT_3D('',#2114,#2115,#2116);
#936=EDGE_LOOP('',(#2117,#2118));
#937=EDGE_LOOP('',(#2119,#2120));
#938=EDGE_LOOP('',(#2121,#2122));
#939=EDGE_LOOP('',(#2123,#2124));
#940=EDGE_LOOP('',(#2125,#2126,#2127,#2128,#2129,#2130,#2131,#2132,#2133,#2134,#2135,#2136,#2137,#2138,#2139,#2140,#2141,#2142,#2143,#2144,#2145,#2146,#2147,#2148,#2149,#2150,#2151,#2152,#2153,#2154,#2155,#2156,#2157,#2158,#2159,#2160));
#941=AXIS2_PLACEMENT_3D('',#2161,#2162,#2163);
#942=EDGE_LOOP('',(#2164,#2165,#2166,#2167));
#943=AXIS2_PLACEMENT_3D('',#2168,#2169,#2170);
#944=EDGE_LOOP('',(#2171,#2172,#2173,#2174));
#945=AXIS2_PLACEMENT_3D('',#2175,#2176,#2177);
#946=EDGE_LOOP('',(#2178,#2179,#2180,#2181));
#947=AXIS2_PLACEMENT_3D('',#2182,#2183,#2184);
#948=EDGE_LOOP('',(#2185,#2186,#2187,#2188));
#949=AXIS2_PLACEMENT_3D('',#2189,#2190,#2191);
#950=EDGE_LOOP('',(#2192,#2193,#2194,#2195));
#951=AXIS2_PLACEMENT_3D('',#2196,#2197,#2198);
#952=EDGE_LOOP('',(#2199,#2200,#2201,#2202));
#953=AXIS2_PLACEMENT_3D('',#2203,#2204,#2205);
#954=EDGE_LOOP('',(#2206,#2207,#2208,#2209));
#955=AXIS2_PLACEMENT_3D('',#2210,#2211,#2212);
#956=EDGE_LOOP('',(#2213,#2214,#2215,#2216));
#957=AXIS2_PLACEMENT_3D('',#2217,#2218,#2219);
#958=EDGE_LOOP('',(#2220,#2221,#2222,#2223));
#959=AXIS2_PLACEMENT_3D('',#2224,#2225,#2226);
#960=EDGE_LOOP('',(#2227,#2228,#2229,#2230));
#961=AXIS2_PLACEMENT_3D('',#2231,#2232,#2233);
#962=EDGE_LOOP('',(#2234,#2235,#2236,#2237));
#963=AXIS2_PLACEMENT_3D('',#2238,#2239,#2240);
#964=EDGE_LOOP('',(#2241,#2242,#2243,#2244));
#965=AXIS2_PLACEMENT_3D('',#2245,#2246,#2247);
#966=EDGE_LOOP('',(#2248,#2249,#2250,#2251));
#967=AXIS2_PLACEMENT_3D('',#2252,#2253,#2254);
#968=EDGE_LOOP('',(#2255,#2256,#2257,#2258));
#969=AXIS2_PLACEMENT_3D('',#2259,#2260,#2261);
#970=EDGE_LOOP('',(#2262,#2263,#2264,#2265));
#971=AXIS2_PLACEMENT_3D('',#2266,#2267,#2268);
#972=EDGE_LOOP('',(#2269,#2270,#2271,#2272));
#973=AXIS2_PLACEMENT_3D('',#2273,#2274,#2275);
#974=EDGE_LOOP('',(#2276,#2277,#2278,#2279));
#975=AXIS2_PLACEMENT_3D('',#2280,#2281,#2282);
#976=EDGE_LOOP('',(#2283,#2284,#2285,#2286));
#977=AXIS2_PLACEMENT_3D('',#2287,#2288,#2289);
#978=EDGE_LOOP('',(#2290,#2291,#2292,#2293));
#979=AXIS2_PLACEMENT_3D('',#2294,#2295,#2296);
#980=EDGE_LOOP('',(#2297,#2298,#2299,#2300));
#981=AXIS2_PLACEMENT_3D('',#2301,#2302,#2303);
#982=EDGE_LOOP('',(#2304,#2305,#2306,#2307));
#983=AXIS2_PLACEMENT_3D('',#2308,#2309,#2310);
#984=EDGE_LOOP('',(#2311,#2312,#2313,#2314));
#985=AXIS2_PLACEMENT_3D('',#2315,#2316,#2317);
#986=EDGE_LOOP('',(#2318,#2319,#2320,#2321));
#987=AXIS2_PLACEMENT_3D('',#2322,#2323,#2324);
#988=EDGE_LOOP('',(#2325,#2326,#2327,#2328));
#989=AXIS2_PLACEMENT_3D('',#2329,#2330,#2331);
#990=EDGE_LOOP('',(#2332,#2333,#2334,#2335));
#991=AXIS2_PLACEMENT_3D('',#2336,#2337,#2338);
#992=EDGE_LOOP('',(#2339,#2340,#2341,#2342));
#993=AXIS2_PLACEMENT_3D('',#2343,#2344,#2345);
#994=EDGE_LOOP('',(#2346,#2347,#2348,#2349));
#995=AXIS2_PLACEMENT_3D('',#2350,#2351,#2352);
#996=EDGE_LOOP('',(#2353,#2354,#2355,#2356));
#997=AXIS2_PLACEMENT_3D('',#2357,#2358,#2359);
#998=EDGE_LOOP('',(#2360,#2361,#2362,#2363,#2364,#2365,#2366,#2367));
#999=AXIS2_PLACEMENT_3D('',#2368,#2369,#2370);
#1000=EDGE_LOOP('',(#2371,#2372,#2373,#2374,#2375,#2376,#2377,#2378,#2379,#2380,#2381,#2382,#2383,#2384,#2385,#2386,#2387,#2388,#2389,#2390));
#1001=AXIS2_PLACEMENT_3D('',#2391,#2392,#2393);
#1002=EDGE_LOOP('',(#2394,#2395));
#1003=EDGE_LOOP('',(#2396,#2397));
#1004=EDGE_LOOP('',(#2398,#2399));
#1005=EDGE_LOOP('',(#2400,#2401));
#1006=EDGE_LOOP('',(#2402,#2403,#2404,#2405));
#1007=AXIS2_PLACEMENT_3D('',#2406,#2407,#2408);
#1008=EDGE_LOOP('',(#2409,#2410,#2411,#2412,#2413,#2414,#2415,#2416));
#1009=AXIS2_PLACEMENT_3D('',#2417,#2418,#2419);
#1010=ORIENTED_EDGE('',*,*,#2420,.F.);
#1011=ORIENTED_EDGE('',*,*,#2421,.T.);
#1012=ORIENTED_EDGE('',*,*,#2422,.T.);
#1013=ORIENTED_EDGE('',*,*,#2423,.F.);
#1014=ORIENTED_EDGE('',*,*,#2424,.F.);
#1015=ORIENTED_EDGE('',*,*,#2425,.F.);
#1016=CARTESIAN_POINT('',(-1.905,-0.54,0.66));
#1017=DIRECTION('',(1.0,6.12303176911189E-17,3.74915180455534E-33));
#1018=DIRECTION('',(6.12303176911189E-17,-1.0,-6.12303176911189E-17));
#1019=ORIENTED_EDGE('',*,*,#2426,.F.);
#1020=ORIENTED_EDGE('',*,*,#2427,.T.);
#1021=ORIENTED_EDGE('',*,*,#2428,.T.);
#1022=ORIENTED_EDGE('',*,*,#2429,.F.);
#1023=ORIENTED_EDGE('',*,*,#2430,.F.);
#1024=ORIENTED_EDGE('',*,*,#2431,.F.);
#1025=CARTESIAN_POINT('',(-0.635,-0.54,0.66));
#1026=DIRECTION('',(1.0,6.12303176911189E-17,3.74915180455534E-33));
#1027=DIRECTION('',(6.12303176911189E-17,-1.0,-6.12303176911189E-17));
#1028=ORIENTED_EDGE('',*,*,#2432,.F.);
#1029=ORIENTED_EDGE('',*,*,#2433,.T.);
#1030=ORIENTED_EDGE('',*,*,#2434,.T.);
#1031=ORIENTED_EDGE('',*,*,#2435,.F.);
#1032=ORIENTED_EDGE('',*,*,#2436,.F.);
#1033=ORIENTED_EDGE('',*,*,#2437,.F.);
#1034=CARTESIAN_POINT('',(0.635,-0.54,0.66));
#1035=DIRECTION('',(1.0,6.12303176911189E-17,3.74915180455534E-33));
#1036=DIRECTION('',(6.12303176911189E-17,-1.0,-6.12303176911189E-17));
#1037=ORIENTED_EDGE('',*,*,#2438,.F.);
#1038=ORIENTED_EDGE('',*,*,#2439,.T.);
#1039=ORIENTED_EDGE('',*,*,#2440,.T.);
#1040=ORIENTED_EDGE('',*,*,#2441,.F.);
#1041=ORIENTED_EDGE('',*,*,#2442,.F.);
#1042=ORIENTED_EDGE('',*,*,#2443,.F.);
#1043=CARTESIAN_POINT('',(1.905,-0.54,0.66));
#1044=DIRECTION('',(1.0,6.12303176911189E-17,3.74915180455534E-33));
#1045=DIRECTION('',(6.12303176911189E-17,-1.0,-6.12303176911189E-17));
#1046=ORIENTED_EDGE('',*,*,#2444,.F.);
#1047=ORIENTED_EDGE('',*,*,#2445,.T.);
#1048=ORIENTED_EDGE('',*,*,#2446,.T.);
#1049=ORIENTED_EDGE('',*,*,#2447,.F.);
#1050=ORIENTED_EDGE('',*,*,#2448,.F.);
#1051=ORIENTED_EDGE('',*,*,#2449,.F.);
#1052=CARTESIAN_POINT('',(-1.905,0.0585786437626981,0.0));
#1053=DIRECTION('',(0.0,1.0,0.0));
#1054=DIRECTION('',(0.0,0.0,1.0));
#1055=ORIENTED_EDGE('',*,*,#2450,.F.);
#1056=ORIENTED_EDGE('',*,*,#2424,.T.);
#1057=ORIENTED_EDGE('',*,*,#2451,.T.);
#1058=ORIENTED_EDGE('',*,*,#2452,.F.);
#1059=ORIENTED_EDGE('',*,*,#2453,.F.);
#1060=ORIENTED_EDGE('',*,*,#2446,.F.);
#1061=CARTESIAN_POINT('',(-1.905,-0.240710678118655,0.0));
#1062=DIRECTION('',(0.0,1.0,0.0));
#1063=DIRECTION('',(-1.0,0.0,0.0));
#1064=ORIENTED_EDGE('',*,*,#2454,.F.);
#1065=ORIENTED_EDGE('',*,*,#2455,.F.);
#1066=ORIENTED_EDGE('',*,*,#2422,.F.);
#1067=ORIENTED_EDGE('',*,*,#2456,.F.);
#1068=ORIENTED_EDGE('',*,*,#2457,.F.);
#1069=CARTESIAN_POINT('',(-1.905,-1.2,2.27));
#1070=DIRECTION('',(0.0,0.0,1.0));
#1071=DIRECTION('',(1.0,0.0,0.0));
#1072=ORIENTED_EDGE('',*,*,#2458,.F.);
#1073=ORIENTED_EDGE('',*,*,#2457,.T.);
#1074=ORIENTED_EDGE('',*,*,#2459,.F.);
#1075=CARTESIAN_POINT('',(-1.905,-1.2,3.88));
#1076=DIRECTION('',(0.0,0.0,1.0));
#1077=DIRECTION('',(1.0,0.0,0.0));
#1078=ORIENTED_EDGE('',*,*,#2460,.F.);
#1079=ORIENTED_EDGE('',*,*,#2448,.T.);
#1080=ORIENTED_EDGE('',*,*,#2461,.T.);
#1081=ORIENTED_EDGE('',*,*,#2462,.F.);
#1082=ORIENTED_EDGE('',*,*,#2463,.F.);
#1083=CARTESIAN_POINT('',(-1.905,0.21214466094067,0.0));
#1084=DIRECTION('',(0.0,1.0,-0.0));
#1085=DIRECTION('',(-1.0,0.0,0.0));
#1086=ORIENTED_EDGE('',*,*,#2464,.F.);
#1087=ORIENTED_EDGE('',*,*,#2465,.T.);
#1088=ORIENTED_EDGE('',*,*,#2466,.T.);
#1089=ORIENTED_EDGE('',*,*,#2467,.F.);
#1090=ORIENTED_EDGE('',*,*,#2468,.F.);
#1091=ORIENTED_EDGE('',*,*,#2469,.F.);
#1092=CARTESIAN_POINT('',(-0.635,0.0585786437626981,0.0));
#1093=DIRECTION('',(0.0,1.0,0.0));
#1094=DIRECTION('',(0.0,0.0,1.0));
#1095=ORIENTED_EDGE('',*,*,#2470,.F.);
#1096=ORIENTED_EDGE('',*,*,#2430,.T.);
#1097=ORIENTED_EDGE('',*,*,#2471,.T.);
#1098=ORIENTED_EDGE('',*,*,#2472,.F.);
#1099=ORIENTED_EDGE('',*,*,#2473,.F.);
#1100=ORIENTED_EDGE('',*,*,#2466,.F.);
#1101=CARTESIAN_POINT('',(-0.635,-0.240710678118655,0.0));
#1102=DIRECTION('',(0.0,1.0,0.0));
#1103=DIRECTION('',(-1.0,0.0,0.0));
#1104=ORIENTED_EDGE('',*,*,#2474,.F.);
#1105=ORIENTED_EDGE('',*,*,#2475,.F.);
#1106=ORIENTED_EDGE('',*,*,#2428,.F.);
#1107=ORIENTED_EDGE('',*,*,#2476,.F.);
#1108=ORIENTED_EDGE('',*,*,#2477,.F.);
#1109=CARTESIAN_POINT('',(-0.635,-1.2,2.27));
#1110=DIRECTION('',(0.0,0.0,1.0));
#1111=DIRECTION('',(1.0,0.0,0.0));
#1112=ORIENTED_EDGE('',*,*,#2478,.F.);
#1113=ORIENTED_EDGE('',*,*,#2477,.T.);
#1114=ORIENTED_EDGE('',*,*,#2479,.F.);
#1115=CARTESIAN_POINT('',(-0.635,-1.2,3.88));
#1116=DIRECTION('',(0.0,0.0,1.0));
#1117=DIRECTION('',(1.0,0.0,0.0));
#1118=ORIENTED_EDGE('',*,*,#2480,.F.);
#1119=ORIENTED_EDGE('',*,*,#2468,.T.);
#1120=ORIENTED_EDGE('',*,*,#2481,.T.);
#1121=ORIENTED_EDGE('',*,*,#2482,.F.);
#1122=ORIENTED_EDGE('',*,*,#2483,.F.);
#1123=CARTESIAN_POINT('',(-0.635,0.21214466094067,0.0));
#1124=DIRECTION('',(0.0,1.0,-0.0));
#1125=DIRECTION('',(-1.0,0.0,0.0));
#1126=ORIENTED_EDGE('',*,*,#2484,.F.);
#1127=ORIENTED_EDGE('',*,*,#2485,.T.);
#1128=ORIENTED_EDGE('',*,*,#2486,.T.);
#1129=ORIENTED_EDGE('',*,*,#2487,.F.);
#1130=ORIENTED_EDGE('',*,*,#2488,.F.);
#1131=ORIENTED_EDGE('',*,*,#2489,.F.);
#1132=CARTESIAN_POINT('',(0.635,0.0585786437626981,0.0));
#1133=DIRECTION('',(0.0,1.0,0.0));
#1134=DIRECTION('',(0.0,0.0,1.0));
#1135=ORIENTED_EDGE('',*,*,#2490,.F.);
#1136=ORIENTED_EDGE('',*,*,#2436,.T.);
#1137=ORIENTED_EDGE('',*,*,#2491,.T.);
#1138=ORIENTED_EDGE('',*,*,#2492,.F.);
#1139=ORIENTED_EDGE('',*,*,#2493,.F.);
#1140=ORIENTED_EDGE('',*,*,#2486,.F.);
#1141=CARTESIAN_POINT('',(0.635,-0.240710678118655,0.0));
#1142=DIRECTION('',(0.0,1.0,0.0));
#1143=DIRECTION('',(-1.0,0.0,0.0));
#1144=ORIENTED_EDGE('',*,*,#2494,.F.);
#1145=ORIENTED_EDGE('',*,*,#2495,.F.);
#1146=ORIENTED_EDGE('',*,*,#2434,.F.);
#1147=ORIENTED_EDGE('',*,*,#2496,.F.);
#1148=ORIENTED_EDGE('',*,*,#2497,.F.);
#1149=CARTESIAN_POINT('',(0.635,-1.2,2.27));
#1150=DIRECTION('',(0.0,0.0,1.0));
#1151=DIRECTION('',(1.0,0.0,0.0));
#1152=ORIENTED_EDGE('',*,*,#2498,.F.);
#1153=ORIENTED_EDGE('',*,*,#2497,.T.);
#1154=ORIENTED_EDGE('',*,*,#2499,.F.);
#1155=CARTESIAN_POINT('',(0.635,-1.2,3.88));
#1156=DIRECTION('',(0.0,0.0,1.0));
#1157=DIRECTION('',(1.0,0.0,0.0));
#1158=ORIENTED_EDGE('',*,*,#2500,.F.);
#1159=ORIENTED_EDGE('',*,*,#2488,.T.);
#1160=ORIENTED_EDGE('',*,*,#2501,.T.);
#1161=ORIENTED_EDGE('',*,*,#2502,.F.);
#1162=ORIENTED_EDGE('',*,*,#2503,.F.);
#1163=CARTESIAN_POINT('',(0.635,0.21214466094067,0.0));
#1164=DIRECTION('',(0.0,1.0,-0.0));
#1165=DIRECTION('',(-1.0,0.0,0.0));
#1166=ORIENTED_EDGE('',*,*,#2504,.F.);
#1167=ORIENTED_EDGE('',*,*,#2505,.T.);
#1168=ORIENTED_EDGE('',*,*,#2506,.T.);
#1169=ORIENTED_EDGE('',*,*,#2507,.F.);
#1170=ORIENTED_EDGE('',*,*,#2508,.F.);
#1171=ORIENTED_EDGE('',*,*,#2509,.F.);
#1172=CARTESIAN_POINT('',(1.905,0.0585786437626981,0.0));
#1173=DIRECTION('',(0.0,1.0,0.0));
#1174=DIRECTION('',(0.0,0.0,1.0));
#1175=ORIENTED_EDGE('',*,*,#2510,.F.);
#1176=ORIENTED_EDGE('',*,*,#2442,.T.);
#1177=ORIENTED_EDGE('',*,*,#2511,.T.);
#1178=ORIENTED_EDGE('',*,*,#2512,.F.);
#1179=ORIENTED_EDGE('',*,*,#2513,.F.);
#1180=ORIENTED_EDGE('',*,*,#2506,.F.);
#1181=CARTESIAN_POINT('',(1.905,-0.240710678118655,0.0));
#1182=DIRECTION('',(0.0,1.0,0.0));
#1183=DIRECTION('',(-1.0,0.0,0.0));
#1184=ORIENTED_EDGE('',*,*,#2514,.F.);
#1185=ORIENTED_EDGE('',*,*,#2515,.F.);
#1186=ORIENTED_EDGE('',*,*,#2440,.F.);
#1187=ORIENTED_EDGE('',*,*,#2516,.F.);
#1188=ORIENTED_EDGE('',*,*,#2517,.F.);
#1189=CARTESIAN_POINT('',(1.905,-1.2,2.27));
#1190=DIRECTION('',(0.0,0.0,1.0));
#1191=DIRECTION('',(1.0,0.0,0.0));
#1192=ORIENTED_EDGE('',*,*,#2518,.F.);
#1193=ORIENTED_EDGE('',*,*,#2517,.T.);
#1194=ORIENTED_EDGE('',*,*,#2519,.F.);
#1195=CARTESIAN_POINT('',(1.905,-1.2,3.88));
#1196=DIRECTION('',(0.0,0.0,1.0));
#1197=DIRECTION('',(1.0,0.0,0.0));
#1198=ORIENTED_EDGE('',*,*,#2520,.F.);
#1199=ORIENTED_EDGE('',*,*,#2508,.T.);
#1200=ORIENTED_EDGE('',*,*,#2521,.T.);
#1201=ORIENTED_EDGE('',*,*,#2522,.F.);
#1202=ORIENTED_EDGE('',*,*,#2523,.F.);
#1203=CARTESIAN_POINT('',(1.905,0.21214466094067,0.0));
#1204=DIRECTION('',(0.0,1.0,-0.0));
#1205=DIRECTION('',(-1.0,0.0,0.0));
#1206=ORIENTED_EDGE('',*,*,#2524,.F.);
#1207=ORIENTED_EDGE('',*,*,#2525,.T.);
#1208=ORIENTED_EDGE('',*,*,#2526,.F.);
#1209=ORIENTED_EDGE('',*,*,#2527,.F.);
#1210=CARTESIAN_POINT('',(-1.905,1.6058311108173,0.0));
#1211=DIRECTION('',(0.0,-1.0,-0.0));
#1212=DIRECTION('',(1.0,0.0,0.0));
#1213=ORIENTED_EDGE('',*,*,#2528,.F.);
#1214=ORIENTED_EDGE('',*,*,#2529,.F.);
#1215=ORIENTED_EDGE('',*,*,#2530,.F.);
#1216=ORIENTED_EDGE('',*,*,#2531,.F.);
#1217=CARTESIAN_POINT('',(-1.905,3.94202004838136,0.0));
#1218=DIRECTION('',(-0.0,1.0,-0.0));
#1219=DIRECTION('',(1.0,0.0,0.0));
#1220=ORIENTED_EDGE('',*,*,#2532,.F.);
#1221=ORIENTED_EDGE('',*,*,#2531,.T.);
#1222=ORIENTED_EDGE('',*,*,#2533,.F.);
#1223=ORIENTED_EDGE('',*,*,#2534,.F.);
#1224=CARTESIAN_POINT('',(-1.905,3.74202004838136,0.0));
#1225=DIRECTION('',(-0.0,1.0,0.0));
#1226=DIRECTION('',(1.0,0.0,0.0));
#1227=ORIENTED_EDGE('',*,*,#2535,.F.);
#1228=ORIENTED_EDGE('',*,*,#2536,.T.);
#1229=ORIENTED_EDGE('',*,*,#2537,.F.);
#1230=ORIENTED_EDGE('',*,*,#2538,.F.);
#1231=CARTESIAN_POINT('',(-1.905,3.6675,0.0));
#1232=DIRECTION('',(-0.0,1.0,-0.0));
#1233=DIRECTION('',(1.0,0.0,0.0));
#1234=ORIENTED_EDGE('',*,*,#2539,.F.);
#1235=ORIENTED_EDGE('',*,*,#2538,.T.);
#1236=ORIENTED_EDGE('',*,*,#2540,.F.);
#1237=ORIENTED_EDGE('',*,*,#2541,.F.);
#1238=CARTESIAN_POINT('',(-1.905,3.4175,0.0));
#1239=DIRECTION('',(-0.0,1.0,0.0));
#1240=DIRECTION('',(1.0,0.0,0.0));
#1241=ORIENTED_EDGE('',*,*,#2542,.F.);
#1242=ORIENTED_EDGE('',*,*,#2541,.T.);
#1243=ORIENTED_EDGE('',*,*,#2543,.F.);
#1244=ORIENTED_EDGE('',*,*,#2525,.F.);
#1245=CARTESIAN_POINT('',(-1.905,2.4058311108173,0.0));
#1246=DIRECTION('',(-0.0,1.0,-0.0));
#1247=DIRECTION('',(1.0,0.0,0.0));
#1248=ORIENTED_EDGE('',*,*,#2544,.F.);
#1249=ORIENTED_EDGE('',*,*,#2545,.T.);
#1250=ORIENTED_EDGE('',*,*,#2546,.F.);
#1251=ORIENTED_EDGE('',*,*,#2547,.F.);
#1252=CARTESIAN_POINT('',(-1.905,1.01391560817565,0.0));
#1253=DIRECTION('',(-0.0,1.0,0.0));
#1254=DIRECTION('',(1.0,0.0,0.0));
#1255=ORIENTED_EDGE('',*,*,#2548,.F.);
#1256=ORIENTED_EDGE('',*,*,#2549,.F.);
#1257=ORIENTED_EDGE('',*,*,#2547,.T.);
#1258=CARTESIAN_POINT('',(-1.905,0.569170962313449,0.0));
#1259=DIRECTION('',(-0.0,1.0,-0.0));
#1260=DIRECTION('',(1.0,0.0,0.0));
#1261=ORIENTED_EDGE('',*,*,#2550,.F.);
#1262=ORIENTED_EDGE('',*,*,#2551,.F.);
#1263=ORIENTED_EDGE('',*,*,#2552,.F.);
#1264=ORIENTED_EDGE('',*,*,#2553,.T.);
#1265=CARTESIAN_POINT('',(-1.905,2.39807321722127,0.0));
#1266=DIRECTION('',(-0.0,1.0,-0.0));
#1267=DIRECTION('',(1.0,0.0,0.0));
#1268=ORIENTED_EDGE('',*,*,#2554,.F.);
#1269=ORIENTED_EDGE('',*,*,#2555,.T.);
#1270=ORIENTED_EDGE('',*,*,#2556,.F.);
#1271=ORIENTED_EDGE('',*,*,#2557,.F.);
#1272=CARTESIAN_POINT('',(-1.905,2.32307321722127,0.0));
#1273=DIRECTION('',(-0.0,1.0,0.0));
#1274=DIRECTION('',(1.0,0.0,0.0));
#1275=ORIENTED_EDGE('',*,*,#2558,.F.);
#1276=ORIENTED_EDGE('',*,*,#2557,.T.);
#1277=ORIENTED_EDGE('',*,*,#2559,.F.);
#1278=ORIENTED_EDGE('',*,*,#2545,.F.);
#1279=CARTESIAN_POINT('',(-1.905,1.41391560817565,0.0));
#1280=DIRECTION('',(-0.0,1.0,-0.0));
#1281=DIRECTION('',(1.0,0.0,0.0));
#1282=ORIENTED_EDGE('',*,*,#2560,.F.);
#1283=ORIENTED_EDGE('',*,*,#2561,.T.);
#1284=ORIENTED_EDGE('',*,*,#2562,.F.);
#1285=ORIENTED_EDGE('',*,*,#2563,.F.);
#1286=CARTESIAN_POINT('',(-0.635,1.6058311108173,0.0));
#1287=DIRECTION('',(0.0,-1.0,-0.0));
#1288=DIRECTION('',(1.0,0.0,0.0));
#1289=ORIENTED_EDGE('',*,*,#2564,.F.);
#1290=ORIENTED_EDGE('',*,*,#2565,.F.);
#1291=ORIENTED_EDGE('',*,*,#2566,.F.);
#1292=ORIENTED_EDGE('',*,*,#2567,.F.);
#1293=CARTESIAN_POINT('',(-0.635,3.94202004838136,0.0));
#1294=DIRECTION('',(-0.0,1.0,-0.0));
#1295=DIRECTION('',(1.0,0.0,0.0));
#1296=ORIENTED_EDGE('',*,*,#2568,.F.);
#1297=ORIENTED_EDGE('',*,*,#2567,.T.);
#1298=ORIENTED_EDGE('',*,*,#2569,.F.);
#1299=ORIENTED_EDGE('',*,*,#2570,.F.);
#1300=CARTESIAN_POINT('',(-0.635,3.74202004838136,0.0));
#1301=DIRECTION('',(-0.0,1.0,0.0));
#1302=DIRECTION('',(1.0,0.0,0.0));
#1303=ORIENTED_EDGE('',*,*,#2571,.F.);
#1304=ORIENTED_EDGE('',*,*,#2572,.T.);
#1305=ORIENTED_EDGE('',*,*,#2573,.F.);
#1306=ORIENTED_EDGE('',*,*,#2574,.F.);
#1307=CARTESIAN_POINT('',(-0.635,3.6675,0.0));
#1308=DIRECTION('',(-0.0,1.0,-0.0));
#1309=DIRECTION('',(1.0,0.0,0.0));
#1310=ORIENTED_EDGE('',*,*,#2575,.F.);
#1311=ORIENTED_EDGE('',*,*,#2574,.T.);
#1312=ORIENTED_EDGE('',*,*,#2576,.F.);
#1313=ORIENTED_EDGE('',*,*,#2577,.F.);
#1314=CARTESIAN_POINT('',(-0.635,3.4175,0.0));
#1315=DIRECTION('',(-0.0,1.0,0.0));
#1316=DIRECTION('',(1.0,0.0,0.0));
#1317=ORIENTED_EDGE('',*,*,#2578,.F.);
#1318=ORIENTED_EDGE('',*,*,#2577,.T.);
#1319=ORIENTED_EDGE('',*,*,#2579,.F.);
#1320=ORIENTED_EDGE('',*,*,#2561,.F.);
#1321=CARTESIAN_POINT('',(-0.635,2.4058311108173,0.0));
#1322=DIRECTION('',(-0.0,1.0,-0.0));
#1323=DIRECTION('',(1.0,0.0,0.0));
#1324=ORIENTED_EDGE('',*,*,#2580,.F.);
#1325=ORIENTED_EDGE('',*,*,#2581,.T.);
#1326=ORIENTED_EDGE('',*,*,#2582,.F.);
#1327=ORIENTED_EDGE('',*,*,#2583,.F.);
#1328=CARTESIAN_POINT('',(-0.635,1.01391560817565,0.0));
#1329=DIRECTION('',(-0.0,1.0,0.0));
#1330=DIRECTION('',(1.0,0.0,0.0));
#1331=ORIENTED_EDGE('',*,*,#2584,.F.);
#1332=ORIENTED_EDGE('',*,*,#2585,.F.);
#1333=ORIENTED_EDGE('',*,*,#2583,.T.);
#1334=CARTESIAN_POINT('',(-0.635,0.569170962313449,0.0));
#1335=DIRECTION('',(-0.0,1.0,-0.0));
#1336=DIRECTION('',(1.0,0.0,0.0));
#1337=ORIENTED_EDGE('',*,*,#2586,.F.);
#1338=ORIENTED_EDGE('',*,*,#2587,.F.);
#1339=ORIENTED_EDGE('',*,*,#2588,.F.);
#1340=ORIENTED_EDGE('',*,*,#2589,.T.);
#1341=CARTESIAN_POINT('',(-0.635,2.39807321722127,0.0));
#1342=DIRECTION('',(-0.0,1.0,-0.0));
#1343=DIRECTION('',(1.0,0.0,0.0));
#1344=ORIENTED_EDGE('',*,*,#2590,.F.);
#1345=ORIENTED_EDGE('',*,*,#2591,.T.);
#1346=ORIENTED_EDGE('',*,*,#2592,.F.);
#1347=ORIENTED_EDGE('',*,*,#2593,.F.);
#1348=CARTESIAN_POINT('',(-0.635,2.32307321722127,0.0));
#1349=DIRECTION('',(-0.0,1.0,0.0));
#1350=DIRECTION('',(1.0,0.0,0.0));
#1351=ORIENTED_EDGE('',*,*,#2594,.F.);
#1352=ORIENTED_EDGE('',*,*,#2593,.T.);
#1353=ORIENTED_EDGE('',*,*,#2595,.F.);
#1354=ORIENTED_EDGE('',*,*,#2581,.F.);
#1355=CARTESIAN_POINT('',(-0.635,1.41391560817565,0.0));
#1356=DIRECTION('',(-0.0,1.0,-0.0));
#1357=DIRECTION('',(1.0,0.0,0.0));
#1358=ORIENTED_EDGE('',*,*,#2596,.F.);
#1359=ORIENTED_EDGE('',*,*,#2597,.T.);
#1360=ORIENTED_EDGE('',*,*,#2598,.F.);
#1361=ORIENTED_EDGE('',*,*,#2599,.F.);
#1362=CARTESIAN_POINT('',(0.635,1.6058311108173,0.0));
#1363=DIRECTION('',(0.0,-1.0,-0.0));
#1364=DIRECTION('',(1.0,0.0,0.0));
#1365=ORIENTED_EDGE('',*,*,#2600,.F.);
#1366=ORIENTED_EDGE('',*,*,#2601,.F.);
#1367=ORIENTED_EDGE('',*,*,#2602,.F.);
#1368=ORIENTED_EDGE('',*,*,#2603,.F.);
#1369=CARTESIAN_POINT('',(0.635,3.94202004838136,0.0));
#1370=DIRECTION('',(-0.0,1.0,-0.0));
#1371=DIRECTION('',(1.0,0.0,0.0));
#1372=ORIENTED_EDGE('',*,*,#2604,.F.);
#1373=ORIENTED_EDGE('',*,*,#2603,.T.);
#1374=ORIENTED_EDGE('',*,*,#2605,.F.);
#1375=ORIENTED_EDGE('',*,*,#2606,.F.);
#1376=CARTESIAN_POINT('',(0.635,3.74202004838136,0.0));
#1377=DIRECTION('',(-0.0,1.0,0.0));
#1378=DIRECTION('',(1.0,0.0,0.0));
#1379=ORIENTED_EDGE('',*,*,#2607,.F.);
#1380=ORIENTED_EDGE('',*,*,#2608,.T.);
#1381=ORIENTED_EDGE('',*,*,#2609,.F.);
#1382=ORIENTED_EDGE('',*,*,#2610,.F.);
#1383=CARTESIAN_POINT('',(0.635,3.6675,0.0));
#1384=DIRECTION('',(-0.0,1.0,-0.0));
#1385=DIRECTION('',(1.0,0.0,0.0));
#1386=ORIENTED_EDGE('',*,*,#2611,.F.);
#1387=ORIENTED_EDGE('',*,*,#2610,.T.);
#1388=ORIENTED_EDGE('',*,*,#2612,.F.);
#1389=ORIENTED_EDGE('',*,*,#2613,.F.);
#1390=CARTESIAN_POINT('',(0.635,3.4175,0.0));
#1391=DIRECTION('',(-0.0,1.0,0.0));
#1392=DIRECTION('',(1.0,0.0,0.0));
#1393=ORIENTED_EDGE('',*,*,#2614,.F.);
#1394=ORIENTED_EDGE('',*,*,#2613,.T.);
#1395=ORIENTED_EDGE('',*,*,#2615,.F.);
#1396=ORIENTED_EDGE('',*,*,#2597,.F.);
#1397=CARTESIAN_POINT('',(0.635,2.4058311108173,0.0));
#1398=DIRECTION('',(-0.0,1.0,-0.0));
#1399=DIRECTION('',(1.0,0.0,0.0));
#1400=ORIENTED_EDGE('',*,*,#2616,.F.);
#1401=ORIENTED_EDGE('',*,*,#2617,.T.);
#1402=ORIENTED_EDGE('',*,*,#2618,.F.);
#1403=ORIENTED_EDGE('',*,*,#2619,.F.);
#1404=CARTESIAN_POINT('',(0.635,1.01391560817565,0.0));
#1405=DIRECTION('',(-0.0,1.0,0.0));
#1406=DIRECTION('',(1.0,0.0,0.0));
#1407=ORIENTED_EDGE('',*,*,#2620,.F.);
#1408=ORIENTED_EDGE('',*,*,#2621,.F.);
#1409=ORIENTED_EDGE('',*,*,#2619,.T.);
#1410=CARTESIAN_POINT('',(0.635,0.569170962313449,0.0));
#1411=DIRECTION('',(-0.0,1.0,-0.0));
#1412=DIRECTION('',(1.0,0.0,0.0));
#1413=ORIENTED_EDGE('',*,*,#2622,.F.);
#1414=ORIENTED_EDGE('',*,*,#2623,.F.);
#1415=ORIENTED_EDGE('',*,*,#2624,.F.);
#1416=ORIENTED_EDGE('',*,*,#2625,.T.);
#1417=CARTESIAN_POINT('',(0.635,2.39807321722127,0.0));
#1418=DIRECTION('',(-0.0,1.0,-0.0));
#1419=DIRECTION('',(1.0,0.0,0.0));
#1420=ORIENTED_EDGE('',*,*,#2626,.F.);
#1421=ORIENTED_EDGE('',*,*,#2627,.T.);
#1422=ORIENTED_EDGE('',*,*,#2628,.F.);
#1423=ORIENTED_EDGE('',*,*,#2629,.F.);
#1424=CARTESIAN_POINT('',(0.635,2.32307321722127,0.0));
#1425=DIRECTION('',(-0.0,1.0,0.0));
#1426=DIRECTION('',(1.0,0.0,0.0));
#1427=ORIENTED_EDGE('',*,*,#2630,.F.);
#1428=ORIENTED_EDGE('',*,*,#2629,.T.);
#1429=ORIENTED_EDGE('',*,*,#2631,.F.);
#1430=ORIENTED_EDGE('',*,*,#2617,.F.);
#1431=CARTESIAN_POINT('',(0.635,1.41391560817565,0.0));
#1432=DIRECTION('',(-0.0,1.0,-0.0));
#1433=DIRECTION('',(1.0,0.0,0.0));
#1434=ORIENTED_EDGE('',*,*,#2632,.F.);
#1435=ORIENTED_EDGE('',*,*,#2633,.T.);
#1436=ORIENTED_EDGE('',*,*,#2634,.F.);
#1437=ORIENTED_EDGE('',*,*,#2635,.F.);
#1438=CARTESIAN_POINT('',(1.905,1.6058311108173,0.0));
#1439=DIRECTION('',(0.0,-1.0,-0.0));
#1440=DIRECTION('',(1.0,0.0,0.0));
#1441=ORIENTED_EDGE('',*,*,#2636,.F.);
#1442=ORIENTED_EDGE('',*,*,#2637,.F.);
#1443=ORIENTED_EDGE('',*,*,#2638,.F.);
#1444=ORIENTED_EDGE('',*,*,#2639,.F.);
#1445=CARTESIAN_POINT('',(1.905,3.94202004838136,0.0));
#1446=DIRECTION('',(-0.0,1.0,-0.0));
#1447=DIRECTION('',(1.0,0.0,0.0));
#1448=ORIENTED_EDGE('',*,*,#2640,.F.);
#1449=ORIENTED_EDGE('',*,*,#2639,.T.);
#1450=ORIENTED_EDGE('',*,*,#2641,.F.);
#1451=ORIENTED_EDGE('',*,*,#2642,.F.);
#1452=CARTESIAN_POINT('',(1.905,3.74202004838136,0.0));
#1453=DIRECTION('',(-0.0,1.0,0.0));
#1454=DIRECTION('',(1.0,0.0,0.0));
#1455=ORIENTED_EDGE('',*,*,#2643,.F.);
#1456=ORIENTED_EDGE('',*,*,#2644,.T.);
#1457=ORIENTED_EDGE('',*,*,#2645,.F.);
#1458=ORIENTED_EDGE('',*,*,#2646,.F.);
#1459=CARTESIAN_POINT('',(1.905,3.6675,0.0));
#1460=DIRECTION('',(-0.0,1.0,-0.0));
#1461=DIRECTION('',(1.0,0.0,0.0));
#1462=ORIENTED_EDGE('',*,*,#2647,.F.);
#1463=ORIENTED_EDGE('',*,*,#2646,.T.);
#1464=ORIENTED_EDGE('',*,*,#2648,.F.);
#1465=ORIENTED_EDGE('',*,*,#2649,.F.);
#1466=CARTESIAN_POINT('',(1.905,3.4175,0.0));
#1467=DIRECTION('',(-0.0,1.0,0.0));
#1468=DIRECTION('',(1.0,0.0,0.0));
#1469=ORIENTED_EDGE('',*,*,#2650,.F.);
#1470=ORIENTED_EDGE('',*,*,#2649,.T.);
#1471=ORIENTED_EDGE('',*,*,#2651,.F.);
#1472=ORIENTED_EDGE('',*,*,#2633,.F.);
#1473=CARTESIAN_POINT('',(1.905,2.4058311108173,0.0));
#1474=DIRECTION('',(-0.0,1.0,-0.0));
#1475=DIRECTION('',(1.0,0.0,0.0));
#1476=ORIENTED_EDGE('',*,*,#2652,.F.);
#1477=ORIENTED_EDGE('',*,*,#2653,.T.);
#1478=ORIENTED_EDGE('',*,*,#2654,.F.);
#1479=ORIENTED_EDGE('',*,*,#2655,.F.);
#1480=CARTESIAN_POINT('',(1.905,1.01391560817565,0.0));
#1481=DIRECTION('',(-0.0,1.0,0.0));
#1482=DIRECTION('',(1.0,0.0,0.0));
#1483=ORIENTED_EDGE('',*,*,#2656,.F.);
#1484=ORIENTED_EDGE('',*,*,#2657,.F.);
#1485=ORIENTED_EDGE('',*,*,#2655,.T.);
#1486=CARTESIAN_POINT('',(1.905,0.569170962313449,0.0));
#1487=DIRECTION('',(-0.0,1.0,-0.0));
#1488=DIRECTION('',(1.0,0.0,0.0));
#1489=ORIENTED_EDGE('',*,*,#2658,.F.);
#1490=ORIENTED_EDGE('',*,*,#2659,.F.);
#1491=ORIENTED_EDGE('',*,*,#2660,.F.);
#1492=ORIENTED_EDGE('',*,*,#2661,.T.);
#1493=CARTESIAN_POINT('',(1.905,2.39807321722127,0.0));
#1494=DIRECTION('',(-0.0,1.0,-0.0));
#1495=DIRECTION('',(1.0,0.0,0.0));
#1496=ORIENTED_EDGE('',*,*,#2662,.F.);
#1497=ORIENTED_EDGE('',*,*,#2663,.T.);
#1498=ORIENTED_EDGE('',*,*,#2664,.F.);
#1499=ORIENTED_EDGE('',*,*,#2665,.F.);
#1500=CARTESIAN_POINT('',(1.905,2.32307321722127,0.0));
#1501=DIRECTION('',(-0.0,1.0,0.0));
#1502=DIRECTION('',(1.0,0.0,0.0));
#1503=ORIENTED_EDGE('',*,*,#2666,.F.);
#1504=ORIENTED_EDGE('',*,*,#2665,.T.);
#1505=ORIENTED_EDGE('',*,*,#2667,.F.);
#1506=ORIENTED_EDGE('',*,*,#2653,.F.);
#1507=CARTESIAN_POINT('',(1.905,1.41391560817565,0.0));
#1508=DIRECTION('',(-0.0,1.0,-0.0));
#1509=DIRECTION('',(1.0,0.0,0.0));
#1510=ORIENTED_EDGE('',*,*,#2666,.T.);
#1511=ORIENTED_EDGE('',*,*,#2668,.F.);
#1512=ORIENTED_EDGE('',*,*,#2667,.T.);
#1513=ORIENTED_EDGE('',*,*,#2669,.T.);
#1514=CARTESIAN_POINT('',(1.905,1.41391560817565,0.0));
#1515=DIRECTION('',(-0.0,1.0,-0.0));
#1516=DIRECTION('',(1.0,0.0,0.0));
#1517=ORIENTED_EDGE('',*,*,#2662,.T.);
#1518=ORIENTED_EDGE('',*,*,#2669,.F.);
#1519=ORIENTED_EDGE('',*,*,#2664,.T.);
#1520=ORIENTED_EDGE('',*,*,#2659,.T.);
#1521=CARTESIAN_POINT('',(1.905,2.32307321722127,0.0));
#1522=DIRECTION('',(-0.0,1.0,0.0));
#1523=DIRECTION('',(1.0,0.0,0.0));
#1524=ORIENTED_EDGE('',*,*,#2658,.T.);
#1525=ORIENTED_EDGE('',*,*,#2635,.T.);
#1526=ORIENTED_EDGE('',*,*,#2660,.T.);
#1527=ORIENTED_EDGE('',*,*,#2663,.F.);
#1528=CARTESIAN_POINT('',(1.905,2.39807321722127,0.0));
#1529=DIRECTION('',(-0.0,1.0,-0.0));
#1530=DIRECTION('',(1.0,0.0,0.0));
#1531=ORIENTED_EDGE('',*,*,#2656,.T.);
#1532=ORIENTED_EDGE('',*,*,#2670,.T.);
#1533=ORIENTED_EDGE('',*,*,#2657,.T.);
#1534=CARTESIAN_POINT('',(1.905,0.569170962313449,0.0));
#1535=DIRECTION('',(-0.0,1.0,-0.0));
#1536=DIRECTION('',(1.0,0.0,0.0));
#1537=ORIENTED_EDGE('',*,*,#2652,.T.);
#1538=ORIENTED_EDGE('',*,*,#2670,.F.);
#1539=ORIENTED_EDGE('',*,*,#2654,.T.);
#1540=ORIENTED_EDGE('',*,*,#2668,.T.);
#1541=CARTESIAN_POINT('',(1.905,1.01391560817565,0.0));
#1542=DIRECTION('',(-0.0,1.0,0.0));
#1543=DIRECTION('',(1.0,0.0,0.0));
#1544=ORIENTED_EDGE('',*,*,#2650,.T.);
#1545=ORIENTED_EDGE('',*,*,#2671,.F.);
#1546=ORIENTED_EDGE('',*,*,#2651,.T.);
#1547=ORIENTED_EDGE('',*,*,#2672,.T.);
#1548=CARTESIAN_POINT('',(1.905,2.4058311108173,0.0));
#1549=DIRECTION('',(-0.0,1.0,-0.0));
#1550=DIRECTION('',(1.0,0.0,0.0));
#1551=ORIENTED_EDGE('',*,*,#2647,.T.);
#1552=ORIENTED_EDGE('',*,*,#2672,.F.);
#1553=ORIENTED_EDGE('',*,*,#2648,.T.);
#1554=ORIENTED_EDGE('',*,*,#2673,.T.);
#1555=CARTESIAN_POINT('',(1.905,3.4175,0.0));
#1556=DIRECTION('',(-0.0,1.0,0.0));
#1557=DIRECTION('',(1.0,0.0,0.0));
#1558=ORIENTED_EDGE('',*,*,#2643,.T.);
#1559=ORIENTED_EDGE('',*,*,#2673,.F.);
#1560=ORIENTED_EDGE('',*,*,#2645,.T.);
#1561=ORIENTED_EDGE('',*,*,#2674,.T.);
#1562=CARTESIAN_POINT('',(1.905,3.6675,0.0));
#1563=DIRECTION('',(-0.0,1.0,-0.0));
#1564=DIRECTION('',(1.0,0.0,0.0));
#1565=ORIENTED_EDGE('',*,*,#2642,.T.);
#1566=ORIENTED_EDGE('',*,*,#2675,.T.);
#1567=ORIENTED_EDGE('',*,*,#2644,.F.);
#1568=ORIENTED_EDGE('',*,*,#2674,.F.);
#1569=CARTESIAN_POINT('',(2.27,3.7,0.0));
#1570=DIRECTION('',(-0.0,-1.0,-0.0));
#1571=DIRECTION('',(-1.0,0.0,0.0));
#1572=ORIENTED_EDGE('',*,*,#2640,.T.);
#1573=ORIENTED_EDGE('',*,*,#2675,.F.);
#1574=ORIENTED_EDGE('',*,*,#2641,.T.);
#1575=ORIENTED_EDGE('',*,*,#2676,.T.);
#1576=CARTESIAN_POINT('',(1.905,3.74202004838136,0.0));
#1577=DIRECTION('',(-0.0,1.0,0.0));
#1578=DIRECTION('',(1.0,0.0,0.0));
#1579=ORIENTED_EDGE('',*,*,#2636,.T.);
#1580=ORIENTED_EDGE('',*,*,#2676,.F.);
#1581=ORIENTED_EDGE('',*,*,#2638,.T.);
#1582=ORIENTED_EDGE('',*,*,#2677,.F.);
#1583=CARTESIAN_POINT('',(1.905,3.94202004838136,0.0));
#1584=DIRECTION('',(-0.0,1.0,-0.0));
#1585=DIRECTION('',(1.0,0.0,0.0));
#1586=ORIENTED_EDGE('',*,*,#2632,.T.);
#1587=ORIENTED_EDGE('',*,*,#2661,.F.);
#1588=ORIENTED_EDGE('',*,*,#2634,.T.);
#1589=ORIENTED_EDGE('',*,*,#2671,.T.);
#1590=CARTESIAN_POINT('',(1.905,1.6058311108173,0.0));
#1591=DIRECTION('',(0.0,-1.0,-0.0));
#1592=DIRECTION('',(1.0,0.0,0.0));
#1593=ORIENTED_EDGE('',*,*,#2630,.T.);
#1594=ORIENTED_EDGE('',*,*,#2678,.F.);
#1595=ORIENTED_EDGE('',*,*,#2631,.T.);
#1596=ORIENTED_EDGE('',*,*,#2679,.T.);
#1597=CARTESIAN_POINT('',(0.635,1.41391560817565,0.0));
#1598=DIRECTION('',(-0.0,1.0,-0.0));
#1599=DIRECTION('',(1.0,0.0,0.0));
#1600=ORIENTED_EDGE('',*,*,#2626,.T.);
#1601=ORIENTED_EDGE('',*,*,#2679,.F.);
#1602=ORIENTED_EDGE('',*,*,#2628,.T.);
#1603=ORIENTED_EDGE('',*,*,#2623,.T.);
#1604=CARTESIAN_POINT('',(0.635,2.32307321722127,0.0));
#1605=DIRECTION('',(-0.0,1.0,0.0));
#1606=DIRECTION('',(1.0,0.0,0.0));
#1607=ORIENTED_EDGE('',*,*,#2622,.T.);
#1608=ORIENTED_EDGE('',*,*,#2599,.T.);
#1609=ORIENTED_EDGE('',*,*,#2624,.T.);
#1610=ORIENTED_EDGE('',*,*,#2627,.F.);
#1611=CARTESIAN_POINT('',(0.635,2.39807321722127,0.0));
#1612=DIRECTION('',(-0.0,1.0,-0.0));
#1613=DIRECTION('',(1.0,0.0,0.0));
#1614=ORIENTED_EDGE('',*,*,#2620,.T.);
#1615=ORIENTED_EDGE('',*,*,#2680,.T.);
#1616=ORIENTED_EDGE('',*,*,#2621,.T.);
#1617=CARTESIAN_POINT('',(0.635,0.569170962313449,0.0));
#1618=DIRECTION('',(-0.0,1.0,-0.0));
#1619=DIRECTION('',(1.0,0.0,0.0));
#1620=ORIENTED_EDGE('',*,*,#2616,.T.);
#1621=ORIENTED_EDGE('',*,*,#2680,.F.);
#1622=ORIENTED_EDGE('',*,*,#2618,.T.);
#1623=ORIENTED_EDGE('',*,*,#2678,.T.);
#1624=CARTESIAN_POINT('',(0.635,1.01391560817565,0.0));
#1625=DIRECTION('',(-0.0,1.0,0.0));
#1626=DIRECTION('',(1.0,0.0,0.0));
#1627=ORIENTED_EDGE('',*,*,#2614,.T.);
#1628=ORIENTED_EDGE('',*,*,#2681,.F.);
#1629=ORIENTED_EDGE('',*,*,#2615,.T.);
#1630=ORIENTED_EDGE('',*,*,#2682,.T.);
#1631=CARTESIAN_POINT('',(0.635,2.4058311108173,0.0));
#1632=DIRECTION('',(-0.0,1.0,-0.0));
#1633=DIRECTION('',(1.0,0.0,0.0));
#1634=ORIENTED_EDGE('',*,*,#2611,.T.);
#1635=ORIENTED_EDGE('',*,*,#2682,.F.);
#1636=ORIENTED_EDGE('',*,*,#2612,.T.);
#1637=ORIENTED_EDGE('',*,*,#2683,.T.);
#1638=CARTESIAN_POINT('',(0.635,3.4175,0.0));
#1639=DIRECTION('',(-0.0,1.0,0.0));
#1640=DIRECTION('',(1.0,0.0,0.0));
#1641=ORIENTED_EDGE('',*,*,#2607,.T.);
#1642=ORIENTED_EDGE('',*,*,#2683,.F.);
#1643=ORIENTED_EDGE('',*,*,#2609,.T.);
#1644=ORIENTED_EDGE('',*,*,#2684,.T.);
#1645=CARTESIAN_POINT('',(0.635,3.6675,0.0));
#1646=DIRECTION('',(-0.0,1.0,-0.0));
#1647=DIRECTION('',(1.0,0.0,0.0));
#1648=ORIENTED_EDGE('',*,*,#2606,.T.);
#1649=ORIENTED_EDGE('',*,*,#2685,.T.);
#1650=ORIENTED_EDGE('',*,*,#2608,.F.);
#1651=ORIENTED_EDGE('',*,*,#2684,.F.);
#1652=CARTESIAN_POINT('',(1.0,3.7,0.0));
#1653=DIRECTION('',(-0.0,-1.0,-0.0));
#1654=DIRECTION('',(-1.0,0.0,0.0));
#1655=ORIENTED_EDGE('',*,*,#2604,.T.);
#1656=ORIENTED_EDGE('',*,*,#2685,.F.);
#1657=ORIENTED_EDGE('',*,*,#2605,.T.);
#1658=ORIENTED_EDGE('',*,*,#2686,.T.);
#1659=CARTESIAN_POINT('',(0.635,3.74202004838136,0.0));
#1660=DIRECTION('',(-0.0,1.0,0.0));
#1661=DIRECTION('',(1.0,0.0,0.0));
#1662=ORIENTED_EDGE('',*,*,#2600,.T.);
#1663=ORIENTED_EDGE('',*,*,#2686,.F.);
#1664=ORIENTED_EDGE('',*,*,#2602,.T.);
#1665=ORIENTED_EDGE('',*,*,#2687,.F.);
#1666=CARTESIAN_POINT('',(0.635,3.94202004838136,0.0));
#1667=DIRECTION('',(-0.0,1.0,-0.0));
#1668=DIRECTION('',(1.0,0.0,0.0));
#1669=ORIENTED_EDGE('',*,*,#2596,.T.);
#1670=ORIENTED_EDGE('',*,*,#2625,.F.);
#1671=ORIENTED_EDGE('',*,*,#2598,.T.);
#1672=ORIENTED_EDGE('',*,*,#2681,.T.);
#1673=CARTESIAN_POINT('',(0.635,1.6058311108173,0.0));
#1674=DIRECTION('',(0.0,-1.0,-0.0));
#1675=DIRECTION('',(1.0,0.0,0.0));
#1676=ORIENTED_EDGE('',*,*,#2594,.T.);
#1677=ORIENTED_EDGE('',*,*,#2688,.F.);
#1678=ORIENTED_EDGE('',*,*,#2595,.T.);
#1679=ORIENTED_EDGE('',*,*,#2689,.T.);
#1680=CARTESIAN_POINT('',(-0.635,1.41391560817565,0.0));
#1681=DIRECTION('',(-0.0,1.0,-0.0));
#1682=DIRECTION('',(1.0,0.0,0.0));
#1683=ORIENTED_EDGE('',*,*,#2590,.T.);
#1684=ORIENTED_EDGE('',*,*,#2689,.F.);
#1685=ORIENTED_EDGE('',*,*,#2592,.T.);
#1686=ORIENTED_EDGE('',*,*,#2587,.T.);
#1687=CARTESIAN_POINT('',(-0.635,2.32307321722127,0.0));
#1688=DIRECTION('',(-0.0,1.0,0.0));
#1689=DIRECTION('',(1.0,0.0,0.0));
#1690=ORIENTED_EDGE('',*,*,#2586,.T.);
#1691=ORIENTED_EDGE('',*,*,#2563,.T.);
#1692=ORIENTED_EDGE('',*,*,#2588,.T.);
#1693=ORIENTED_EDGE('',*,*,#2591,.F.);
#1694=CARTESIAN_POINT('',(-0.635,2.39807321722127,0.0));
#1695=DIRECTION('',(-0.0,1.0,-0.0));
#1696=DIRECTION('',(1.0,0.0,0.0));
#1697=ORIENTED_EDGE('',*,*,#2584,.T.);
#1698=ORIENTED_EDGE('',*,*,#2690,.T.);
#1699=ORIENTED_EDGE('',*,*,#2585,.T.);
#1700=CARTESIAN_POINT('',(-0.635,0.569170962313449,0.0));
#1701=DIRECTION('',(-0.0,1.0,-0.0));
#1702=DIRECTION('',(1.0,0.0,0.0));
#1703=ORIENTED_EDGE('',*,*,#2580,.T.);
#1704=ORIENTED_EDGE('',*,*,#2690,.F.);
#1705=ORIENTED_EDGE('',*,*,#2582,.T.);
#1706=ORIENTED_EDGE('',*,*,#2688,.T.);
#1707=CARTESIAN_POINT('',(-0.635,1.01391560817565,0.0));
#1708=DIRECTION('',(-0.0,1.0,0.0));
#1709=DIRECTION('',(1.0,0.0,0.0));
#1710=ORIENTED_EDGE('',*,*,#2578,.T.);
#1711=ORIENTED_EDGE('',*,*,#2691,.F.);
#1712=ORIENTED_EDGE('',*,*,#2579,.T.);
#1713=ORIENTED_EDGE('',*,*,#2692,.T.);
#1714=CARTESIAN_POINT('',(-0.635,2.4058311108173,0.0));
#1715=DIRECTION('',(-0.0,1.0,-0.0));
#1716=DIRECTION('',(1.0,0.0,0.0));
#1717=ORIENTED_EDGE('',*,*,#2575,.T.);
#1718=ORIENTED_EDGE('',*,*,#2692,.F.);
#1719=ORIENTED_EDGE('',*,*,#2576,.T.);
#1720=ORIENTED_EDGE('',*,*,#2693,.T.);
#1721=CARTESIAN_POINT('',(-0.635,3.4175,0.0));
#1722=DIRECTION('',(-0.0,1.0,0.0));
#1723=DIRECTION('',(1.0,0.0,0.0));
#1724=ORIENTED_EDGE('',*,*,#2571,.T.);
#1725=ORIENTED_EDGE('',*,*,#2693,.F.);
#1726=ORIENTED_EDGE('',*,*,#2573,.T.);
#1727=ORIENTED_EDGE('',*,*,#2694,.T.);
#1728=CARTESIAN_POINT('',(-0.635,3.6675,0.0));
#1729=DIRECTION('',(-0.0,1.0,-0.0));
#1730=DIRECTION('',(1.0,0.0,0.0));
#1731=ORIENTED_EDGE('',*,*,#2570,.T.);
#1732=ORIENTED_EDGE('',*,*,#2695,.T.);
#1733=ORIENTED_EDGE('',*,*,#2572,.F.);
#1734=ORIENTED_EDGE('',*,*,#2694,.F.);
#1735=CARTESIAN_POINT('',(-0.27,3.7,0.0));
#1736=DIRECTION('',(-0.0,-1.0,-0.0));
#1737=DIRECTION('',(-1.0,0.0,0.0));
#1738=ORIENTED_EDGE('',*,*,#2568,.T.);
#1739=ORIENTED_EDGE('',*,*,#2695,.F.);
#1740=ORIENTED_EDGE('',*,*,#2569,.T.);
#1741=ORIENTED_EDGE('',*,*,#2696,.T.);
#1742=CARTESIAN_POINT('',(-0.635,3.74202004838136,0.0));
#1743=DIRECTION('',(-0.0,1.0,0.0));
#1744=DIRECTION('',(1.0,0.0,0.0));
#1745=ORIENTED_EDGE('',*,*,#2564,.T.);
#1746=ORIENTED_EDGE('',*,*,#2696,.F.);
#1747=ORIENTED_EDGE('',*,*,#2566,.T.);
#1748=ORIENTED_EDGE('',*,*,#2697,.F.);
#1749=CARTESIAN_POINT('',(-0.635,3.94202004838136,0.0));
#1750=DIRECTION('',(-0.0,1.0,-0.0));
#1751=DIRECTION('',(1.0,0.0,0.0));
#1752=ORIENTED_EDGE('',*,*,#2560,.T.);
#1753=ORIENTED_EDGE('',*,*,#2589,.F.);
#1754=ORIENTED_EDGE('',*,*,#2562,.T.);
#1755=ORIENTED_EDGE('',*,*,#2691,.T.);
#1756=CARTESIAN_POINT('',(-0.635,1.6058311108173,0.0));
#1757=DIRECTION('',(0.0,-1.0,-0.0));
#1758=DIRECTION('',(1.0,0.0,0.0));
#1759=ORIENTED_EDGE('',*,*,#2558,.T.);
#1760=ORIENTED_EDGE('',*,*,#2698,.F.);
#1761=ORIENTED_EDGE('',*,*,#2559,.T.);
#1762=ORIENTED_EDGE('',*,*,#2699,.T.);
#1763=CARTESIAN_POINT('',(-1.905,1.41391560817565,0.0));
#1764=DIRECTION('',(-0.0,1.0,-0.0));
#1765=DIRECTION('',(1.0,0.0,0.0));
#1766=ORIENTED_EDGE('',*,*,#2554,.T.);
#1767=ORIENTED_EDGE('',*,*,#2699,.F.);
#1768=ORIENTED_EDGE('',*,*,#2556,.T.);
#1769=ORIENTED_EDGE('',*,*,#2551,.T.);
#1770=CARTESIAN_POINT('',(-1.905,2.32307321722127,0.0));
#1771=DIRECTION('',(-0.0,1.0,0.0));
#1772=DIRECTION('',(1.0,0.0,0.0));
#1773=ORIENTED_EDGE('',*,*,#2550,.T.);
#1774=ORIENTED_EDGE('',*,*,#2527,.T.);
#1775=ORIENTED_EDGE('',*,*,#2552,.T.);
#1776=ORIENTED_EDGE('',*,*,#2555,.F.);
#1777=CARTESIAN_POINT('',(-1.905,2.39807321722127,0.0));
#1778=DIRECTION('',(-0.0,1.0,-0.0));
#1779=DIRECTION('',(1.0,0.0,0.0));
#1780=ORIENTED_EDGE('',*,*,#2548,.T.);
#1781=ORIENTED_EDGE('',*,*,#2700,.T.);
#1782=ORIENTED_EDGE('',*,*,#2549,.T.);
#1783=CARTESIAN_POINT('',(-1.905,0.569170962313449,0.0));
#1784=DIRECTION('',(-0.0,1.0,-0.0));
#1785=DIRECTION('',(1.0,0.0,0.0));
#1786=ORIENTED_EDGE('',*,*,#2544,.T.);
#1787=ORIENTED_EDGE('',*,*,#2700,.F.);
#1788=ORIENTED_EDGE('',*,*,#2546,.T.);
#1789=ORIENTED_EDGE('',*,*,#2698,.T.);
#1790=CARTESIAN_POINT('',(-1.905,1.01391560817565,0.0));
#1791=DIRECTION('',(-0.0,1.0,0.0));
#1792=DIRECTION('',(1.0,0.0,0.0));
#1793=ORIENTED_EDGE('',*,*,#2542,.T.);
#1794=ORIENTED_EDGE('',*,*,#2701,.F.);
#1795=ORIENTED_EDGE('',*,*,#2543,.T.);
#1796=ORIENTED_EDGE('',*,*,#2702,.T.);
#1797=CARTESIAN_POINT('',(-1.905,2.4058311108173,0.0));
#1798=DIRECTION('',(-0.0,1.0,-0.0));
#1799=DIRECTION('',(1.0,0.0,0.0));
#1800=ORIENTED_EDGE('',*,*,#2539,.T.);
#1801=ORIENTED_EDGE('',*,*,#2702,.F.);
#1802=ORIENTED_EDGE('',*,*,#2540,.T.);
#1803=ORIENTED_EDGE('',*,*,#2703,.T.);
#1804=CARTESIAN_POINT('',(-1.905,3.4175,0.0));
#1805=DIRECTION('',(-0.0,1.0,0.0));
#1806=DIRECTION('',(1.0,0.0,0.0));
#1807=ORIENTED_EDGE('',*,*,#2535,.T.);
#1808=ORIENTED_EDGE('',*,*,#2703,.F.);
#1809=ORIENTED_EDGE('',*,*,#2537,.T.);
#1810=ORIENTED_EDGE('',*,*,#2704,.T.);
#1811=CARTESIAN_POINT('',(-1.905,3.6675,0.0));
#1812=DIRECTION('',(-0.0,1.0,-0.0));
#1813=DIRECTION('',(1.0,0.0,0.0));
#1814=ORIENTED_EDGE('',*,*,#2534,.T.);
#1815=ORIENTED_EDGE('',*,*,#2705,.T.);
#1816=ORIENTED_EDGE('',*,*,#2536,.F.);
#1817=ORIENTED_EDGE('',*,*,#2704,.F.);
#1818=CARTESIAN_POINT('',(-1.54,3.7,0.0));
#1819=DIRECTION('',(-0.0,-1.0,-0.0));
#1820=DIRECTION('',(-1.0,0.0,0.0));
#1821=ORIENTED_EDGE('',*,*,#2532,.T.);
#1822=ORIENTED_EDGE('',*,*,#2705,.F.);
#1823=ORIENTED_EDGE('',*,*,#2533,.T.);
#1824=ORIENTED_EDGE('',*,*,#2706,.T.);
#1825=CARTESIAN_POINT('',(-1.905,3.74202004838136,0.0));
#1826=DIRECTION('',(-0.0,1.0,0.0));
#1827=DIRECTION('',(1.0,0.0,0.0));
#1828=ORIENTED_EDGE('',*,*,#2528,.T.);
#1829=ORIENTED_EDGE('',*,*,#2706,.F.);
#1830=ORIENTED_EDGE('',*,*,#2530,.T.);
#1831=ORIENTED_EDGE('',*,*,#2707,.F.);
#1832=CARTESIAN_POINT('',(-1.905,3.94202004838136,0.0));
#1833=DIRECTION('',(-0.0,1.0,-0.0));
#1834=DIRECTION('',(1.0,0.0,0.0));
#1835=ORIENTED_EDGE('',*,*,#2524,.T.);
#1836=ORIENTED_EDGE('',*,*,#2553,.F.);
#1837=ORIENTED_EDGE('',*,*,#2526,.T.);
#1838=ORIENTED_EDGE('',*,*,#2701,.T.);
#1839=CARTESIAN_POINT('',(-1.905,1.6058311108173,0.0));
#1840=DIRECTION('',(0.0,-1.0,-0.0));
#1841=DIRECTION('',(1.0,0.0,0.0));
#1842=ORIENTED_EDGE('',*,*,#2520,.T.);
#1843=ORIENTED_EDGE('',*,*,#2708,.F.);
#1844=ORIENTED_EDGE('',*,*,#2522,.T.);
#1845=ORIENTED_EDGE('',*,*,#2709,.T.);
#1846=ORIENTED_EDGE('',*,*,#2509,.T.);
#1847=CARTESIAN_POINT('',(1.905,0.21214466094067,0.0));
#1848=DIRECTION('',(0.0,1.0,-0.0));
#1849=DIRECTION('',(-1.0,0.0,0.0));
#1850=ORIENTED_EDGE('',*,*,#2518,.T.);
#1851=ORIENTED_EDGE('',*,*,#2519,.T.);
#1852=ORIENTED_EDGE('',*,*,#2710,.T.);
#1853=CARTESIAN_POINT('',(1.905,-1.2,3.88));
#1854=DIRECTION('',(0.0,0.0,1.0));
#1855=DIRECTION('',(1.0,0.0,0.0));
#1856=ORIENTED_EDGE('',*,*,#2514,.T.);
#1857=ORIENTED_EDGE('',*,*,#2710,.F.);
#1858=ORIENTED_EDGE('',*,*,#2516,.T.);
#1859=ORIENTED_EDGE('',*,*,#2439,.F.);
#1860=ORIENTED_EDGE('',*,*,#2711,.F.);
#1861=CARTESIAN_POINT('',(1.905,-1.2,2.27));
#1862=DIRECTION('',(0.0,0.0,1.0));
#1863=DIRECTION('',(1.0,0.0,0.0));
#1864=ORIENTED_EDGE('',*,*,#2438,.T.);
#1865=ORIENTED_EDGE('',*,*,#2712,.F.);
#1866=ORIENTED_EDGE('',*,*,#2511,.F.);
#1867=ORIENTED_EDGE('',*,*,#2441,.T.);
#1868=ORIENTED_EDGE('',*,*,#2515,.T.);
#1869=ORIENTED_EDGE('',*,*,#2711,.T.);
#1870=CARTESIAN_POINT('',(1.905,-0.54,0.66));
#1871=DIRECTION('',(1.0,6.12303176911189E-17,3.74915180455534E-33));
#1872=DIRECTION('',(6.12303176911189E-17,-1.0,-6.12303176911189E-17));
#1873=ORIENTED_EDGE('',*,*,#2510,.T.);
#1874=ORIENTED_EDGE('',*,*,#2505,.F.);
#1875=ORIENTED_EDGE('',*,*,#2713,.F.);
#1876=ORIENTED_EDGE('',*,*,#2512,.T.);
#1877=ORIENTED_EDGE('',*,*,#2712,.T.);
#1878=ORIENTED_EDGE('',*,*,#2443,.T.);
#1879=CARTESIAN_POINT('',(1.905,-0.240710678118655,0.0));
#1880=DIRECTION('',(0.0,1.0,0.0));
#1881=DIRECTION('',(-1.0,0.0,0.0));
#1882=ORIENTED_EDGE('',*,*,#2504,.T.);
#1883=ORIENTED_EDGE('',*,*,#2709,.F.);
#1884=ORIENTED_EDGE('',*,*,#2521,.F.);
#1885=ORIENTED_EDGE('',*,*,#2507,.T.);
#1886=ORIENTED_EDGE('',*,*,#2513,.T.);
#1887=ORIENTED_EDGE('',*,*,#2713,.T.);
#1888=CARTESIAN_POINT('',(1.905,0.0585786437626981,0.0));
#1889=DIRECTION('',(0.0,1.0,0.0));
#1890=DIRECTION('',(0.0,0.0,1.0));
#1891=ORIENTED_EDGE('',*,*,#2500,.T.);
#1892=ORIENTED_EDGE('',*,*,#2714,.F.);
#1893=ORIENTED_EDGE('',*,*,#2502,.T.);
#1894=ORIENTED_EDGE('',*,*,#2715,.T.);
#1895=ORIENTED_EDGE('',*,*,#2489,.T.);
#1896=CARTESIAN_POINT('',(0.635,0.21214466094067,0.0));
#1897=DIRECTION('',(0.0,1.0,-0.0));
#1898=DIRECTION('',(-1.0,0.0,0.0));
#1899=ORIENTED_EDGE('',*,*,#2498,.T.);
#1900=ORIENTED_EDGE('',*,*,#2499,.T.);
#1901=ORIENTED_EDGE('',*,*,#2716,.T.);
#1902=CARTESIAN_POINT('',(0.635,-1.2,3.88));
#1903=DIRECTION('',(0.0,0.0,1.0));
#1904=DIRECTION('',(1.0,0.0,0.0));
#1905=ORIENTED_EDGE('',*,*,#2494,.T.);
#1906=ORIENTED_EDGE('',*,*,#2716,.F.);
#1907=ORIENTED_EDGE('',*,*,#2496,.T.);
#1908=ORIENTED_EDGE('',*,*,#2433,.F.);
#1909=ORIENTED_EDGE('',*,*,#2717,.F.);
#1910=CARTESIAN_POINT('',(0.635,-1.2,2.27));
#1911=DIRECTION('',(0.0,0.0,1.0));
#1912=DIRECTION('',(1.0,0.0,0.0));
#1913=ORIENTED_EDGE('',*,*,#2432,.T.);
#1914=ORIENTED_EDGE('',*,*,#2718,.F.);
#1915=ORIENTED_EDGE('',*,*,#2491,.F.);
#1916=ORIENTED_EDGE('',*,*,#2435,.T.);
#1917=ORIENTED_EDGE('',*,*,#2495,.T.);
#1918=ORIENTED_EDGE('',*,*,#2717,.T.);
#1919=CARTESIAN_POINT('',(0.635,-0.54,0.66));
#1920=DIRECTION('',(1.0,6.12303176911189E-17,3.74915180455534E-33));
#1921=DIRECTION('',(6.12303176911189E-17,-1.0,-6.12303176911189E-17));
#1922=ORIENTED_EDGE('',*,*,#2490,.T.);
#1923=ORIENTED_EDGE('',*,*,#2485,.F.);
#1924=ORIENTED_EDGE('',*,*,#2719,.F.);
#1925=ORIENTED_EDGE('',*,*,#2492,.T.);
#1926=ORIENTED_EDGE('',*,*,#2718,.T.);
#1927=ORIENTED_EDGE('',*,*,#2437,.T.);
#1928=CARTESIAN_POINT('',(0.635,-0.240710678118655,0.0));
#1929=DIRECTION('',(0.0,1.0,0.0));
#1930=DIRECTION('',(-1.0,0.0,0.0));
#1931=ORIENTED_EDGE('',*,*,#2484,.T.);
#1932=ORIENTED_EDGE('',*,*,#2715,.F.);
#1933=ORIENTED_EDGE('',*,*,#2501,.F.);
#1934=ORIENTED_EDGE('',*,*,#2487,.T.);
#1935=ORIENTED_EDGE('',*,*,#2493,.T.);
#1936=ORIENTED_EDGE('',*,*,#2719,.T.);
#1937=CARTESIAN_POINT('',(0.635,0.0585786437626981,0.0));
#1938=DIRECTION('',(0.0,1.0,0.0));
#1939=DIRECTION('',(0.0,0.0,1.0));
#1940=ORIENTED_EDGE('',*,*,#2480,.T.);
#1941=ORIENTED_EDGE('',*,*,#2720,.F.);
#1942=ORIENTED_EDGE('',*,*,#2482,.T.);
#1943=ORIENTED_EDGE('',*,*,#2721,.T.);
#1944=ORIENTED_EDGE('',*,*,#2469,.T.);
#1945=CARTESIAN_POINT('',(-0.635,0.21214466094067,0.0));
#1946=DIRECTION('',(0.0,1.0,-0.0));
#1947=DIRECTION('',(-1.0,0.0,0.0));
#1948=ORIENTED_EDGE('',*,*,#2478,.T.);
#1949=ORIENTED_EDGE('',*,*,#2479,.T.);
#1950=ORIENTED_EDGE('',*,*,#2722,.T.);
#1951=CARTESIAN_POINT('',(-0.635,-1.2,3.88));
#1952=DIRECTION('',(0.0,0.0,1.0));
#1953=DIRECTION('',(1.0,0.0,0.0));
#1954=ORIENTED_EDGE('',*,*,#2474,.T.);
#1955=ORIENTED_EDGE('',*,*,#2722,.F.);
#1956=ORIENTED_EDGE('',*,*,#2476,.T.);
#1957=ORIENTED_EDGE('',*,*,#2427,.F.);
#1958=ORIENTED_EDGE('',*,*,#2723,.F.);
#1959=CARTESIAN_POINT('',(-0.635,-1.2,2.27));
#1960=DIRECTION('',(0.0,0.0,1.0));
#1961=DIRECTION('',(1.0,0.0,0.0));
#1962=ORIENTED_EDGE('',*,*,#2426,.T.);
#1963=ORIENTED_EDGE('',*,*,#2724,.F.);
#1964=ORIENTED_EDGE('',*,*,#2471,.F.);
#1965=ORIENTED_EDGE('',*,*,#2429,.T.);
#1966=ORIENTED_EDGE('',*,*,#2475,.T.);
#1967=ORIENTED_EDGE('',*,*,#2723,.T.);
#1968=CARTESIAN_POINT('',(-0.635,-0.54,0.66));
#1969=DIRECTION('',(1.0,6.12303176911189E-17,3.74915180455534E-33));
#1970=DIRECTION('',(6.12303176911189E-17,-1.0,-6.12303176911189E-17));
#1971=ORIENTED_EDGE('',*,*,#2470,.T.);
#1972=ORIENTED_EDGE('',*,*,#2465,.F.);
#1973=ORIENTED_EDGE('',*,*,#2725,.F.);
#1974=ORIENTED_EDGE('',*,*,#2472,.T.);
#1975=ORIENTED_EDGE('',*,*,#2724,.T.);
#1976=ORIENTED_EDGE('',*,*,#2431,.T.);
#1977=CARTESIAN_POINT('',(-0.635,-0.240710678118655,0.0));
#1978=DIRECTION('',(0.0,1.0,0.0));
#1979=DIRECTION('',(-1.0,0.0,0.0));
#1980=ORIENTED_EDGE('',*,*,#2464,.T.);
#1981=ORIENTED_EDGE('',*,*,#2721,.F.);
#1982=ORIENTED_EDGE('',*,*,#2481,.F.);
#1983=ORIENTED_EDGE('',*,*,#2467,.T.);
#1984=ORIENTED_EDGE('',*,*,#2473,.T.);
#1985=ORIENTED_EDGE('',*,*,#2725,.T.);
#1986=CARTESIAN_POINT('',(-0.635,0.0585786437626981,0.0));
#1987=DIRECTION('',(0.0,1.0,0.0));
#1988=DIRECTION('',(0.0,0.0,1.0));
#1989=ORIENTED_EDGE('',*,*,#2460,.T.);
#1990=ORIENTED_EDGE('',*,*,#2726,.F.);
#1991=ORIENTED_EDGE('',*,*,#2462,.T.);
#1992=ORIENTED_EDGE('',*,*,#2727,.T.);
#1993=ORIENTED_EDGE('',*,*,#2449,.T.);
#1994=CARTESIAN_POINT('',(-1.905,0.21214466094067,0.0));
#1995=DIRECTION('',(0.0,1.0,-0.0));
#1996=DIRECTION('',(-1.0,0.0,0.0));
#1997=ORIENTED_EDGE('',*,*,#2458,.T.);
#1998=ORIENTED_EDGE('',*,*,#2459,.T.);
#1999=ORIENTED_EDGE('',*,*,#2728,.T.);
#2000=CARTESIAN_POINT('',(-1.905,-1.2,3.88));
#2001=DIRECTION('',(0.0,0.0,1.0));
#2002=DIRECTION('',(1.0,0.0,0.0));
#2003=ORIENTED_EDGE('',*,*,#2454,.T.);
#2004=ORIENTED_EDGE('',*,*,#2728,.F.);
#2005=ORIENTED_EDGE('',*,*,#2456,.T.);
#2006=ORIENTED_EDGE('',*,*,#2421,.F.);
#2007=ORIENTED_EDGE('',*,*,#2729,.F.);
#2008=CARTESIAN_POINT('',(-1.905,-1.2,2.27));
#2009=DIRECTION('',(0.0,0.0,1.0));
#2010=DIRECTION('',(1.0,0.0,0.0));
#2011=ORIENTED_EDGE('',*,*,#2420,.T.);
#2012=ORIENTED_EDGE('',*,*,#2730,.F.);
#2013=ORIENTED_EDGE('',*,*,#2451,.F.);
#2014=ORIENTED_EDGE('',*,*,#2423,.T.);
#2015=ORIENTED_EDGE('',*,*,#2455,.T.);
#2016=ORIENTED_EDGE('',*,*,#2729,.T.);
#2017=CARTESIAN_POINT('',(-1.905,-0.54,0.66));
#2018=DIRECTION('',(1.0,6.12303176911189E-17,3.74915180455534E-33));
#2019=DIRECTION('',(6.12303176911189E-17,-1.0,-6.12303176911189E-17));
#2020=ORIENTED_EDGE('',*,*,#2450,.T.);
#2021=ORIENTED_EDGE('',*,*,#2445,.F.);
#2022=ORIENTED_EDGE('',*,*,#2731,.F.);
#2023=ORIENTED_EDGE('',*,*,#2452,.T.);
#2024=ORIENTED_EDGE('',*,*,#2730,.T.);
#2025=ORIENTED_EDGE('',*,*,#2425,.T.);
#2026=CARTESIAN_POINT('',(-1.905,-0.240710678118655,0.0));
#2027=DIRECTION('',(0.0,1.0,0.0));
#2028=DIRECTION('',(-1.0,0.0,0.0));
#2029=ORIENTED_EDGE('',*,*,#2444,.T.);
#2030=ORIENTED_EDGE('',*,*,#2727,.F.);
#2031=ORIENTED_EDGE('',*,*,#2461,.F.);
#2032=ORIENTED_EDGE('',*,*,#2447,.T.);
#2033=ORIENTED_EDGE('',*,*,#2453,.T.);
#2034=ORIENTED_EDGE('',*,*,#2731,.T.);
#2035=CARTESIAN_POINT('',(-1.905,0.0585786437626981,0.0));
#2036=DIRECTION('',(0.0,1.0,0.0));
#2037=DIRECTION('',(0.0,0.0,1.0));
#2038=ORIENTED_EDGE('',*,*,#2732,.F.);
#2039=ORIENTED_EDGE('',*,*,#2733,.F.);
#2040=ORIENTED_EDGE('',*,*,#2734,.F.);
#2041=ORIENTED_EDGE('',*,*,#2735,.F.);
#2042=CARTESIAN_POINT('',(2.20360297657338,0.0999999999999943,-1.5));
#2043=DIRECTION('',(0.939692620785871,0.34202014332577,0.0));
#2044=DIRECTION('',(-0.34202014332577,0.939692620785871,0.0));
#2045=ORIENTED_EDGE('',*,*,#2736,.F.);
#2046=ORIENTED_EDGE('',*,*,#2737,.F.);
#2047=ORIENTED_EDGE('',*,*,#2738,.F.);
#2048=ORIENTED_EDGE('',*,*,#2739,.F.);
#2049=CARTESIAN_POINT('',(2.20360297657338,0.0999999999999943,-1.5));
#2050=DIRECTION('',(0.939692620785871,0.34202014332577,0.0));
#2051=DIRECTION('',(-0.34202014332577,0.939692620785871,0.0));
#2052=ORIENTED_EDGE('',*,*,#2740,.F.);
#2053=ORIENTED_EDGE('',*,*,#2741,.F.);
#2054=ORIENTED_EDGE('',*,*,#2742,.F.);
#2055=ORIENTED_EDGE('',*,*,#2743,.T.);
#2056=CARTESIAN_POINT('',(1.60639702342662,0.0999999999999943,-1.5));
#2057=DIRECTION('',(-0.939692620785871,0.34202014332577,0.0));
#2058=DIRECTION('',(-0.34202014332577,-0.939692620785871,-0.0));
#2059=ORIENTED_EDGE('',*,*,#2744,.F.);
#2060=ORIENTED_EDGE('',*,*,#2745,.F.);
#2061=ORIENTED_EDGE('',*,*,#2746,.F.);
#2062=ORIENTED_EDGE('',*,*,#2747,.T.);
#2063=CARTESIAN_POINT('',(1.60639702342662,0.0999999999999943,-1.5));
#2064=DIRECTION('',(-0.939692620785871,0.34202014332577,0.0));
#2065=DIRECTION('',(-0.34202014332577,-0.939692620785871,-0.0));
#2066=ORIENTED_EDGE('',*,*,#2745,.T.);
#2067=ORIENTED_EDGE('',*,*,#2748,.F.);
#2068=ORIENTED_EDGE('',*,*,#2749,.T.);
#2069=ORIENTED_EDGE('',*,*,#2750,.T.);
#2070=CARTESIAN_POINT('',(0.0,0.0,0.0));
#2071=DIRECTION('',(0.0,1.0,0.0));
#2072=DIRECTION('',(0.0,0.0,1.0));
#2073=ORIENTED_EDGE('',*,*,#2739,.T.);
#2074=ORIENTED_EDGE('',*,*,#2751,.T.);
#2075=ORIENTED_EDGE('',*,*,#2752,.F.);
#2076=ORIENTED_EDGE('',*,*,#2753,.F.);
#2077=CARTESIAN_POINT('',(0.0,0.0,0.0));
#2078=DIRECTION('',(0.0,1.0,0.0));
#2079=DIRECTION('',(0.0,0.0,1.0));
#2080=ORIENTED_EDGE('',*,*,#2746,.T.);
#2081=ORIENTED_EDGE('',*,*,#2750,.F.);
#2082=ORIENTED_EDGE('',*,*,#2754,.T.);
#2083=ORIENTED_EDGE('',*,*,#2755,.T.);
#2084=CARTESIAN_POINT('',(-3.0195,0.0999999999999943,0.657735026918957));
#2085=DIRECTION('',(-5.30270106023E-17,0.500000000000019,0.866025403784427));
#2086=DIRECTION('',(-3.06151588455606E-17,-0.866025403784428,0.500000000000019));
#2087=ORIENTED_EDGE('',*,*,#2738,.T.);
#2088=ORIENTED_EDGE('',*,*,#2756,.T.);
#2089=ORIENTED_EDGE('',*,*,#2757,.F.);
#2090=ORIENTED_EDGE('',*,*,#2751,.F.);
#2091=CARTESIAN_POINT('',(-3.0195,0.0999999999999943,0.657735026918957));
#2092=DIRECTION('',(-5.30270106023E-17,0.500000000000019,0.866025403784427));
#2093=DIRECTION('',(-3.06151588455606E-17,-0.866025403784428,0.500000000000019));
#2094=ORIENTED_EDGE('',*,*,#2734,.T.);
#2095=ORIENTED_EDGE('',*,*,#2758,.T.);
#2096=ORIENTED_EDGE('',*,*,#2742,.T.);
#2097=ORIENTED_EDGE('',*,*,#2759,.T.);
#2098=ORIENTED_EDGE('',*,*,#2760,.T.);
#2099=ORIENTED_EDGE('',*,*,#2761,.T.);
#2100=ORIENTED_EDGE('',*,*,#2762,.T.);
#2101=ORIENTED_EDGE('',*,*,#2763,.T.);
#2102=ORIENTED_EDGE('',*,*,#2764,.T.);
#2103=ORIENTED_EDGE('',*,*,#2765,.T.);
#2104=ORIENTED_EDGE('',*,*,#2766,.T.);
#2105=ORIENTED_EDGE('',*,*,#2767,.T.);
#2106=ORIENTED_EDGE('',*,*,#2768,.T.);
#2107=ORIENTED_EDGE('',*,*,#2769,.T.);
#2108=ORIENTED_EDGE('',*,*,#2770,.T.);
#2109=ORIENTED_EDGE('',*,*,#2771,.T.);
#2110=ORIENTED_EDGE('',*,*,#2772,.T.);
#2111=ORIENTED_EDGE('',*,*,#2773,.T.);
#2112=ORIENTED_EDGE('',*,*,#2774,.T.);
#2113=ORIENTED_EDGE('',*,*,#2775,.T.);
#2114=CARTESIAN_POINT('',(0.0,2.05,-1.1));
#2115=DIRECTION('',(0.0,0.0,1.0));
#2116=DIRECTION('',(1.0,0.0,0.0));
#2117=ORIENTED_EDGE('',*,*,#2708,.T.);
#2118=ORIENTED_EDGE('',*,*,#2523,.T.);
#2119=ORIENTED_EDGE('',*,*,#2714,.T.);
#2120=ORIENTED_EDGE('',*,*,#2503,.T.);
#2121=ORIENTED_EDGE('',*,*,#2720,.T.);
#2122=ORIENTED_EDGE('',*,*,#2483,.T.);
#2123=ORIENTED_EDGE('',*,*,#2726,.T.);
#2124=ORIENTED_EDGE('',*,*,#2463,.T.);
#2125=ORIENTED_EDGE('',*,*,#2756,.F.);
#2126=ORIENTED_EDGE('',*,*,#2737,.T.);
#2127=ORIENTED_EDGE('',*,*,#2776,.F.);
#2128=ORIENTED_EDGE('',*,*,#2747,.F.);
#2129=ORIENTED_EDGE('',*,*,#2755,.F.);
#2130=ORIENTED_EDGE('',*,*,#2777,.T.);
#2131=ORIENTED_EDGE('',*,*,#2778,.F.);
#2132=ORIENTED_EDGE('',*,*,#2779,.F.);
#2133=ORIENTED_EDGE('',*,*,#2780,.F.);
#2134=ORIENTED_EDGE('',*,*,#2781,.T.);
#2135=ORIENTED_EDGE('',*,*,#2782,.F.);
#2136=ORIENTED_EDGE('',*,*,#2783,.F.);
#2137=ORIENTED_EDGE('',*,*,#2784,.F.);
#2138=ORIENTED_EDGE('',*,*,#2785,.T.);
#2139=ORIENTED_EDGE('',*,*,#2786,.F.);
#2140=ORIENTED_EDGE('',*,*,#2787,.F.);
#2141=ORIENTED_EDGE('',*,*,#2788,.F.);
#2142=ORIENTED_EDGE('',*,*,#2789,.F.);
#2143=ORIENTED_EDGE('',*,*,#2790,.T.);
#2144=ORIENTED_EDGE('',*,*,#2791,.F.);
#2145=ORIENTED_EDGE('',*,*,#2769,.F.);
#2146=ORIENTED_EDGE('',*,*,#2792,.T.);
#2147=ORIENTED_EDGE('',*,*,#2793,.T.);
#2148=ORIENTED_EDGE('',*,*,#2794,.F.);
#2149=ORIENTED_EDGE('',*,*,#2765,.F.);
#2150=ORIENTED_EDGE('',*,*,#2795,.T.);
#2151=ORIENTED_EDGE('',*,*,#2796,.T.);
#2152=ORIENTED_EDGE('',*,*,#2797,.F.);
#2153=ORIENTED_EDGE('',*,*,#2761,.F.);
#2154=ORIENTED_EDGE('',*,*,#2798,.T.);
#2155=ORIENTED_EDGE('',*,*,#2799,.T.);
#2156=ORIENTED_EDGE('',*,*,#2743,.F.);
#2157=ORIENTED_EDGE('',*,*,#2758,.F.);
#2158=ORIENTED_EDGE('',*,*,#2733,.T.);
#2159=ORIENTED_EDGE('',*,*,#2800,.T.);
#2160=ORIENTED_EDGE('',*,*,#2801,.F.);
#2161=CARTESIAN_POINT('',(-3.0195,0.199999999999989,0.0));
#2162=DIRECTION('',(0.0,1.0,0.0));
#2163=DIRECTION('',(-6.12303176911189E-17,0.0,1.0));
#2164=ORIENTED_EDGE('',*,*,#2740,.T.);
#2165=ORIENTED_EDGE('',*,*,#2799,.F.);
#2166=ORIENTED_EDGE('',*,*,#2802,.T.);
#2167=ORIENTED_EDGE('',*,*,#2803,.F.);
#2168=CARTESIAN_POINT('',(-3.0195,0.0999999999999943,-0.657735026918957));
#2169=DIRECTION('',(5.30270106023E-17,0.500000000000019,-0.866025403784427));
#2170=DIRECTION('',(-3.06151588455606E-17,0.866025403784428,0.500000000000019));
#2171=ORIENTED_EDGE('',*,*,#2741,.T.);
#2172=ORIENTED_EDGE('',*,*,#2803,.T.);
#2173=ORIENTED_EDGE('',*,*,#2804,.T.);
#2174=ORIENTED_EDGE('',*,*,#2759,.F.);
#2175=CARTESIAN_POINT('',(0.0,0.0,0.0));
#2176=DIRECTION('',(0.0,1.0,0.0));
#2177=DIRECTION('',(0.0,0.0,1.0));
#2178=ORIENTED_EDGE('',*,*,#2735,.T.);
#2179=ORIENTED_EDGE('',*,*,#2775,.F.);
#2180=ORIENTED_EDGE('',*,*,#2805,.F.);
#2181=ORIENTED_EDGE('',*,*,#2806,.T.);
#2182=CARTESIAN_POINT('',(0.0,0.0,0.0));
#2183=DIRECTION('',(0.0,1.0,0.0));
#2184=DIRECTION('',(0.0,0.0,1.0));
#2185=ORIENTED_EDGE('',*,*,#2802,.F.);
#2186=ORIENTED_EDGE('',*,*,#2798,.F.);
#2187=ORIENTED_EDGE('',*,*,#2760,.F.);
#2188=ORIENTED_EDGE('',*,*,#2804,.F.);
#2189=CARTESIAN_POINT('',(0.933602976573377,0.0999999999999943,-1.5));
#2190=DIRECTION('',(0.939692620785871,0.34202014332577,0.0));
#2191=DIRECTION('',(-0.34202014332577,0.939692620785871,0.0));
#2192=ORIENTED_EDGE('',*,*,#2807,.F.);
#2193=ORIENTED_EDGE('',*,*,#2777,.F.);
#2194=ORIENTED_EDGE('',*,*,#2754,.F.);
#2195=ORIENTED_EDGE('',*,*,#2749,.F.);
#2196=CARTESIAN_POINT('',(0.933602976573377,0.0999999999999943,-1.5));
#2197=DIRECTION('',(0.939692620785871,0.34202014332577,0.0));
#2198=DIRECTION('',(-0.34202014332577,0.939692620785871,0.0));
#2199=ORIENTED_EDGE('',*,*,#2808,.F.);
#2200=ORIENTED_EDGE('',*,*,#2809,.F.);
#2201=ORIENTED_EDGE('',*,*,#2762,.F.);
#2202=ORIENTED_EDGE('',*,*,#2797,.T.);
#2203=CARTESIAN_POINT('',(0.336397023426622,0.0999999999999943,-1.5));
#2204=DIRECTION('',(-0.939692620785871,0.34202014332577,0.0));
#2205=DIRECTION('',(-0.34202014332577,-0.939692620785871,-0.0));
#2206=ORIENTED_EDGE('',*,*,#2810,.F.);
#2207=ORIENTED_EDGE('',*,*,#2811,.F.);
#2208=ORIENTED_EDGE('',*,*,#2812,.F.);
#2209=ORIENTED_EDGE('',*,*,#2779,.T.);
#2210=CARTESIAN_POINT('',(0.336397023426622,0.0999999999999943,-1.5));
#2211=DIRECTION('',(-0.939692620785871,0.34202014332577,0.0));
#2212=DIRECTION('',(-0.34202014332577,-0.939692620785871,-0.0));
#2213=ORIENTED_EDGE('',*,*,#2811,.T.);
#2214=ORIENTED_EDGE('',*,*,#2813,.F.);
#2215=ORIENTED_EDGE('',*,*,#2814,.T.);
#2216=ORIENTED_EDGE('',*,*,#2815,.T.);
#2217=CARTESIAN_POINT('',(0.0,0.0,0.0));
#2218=DIRECTION('',(0.0,1.0,0.0));
#2219=DIRECTION('',(0.0,0.0,1.0));
#2220=ORIENTED_EDGE('',*,*,#2812,.T.);
#2221=ORIENTED_EDGE('',*,*,#2815,.F.);
#2222=ORIENTED_EDGE('',*,*,#2816,.T.);
#2223=ORIENTED_EDGE('',*,*,#2780,.T.);
#2224=CARTESIAN_POINT('',(-3.0195,0.0999999999999943,0.657735026918957));
#2225=DIRECTION('',(-5.30270106023E-17,0.500000000000019,0.866025403784427));
#2226=DIRECTION('',(-3.06151588455606E-17,-0.866025403784428,0.500000000000019));
#2227=ORIENTED_EDGE('',*,*,#2808,.T.);
#2228=ORIENTED_EDGE('',*,*,#2796,.F.);
#2229=ORIENTED_EDGE('',*,*,#2817,.T.);
#2230=ORIENTED_EDGE('',*,*,#2818,.F.);
#2231=CARTESIAN_POINT('',(-3.0195,0.0999999999999943,-0.657735026918957));
#2232=DIRECTION('',(5.30270106023E-17,0.500000000000019,-0.866025403784427));
#2233=DIRECTION('',(-3.06151588455606E-17,0.866025403784428,0.500000000000019));
#2234=ORIENTED_EDGE('',*,*,#2809,.T.);
#2235=ORIENTED_EDGE('',*,*,#2818,.T.);
#2236=ORIENTED_EDGE('',*,*,#2819,.T.);
#2237=ORIENTED_EDGE('',*,*,#2763,.F.);
#2238=CARTESIAN_POINT('',(0.0,0.0,0.0));
#2239=DIRECTION('',(0.0,1.0,0.0));
#2240=DIRECTION('',(0.0,0.0,1.0));
#2241=ORIENTED_EDGE('',*,*,#2817,.F.);
#2242=ORIENTED_EDGE('',*,*,#2795,.F.);
#2243=ORIENTED_EDGE('',*,*,#2764,.F.);
#2244=ORIENTED_EDGE('',*,*,#2819,.F.);
#2245=CARTESIAN_POINT('',(-0.336397023426623,0.0999999999999943,-1.5));
#2246=DIRECTION('',(0.939692620785871,0.34202014332577,0.0));
#2247=DIRECTION('',(-0.34202014332577,0.939692620785871,0.0));
#2248=ORIENTED_EDGE('',*,*,#2820,.F.);
#2249=ORIENTED_EDGE('',*,*,#2781,.F.);
#2250=ORIENTED_EDGE('',*,*,#2816,.F.);
#2251=ORIENTED_EDGE('',*,*,#2814,.F.);
#2252=CARTESIAN_POINT('',(-0.336397023426623,0.0999999999999943,-1.5));
#2253=DIRECTION('',(0.939692620785871,0.34202014332577,0.0));
#2254=DIRECTION('',(-0.34202014332577,0.939692620785871,0.0));
#2255=ORIENTED_EDGE('',*,*,#2821,.F.);
#2256=ORIENTED_EDGE('',*,*,#2822,.F.);
#2257=ORIENTED_EDGE('',*,*,#2766,.F.);
#2258=ORIENTED_EDGE('',*,*,#2794,.T.);
#2259=CARTESIAN_POINT('',(-0.933602976573378,0.0999999999999943,-1.5));
#2260=DIRECTION('',(-0.939692620785871,0.34202014332577,0.0));
#2261=DIRECTION('',(-0.34202014332577,-0.939692620785871,-0.0));
#2262=ORIENTED_EDGE('',*,*,#2823,.F.);
#2263=ORIENTED_EDGE('',*,*,#2824,.F.);
#2264=ORIENTED_EDGE('',*,*,#2825,.F.);
#2265=ORIENTED_EDGE('',*,*,#2783,.T.);
#2266=CARTESIAN_POINT('',(-0.933602976573378,0.0999999999999943,-1.5));
#2267=DIRECTION('',(-0.939692620785871,0.34202014332577,0.0));
#2268=DIRECTION('',(-0.34202014332577,-0.939692620785871,-0.0));
#2269=ORIENTED_EDGE('',*,*,#2824,.T.);
#2270=ORIENTED_EDGE('',*,*,#2826,.F.);
#2271=ORIENTED_EDGE('',*,*,#2827,.T.);
#2272=ORIENTED_EDGE('',*,*,#2828,.T.);
#2273=CARTESIAN_POINT('',(0.0,0.0,0.0));
#2274=DIRECTION('',(0.0,1.0,0.0));
#2275=DIRECTION('',(0.0,0.0,1.0));
#2276=ORIENTED_EDGE('',*,*,#2825,.T.);
#2277=ORIENTED_EDGE('',*,*,#2828,.F.);
#2278=ORIENTED_EDGE('',*,*,#2829,.T.);
#2279=ORIENTED_EDGE('',*,*,#2784,.T.);
#2280=CARTESIAN_POINT('',(-3.0195,0.0999999999999943,0.657735026918957));
#2281=DIRECTION('',(-5.30270106023E-17,0.500000000000019,0.866025403784427));
#2282=DIRECTION('',(-3.06151588455606E-17,-0.866025403784428,0.500000000000019));
#2283=ORIENTED_EDGE('',*,*,#2821,.T.);
#2284=ORIENTED_EDGE('',*,*,#2793,.F.);
#2285=ORIENTED_EDGE('',*,*,#2830,.T.);
#2286=ORIENTED_EDGE('',*,*,#2831,.F.);
#2287=CARTESIAN_POINT('',(-3.0195,0.0999999999999943,-0.657735026918957));
#2288=DIRECTION('',(5.30270106023E-17,0.500000000000019,-0.866025403784427));
#2289=DIRECTION('',(-3.06151588455606E-17,0.866025403784428,0.500000000000019));
#2290=ORIENTED_EDGE('',*,*,#2822,.T.);
#2291=ORIENTED_EDGE('',*,*,#2831,.T.);
#2292=ORIENTED_EDGE('',*,*,#2832,.T.);
#2293=ORIENTED_EDGE('',*,*,#2767,.F.);
#2294=CARTESIAN_POINT('',(0.0,0.0,0.0));
#2295=DIRECTION('',(0.0,1.0,0.0));
#2296=DIRECTION('',(0.0,0.0,1.0));
#2297=ORIENTED_EDGE('',*,*,#2768,.F.);
#2298=ORIENTED_EDGE('',*,*,#2832,.F.);
#2299=ORIENTED_EDGE('',*,*,#2830,.F.);
#2300=ORIENTED_EDGE('',*,*,#2792,.F.);
#2301=CARTESIAN_POINT('',(-1.60639702342662,0.0999999999999943,-1.5));
#2302=DIRECTION('',(0.939692620785871,0.34202014332577,0.0));
#2303=DIRECTION('',(-0.34202014332577,0.939692620785871,0.0));
#2304=ORIENTED_EDGE('',*,*,#2833,.F.);
#2305=ORIENTED_EDGE('',*,*,#2785,.F.);
#2306=ORIENTED_EDGE('',*,*,#2829,.F.);
#2307=ORIENTED_EDGE('',*,*,#2827,.F.);
#2308=CARTESIAN_POINT('',(-1.60639702342662,0.0999999999999943,-1.5));
#2309=DIRECTION('',(0.939692620785871,0.34202014332577,0.0));
#2310=DIRECTION('',(-0.34202014332577,0.939692620785871,0.0));
#2311=ORIENTED_EDGE('',*,*,#2770,.F.);
#2312=ORIENTED_EDGE('',*,*,#2791,.T.);
#2313=ORIENTED_EDGE('',*,*,#2834,.F.);
#2314=ORIENTED_EDGE('',*,*,#2835,.F.);
#2315=CARTESIAN_POINT('',(-2.20360297657338,0.0999999999999943,-1.5));
#2316=DIRECTION('',(-0.939692620785871,0.34202014332577,0.0));
#2317=DIRECTION('',(-0.34202014332577,-0.939692620785871,-0.0));
#2318=ORIENTED_EDGE('',*,*,#2836,.F.);
#2319=ORIENTED_EDGE('',*,*,#2837,.F.);
#2320=ORIENTED_EDGE('',*,*,#2838,.F.);
#2321=ORIENTED_EDGE('',*,*,#2787,.T.);
#2322=CARTESIAN_POINT('',(-2.20360297657338,0.0999999999999943,-1.5));
#2323=DIRECTION('',(-0.939692620785871,0.34202014332577,0.0));
#2324=DIRECTION('',(-0.34202014332577,-0.939692620785871,-0.0));
#2325=ORIENTED_EDGE('',*,*,#2837,.T.);
#2326=ORIENTED_EDGE('',*,*,#2839,.F.);
#2327=ORIENTED_EDGE('',*,*,#2840,.T.);
#2328=ORIENTED_EDGE('',*,*,#2841,.T.);
#2329=CARTESIAN_POINT('',(0.0,0.0,0.0));
#2330=DIRECTION('',(0.0,1.0,0.0));
#2331=DIRECTION('',(0.0,0.0,1.0));
#2332=ORIENTED_EDGE('',*,*,#2835,.T.);
#2333=ORIENTED_EDGE('',*,*,#2842,.T.);
#2334=ORIENTED_EDGE('',*,*,#2843,.T.);
#2335=ORIENTED_EDGE('',*,*,#2771,.F.);
#2336=CARTESIAN_POINT('',(0.0,0.0,0.0));
#2337=DIRECTION('',(0.0,1.0,0.0));
#2338=DIRECTION('',(0.0,0.0,1.0));
#2339=ORIENTED_EDGE('',*,*,#2838,.T.);
#2340=ORIENTED_EDGE('',*,*,#2841,.F.);
#2341=ORIENTED_EDGE('',*,*,#2844,.F.);
#2342=ORIENTED_EDGE('',*,*,#2788,.T.);
#2343=CARTESIAN_POINT('',(-3.0195,0.0999999999999943,0.657735026918957));
#2344=DIRECTION('',(-5.30270106023E-17,0.500000000000019,0.866025403784427));
#2345=DIRECTION('',(-3.06151588455606E-17,-0.866025403784428,0.500000000000019));
#2346=ORIENTED_EDGE('',*,*,#2834,.T.);
#2347=ORIENTED_EDGE('',*,*,#2790,.F.);
#2348=ORIENTED_EDGE('',*,*,#2845,.F.);
#2349=ORIENTED_EDGE('',*,*,#2842,.F.);
#2350=CARTESIAN_POINT('',(-3.0195,0.0999999999999943,-0.657735026918957));
#2351=DIRECTION('',(5.30270106023E-17,0.500000000000019,-0.866025403784427));
#2352=DIRECTION('',(-3.06151588455606E-17,0.866025403784428,0.500000000000019));
#2353=ORIENTED_EDGE('',*,*,#2732,.T.);
#2354=ORIENTED_EDGE('',*,*,#2806,.F.);
#2355=ORIENTED_EDGE('',*,*,#2846,.F.);
#2356=ORIENTED_EDGE('',*,*,#2800,.F.);
#2357=CARTESIAN_POINT('',(-3.0195,0.0999999999999943,-0.657735026918957));
#2358=DIRECTION('',(5.30270106023E-17,0.500000000000019,-0.866025403784427));
#2359=DIRECTION('',(-3.06151588455606E-17,0.866025403784428,0.500000000000019));
#2360=ORIENTED_EDGE('',*,*,#2845,.T.);
#2361=ORIENTED_EDGE('',*,*,#2789,.T.);
#2362=ORIENTED_EDGE('',*,*,#2844,.T.);
#2363=ORIENTED_EDGE('',*,*,#2840,.F.);
#2364=ORIENTED_EDGE('',*,*,#2847,.F.);
#2365=ORIENTED_EDGE('',*,*,#2848,.T.);
#2366=ORIENTED_EDGE('',*,*,#2772,.F.);
#2367=ORIENTED_EDGE('',*,*,#2843,.F.);
#2368=CARTESIAN_POINT('',(-2.745,2.05,0.0));
#2369=DIRECTION('',(1.0,0.0,0.0));
#2370=DIRECTION('',(0.0,0.0,-1.0));
#2371=ORIENTED_EDGE('',*,*,#2736,.T.);
#2372=ORIENTED_EDGE('',*,*,#2753,.T.);
#2373=ORIENTED_EDGE('',*,*,#2849,.T.);
#2374=ORIENTED_EDGE('',*,*,#2850,.T.);
#2375=ORIENTED_EDGE('',*,*,#2847,.T.);
#2376=ORIENTED_EDGE('',*,*,#2839,.T.);
#2377=ORIENTED_EDGE('',*,*,#2836,.T.);
#2378=ORIENTED_EDGE('',*,*,#2786,.T.);
#2379=ORIENTED_EDGE('',*,*,#2833,.T.);
#2380=ORIENTED_EDGE('',*,*,#2826,.T.);
#2381=ORIENTED_EDGE('',*,*,#2823,.T.);
#2382=ORIENTED_EDGE('',*,*,#2782,.T.);
#2383=ORIENTED_EDGE('',*,*,#2820,.T.);
#2384=ORIENTED_EDGE('',*,*,#2813,.T.);
#2385=ORIENTED_EDGE('',*,*,#2810,.T.);
#2386=ORIENTED_EDGE('',*,*,#2778,.T.);
#2387=ORIENTED_EDGE('',*,*,#2807,.T.);
#2388=ORIENTED_EDGE('',*,*,#2748,.T.);
#2389=ORIENTED_EDGE('',*,*,#2744,.T.);
#2390=ORIENTED_EDGE('',*,*,#2776,.T.);
#2391=CARTESIAN_POINT('',(0.0,2.05,1.1));
#2392=DIRECTION('',(0.0,0.0,1.0));
#2393=DIRECTION('',(1.0,0.0,0.0));
#2394=ORIENTED_EDGE('',*,*,#2677,.T.);
#2395=ORIENTED_EDGE('',*,*,#2637,.T.);
#2396=ORIENTED_EDGE('',*,*,#2687,.T.);
#2397=ORIENTED_EDGE('',*,*,#2601,.T.);
#2398=ORIENTED_EDGE('',*,*,#2697,.T.);
#2399=ORIENTED_EDGE('',*,*,#2565,.T.);
#2400=ORIENTED_EDGE('',*,*,#2707,.T.);
#2401=ORIENTED_EDGE('',*,*,#2529,.T.);
#2402=ORIENTED_EDGE('',*,*,#2851,.T.);
#2403=ORIENTED_EDGE('',*,*,#2773,.F.);
#2404=ORIENTED_EDGE('',*,*,#2848,.F.);
#2405=ORIENTED_EDGE('',*,*,#2850,.F.);
#2406=CARTESIAN_POINT('',(0.0,4.1,0.0));
#2407=DIRECTION('',(0.0,-1.0,0.0));
#2408=DIRECTION('',(0.0,0.0,-1.0));
#2409=ORIENTED_EDGE('',*,*,#2846,.T.);
#2410=ORIENTED_EDGE('',*,*,#2805,.T.);
#2411=ORIENTED_EDGE('',*,*,#2774,.F.);
#2412=ORIENTED_EDGE('',*,*,#2851,.F.);
#2413=ORIENTED_EDGE('',*,*,#2849,.F.);
#2414=ORIENTED_EDGE('',*,*,#2752,.T.);
#2415=ORIENTED_EDGE('',*,*,#2757,.T.);
#2416=ORIENTED_EDGE('',*,*,#2801,.T.);
#2417=CARTESIAN_POINT('',(2.745,2.05,0.0));
#2418=DIRECTION('',(-1.0,0.0,0.0));
#2419=DIRECTION('',(0.0,0.0,1.0));
#2420=EDGE_CURVE('',#2852,#2853,#2854,.T.);
#2421=EDGE_CURVE('',#2852,#2855,#2856,.T.);
#2422=EDGE_CURVE('',#2855,#2857,#2858,.T.);
#2423=EDGE_CURVE('',#2859,#2857,#2860,.T.);
#2424=EDGE_CURVE('',#2861,#2859,#2862,.T.);
#2425=EDGE_CURVE('',#2853,#2861,#2863,.T.);
#2426=EDGE_CURVE('',#2864,#2865,#2866,.T.);
#2427=EDGE_CURVE('',#2864,#2867,#2868,.T.);
#2428=EDGE_CURVE('',#2867,#2869,#2870,.T.);
#2429=EDGE_CURVE('',#2871,#2869,#2872,.T.);
#2430=EDGE_CURVE('',#2873,#2871,#2874,.T.);
#2431=EDGE_CURVE('',#2865,#2873,#2875,.T.);
#2432=EDGE_CURVE('',#2876,#2877,#2878,.T.);
#2433=EDGE_CURVE('',#2876,#2879,#2880,.T.);
#2434=EDGE_CURVE('',#2879,#2881,#2882,.T.);
#2435=EDGE_CURVE('',#2883,#2881,#2884,.T.);
#2436=EDGE_CURVE('',#2885,#2883,#2886,.T.);
#2437=EDGE_CURVE('',#2877,#2885,#2887,.T.);
#2438=EDGE_CURVE('',#2888,#2889,#2890,.T.);
#2439=EDGE_CURVE('',#2888,#2891,#2892,.T.);
#2440=EDGE_CURVE('',#2891,#2893,#2894,.T.);
#2441=EDGE_CURVE('',#2895,#2893,#2896,.T.);
#2442=EDGE_CURVE('',#2897,#2895,#2898,.T.);
#2443=EDGE_CURVE('',#2889,#2897,#2899,.T.);
#2444=EDGE_CURVE('',#2900,#2901,#2902,.T.);
#2445=EDGE_CURVE('',#2900,#2903,#2904,.T.);
#2446=EDGE_CURVE('',#2903,#2905,#2906,.T.);
#2447=EDGE_CURVE('',#2907,#2905,#2908,.T.);
#2448=EDGE_CURVE('',#2909,#2907,#2910,.T.);
#2449=EDGE_CURVE('',#2901,#2909,#2911,.T.);
#2450=EDGE_CURVE('',#2861,#2903,#2912,.T.);
#2451=EDGE_CURVE('',#2859,#2913,#2914,.T.);
#2452=EDGE_CURVE('',#2915,#2913,#2916,.T.);
#2453=EDGE_CURVE('',#2905,#2915,#2917,.T.);
#2454=EDGE_CURVE('',#2918,#2919,#2920,.T.);
#2455=EDGE_CURVE('',#2857,#2918,#2921,.T.);
#2456=EDGE_CURVE('',#2922,#2855,#2923,.T.);
#2457=EDGE_CURVE('',#2919,#2922,#2924,.T.);
#2458=EDGE_CURVE('',#2919,#2925,#2926,.T.);
#2459=EDGE_CURVE('',#2925,#2922,#2927,.T.);
#2460=EDGE_CURVE('',#2909,#2928,#2929,.T.);
#2461=EDGE_CURVE('',#2907,#2930,#2931,.T.);
#2462=EDGE_CURVE('',#2932,#2930,#2933,.T.);
#2463=EDGE_CURVE('',#2928,#2932,#2934,.T.);
#2464=EDGE_CURVE('',#2935,#2936,#2937,.T.);
#2465=EDGE_CURVE('',#2935,#2938,#2939,.T.);
#2466=EDGE_CURVE('',#2938,#2940,#2941,.T.);
#2467=EDGE_CURVE('',#2942,#2940,#2943,.T.);
#2468=EDGE_CURVE('',#2944,#2942,#2945,.T.);
#2469=EDGE_CURVE('',#2936,#2944,#2946,.T.);
#2470=EDGE_CURVE('',#2873,#2938,#2947,.T.);
#2471=EDGE_CURVE('',#2871,#2948,#2949,.T.);
#2472=EDGE_CURVE('',#2950,#2948,#2951,.T.);
#2473=EDGE_CURVE('',#2940,#2950,#2952,.T.);
#2474=EDGE_CURVE('',#2953,#2954,#2955,.T.);
#2475=EDGE_CURVE('',#2869,#2953,#2956,.T.);
#2476=EDGE_CURVE('',#2957,#2867,#2958,.T.);
#2477=EDGE_CURVE('',#2954,#2957,#2959,.T.);
#2478=EDGE_CURVE('',#2954,#2960,#2961,.T.);
#2479=EDGE_CURVE('',#2960,#2957,#2962,.T.);
#2480=EDGE_CURVE('',#2944,#2963,#2964,.T.);
#2481=EDGE_CURVE('',#2942,#2965,#2966,.T.);
#2482=EDGE_CURVE('',#2967,#2965,#2968,.T.);
#2483=EDGE_CURVE('',#2963,#2967,#2969,.T.);
#2484=EDGE_CURVE('',#2970,#2971,#2972,.T.);
#2485=EDGE_CURVE('',#2970,#2973,#2974,.T.);
#2486=EDGE_CURVE('',#2973,#2975,#2976,.T.);
#2487=EDGE_CURVE('',#2977,#2975,#2978,.T.);
#2488=EDGE_CURVE('',#2979,#2977,#2980,.T.);
#2489=EDGE_CURVE('',#2971,#2979,#2981,.T.);
#2490=EDGE_CURVE('',#2885,#2973,#2982,.T.);
#2491=EDGE_CURVE('',#2883,#2983,#2984,.T.);
#2492=EDGE_CURVE('',#2985,#2983,#2986,.T.);
#2493=EDGE_CURVE('',#2975,#2985,#2987,.T.);
#2494=EDGE_CURVE('',#2988,#2989,#2990,.T.);
#2495=EDGE_CURVE('',#2881,#2988,#2991,.T.);
#2496=EDGE_CURVE('',#2992,#2879,#2993,.T.);
#2497=EDGE_CURVE('',#2989,#2992,#2994,.T.);
#2498=EDGE_CURVE('',#2989,#2995,#2996,.T.);
#2499=EDGE_CURVE('',#2995,#2992,#2997,.T.);
#2500=EDGE_CURVE('',#2979,#2998,#2999,.T.);
#2501=EDGE_CURVE('',#2977,#3000,#3001,.T.);
#2502=EDGE_CURVE('',#3002,#3000,#3003,.T.);
#2503=EDGE_CURVE('',#2998,#3002,#3004,.T.);
#2504=EDGE_CURVE('',#3005,#3006,#3007,.T.);
#2505=EDGE_CURVE('',#3005,#3008,#3009,.T.);
#2506=EDGE_CURVE('',#3008,#3010,#3011,.T.);
#2507=EDGE_CURVE('',#3012,#3010,#3013,.T.);
#2508=EDGE_CURVE('',#3014,#3012,#3015,.T.);
#2509=EDGE_CURVE('',#3006,#3014,#3016,.T.);
#2510=EDGE_CURVE('',#2897,#3008,#3017,.T.);
#2511=EDGE_CURVE('',#2895,#3018,#3019,.T.);
#2512=EDGE_CURVE('',#3020,#3018,#3021,.T.);
#2513=EDGE_CURVE('',#3010,#3020,#3022,.T.);
#2514=EDGE_CURVE('',#3023,#3024,#3025,.T.);
#2515=EDGE_CURVE('',#2893,#3023,#3026,.T.);
#2516=EDGE_CURVE('',#3027,#2891,#3028,.T.);
#2517=EDGE_CURVE('',#3024,#3027,#3029,.T.);
#2518=EDGE_CURVE('',#3024,#3030,#3031,.T.);
#2519=EDGE_CURVE('',#3030,#3027,#3032,.T.);
#2520=EDGE_CURVE('',#3014,#3033,#3034,.T.);
#2521=EDGE_CURVE('',#3012,#3035,#3036,.T.);
#2522=EDGE_CURVE('',#3037,#3035,#3038,.T.);
#2523=EDGE_CURVE('',#3033,#3037,#3039,.T.);
#2524=EDGE_CURVE('',#3040,#3041,#3042,.T.);
#2525=EDGE_CURVE('',#3040,#3043,#3044,.T.);
#2526=EDGE_CURVE('',#3045,#3043,#3046,.T.);
#2527=EDGE_CURVE('',#3041,#3045,#3047,.T.);
#2528=EDGE_CURVE('',#3048,#3049,#3050,.T.);
#2529=EDGE_CURVE('',#3051,#3048,#3052,.T.);
#2530=EDGE_CURVE('',#3053,#3051,#3054,.T.);
#2531=EDGE_CURVE('',#3049,#3053,#3055,.T.);
#2532=EDGE_CURVE('',#3049,#3056,#3057,.T.);
#2533=EDGE_CURVE('',#3058,#3053,#3059,.T.);
#2534=EDGE_CURVE('',#3056,#3058,#3060,.T.);
#2535=EDGE_CURVE('',#3061,#3062,#3063,.T.);
#2536=EDGE_CURVE('',#3061,#3064,#3065,.T.);
#2537=EDGE_CURVE('',#3066,#3064,#3067,.T.);
#2538=EDGE_CURVE('',#3062,#3066,#3068,.T.);
#2539=EDGE_CURVE('',#3062,#3069,#3070,.T.);
#2540=EDGE_CURVE('',#3071,#3066,#3072,.T.);
#2541=EDGE_CURVE('',#3069,#3071,#3073,.T.);
#2542=EDGE_CURVE('',#3069,#3040,#3074,.T.);
#2543=EDGE_CURVE('',#3043,#3071,#3075,.T.);
#2544=EDGE_CURVE('',#3076,#3077,#3078,.T.);
#2545=EDGE_CURVE('',#3076,#3079,#3080,.T.);
#2546=EDGE_CURVE('',#3081,#3079,#3082,.T.);
#2547=EDGE_CURVE('',#3077,#3081,#3083,.T.);
#2548=EDGE_CURVE('',#3084,#3081,#3085,.T.);
#2549=EDGE_CURVE('',#3077,#3084,#3086,.T.);
#2550=EDGE_CURVE('',#3087,#3041,#3088,.T.);
#2551=EDGE_CURVE('',#3089,#3087,#3090,.T.);
#2552=EDGE_CURVE('',#3045,#3089,#3091,.T.);
#2553=EDGE_CURVE('',#3045,#3041,#3092,.T.);
#2554=EDGE_CURVE('',#3087,#3093,#3094,.T.);
#2555=EDGE_CURVE('',#3087,#3089,#3095,.T.);
#2556=EDGE_CURVE('',#3096,#3089,#3097,.T.);
#2557=EDGE_CURVE('',#3093,#3096,#3098,.T.);
#2558=EDGE_CURVE('',#3093,#3076,#3099,.T.);
#2559=EDGE_CURVE('',#3079,#3096,#3100,.T.);
#2560=EDGE_CURVE('',#3101,#3102,#3103,.T.);
#2561=EDGE_CURVE('',#3101,#3104,#3105,.T.);
#2562=EDGE_CURVE('',#3106,#3104,#3107,.T.);
#2563=EDGE_CURVE('',#3102,#3106,#3108,.T.);
#2564=EDGE_CURVE('',#3109,#3110,#3111,.T.);
#2565=EDGE_CURVE('',#3112,#3109,#3113,.T.);
#2566=EDGE_CURVE('',#3114,#3112,#3115,.T.);
#2567=EDGE_CURVE('',#3110,#3114,#3116,.T.);
#2568=EDGE_CURVE('',#3110,#3117,#3118,.T.);
#2569=EDGE_CURVE('',#3119,#3114,#3120,.T.);
#2570=EDGE_CURVE('',#3117,#3119,#3121,.T.);
#2571=EDGE_CURVE('',#3122,#3123,#3124,.T.);
#2572=EDGE_CURVE('',#3122,#3125,#3126,.T.);
#2573=EDGE_CURVE('',#3127,#3125,#3128,.T.);
#2574=EDGE_CURVE('',#3123,#3127,#3129,.T.);
#2575=EDGE_CURVE('',#3123,#3130,#3131,.T.);
#2576=EDGE_CURVE('',#3132,#3127,#3133,.T.);
#2577=EDGE_CURVE('',#3130,#3132,#3134,.T.);
#2578=EDGE_CURVE('',#3130,#3101,#3135,.T.);
#2579=EDGE_CURVE('',#3104,#3132,#3136,.T.);
#2580=EDGE_CURVE('',#3137,#3138,#3139,.T.);
#2581=EDGE_CURVE('',#3137,#3140,#3141,.T.);
#2582=EDGE_CURVE('',#3142,#3140,#3143,.T.);
#2583=EDGE_CURVE('',#3138,#3142,#3144,.T.);
#2584=EDGE_CURVE('',#3145,#3142,#3146,.T.);
#2585=EDGE_CURVE('',#3138,#3145,#3147,.T.);
#2586=EDGE_CURVE('',#3148,#3102,#3149,.T.);
#2587=EDGE_CURVE('',#3150,#3148,#3151,.T.);
#2588=EDGE_CURVE('',#3106,#3150,#3152,.T.);
#2589=EDGE_CURVE('',#3106,#3102,#3153,.T.);
#2590=EDGE_CURVE('',#3148,#3154,#3155,.T.);
#2591=EDGE_CURVE('',#3148,#3150,#3156,.T.);
#2592=EDGE_CURVE('',#3157,#3150,#3158,.T.);
#2593=EDGE_CURVE('',#3154,#3157,#3159,.T.);
#2594=EDGE_CURVE('',#3154,#3137,#3160,.T.);
#2595=EDGE_CURVE('',#3140,#3157,#3161,.T.);
#2596=EDGE_CURVE('',#3162,#3163,#3164,.T.);
#2597=EDGE_CURVE('',#3162,#3165,#3166,.T.);
#2598=EDGE_CURVE('',#3167,#3165,#3168,.T.);
#2599=EDGE_CURVE('',#3163,#3167,#3169,.T.);
#2600=EDGE_CURVE('',#3170,#3171,#3172,.T.);
#2601=EDGE_CURVE('',#3173,#3170,#3174,.T.);
#2602=EDGE_CURVE('',#3175,#3173,#3176,.T.);
#2603=EDGE_CURVE('',#3171,#3175,#3177,.T.);
#2604=EDGE_CURVE('',#3171,#3178,#3179,.T.);
#2605=EDGE_CURVE('',#3180,#3175,#3181,.T.);
#2606=EDGE_CURVE('',#3178,#3180,#3182,.T.);
#2607=EDGE_CURVE('',#3183,#3184,#3185,.T.);
#2608=EDGE_CURVE('',#3183,#3186,#3187,.T.);
#2609=EDGE_CURVE('',#3188,#3186,#3189,.T.);
#2610=EDGE_CURVE('',#3184,#3188,#3190,.T.);
#2611=EDGE_CURVE('',#3184,#3191,#3192,.T.);
#2612=EDGE_CURVE('',#3193,#3188,#3194,.T.);
#2613=EDGE_CURVE('',#3191,#3193,#3195,.T.);
#2614=EDGE_CURVE('',#3191,#3162,#3196,.T.);
#2615=EDGE_CURVE('',#3165,#3193,#3197,.T.);
#2616=EDGE_CURVE('',#3198,#3199,#3200,.T.);
#2617=EDGE_CURVE('',#3198,#3201,#3202,.T.);
#2618=EDGE_CURVE('',#3203,#3201,#3204,.T.);
#2619=EDGE_CURVE('',#3199,#3203,#3205,.T.);
#2620=EDGE_CURVE('',#3206,#3203,#3207,.T.);
#2621=EDGE_CURVE('',#3199,#3206,#3208,.T.);
#2622=EDGE_CURVE('',#3209,#3163,#3210,.T.);
#2623=EDGE_CURVE('',#3211,#3209,#3212,.T.);
#2624=EDGE_CURVE('',#3167,#3211,#3213,.T.);
#2625=EDGE_CURVE('',#3167,#3163,#3214,.T.);
#2626=EDGE_CURVE('',#3209,#3215,#3216,.T.);
#2627=EDGE_CURVE('',#3209,#3211,#3217,.T.);
#2628=EDGE_CURVE('',#3218,#3211,#3219,.T.);
#2629=EDGE_CURVE('',#3215,#3218,#3220,.T.);
#2630=EDGE_CURVE('',#3215,#3198,#3221,.T.);
#2631=EDGE_CURVE('',#3201,#3218,#3222,.T.);
#2632=EDGE_CURVE('',#3223,#3224,#3225,.T.);
#2633=EDGE_CURVE('',#3223,#3226,#3227,.T.);
#2634=EDGE_CURVE('',#3228,#3226,#3229,.T.);
#2635=EDGE_CURVE('',#3224,#3228,#3230,.T.);
#2636=EDGE_CURVE('',#3231,#3232,#3233,.T.);
#2637=EDGE_CURVE('',#3234,#3231,#3235,.T.);
#2638=EDGE_CURVE('',#3236,#3234,#3237,.T.);
#2639=EDGE_CURVE('',#3232,#3236,#3238,.T.);
#2640=EDGE_CURVE('',#3232,#3239,#3240,.T.);
#2641=EDGE_CURVE('',#3241,#3236,#3242,.T.);
#2642=EDGE_CURVE('',#3239,#3241,#3243,.T.);
#2643=EDGE_CURVE('',#3244,#3245,#3246,.T.);
#2644=EDGE_CURVE('',#3244,#3247,#3248,.T.);
#2645=EDGE_CURVE('',#3249,#3247,#3250,.T.);
#2646=EDGE_CURVE('',#3245,#3249,#3251,.T.);
#2647=EDGE_CURVE('',#3245,#3252,#3253,.T.);
#2648=EDGE_CURVE('',#3254,#3249,#3255,.T.);
#2649=EDGE_CURVE('',#3252,#3254,#3256,.T.);
#2650=EDGE_CURVE('',#3252,#3223,#3257,.T.);
#2651=EDGE_CURVE('',#3226,#3254,#3258,.T.);
#2652=EDGE_CURVE('',#3259,#3260,#3261,.T.);
#2653=EDGE_CURVE('',#3259,#3262,#3263,.T.);
#2654=EDGE_CURVE('',#3264,#3262,#3265,.T.);
#2655=EDGE_CURVE('',#3260,#3264,#3266,.T.);
#2656=EDGE_CURVE('',#3267,#3264,#3268,.T.);
#2657=EDGE_CURVE('',#3260,#3267,#3269,.T.);
#2658=EDGE_CURVE('',#3270,#3224,#3271,.T.);
#2659=EDGE_CURVE('',#3272,#3270,#3273,.T.);
#2660=EDGE_CURVE('',#3228,#3272,#3274,.T.);
#2661=EDGE_CURVE('',#3228,#3224,#3275,.T.);
#2662=EDGE_CURVE('',#3270,#3276,#3277,.T.);
#2663=EDGE_CURVE('',#3270,#3272,#3278,.T.);
#2664=EDGE_CURVE('',#3279,#3272,#3280,.T.);
#2665=EDGE_CURVE('',#3276,#3279,#3281,.T.);
#2666=EDGE_CURVE('',#3276,#3259,#3282,.T.);
#2667=EDGE_CURVE('',#3262,#3279,#3283,.T.);
#2668=EDGE_CURVE('',#3262,#3259,#3284,.T.);
#2669=EDGE_CURVE('',#3279,#3276,#3285,.T.);
#2670=EDGE_CURVE('',#3264,#3260,#3286,.T.);
#2671=EDGE_CURVE('',#3226,#3223,#3287,.T.);
#2672=EDGE_CURVE('',#3254,#3252,#3288,.T.);
#2673=EDGE_CURVE('',#3249,#3245,#3289,.T.);
#2674=EDGE_CURVE('',#3247,#3244,#3290,.T.);
#2675=EDGE_CURVE('',#3241,#3239,#3291,.T.);
#2676=EDGE_CURVE('',#3236,#3232,#3292,.T.);
#2677=EDGE_CURVE('',#3231,#3234,#3293,.T.);
#2678=EDGE_CURVE('',#3201,#3198,#3294,.T.);
#2679=EDGE_CURVE('',#3218,#3215,#3295,.T.);
#2680=EDGE_CURVE('',#3203,#3199,#3296,.T.);
#2681=EDGE_CURVE('',#3165,#3162,#3297,.T.);
#2682=EDGE_CURVE('',#3193,#3191,#3298,.T.);
#2683=EDGE_CURVE('',#3188,#3184,#3299,.T.);
#2684=EDGE_CURVE('',#3186,#3183,#3300,.T.);
#2685=EDGE_CURVE('',#3180,#3178,#3301,.T.);
#2686=EDGE_CURVE('',#3175,#3171,#3302,.T.);
#2687=EDGE_CURVE('',#3170,#3173,#3303,.T.);
#2688=EDGE_CURVE('',#3140,#3137,#3304,.T.);
#2689=EDGE_CURVE('',#3157,#3154,#3305,.T.);
#2690=EDGE_CURVE('',#3142,#3138,#3306,.T.);
#2691=EDGE_CURVE('',#3104,#3101,#3307,.T.);
#2692=EDGE_CURVE('',#3132,#3130,#3308,.T.);
#2693=EDGE_CURVE('',#3127,#3123,#3309,.T.);
#2694=EDGE_CURVE('',#3125,#3122,#3310,.T.);
#2695=EDGE_CURVE('',#3119,#3117,#3311,.T.);
#2696=EDGE_CURVE('',#3114,#3110,#3312,.T.);
#2697=EDGE_CURVE('',#3109,#3112,#3313,.T.);
#2698=EDGE_CURVE('',#3079,#3076,#3314,.T.);
#2699=EDGE_CURVE('',#3096,#3093,#3315,.T.);
#2700=EDGE_CURVE('',#3081,#3077,#3316,.T.);
#2701=EDGE_CURVE('',#3043,#3040,#3317,.T.);
#2702=EDGE_CURVE('',#3071,#3069,#3318,.T.);
#2703=EDGE_CURVE('',#3066,#3062,#3319,.T.);
#2704=EDGE_CURVE('',#3064,#3061,#3320,.T.);
#2705=EDGE_CURVE('',#3058,#3056,#3321,.T.);
#2706=EDGE_CURVE('',#3053,#3049,#3322,.T.);
#2707=EDGE_CURVE('',#3048,#3051,#3323,.T.);
#2708=EDGE_CURVE('',#3037,#3033,#3324,.T.);
#2709=EDGE_CURVE('',#3035,#3006,#3325,.T.);
#2710=EDGE_CURVE('',#3027,#3024,#3326,.T.);
#2711=EDGE_CURVE('',#3023,#2888,#3327,.T.);
#2712=EDGE_CURVE('',#3018,#2889,#3328,.T.);
#2713=EDGE_CURVE('',#3020,#3005,#3329,.T.);
#2714=EDGE_CURVE('',#3002,#2998,#3330,.T.);
#2715=EDGE_CURVE('',#3000,#2971,#3331,.T.);
#2716=EDGE_CURVE('',#2992,#2989,#3332,.T.);
#2717=EDGE_CURVE('',#2988,#2876,#3333,.T.);
#2718=EDGE_CURVE('',#2983,#2877,#3334,.T.);
#2719=EDGE_CURVE('',#2985,#2970,#3335,.T.);
#2720=EDGE_CURVE('',#2967,#2963,#3336,.T.);
#2721=EDGE_CURVE('',#2965,#2936,#3337,.T.);
#2722=EDGE_CURVE('',#2957,#2954,#3338,.T.);
#2723=EDGE_CURVE('',#2953,#2864,#3339,.T.);
#2724=EDGE_CURVE('',#2948,#2865,#3340,.T.);
#2725=EDGE_CURVE('',#2950,#2935,#3341,.T.);
#2726=EDGE_CURVE('',#2932,#2928,#3342,.T.);
#2727=EDGE_CURVE('',#2930,#2901,#3343,.T.);
#2728=EDGE_CURVE('',#2922,#2919,#3344,.T.);
#2729=EDGE_CURVE('',#2918,#2852,#3345,.T.);
#2730=EDGE_CURVE('',#2913,#2853,#3346,.T.);
#2731=EDGE_CURVE('',#2915,#2900,#3347,.T.);
#2732=EDGE_CURVE('',#3348,#3349,#3350,.T.);
#2733=EDGE_CURVE('',#3351,#3348,#3352,.T.);
#2734=EDGE_CURVE('',#3353,#3351,#3354,.T.);
#2735=EDGE_CURVE('',#3349,#3353,#3355,.T.);
#2736=EDGE_CURVE('',#3356,#3357,#3358,.T.);
#2737=EDGE_CURVE('',#3359,#3356,#3360,.T.);
#2738=EDGE_CURVE('',#3361,#3359,#3362,.T.);
#2739=EDGE_CURVE('',#3357,#3361,#3363,.T.);
#2740=EDGE_CURVE('',#3364,#3365,#3366,.T.);
#2741=EDGE_CURVE('',#3367,#3364,#3368,.T.);
#2742=EDGE_CURVE('',#3369,#3367,#3370,.T.);
#2743=EDGE_CURVE('',#3369,#3365,#3371,.T.);
#2744=EDGE_CURVE('',#3372,#3373,#3374,.T.);
#2745=EDGE_CURVE('',#3375,#3372,#3376,.T.);
#2746=EDGE_CURVE('',#3377,#3375,#3378,.T.);
#2747=EDGE_CURVE('',#3377,#3373,#3379,.T.);
#2748=EDGE_CURVE('',#3380,#3372,#3381,.T.);
#2749=EDGE_CURVE('',#3380,#3382,#3383,.T.);
#2750=EDGE_CURVE('',#3382,#3375,#3384,.T.);
#2751=EDGE_CURVE('',#3361,#3385,#3386,.T.);
#2752=EDGE_CURVE('',#3387,#3385,#3388,.T.);
#2753=EDGE_CURVE('',#3357,#3387,#3389,.T.);
#2754=EDGE_CURVE('',#3382,#3390,#3391,.T.);
#2755=EDGE_CURVE('',#3390,#3377,#3392,.T.);
#2756=EDGE_CURVE('',#3359,#3393,#3394,.T.);
#2757=EDGE_CURVE('',#3385,#3393,#3395,.T.);
#2758=EDGE_CURVE('',#3351,#3369,#3396,.T.);
#2759=EDGE_CURVE('',#3367,#3397,#3398,.T.);
#2760=EDGE_CURVE('',#3397,#3399,#3400,.T.);
#2761=EDGE_CURVE('',#3399,#3401,#3402,.T.);
#2762=EDGE_CURVE('',#3401,#3403,#3404,.T.);
#2763=EDGE_CURVE('',#3403,#3405,#3406,.T.);
#2764=EDGE_CURVE('',#3405,#3407,#3408,.T.);
#2765=EDGE_CURVE('',#3407,#3409,#3410,.T.);
#2766=EDGE_CURVE('',#3409,#3411,#3412,.T.);
#2767=EDGE_CURVE('',#3411,#3413,#3414,.T.);
#2768=EDGE_CURVE('',#3413,#3415,#3416,.T.);
#2769=EDGE_CURVE('',#3415,#3417,#3418,.T.);
#2770=EDGE_CURVE('',#3417,#3419,#3420,.T.);
#2771=EDGE_CURVE('',#3419,#3421,#3422,.T.);
#2772=EDGE_CURVE('',#3421,#3423,#3424,.T.);
#2773=EDGE_CURVE('',#3423,#3425,#3426,.T.);
#2774=EDGE_CURVE('',#3425,#3427,#3428,.T.);
#2775=EDGE_CURVE('',#3427,#3353,#3429,.T.);
#2776=EDGE_CURVE('',#3373,#3356,#3430,.T.);
#2777=EDGE_CURVE('',#3390,#3431,#3432,.T.);
#2778=EDGE_CURVE('',#3433,#3431,#3434,.T.);
#2779=EDGE_CURVE('',#3435,#3433,#3436,.T.);
#2780=EDGE_CURVE('',#3437,#3435,#3438,.T.);
#2781=EDGE_CURVE('',#3437,#3439,#3440,.T.);
#2782=EDGE_CURVE('',#3441,#3439,#3442,.T.);
#2783=EDGE_CURVE('',#3443,#3441,#3444,.T.);
#2784=EDGE_CURVE('',#3445,#3443,#3446,.T.);
#2785=EDGE_CURVE('',#3445,#3447,#3448,.T.);
#2786=EDGE_CURVE('',#3449,#3447,#3450,.T.);
#2787=EDGE_CURVE('',#3451,#3449,#3452,.T.);
#2788=EDGE_CURVE('',#3453,#3451,#3454,.T.);
#2789=EDGE_CURVE('',#3455,#3453,#3456,.T.);
#2790=EDGE_CURVE('',#3455,#3457,#3458,.T.);
#2791=EDGE_CURVE('',#3417,#3457,#3459,.T.);
#2792=EDGE_CURVE('',#3415,#3460,#3461,.T.);
#2793=EDGE_CURVE('',#3460,#3462,#3463,.T.);
#2794=EDGE_CURVE('',#3409,#3462,#3464,.T.);
#2795=EDGE_CURVE('',#3407,#3465,#3466,.T.);
#2796=EDGE_CURVE('',#3465,#3467,#3468,.T.);
#2797=EDGE_CURVE('',#3401,#3467,#3469,.T.);
#2798=EDGE_CURVE('',#3399,#3470,#3471,.T.);
#2799=EDGE_CURVE('',#3470,#3365,#3472,.T.);
#2800=EDGE_CURVE('',#3348,#3473,#3474,.T.);
#2801=EDGE_CURVE('',#3393,#3473,#3475,.T.);
#2802=EDGE_CURVE('',#3470,#3476,#3477,.T.);
#2803=EDGE_CURVE('',#3364,#3476,#3478,.T.);
#2804=EDGE_CURVE('',#3476,#3397,#3479,.T.);
#2805=EDGE_CURVE('',#3480,#3427,#3481,.T.);
#2806=EDGE_CURVE('',#3480,#3349,#3482,.T.);
#2807=EDGE_CURVE('',#3431,#3380,#3483,.T.);
#2808=EDGE_CURVE('',#3484,#3467,#3485,.T.);
#2809=EDGE_CURVE('',#3403,#3484,#3486,.T.);
#2810=EDGE_CURVE('',#3487,#3433,#3488,.T.);
#2811=EDGE_CURVE('',#3489,#3487,#3490,.T.);
#2812=EDGE_CURVE('',#3435,#3489,#3491,.T.);
#2813=EDGE_CURVE('',#3492,#3487,#3493,.T.);
#2814=EDGE_CURVE('',#3492,#3494,#3495,.T.);
#2815=EDGE_CURVE('',#3494,#3489,#3496,.T.);
#2816=EDGE_CURVE('',#3494,#3437,#3497,.T.);
#2817=EDGE_CURVE('',#3465,#3498,#3499,.T.);
#2818=EDGE_CURVE('',#3484,#3498,#3500,.T.);
#2819=EDGE_CURVE('',#3498,#3405,#3501,.T.);
#2820=EDGE_CURVE('',#3439,#3492,#3502,.T.);
#2821=EDGE_CURVE('',#3503,#3462,#3504,.T.);
#2822=EDGE_CURVE('',#3411,#3503,#3505,.T.);
#2823=EDGE_CURVE('',#3506,#3441,#3507,.T.);
#2824=EDGE_CURVE('',#3508,#3506,#3509,.T.);
#2825=EDGE_CURVE('',#3443,#3508,#3510,.T.);
#2826=EDGE_CURVE('',#3511,#3506,#3512,.T.);
#2827=EDGE_CURVE('',#3511,#3513,#3514,.T.);
#2828=EDGE_CURVE('',#3513,#3508,#3515,.T.);
#2829=EDGE_CURVE('',#3513,#3445,#3516,.T.);
#2830=EDGE_CURVE('',#3460,#3517,#3518,.T.);
#2831=EDGE_CURVE('',#3503,#3517,#3519,.T.);
#2832=EDGE_CURVE('',#3517,#3413,#3520,.T.);
#2833=EDGE_CURVE('',#3447,#3511,#3521,.T.);
#2834=EDGE_CURVE('',#3522,#3457,#3523,.T.);
#2835=EDGE_CURVE('',#3419,#3522,#3524,.T.);
#2836=EDGE_CURVE('',#3525,#3449,#3526,.T.);
#2837=EDGE_CURVE('',#3527,#3525,#3528,.T.);
#2838=EDGE_CURVE('',#3451,#3527,#3529,.T.);
#2839=EDGE_CURVE('',#3530,#3525,#3531,.T.);
#2840=EDGE_CURVE('',#3530,#3532,#3533,.T.);
#2841=EDGE_CURVE('',#3532,#3527,#3534,.T.);
#2842=EDGE_CURVE('',#3522,#3535,#3536,.T.);
#2843=EDGE_CURVE('',#3535,#3421,#3537,.T.);
#2844=EDGE_CURVE('',#3453,#3532,#3538,.T.);
#2845=EDGE_CURVE('',#3535,#3455,#3539,.T.);
#2846=EDGE_CURVE('',#3473,#3480,#3540,.T.);
#2847=EDGE_CURVE('',#3541,#3530,#3542,.T.);
#2848=EDGE_CURVE('',#3541,#3423,#3543,.T.);
#2849=EDGE_CURVE('',#3387,#3544,#3545,.T.);
#2850=EDGE_CURVE('',#3544,#3541,#3546,.T.);
#2851=EDGE_CURVE('',#3544,#3425,#3547,.T.);
#2852=VERTEX_POINT('',#3548);
#2853=VERTEX_POINT('',#3549);
#2854=CIRCLE('',#3550,0.88);
#2855=VERTEX_POINT('',#3551);
#2856=CIRCLE('',#3552,0.22);
#2857=VERTEX_POINT('',#3553);
#2858=CIRCLE('',#3554,0.22);
#2859=VERTEX_POINT('',#3555);
#2860=CIRCLE('',#3556,0.44);
#2861=VERTEX_POINT('',#3557);
#2862=CIRCLE('',#3558,0.22);
#2863=CIRCLE('',#3559,0.22);
#2864=VERTEX_POINT('',#3560);
#2865=VERTEX_POINT('',#3561);
#2866=CIRCLE('',#3562,0.88);
#2867=VERTEX_POINT('',#3563);
#2868=CIRCLE('',#3564,0.22);
#2869=VERTEX_POINT('',#3565);
#2870=CIRCLE('',#3566,0.22);
#2871=VERTEX_POINT('',#3567);
#2872=CIRCLE('',#3568,0.44);
#2873=VERTEX_POINT('',#3569);
#2874=CIRCLE('',#3570,0.22);
#2875=CIRCLE('',#3571,0.22);
#2876=VERTEX_POINT('',#3572);
#2877=VERTEX_POINT('',#3573);
#2878=CIRCLE('',#3574,0.88);
#2879=VERTEX_POINT('',#3575);
#2880=CIRCLE('',#3576,0.22);
#2881=VERTEX_POINT('',#3577);
#2882=CIRCLE('',#3578,0.22);
#2883=VERTEX_POINT('',#3579);
#2884=CIRCLE('',#3580,0.44);
#2885=VERTEX_POINT('',#3581);
#2886=CIRCLE('',#3582,0.22);
#2887=CIRCLE('',#3583,0.22);
#2888=VERTEX_POINT('',#3584);
#2889=VERTEX_POINT('',#3585);
#2890=CIRCLE('',#3586,0.88);
#2891=VERTEX_POINT('',#3587);
#2892=CIRCLE('',#3588,0.22);
#2893=VERTEX_POINT('',#3589);
#2894=CIRCLE('',#3590,0.22);
#2895=VERTEX_POINT('',#3591);
#2896=CIRCLE('',#3592,0.44);
#2897=VERTEX_POINT('',#3593);
#2898=CIRCLE('',#3594,0.22);
#2899=CIRCLE('',#3595,0.22);
#2900=VERTEX_POINT('',#3596);
#2901=VERTEX_POINT('',#3597);
#2902=CIRCLE('',#3598,0.0999999999999569);
#2903=VERTEX_POINT('',#3599);
#2904=CIRCLE('',#3600,0.22);
#2905=VERTEX_POINT('',#3601);
#2906=CIRCLE('',#3602,0.22);
#2907=VERTEX_POINT('',#3603);
#2908=CIRCLE('',#3604,0.0999999999999569);
#2909=VERTEX_POINT('',#3605);
#2910=CIRCLE('',#3606,0.249289321881349);
#2911=CIRCLE('',#3607,0.249289321881349);
#2912=LINE('',#3608,#3609);
#2913=VERTEX_POINT('',#3610);
#2914=CIRCLE('',#3611,0.22);
#2915=VERTEX_POINT('',#3612);
#2916=LINE('',#3613,#3614);
#2917=CIRCLE('',#3615,0.22);
#2918=VERTEX_POINT('',#3616);
#2919=VERTEX_POINT('',#3617);
#2920=LINE('',#3618,#3619);
#2921=CIRCLE('',#3620,0.22);
#2922=VERTEX_POINT('',#3621);
#2923=LINE('',#3622,#3623);
#2924=CIRCLE('',#3624,0.22);
#2925=VERTEX_POINT('',#3625);
#2926=CIRCLE('',#3626,0.22);
#2927=CIRCLE('',#3627,0.22);
#2928=VERTEX_POINT('',#3628);
#2929=LINE('',#3629,#3630);
#2930=VERTEX_POINT('',#3631);
#2931=CIRCLE('',#3632,0.249289321881349);
#2932=VERTEX_POINT('',#3633);
#2933=LINE('',#3634,#3635);
#2934=CIRCLE('',#3636,0.319999999999994);
#2935=VERTEX_POINT('',#3637);
#2936=VERTEX_POINT('',#3638);
#2937=CIRCLE('',#3639,0.0999999999999569);
#2938=VERTEX_POINT('',#3640);
#2939=CIRCLE('',#3641,0.22);
#2940=VERTEX_POINT('',#3642);
#2941=CIRCLE('',#3643,0.22);
#2942=VERTEX_POINT('',#3644);
#2943=CIRCLE('',#3645,0.0999999999999569);
#2944=VERTEX_POINT('',#3646);
#2945=CIRCLE('',#3647,0.249289321881349);
#2946=CIRCLE('',#3648,0.249289321881349);
#2947=LINE('',#3649,#3650);
#2948=VERTEX_POINT('',#3651);
#2949=CIRCLE('',#3652,0.22);
#2950=VERTEX_POINT('',#3653);
#2951=LINE('',#3654,#3655);
#2952=CIRCLE('',#3656,0.22);
#2953=VERTEX_POINT('',#3657);
#2954=VERTEX_POINT('',#3658);
#2955=LINE('',#3659,#3660);
#2956=CIRCLE('',#3661,0.22);
#2957=VERTEX_POINT('',#3662);
#2958=LINE('',#3663,#3664);
#2959=CIRCLE('',#3665,0.22);
#2960=VERTEX_POINT('',#3666);
#2961=CIRCLE('',#3667,0.22);
#2962=CIRCLE('',#3668,0.22);
#2963=VERTEX_POINT('',#3669);
#2964=LINE('',#3670,#3671);
#2965=VERTEX_POINT('',#3672);
#2966=CIRCLE('',#3673,0.249289321881349);
#2967=VERTEX_POINT('',#3674);
#2968=LINE('',#3675,#3676);
#2969=CIRCLE('',#3677,0.319999999999994);
#2970=VERTEX_POINT('',#3678);
#2971=VERTEX_POINT('',#3679);
#2972=CIRCLE('',#3680,0.0999999999999569);
#2973=VERTEX_POINT('',#3681);
#2974=CIRCLE('',#3682,0.22);
#2975=VERTEX_POINT('',#3683);
#2976=CIRCLE('',#3684,0.22);
#2977=VERTEX_POINT('',#3685);
#2978=CIRCLE('',#3686,0.0999999999999569);
#2979=VERTEX_POINT('',#3687);
#2980=CIRCLE('',#3688,0.249289321881349);
#2981=CIRCLE('',#3689,0.249289321881349);
#2982=LINE('',#3690,#3691);
#2983=VERTEX_POINT('',#3692);
#2984=CIRCLE('',#3693,0.22);
#2985=VERTEX_POINT('',#3694);
#2986=LINE('',#3695,#3696);
#2987=CIRCLE('',#3697,0.22);
#2988=VERTEX_POINT('',#3698);
#2989=VERTEX_POINT('',#3699);
#2990=LINE('',#3700,#3701);
#2991=CIRCLE('',#3702,0.22);
#2992=VERTEX_POINT('',#3703);
#2993=LINE('',#3704,#3705);
#2994=CIRCLE('',#3706,0.22);
#2995=VERTEX_POINT('',#3707);
#2996=CIRCLE('',#3708,0.22);
#2997=CIRCLE('',#3709,0.22);
#2998=VERTEX_POINT('',#3710);
#2999=LINE('',#3711,#3712);
#3000=VERTEX_POINT('',#3713);
#3001=CIRCLE('',#3714,0.249289321881349);
#3002=VERTEX_POINT('',#3715);
#3003=LINE('',#3716,#3717);
#3004=CIRCLE('',#3718,0.319999999999994);
#3005=VERTEX_POINT('',#3719);
#3006=VERTEX_POINT('',#3720);
#3007=CIRCLE('',#3721,0.0999999999999569);
#3008=VERTEX_POINT('',#3722);
#3009=CIRCLE('',#3723,0.22);
#3010=VERTEX_POINT('',#3724);
#3011=CIRCLE('',#3725,0.22);
#3012=VERTEX_POINT('',#3726);
#3013=CIRCLE('',#3727,0.0999999999999569);
#3014=VERTEX_POINT('',#3728);
#3015=CIRCLE('',#3729,0.249289321881349);
#3016=CIRCLE('',#3730,0.249289321881349);
#3017=LINE('',#3731,#3732);
#3018=VERTEX_POINT('',#3733);
#3019=CIRCLE('',#3734,0.22);
#3020=VERTEX_POINT('',#3735);
#3021=LINE('',#3736,#3737);
#3022=CIRCLE('',#3738,0.22);
#3023=VERTEX_POINT('',#3739);
#3024=VERTEX_POINT('',#3740);
#3025=LINE('',#3741,#3742);
#3026=CIRCLE('',#3743,0.22);
#3027=VERTEX_POINT('',#3744);
#3028=LINE('',#3745,#3746);
#3029=CIRCLE('',#3747,0.22);
#3030=VERTEX_POINT('',#3748);
#3031=CIRCLE('',#3749,0.22);
#3032=CIRCLE('',#3750,0.22);
#3033=VERTEX_POINT('',#3751);
#3034=LINE('',#3752,#3753);
#3035=VERTEX_POINT('',#3754);
#3036=CIRCLE('',#3755,0.249289321881349);
#3037=VERTEX_POINT('',#3756);
#3038=LINE('',#3757,#3758);
#3039=CIRCLE('',#3759,0.319999999999994);
#3040=VERTEX_POINT('',#3760);
#3041=VERTEX_POINT('',#3761);
#3042=LINE('',#3762,#3763);
#3043=VERTEX_POINT('',#3764);
#3044=CIRCLE('',#3765,0.15097819458649);
#3045=VERTEX_POINT('',#3766);
#3046=LINE('',#3767,#3768);
#3047=CIRCLE('',#3769,0.26538531953578);
#3048=VERTEX_POINT('',#3770);
#3049=VERTEX_POINT('',#3771);
#3050=LINE('',#3772,#3773);
#3051=VERTEX_POINT('',#3774);
#3052=CIRCLE('',#3775,0.5);
#3053=VERTEX_POINT('',#3776);
#3054=LINE('',#3777,#3778);
#3055=CIRCLE('',#3779,0.385);
#3056=VERTEX_POINT('',#3780);
#3057=LINE('',#3781,#3782);
#3058=VERTEX_POINT('',#3783);
#3059=LINE('',#3784,#3785);
#3060=CIRCLE('',#3786,0.385);
#3061=VERTEX_POINT('',#3787);
#3062=VERTEX_POINT('',#3788);
#3063=LINE('',#3789,#3790);
#3064=VERTEX_POINT('',#3791);
#3065=CIRCLE('',#3792,0.345);
#3066=VERTEX_POINT('',#3793);
#3067=LINE('',#3794,#3795);
#3068=CIRCLE('',#3796,0.2925);
#3069=VERTEX_POINT('',#3797);
#3070=LINE('',#3798,#3799);
#3071=VERTEX_POINT('',#3800);
#3072=LINE('',#3801,#3802);
#3073=CIRCLE('',#3803,0.2925);
#3074=LINE('',#3804,#3805);
#3075=LINE('',#3806,#3807);
#3076=VERTEX_POINT('',#3808);
#3077=VERTEX_POINT('',#3809);
#3078=LINE('',#3810,#3811);
#3079=VERTEX_POINT('',#3812);
#3080=CIRCLE('',#3813,0.280000000000001);
#3081=VERTEX_POINT('',#3814);
#3082=LINE('',#3815,#3816);
#3083=CIRCLE('',#3817,0.280000000000001);
#3084=VERTEX_POINT('',#3818);
#3085=LINE('',#3819,#3820);
#3086=LINE('',#3821,#3822);
#3087=VERTEX_POINT('',#3823);
#3088=LINE('',#3824,#3825);
#3089=VERTEX_POINT('',#3826);
#3090=CIRCLE('',#3827,0.405000000000001);
#3091=LINE('',#3828,#3829);
#3092=CIRCLE('',#3830,0.26538531953578);
#3093=VERTEX_POINT('',#3831);
#3094=LINE('',#3832,#3833);
#3095=CIRCLE('',#3834,0.405000000000001);
#3096=VERTEX_POINT('',#3835);
#3097=LINE('',#3836,#3837);
#3098=CIRCLE('',#3838,0.405000000000001);
#3099=LINE('',#3839,#3840);
#3100=LINE('',#3841,#3842);
#3101=VERTEX_POINT('',#3843);
#3102=VERTEX_POINT('',#3844);
#3103=LINE('',#3845,#3846);
#3104=VERTEX_POINT('',#3847);
#3105=CIRCLE('',#3848,0.15097819458649);
#3106=VERTEX_POINT('',#3849);
#3107=LINE('',#3850,#3851);
#3108=CIRCLE('',#3852,0.26538531953578);
#3109=VERTEX_POINT('',#3853);
#3110=VERTEX_POINT('',#3854);
#3111=LINE('',#3855,#3856);
#3112=VERTEX_POINT('',#3857);
#3113=CIRCLE('',#3858,0.5);
#3114=VERTEX_POINT('',#3859);
#3115=LINE('',#3860,#3861);
#3116=CIRCLE('',#3862,0.385);
#3117=VERTEX_POINT('',#3863);
#3118=LINE('',#3864,#3865);
#3119=VERTEX_POINT('',#3866);
#3120=LINE('',#3867,#3868);
#3121=CIRCLE('',#3869,0.385);
#3122=VERTEX_POINT('',#3870);
#3123=VERTEX_POINT('',#3871);
#3124=LINE('',#3872,#3873);
#3125=VERTEX_POINT('',#3874);
#3126=CIRCLE('',#3875,0.345);
#3127=VERTEX_POINT('',#3876);
#3128=LINE('',#3877,#3878);
#3129=CIRCLE('',#3879,0.2925);
#3130=VERTEX_POINT('',#3880);
#3131=LINE('',#3881,#3882);
#3132=VERTEX_POINT('',#3883);
#3133=LINE('',#3884,#3885);
#3134=CIRCLE('',#3886,0.2925);
#3135=LINE('',#3887,#3888);
#3136=LINE('',#3889,#3890);
#3137=VERTEX_POINT('',#3891);
#3138=VERTEX_POINT('',#3892);
#3139=LINE('',#3893,#3894);
#3140=VERTEX_POINT('',#3895);
#3141=CIRCLE('',#3896,0.280000000000001);
#3142=VERTEX_POINT('',#3897);
#3143=LINE('',#3898,#3899);
#3144=CIRCLE('',#3900,0.280000000000001);
#3145=VERTEX_POINT('',#3901);
#3146=LINE('',#3902,#3903);
#3147=LINE('',#3904,#3905);
#3148=VERTEX_POINT('',#3906);
#3149=LINE('',#3907,#3908);
#3150=VERTEX_POINT('',#3909);
#3151=CIRCLE('',#3910,0.405000000000001);
#3152=LINE('',#3911,#3912);
#3153=CIRCLE('',#3913,0.26538531953578);
#3154=VERTEX_POINT('',#3914);
#3155=LINE('',#3915,#3916);
#3156=CIRCLE('',#3917,0.405000000000001);
#3157=VERTEX_POINT('',#3918);
#3158=LINE('',#3919,#3920);
#3159=CIRCLE('',#3921,0.405000000000001);
#3160=LINE('',#3922,#3923);
#3161=LINE('',#3924,#3925);
#3162=VERTEX_POINT('',#3926);
#3163=VERTEX_POINT('',#3927);
#3164=LINE('',#3928,#3929);
#3165=VERTEX_POINT('',#3930);
#3166=CIRCLE('',#3931,0.15097819458649);
#3167=VERTEX_POINT('',#3932);
#3168=LINE('',#3933,#3934);
#3169=CIRCLE('',#3935,0.26538531953578);
#3170=VERTEX_POINT('',#3936);
#3171=VERTEX_POINT('',#3937);
#3172=LINE('',#3938,#3939);
#3173=VERTEX_POINT('',#3940);
#3174=CIRCLE('',#3941,0.5);
#3175=VERTEX_POINT('',#3942);
#3176=LINE('',#3943,#3944);
#3177=CIRCLE('',#3945,0.385);
#3178=VERTEX_POINT('',#3946);
#3179=LINE('',#3947,#3948);
#3180=VERTEX_POINT('',#3949);
#3181=LINE('',#3950,#3951);
#3182=CIRCLE('',#3952,0.385);
#3183=VERTEX_POINT('',#3953);
#3184=VERTEX_POINT('',#3954);
#3185=LINE('',#3955,#3956);
#3186=VERTEX_POINT('',#3957);
#3187=CIRCLE('',#3958,0.345);
#3188=VERTEX_POINT('',#3959);
#3189=LINE('',#3960,#3961);
#3190=CIRCLE('',#3962,0.2925);
#3191=VERTEX_POINT('',#3963);
#3192=LINE('',#3964,#3965);
#3193=VERTEX_POINT('',#3966);
#3194=LINE('',#3967,#3968);
#3195=CIRCLE('',#3969,0.2925);
#3196=LINE('',#3970,#3971);
#3197=LINE('',#3972,#3973);
#3198=VERTEX_POINT('',#3974);
#3199=VERTEX_POINT('',#3975);
#3200=LINE('',#3976,#3977);
#3201=VERTEX_POINT('',#3978);
#3202=CIRCLE('',#3979,0.280000000000001);
#3203=VERTEX_POINT('',#3980);
#3204=LINE('',#3981,#3982);
#3205=CIRCLE('',#3983,0.280000000000001);
#3206=VERTEX_POINT('',#3984);
#3207=LINE('',#3985,#3986);
#3208=LINE('',#3987,#3988);
#3209=VERTEX_POINT('',#3989);
#3210=LINE('',#3990,#3991);
#3211=VERTEX_POINT('',#3992);
#3212=CIRCLE('',#3993,0.405000000000001);
#3213=LINE('',#3994,#3995);
#3214=CIRCLE('',#3996,0.26538531953578);
#3215=VERTEX_POINT('',#3997);
#3216=LINE('',#3998,#3999);
#3217=CIRCLE('',#4000,0.405000000000001);
#3218=VERTEX_POINT('',#4001);
#3219=LINE('',#4002,#4003);
#3220=CIRCLE('',#4004,0.405000000000001);
#3221=LINE('',#4005,#4006);
#3222=LINE('',#4007,#4008);
#3223=VERTEX_POINT('',#4009);
#3224=VERTEX_POINT('',#4010);
#3225=LINE('',#4011,#4012);
#3226=VERTEX_POINT('',#4013);
#3227=CIRCLE('',#4014,0.15097819458649);
#3228=VERTEX_POINT('',#4015);
#3229=LINE('',#4016,#4017);
#3230=CIRCLE('',#4018,0.26538531953578);
#3231=VERTEX_POINT('',#4019);
#3232=VERTEX_POINT('',#4020);
#3233=LINE('',#4021,#4022);
#3234=VERTEX_POINT('',#4023);
#3235=CIRCLE('',#4024,0.5);
#3236=VERTEX_POINT('',#4025);
#3237=LINE('',#4026,#4027);
#3238=CIRCLE('',#4028,0.385);
#3239=VERTEX_POINT('',#4029);
#3240=LINE('',#4030,#4031);
#3241=VERTEX_POINT('',#4032);
#3242=LINE('',#4033,#4034);
#3243=CIRCLE('',#4035,0.385);
#3244=VERTEX_POINT('',#4036);
#3245=VERTEX_POINT('',#4037);
#3246=LINE('',#4038,#4039);
#3247=VERTEX_POINT('',#4040);
#3248=CIRCLE('',#4041,0.345);
#3249=VERTEX_POINT('',#4042);
#3250=LINE('',#4043,#4044);
#3251=CIRCLE('',#4045,0.2925);
#3252=VERTEX_POINT('',#4046);
#3253=LINE('',#4047,#4048);
#3254=VERTEX_POINT('',#4049);
#3255=LINE('',#4050,#4051);
#3256=CIRCLE('',#4052,0.2925);
#3257=LINE('',#4053,#4054);
#3258=LINE('',#4055,#4056);
#3259=VERTEX_POINT('',#4057);
#3260=VERTEX_POINT('',#4058);
#3261=LINE('',#4059,#4060);
#3262=VERTEX_POINT('',#4061);
#3263=CIRCLE('',#4062,0.280000000000001);
#3264=VERTEX_POINT('',#4063);
#3265=LINE('',#4064,#4065);
#3266=CIRCLE('',#4066,0.280000000000001);
#3267=VERTEX_POINT('',#4067);
#3268=LINE('',#4068,#4069);
#3269=LINE('',#4070,#4071);
#3270=VERTEX_POINT('',#4072);
#3271=LINE('',#4073,#4074);
#3272=VERTEX_POINT('',#4075);
#3273=CIRCLE('',#4076,0.405000000000001);
#3274=LINE('',#4077,#4078);
#3275=CIRCLE('',#4079,0.26538531953578);
#3276=VERTEX_POINT('',#4080);
#3277=LINE('',#4081,#4082);
#3278=CIRCLE('',#4083,0.405000000000001);
#3279=VERTEX_POINT('',#4084);
#3280=LINE('',#4085,#4086);
#3281=CIRCLE('',#4087,0.405000000000001);
#3282=LINE('',#4088,#4089);
#3283=LINE('',#4090,#4091);
#3284=CIRCLE('',#4092,0.280000000000001);
#3285=CIRCLE('',#4093,0.405000000000001);
#3286=CIRCLE('',#4094,0.280000000000001);
#3287=CIRCLE('',#4095,0.15097819458649);
#3288=CIRCLE('',#4096,0.2925);
#3289=CIRCLE('',#4097,0.2925);
#3290=CIRCLE('',#4098,0.345);
#3291=CIRCLE('',#4099,0.385);
#3292=CIRCLE('',#4100,0.385);
#3293=CIRCLE('',#4101,0.5);
#3294=CIRCLE('',#4102,0.280000000000001);
#3295=CIRCLE('',#4103,0.405000000000001);
#3296=CIRCLE('',#4104,0.280000000000001);
#3297=CIRCLE('',#4105,0.15097819458649);
#3298=CIRCLE('',#4106,0.2925);
#3299=CIRCLE('',#4107,0.2925);
#3300=CIRCLE('',#4108,0.345);
#3301=CIRCLE('',#4109,0.385);
#3302=CIRCLE('',#4110,0.385);
#3303=CIRCLE('',#4111,0.5);
#3304=CIRCLE('',#4112,0.280000000000001);
#3305=CIRCLE('',#4113,0.405000000000001);
#3306=CIRCLE('',#4114,0.280000000000001);
#3307=CIRCLE('',#4115,0.15097819458649);
#3308=CIRCLE('',#4116,0.2925);
#3309=CIRCLE('',#4117,0.2925);
#3310=CIRCLE('',#4118,0.345);
#3311=CIRCLE('',#4119,0.385);
#3312=CIRCLE('',#4120,0.385);
#3313=CIRCLE('',#4121,0.5);
#3314=CIRCLE('',#4122,0.280000000000001);
#3315=CIRCLE('',#4123,0.405000000000001);
#3316=CIRCLE('',#4124,0.280000000000001);
#3317=CIRCLE('',#4125,0.15097819458649);
#3318=CIRCLE('',#4126,0.2925);
#3319=CIRCLE('',#4127,0.2925);
#3320=CIRCLE('',#4128,0.345);
#3321=CIRCLE('',#4129,0.385);
#3322=CIRCLE('',#4130,0.385);
#3323=CIRCLE('',#4131,0.5);
#3324=CIRCLE('',#4132,0.319999999999994);
#3325=CIRCLE('',#4133,0.249289321881349);
#3326=CIRCLE('',#4134,0.22);
#3327=CIRCLE('',#4135,0.22);
#3328=CIRCLE('',#4136,0.22);
#3329=CIRCLE('',#4137,0.22);
#3330=CIRCLE('',#4138,0.319999999999994);
#3331=CIRCLE('',#4139,0.249289321881349);
#3332=CIRCLE('',#4140,0.22);
#3333=CIRCLE('',#4141,0.22);
#3334=CIRCLE('',#4142,0.22);
#3335=CIRCLE('',#4143,0.22);
#3336=CIRCLE('',#4144,0.319999999999994);
#3337=CIRCLE('',#4145,0.249289321881349);
#3338=CIRCLE('',#4146,0.22);
#3339=CIRCLE('',#4147,0.22);
#3340=CIRCLE('',#4148,0.22);
#3341=CIRCLE('',#4149,0.22);
#3342=CIRCLE('',#4150,0.319999999999994);
#3343=CIRCLE('',#4151,0.249289321881349);
#3344=CIRCLE('',#4152,0.22);
#3345=CIRCLE('',#4153,0.22);
#3346=CIRCLE('',#4154,0.22);
#3347=CIRCLE('',#4155,0.22);
#3348=VERTEX_POINT('',#4156);
#3349=VERTEX_POINT('',#4157);
#3350=LINE('',#4158,#4159);
#3351=VERTEX_POINT('',#4160);
#3352=LINE('',#4161,#4162);
#3353=VERTEX_POINT('',#4163);
#3354=LINE('',#4164,#4165);
#3355=LINE('',#4166,#4167);
#3356=VERTEX_POINT('',#4168);
#3357=VERTEX_POINT('',#4169);
#3358=LINE('',#4170,#4171);
#3359=VERTEX_POINT('',#4172);
#3360=LINE('',#4173,#4174);
#3361=VERTEX_POINT('',#4175);
#3362=LINE('',#4176,#4177);
#3363=LINE('',#4178,#4179);
#3364=VERTEX_POINT('',#4180);
#3365=VERTEX_POINT('',#4181);
#3366=LINE('',#4182,#4183);
#3367=VERTEX_POINT('',#4184);
#3368=LINE('',#4185,#4186);
#3369=VERTEX_POINT('',#4187);
#3370=LINE('',#4188,#4189);
#3371=LINE('',#4190,#4191);
#3372=VERTEX_POINT('',#4192);
#3373=VERTEX_POINT('',#4193);
#3374=LINE('',#4194,#4195);
#3375=VERTEX_POINT('',#4196);
#3376=LINE('',#4197,#4198);
#3377=VERTEX_POINT('',#4199);
#3378=LINE('',#4200,#4201);
#3379=LINE('',#4202,#4203);
#3380=VERTEX_POINT('',#4204);
#3381=LINE('',#4205,#4206);
#3382=VERTEX_POINT('',#4207);
#3383=LINE('',#4208,#4209);
#3384=LINE('',#4210,#4211);
#3385=VERTEX_POINT('',#4212);
#3386=LINE('',#4213,#4214);
#3387=VERTEX_POINT('',#4215);
#3388=LINE('',#4216,#4217);
#3389=LINE('',#4218,#4219);
#3390=VERTEX_POINT('',#4220);
#3391=LINE('',#4221,#4222);
#3392=LINE('',#4223,#4224);
#3393=VERTEX_POINT('',#4225);
#3394=LINE('',#4226,#4227);
#3395=LINE('',#4228,#4229);
#3396=LINE('',#4230,#4231);
#3397=VERTEX_POINT('',#4232);
#3398=LINE('',#4233,#4234);
#3399=VERTEX_POINT('',#4235);
#3400=LINE('',#4236,#4237);
#3401=VERTEX_POINT('',#4238);
#3402=LINE('',#4239,#4240);
#3403=VERTEX_POINT('',#4241);
#3404=LINE('',#4242,#4243);
#3405=VERTEX_POINT('',#4244);
#3406=LINE('',#4245,#4246);
#3407=VERTEX_POINT('',#4247);
#3408=LINE('',#4248,#4249);
#3409=VERTEX_POINT('',#4250);
#3410=LINE('',#4251,#4252);
#3411=VERTEX_POINT('',#4253);
#3412=LINE('',#4254,#4255);
#3413=VERTEX_POINT('',#4256);
#3414=LINE('',#4257,#4258);
#3415=VERTEX_POINT('',#4259);
#3416=LINE('',#4260,#4261);
#3417=VERTEX_POINT('',#4262);
#3418=LINE('',#4263,#4264);
#3419=VERTEX_POINT('',#4265);
#3420=LINE('',#4266,#4267);
#3421=VERTEX_POINT('',#4268);
#3422=LINE('',#4269,#4270);
#3423=VERTEX_POINT('',#4271);
#3424=LINE('',#4272,#4273);
#3425=VERTEX_POINT('',#4274);
#3426=LINE('',#4275,#4276);
#3427=VERTEX_POINT('',#4277);
#3428=LINE('',#4278,#4279);
#3429=LINE('',#4280,#4281);
#3430=LINE('',#4282,#4283);
#3431=VERTEX_POINT('',#4284);
#3432=LINE('',#4285,#4286);
#3433=VERTEX_POINT('',#4287);
#3434=LINE('',#4288,#4289);
#3435=VERTEX_POINT('',#4290);
#3436=LINE('',#4291,#4292);
#3437=VERTEX_POINT('',#4293);
#3438=LINE('',#4294,#4295);
#3439=VERTEX_POINT('',#4296);
#3440=LINE('',#4297,#4298);
#3441=VERTEX_POINT('',#4299);
#3442=LINE('',#4300,#4301);
#3443=VERTEX_POINT('',#4302);
#3444=LINE('',#4303,#4304);
#3445=VERTEX_POINT('',#4305);
#3446=LINE('',#4306,#4307);
#3447=VERTEX_POINT('',#4308);
#3448=LINE('',#4309,#4310);
#3449=VERTEX_POINT('',#4311);
#3450=LINE('',#4312,#4313);
#3451=VERTEX_POINT('',#4314);
#3452=LINE('',#4315,#4316);
#3453=VERTEX_POINT('',#4317);
#3454=LINE('',#4318,#4319);
#3455=VERTEX_POINT('',#4320);
#3456=LINE('',#4321,#4322);
#3457=VERTEX_POINT('',#4323);
#3458=LINE('',#4324,#4325);
#3459=LINE('',#4326,#4327);
#3460=VERTEX_POINT('',#4328);
#3461=LINE('',#4329,#4330);
#3462=VERTEX_POINT('',#4331);
#3463=LINE('',#4332,#4333);
#3464=LINE('',#4334,#4335);
#3465=VERTEX_POINT('',#4336);
#3466=LINE('',#4337,#4338);
#3467=VERTEX_POINT('',#4339);
#3468=LINE('',#4340,#4341);
#3469=LINE('',#4342,#4343);
#3470=VERTEX_POINT('',#4344);
#3471=LINE('',#4345,#4346);
#3472=LINE('',#4347,#4348);
#3473=VERTEX_POINT('',#4349);
#3474=LINE('',#4350,#4351);
#3475=LINE('',#4352,#4353);
#3476=VERTEX_POINT('',#4354);
#3477=LINE('',#4355,#4356);
#3478=LINE('',#4357,#4358);
#3479=LINE('',#4359,#4360);
#3480=VERTEX_POINT('',#4361);
#3481=LINE('',#4362,#4363);
#3482=LINE('',#4364,#4365);
#3483=LINE('',#4366,#4367);
#3484=VERTEX_POINT('',#4368);
#3485=LINE('',#4369,#4370);
#3486=LINE('',#4371,#4372);
#3487=VERTEX_POINT('',#4373);
#3488=LINE('',#4374,#4375);
#3489=VERTEX_POINT('',#4376);
#3490=LINE('',#4377,#4378);
#3491=LINE('',#4379,#4380);
#3492=VERTEX_POINT('',#4381);
#3493=LINE('',#4382,#4383);
#3494=VERTEX_POINT('',#4384);
#3495=LINE('',#4385,#4386);
#3496=LINE('',#4387,#4388);
#3497=LINE('',#4389,#4390);
#3498=VERTEX_POINT('',#4391);
#3499=LINE('',#4392,#4393);
#3500=LINE('',#4394,#4395);
#3501=LINE('',#4396,#4397);
#3502=LINE('',#4398,#4399);
#3503=VERTEX_POINT('',#4400);
#3504=LINE('',#4401,#4402);
#3505=LINE('',#4403,#4404);
#3506=VERTEX_POINT('',#4405);
#3507=LINE('',#4406,#4407);
#3508=VERTEX_POINT('',#4408);
#3509=LINE('',#4409,#4410);
#3510=LINE('',#4411,#4412);
#3511=VERTEX_POINT('',#4413);
#3512=LINE('',#4414,#4415);
#3513=VERTEX_POINT('',#4416);
#3514=LINE('',#4417,#4418);
#3515=LINE('',#4419,#4420);
#3516=LINE('',#4421,#4422);
#3517=VERTEX_POINT('',#4423);
#3518=LINE('',#4424,#4425);
#3519=LINE('',#4426,#4427);
#3520=LINE('',#4428,#4429);
#3521=LINE('',#4430,#4431);
#3522=VERTEX_POINT('',#4432);
#3523=LINE('',#4433,#4434);
#3524=LINE('',#4435,#4436);
#3525=VERTEX_POINT('',#4437);
#3526=LINE('',#4438,#4439);
#3527=VERTEX_POINT('',#4440);
#3528=LINE('',#4441,#4442);
#3529=LINE('',#4443,#4444);
#3530=VERTEX_POINT('',#4445);
#3531=LINE('',#4446,#4447);
#3532=VERTEX_POINT('',#4448);
#3533=LINE('',#4449,#4450);
#3534=LINE('',#4451,#4452);
#3535=VERTEX_POINT('',#4453);
#3536=LINE('',#4454,#4455);
#3537=LINE('',#4456,#4457);
#3538=LINE('',#4458,#4459);
#3539=LINE('',#4460,#4461);
#3540=LINE('',#4462,#4463);
#3541=VERTEX_POINT('',#4464);
#3542=LINE('',#4465,#4466);
#3543=LINE('',#4467,#4468);
#3544=VERTEX_POINT('',#4469);
#3545=LINE('',#4470,#4471);
#3546=LINE('',#4472,#4473);
#3547=LINE('',#4474,#4475);
#3548=CARTESIAN_POINT('',(-1.905,-1.42,0.66));
#3549=CARTESIAN_POINT('',(-1.905,-0.539999999999999,-0.22));
#3550=AXIS2_PLACEMENT_3D('',#4476,#4477,#4478);
#3551=CARTESIAN_POINT('',(-2.125,-1.2,0.66));
#3552=AXIS2_PLACEMENT_3D('',#4479,#4480,#4481);
#3553=CARTESIAN_POINT('',(-1.905,-0.98,0.66));
#3554=AXIS2_PLACEMENT_3D('',#4482,#4483,#4484);
#3555=CARTESIAN_POINT('',(-1.905,-0.539999999999999,0.22));
#3556=AXIS2_PLACEMENT_3D('',#4485,#4486,#4487);
#3557=CARTESIAN_POINT('',(-2.125,-0.539999999999999,0.0));
#3558=AXIS2_PLACEMENT_3D('',#4488,#4489,#4490);
#3559=AXIS2_PLACEMENT_3D('',#4491,#4492,#4493);
#3560=CARTESIAN_POINT('',(-0.635,-1.42,0.66));
#3561=CARTESIAN_POINT('',(-0.635,-0.539999999999999,-0.22));
#3562=AXIS2_PLACEMENT_3D('',#4494,#4495,#4496);
#3563=CARTESIAN_POINT('',(-0.855,-1.2,0.66));
#3564=AXIS2_PLACEMENT_3D('',#4497,#4498,#4499);
#3565=CARTESIAN_POINT('',(-0.635,-0.98,0.66));
#3566=AXIS2_PLACEMENT_3D('',#4500,#4501,#4502);
#3567=CARTESIAN_POINT('',(-0.635,-0.539999999999999,0.22));
#3568=AXIS2_PLACEMENT_3D('',#4503,#4504,#4505);
#3569=CARTESIAN_POINT('',(-0.855,-0.539999999999999,0.0));
#3570=AXIS2_PLACEMENT_3D('',#4506,#4507,#4508);
#3571=AXIS2_PLACEMENT_3D('',#4509,#4510,#4511);
#3572=CARTESIAN_POINT('',(0.635,-1.42,0.66));
#3573=CARTESIAN_POINT('',(0.635,-0.539999999999999,-0.22));
#3574=AXIS2_PLACEMENT_3D('',#4512,#4513,#4514);
#3575=CARTESIAN_POINT('',(0.415,-1.2,0.66));
#3576=AXIS2_PLACEMENT_3D('',#4515,#4516,#4517);
#3577=CARTESIAN_POINT('',(0.635,-0.98,0.66));
#3578=AXIS2_PLACEMENT_3D('',#4518,#4519,#4520);
#3579=CARTESIAN_POINT('',(0.635,-0.539999999999999,0.22));
#3580=AXIS2_PLACEMENT_3D('',#4521,#4522,#4523);
#3581=CARTESIAN_POINT('',(0.415,-0.539999999999999,0.0));
#3582=AXIS2_PLACEMENT_3D('',#4524,#4525,#4526);
#3583=AXIS2_PLACEMENT_3D('',#4527,#4528,#4529);
#3584=CARTESIAN_POINT('',(1.905,-1.42,0.66));
#3585=CARTESIAN_POINT('',(1.905,-0.539999999999999,-0.22));
#3586=AXIS2_PLACEMENT_3D('',#4530,#4531,#4532);
#3587=CARTESIAN_POINT('',(1.685,-1.2,0.66));
#3588=AXIS2_PLACEMENT_3D('',#4533,#4534,#4535);
#3589=CARTESIAN_POINT('',(1.905,-0.98,0.66));
#3590=AXIS2_PLACEMENT_3D('',#4536,#4537,#4538);
#3591=CARTESIAN_POINT('',(1.905,-0.539999999999999,0.22));
#3592=AXIS2_PLACEMENT_3D('',#4539,#4540,#4541);
#3593=CARTESIAN_POINT('',(1.685,-0.539999999999999,0.0));
#3594=AXIS2_PLACEMENT_3D('',#4542,#4543,#4544);
#3595=AXIS2_PLACEMENT_3D('',#4545,#4546,#4547);
#3596=CARTESIAN_POINT('',(-1.905,0.0585786437626901,-0.22));
#3597=CARTESIAN_POINT('',(-1.905,0.12928932188134,-0.249289321881349));
#3598=AXIS2_PLACEMENT_3D('',#4548,#4549,#4550);
#3599=CARTESIAN_POINT('',(-2.125,0.0585786437626901,0.0));
#3600=AXIS2_PLACEMENT_3D('',#4551,#4552,#4553);
#3601=CARTESIAN_POINT('',(-1.905,0.0585786437626901,0.22));
#3602=AXIS2_PLACEMENT_3D('',#4554,#4555,#4556);
#3603=CARTESIAN_POINT('',(-1.905,0.12928932188134,0.249289321881349));
#3604=AXIS2_PLACEMENT_3D('',#4557,#4558,#4559);
#3605=CARTESIAN_POINT('',(-2.15428932188135,0.12928932188134,0.0));
#3606=AXIS2_PLACEMENT_3D('',#4560,#4561,#4562);
#3607=AXIS2_PLACEMENT_3D('',#4563,#4564,#4565);
#3608=CARTESIAN_POINT('',(-2.125,-0.240710678118655,-2.69413397840923E-17));
#3609=VECTOR('',#4566,1.0);
#3610=CARTESIAN_POINT('',(-1.685,-0.539999999999999,2.69413397840923E-17));
#3611=AXIS2_PLACEMENT_3D('',#4567,#4568,#4569);
#3612=CARTESIAN_POINT('',(-1.685,0.0585786437626901,2.69413397840923E-17));
#3613=CARTESIAN_POINT('',(-1.685,-0.240710678118655,2.69413397840923E-17));
#3614=VECTOR('',#4570,1.0);
#3615=AXIS2_PLACEMENT_3D('',#4571,#4572,#4573);
#3616=CARTESIAN_POINT('',(-1.685,-1.2,0.66));
#3617=CARTESIAN_POINT('',(-1.685,-1.2,3.88));
#3618=CARTESIAN_POINT('',(-1.685,-1.2,2.27));
#3619=VECTOR('',#4574,1.0);
#3620=AXIS2_PLACEMENT_3D('',#4575,#4576,#4577);
#3621=CARTESIAN_POINT('',(-2.125,-1.2,3.88));
#3622=CARTESIAN_POINT('',(-2.125,-1.2,2.27));
#3623=VECTOR('',#4578,1.0);
#3624=AXIS2_PLACEMENT_3D('',#4579,#4580,#4581);
#3625=CARTESIAN_POINT('',(-1.905,-1.2,4.1));
#3626=AXIS2_PLACEMENT_3D('',#4582,#4583,#4584);
#3627=AXIS2_PLACEMENT_3D('',#4585,#4586,#4587);
#3628=CARTESIAN_POINT('',(-2.22499999999999,0.199999999999989,-3.91874033223153E-17));
#3629=CARTESIAN_POINT('',(-2.23714466094067,0.21214466094067,-4.06746462176129E-17));
#3630=VECTOR('',#4588,1.0);
#3631=CARTESIAN_POINT('',(-1.65571067811865,0.12928932188134,3.05281287515972E-17));
#3632=AXIS2_PLACEMENT_3D('',#4589,#4590,#4591);
#3633=CARTESIAN_POINT('',(-1.58500000000001,0.199999999999989,-3.91874033223153E-17));
#3634=CARTESIAN_POINT('',(-1.57285533905933,0.21214466094067,4.06746462176129E-17));
#3635=VECTOR('',#4592,1.0);
#3636=AXIS2_PLACEMENT_3D('',#4593,#4594,#4595);
#3637=CARTESIAN_POINT('',(-0.635,0.0585786437626901,-0.22));
#3638=CARTESIAN_POINT('',(-0.635,0.12928932188134,-0.249289321881349));
#3639=AXIS2_PLACEMENT_3D('',#4596,#4597,#4598);
#3640=CARTESIAN_POINT('',(-0.855,0.0585786437626901,0.0));
#3641=AXIS2_PLACEMENT_3D('',#4599,#4600,#4601);
#3642=CARTESIAN_POINT('',(-0.635,0.0585786437626901,0.22));
#3643=AXIS2_PLACEMENT_3D('',#4602,#4603,#4604);
#3644=CARTESIAN_POINT('',(-0.635,0.12928932188134,0.249289321881349));
#3645=AXIS2_PLACEMENT_3D('',#4605,#4606,#4607);
#3646=CARTESIAN_POINT('',(-0.884289321881349,0.12928932188134,0.0));
#3647=AXIS2_PLACEMENT_3D('',#4608,#4609,#4610);
#3648=AXIS2_PLACEMENT_3D('',#4611,#4612,#4613);
#3649=CARTESIAN_POINT('',(-0.855,-0.240710678118655,-2.69413397840923E-17));
#3650=VECTOR('',#4614,1.0);
#3651=CARTESIAN_POINT('',(-0.415,-0.539999999999999,2.69413397840923E-17));
#3652=AXIS2_PLACEMENT_3D('',#4615,#4616,#4617);
#3653=CARTESIAN_POINT('',(-0.415,0.0585786437626901,2.69413397840923E-17));
#3654=CARTESIAN_POINT('',(-0.415,-0.240710678118655,2.69413397840923E-17));
#3655=VECTOR('',#4618,1.0);
#3656=AXIS2_PLACEMENT_3D('',#4619,#4620,#4621);
#3657=CARTESIAN_POINT('',(-0.415,-1.2,0.66));
#3658=CARTESIAN_POINT('',(-0.415,-1.2,3.88));
#3659=CARTESIAN_POINT('',(-0.415,-1.2,2.27));
#3660=VECTOR('',#4622,1.0);
#3661=AXIS2_PLACEMENT_3D('',#4623,#4624,#4625);
#3662=CARTESIAN_POINT('',(-0.855,-1.2,3.88));
#3663=CARTESIAN_POINT('',(-0.855,-1.2,2.27));
#3664=VECTOR('',#4626,1.0);
#3665=AXIS2_PLACEMENT_3D('',#4627,#4628,#4629);
#3666=CARTESIAN_POINT('',(-0.635,-1.2,4.1));
#3667=AXIS2_PLACEMENT_3D('',#4630,#4631,#4632);
#3668=AXIS2_PLACEMENT_3D('',#4633,#4634,#4635);
#3669=CARTESIAN_POINT('',(-0.954999999999994,0.199999999999989,-3.91874033223153E-17));
#3670=CARTESIAN_POINT('',(-0.967144660940674,0.21214466094067,-4.06746462176129E-17));
#3671=VECTOR('',#4636,1.0);
#3672=CARTESIAN_POINT('',(-0.385710678118651,0.12928932188134,3.05281287515972E-17));
#3673=AXIS2_PLACEMENT_3D('',#4637,#4638,#4639);
#3674=CARTESIAN_POINT('',(-0.315000000000006,0.199999999999989,-3.91874033223153E-17));
#3675=CARTESIAN_POINT('',(-0.302855339059326,0.21214466094067,4.06746462176129E-17));
#3676=VECTOR('',#4640,1.0);
#3677=AXIS2_PLACEMENT_3D('',#4641,#4642,#4643);
#3678=CARTESIAN_POINT('',(0.635,0.0585786437626901,-0.22));
#3679=CARTESIAN_POINT('',(0.635,0.12928932188134,-0.249289321881349));
#3680=AXIS2_PLACEMENT_3D('',#4644,#4645,#4646);
#3681=CARTESIAN_POINT('',(0.415,0.0585786437626901,0.0));
#3682=AXIS2_PLACEMENT_3D('',#4647,#4648,#4649);
#3683=CARTESIAN_POINT('',(0.635,0.0585786437626901,0.22));
#3684=AXIS2_PLACEMENT_3D('',#4650,#4651,#4652);
#3685=CARTESIAN_POINT('',(0.635,0.12928932188134,0.249289321881349));
#3686=AXIS2_PLACEMENT_3D('',#4653,#4654,#4655);
#3687=CARTESIAN_POINT('',(0.385710678118651,0.12928932188134,0.0));
#3688=AXIS2_PLACEMENT_3D('',#4656,#4657,#4658);
#3689=AXIS2_PLACEMENT_3D('',#4659,#4660,#4661);
#3690=CARTESIAN_POINT('',(0.415,-0.240710678118655,-2.69413397840923E-17));
#3691=VECTOR('',#4662,1.0);
#3692=CARTESIAN_POINT('',(0.855,-0.539999999999999,2.69413397840923E-17));
#3693=AXIS2_PLACEMENT_3D('',#4663,#4664,#4665);
#3694=CARTESIAN_POINT('',(0.855,0.0585786437626901,2.69413397840923E-17));
#3695=CARTESIAN_POINT('',(0.855,-0.240710678118655,2.69413397840923E-17));
#3696=VECTOR('',#4666,1.0);
#3697=AXIS2_PLACEMENT_3D('',#4667,#4668,#4669);
#3698=CARTESIAN_POINT('',(0.855,-1.2,0.66));
#3699=CARTESIAN_POINT('',(0.855,-1.2,3.88));
#3700=CARTESIAN_POINT('',(0.855,-1.2,2.27));
#3701=VECTOR('',#4670,1.0);
#3702=AXIS2_PLACEMENT_3D('',#4671,#4672,#4673);
#3703=CARTESIAN_POINT('',(0.415,-1.2,3.88));
#3704=CARTESIAN_POINT('',(0.415,-1.2,2.27));
#3705=VECTOR('',#4674,1.0);
#3706=AXIS2_PLACEMENT_3D('',#4675,#4676,#4677);
#3707=CARTESIAN_POINT('',(0.635,-1.2,4.1));
#3708=AXIS2_PLACEMENT_3D('',#4678,#4679,#4680);
#3709=AXIS2_PLACEMENT_3D('',#4681,#4682,#4683);
#3710=CARTESIAN_POINT('',(0.315000000000006,0.199999999999989,-3.91874033223153E-17));
#3711=CARTESIAN_POINT('',(0.302855339059326,0.21214466094067,-4.06746462176129E-17));
#3712=VECTOR('',#4684,1.0);
#3713=CARTESIAN_POINT('',(0.884289321881349,0.12928932188134,3.05281287515972E-17));
#3714=AXIS2_PLACEMENT_3D('',#4685,#4686,#4687);
#3715=CARTESIAN_POINT('',(0.954999999999994,0.199999999999989,-3.91874033223153E-17));
#3716=CARTESIAN_POINT('',(0.967144660940674,0.21214466094067,4.06746462176129E-17));
#3717=VECTOR('',#4688,1.0);
#3718=AXIS2_PLACEMENT_3D('',#4689,#4690,#4691);
#3719=CARTESIAN_POINT('',(1.905,0.0585786437626901,-0.22));
#3720=CARTESIAN_POINT('',(1.905,0.12928932188134,-0.249289321881349));
#3721=AXIS2_PLACEMENT_3D('',#4692,#4693,#4694);
#3722=CARTESIAN_POINT('',(1.685,0.0585786437626901,0.0));
#3723=AXIS2_PLACEMENT_3D('',#4695,#4696,#4697);
#3724=CARTESIAN_POINT('',(1.905,0.0585786437626901,0.22));
#3725=AXIS2_PLACEMENT_3D('',#4698,#4699,#4700);
#3726=CARTESIAN_POINT('',(1.905,0.12928932188134,0.249289321881349));
#3727=AXIS2_PLACEMENT_3D('',#4701,#4702,#4703);
#3728=CARTESIAN_POINT('',(1.65571067811865,0.12928932188134,0.0));
#3729=AXIS2_PLACEMENT_3D('',#4704,#4705,#4706);
#3730=AXIS2_PLACEMENT_3D('',#4707,#4708,#4709);
#3731=CARTESIAN_POINT('',(1.685,-0.240710678118655,-2.69413397840922E-17));
#3732=VECTOR('',#4710,1.0);
#3733=CARTESIAN_POINT('',(2.125,-0.539999999999999,2.69413397840922E-17));
#3734=AXIS2_PLACEMENT_3D('',#4711,#4712,#4713);
#3735=CARTESIAN_POINT('',(2.125,0.0585786437626901,2.69413397840922E-17));
#3736=CARTESIAN_POINT('',(2.125,-0.240710678118655,2.69413397840922E-17));
#3737=VECTOR('',#4714,1.0);
#3738=AXIS2_PLACEMENT_3D('',#4715,#4716,#4717);
#3739=CARTESIAN_POINT('',(2.125,-1.2,0.66));
#3740=CARTESIAN_POINT('',(2.125,-1.2,3.88));
#3741=CARTESIAN_POINT('',(2.125,-1.2,2.27));
#3742=VECTOR('',#4718,1.0);
#3743=AXIS2_PLACEMENT_3D('',#4719,#4720,#4721);
#3744=CARTESIAN_POINT('',(1.685,-1.2,3.88));
#3745=CARTESIAN_POINT('',(1.685,-1.2,2.27));
#3746=VECTOR('',#4722,1.0);
#3747=AXIS2_PLACEMENT_3D('',#4723,#4724,#4725);
#3748=CARTESIAN_POINT('',(1.905,-1.2,4.1));
#3749=AXIS2_PLACEMENT_3D('',#4726,#4727,#4728);
#3750=AXIS2_PLACEMENT_3D('',#4729,#4730,#4731);
#3751=CARTESIAN_POINT('',(1.58500000000001,0.199999999999989,-3.91874033223153E-17));
#3752=CARTESIAN_POINT('',(1.57285533905933,0.21214466094067,-4.06746462176129E-17));
#3753=VECTOR('',#4732,1.0);
#3754=CARTESIAN_POINT('',(2.15428932188135,0.12928932188134,3.05281287515972E-17));
#3755=AXIS2_PLACEMENT_3D('',#4733,#4734,#4735);
#3756=CARTESIAN_POINT('',(2.22499999999999,0.199999999999989,-3.91874033223153E-17));
#3757=CARTESIAN_POINT('',(2.23714466094067,0.21214466094067,4.06746462176129E-17));
#3758=VECTOR('',#4736,1.0);
#3759=AXIS2_PLACEMENT_3D('',#4737,#4738,#4739);
#3760=CARTESIAN_POINT('',(-1.75402180541351,1.6116622216346,0.0));
#3761=CARTESIAN_POINT('',(-1.63961468046422,1.6,0.0));
#3762=CARTESIAN_POINT('',(-1.69681824293887,1.6058311108173,2.54940702446972E-17));
#3763=VECTOR('',#4740,1.0);
#3764=CARTESIAN_POINT('',(-2.05597819458649,1.6116622216346,-1.84888856379246E-17));
#3765=AXIS2_PLACEMENT_3D('',#4741,#4742,#4743);
#3766=CARTESIAN_POINT('',(-2.17038531953578,1.6,-3.24992548514698E-17));
#3767=CARTESIAN_POINT('',(-2.11318175706113,1.6058311108173,-2.54940702446973E-17));
#3768=VECTOR('',#4744,1.0);
#3769=AXIS2_PLACEMENT_3D('',#4745,#4746,#4747);
#3770=CARTESIAN_POINT('',(-1.405,4.1,0.0));
#3771=CARTESIAN_POINT('',(-1.52,3.78404009676272,0.0));
#3772=CARTESIAN_POINT('',(-1.4625,3.94202004838136,5.41888311566401E-17));
#3773=VECTOR('',#4748,1.0);
#3774=CARTESIAN_POINT('',(-2.405,4.1,-6.12303176911188E-17));
#3775=AXIS2_PLACEMENT_3D('',#4749,#4750,#4751);
#3776=CARTESIAN_POINT('',(-2.29,3.78404009676272,-4.71473446221615E-17));
#3777=CARTESIAN_POINT('',(-2.3475,3.94202004838136,-5.41888311566402E-17));
#3778=VECTOR('',#4752,1.0);
#3779=AXIS2_PLACEMENT_3D('',#4753,#4754,#4755);
#3780=CARTESIAN_POINT('',(-1.52,3.7,0.0));
#3781=CARTESIAN_POINT('',(-1.52,3.74202004838136,4.71473446221615E-17));
#3782=VECTOR('',#4756,1.0);
#3783=CARTESIAN_POINT('',(-2.29,3.7,-4.71473446221615E-17));
#3784=CARTESIAN_POINT('',(-2.29,3.74202004838136,-4.71473446221615E-17));
#3785=VECTOR('',#4757,1.0);
#3786=AXIS2_PLACEMENT_3D('',#4758,#4759,#4760);
#3787=CARTESIAN_POINT('',(-1.56,3.7,0.0));
#3788=CARTESIAN_POINT('',(-1.6125,3.635,0.0));
#3789=CARTESIAN_POINT('',(-1.58625,3.6675,3.90343275280882E-17));
#3790=VECTOR('',#4761,1.0);
#3791=CARTESIAN_POINT('',(-2.25,3.7,-4.2248919206872E-17));
#3792=AXIS2_PLACEMENT_3D('',#4762,#4763,#4764);
#3793=CARTESIAN_POINT('',(-2.1975,3.635,-3.58197358493046E-17));
#3794=CARTESIAN_POINT('',(-2.22375,3.6675,-3.90343275280883E-17));
#3795=VECTOR('',#4765,1.0);
#3796=AXIS2_PLACEMENT_3D('',#4766,#4767,#4768);
#3797=CARTESIAN_POINT('',(-1.6125,3.2,0.0));
#3798=CARTESIAN_POINT('',(-1.6125,3.4175,3.58197358493046E-17));
#3799=VECTOR('',#4769,1.0);
#3800=CARTESIAN_POINT('',(-2.1975,3.2,-3.58197358493045E-17));
#3801=CARTESIAN_POINT('',(-2.1975,3.4175,-3.58197358493046E-17));
#3802=VECTOR('',#4770,1.0);
#3803=AXIS2_PLACEMENT_3D('',#4771,#4772,#4773);
#3804=CARTESIAN_POINT('',(-1.68326090270676,2.4058311108173,2.71543107436146E-17));
#3805=VECTOR('',#4774,1.0);
#3806=CARTESIAN_POINT('',(-2.12673909729324,2.4058311108173,-2.71543107436146E-17));
#3807=VECTOR('',#4775,1.0);
#3808=CARTESIAN_POINT('',(-1.625,1.3778312163513,0.0));
#3809=CARTESIAN_POINT('',(-1.625,0.649999999999997,0.0));
#3810=CARTESIAN_POINT('',(-1.625,1.01391560817565,3.42889779070267E-17));
#3811=VECTOR('',#4776,1.0);
#3812=CARTESIAN_POINT('',(-2.185,1.3778312163513,-3.42889779070267E-17));
#3813=AXIS2_PLACEMENT_3D('',#4777,#4778,#4779);
#3814=CARTESIAN_POINT('',(-2.185,0.649999999999997,-3.42889779070267E-17));
#3815=CARTESIAN_POINT('',(-2.185,1.01391560817565,-3.42889779070267E-17));
#3816=VECTOR('',#4780,1.0);
#3817=AXIS2_PLACEMENT_3D('',#4781,#4782,#4783);
#3818=CARTESIAN_POINT('',(-1.905,0.4883419246269,0.0));
#3819=CARTESIAN_POINT('',(-2.045,0.569170962313449,-1.71444889535133E-17));
#3820=VECTOR('',#4784,1.0);
#3821=CARTESIAN_POINT('',(-1.765,0.569170962313449,1.71444889535134E-17));
#3822=VECTOR('',#4785,1.0);
#3823=CARTESIAN_POINT('',(-1.5,3.19614643444255,0.0));
#3824=CARTESIAN_POINT('',(-1.56980734023212,2.39807321722127,4.10479060906373E-17));
#3825=VECTOR('',#4786,1.0);
#3826=CARTESIAN_POINT('',(-2.31,3.19614643444255,-4.95965573298064E-17));
#3827=AXIS2_PLACEMENT_3D('',#4787,#4788,#4789);
#3828=CARTESIAN_POINT('',(-2.24019265976788,2.39807321722127,-4.10479060906373E-17));
#3829=VECTOR('',#4790,1.0);
#3830=AXIS2_PLACEMENT_3D('',#4791,#4792,#4793);
#3831=CARTESIAN_POINT('',(-1.5,1.44999999999999,0.0));
#3832=CARTESIAN_POINT('',(-1.5,2.32307321722127,4.95965573298064E-17));
#3833=VECTOR('',#4794,1.0);
#3834=AXIS2_PLACEMENT_3D('',#4795,#4796,#4797);
#3835=CARTESIAN_POINT('',(-2.31,1.44999999999999,-4.95965573298064E-17));
#3836=CARTESIAN_POINT('',(-2.31,2.32307321722127,-4.95965573298064E-17));
#3837=VECTOR('',#4798,1.0);
#3838=AXIS2_PLACEMENT_3D('',#4799,#4800,#4801);
#3839=CARTESIAN_POINT('',(-1.5625,1.41391560817565,4.19427676184166E-17));
#3840=VECTOR('',#4802,1.0);
#3841=CARTESIAN_POINT('',(-2.2475,1.41391560817565,-4.19427676184165E-17));
#3842=VECTOR('',#4803,1.0);
#3843=CARTESIAN_POINT('',(-0.48402180541351,1.6116622216346,0.0));
#3844=CARTESIAN_POINT('',(-0.36961468046422,1.6,0.0));
#3845=CARTESIAN_POINT('',(-0.426818242938865,1.6058311108173,2.54940702446972E-17));
#3846=VECTOR('',#4804,1.0);
#3847=CARTESIAN_POINT('',(-0.78597819458649,1.6116622216346,-1.84888856379247E-17));
#3848=AXIS2_PLACEMENT_3D('',#4805,#4806,#4807);
#3849=CARTESIAN_POINT('',(-0.90038531953578,1.6,-3.24992548514698E-17));
#3850=CARTESIAN_POINT('',(-0.843181757061135,1.6058311108173,-2.54940702446972E-17));
#3851=VECTOR('',#4808,1.0);
#3852=AXIS2_PLACEMENT_3D('',#4809,#4810,#4811);
#3853=CARTESIAN_POINT('',(-0.135,4.1,0.0));
#3854=CARTESIAN_POINT('',(-0.25,3.78404009676272,0.0));
#3855=CARTESIAN_POINT('',(-0.1925,3.94202004838136,5.41888311566402E-17));
#3856=VECTOR('',#4812,1.0);
#3857=CARTESIAN_POINT('',(-1.135,4.1,-6.12303176911189E-17));
#3858=AXIS2_PLACEMENT_3D('',#4813,#4814,#4815);
#3859=CARTESIAN_POINT('',(-1.02,3.78404009676272,-4.71473446221615E-17));
#3860=CARTESIAN_POINT('',(-1.0775,3.94202004838136,-5.41888311566402E-17));
#3861=VECTOR('',#4816,1.0);
#3862=AXIS2_PLACEMENT_3D('',#4817,#4818,#4819);
#3863=CARTESIAN_POINT('',(-0.25,3.7,0.0));
#3864=CARTESIAN_POINT('',(-0.25,3.74202004838136,4.71473446221615E-17));
#3865=VECTOR('',#4820,1.0);
#3866=CARTESIAN_POINT('',(-1.02,3.7,-4.71473446221615E-17));
#3867=CARTESIAN_POINT('',(-1.02,3.74202004838136,-4.71473446221615E-17));
#3868=VECTOR('',#4821,1.0);
#3869=AXIS2_PLACEMENT_3D('',#4822,#4823,#4824);
#3870=CARTESIAN_POINT('',(-0.29,3.7,0.0));
#3871=CARTESIAN_POINT('',(-0.3425,3.635,0.0));
#3872=CARTESIAN_POINT('',(-0.31625,3.6675,3.90343275280882E-17));
#3873=VECTOR('',#4825,1.0);
#3874=CARTESIAN_POINT('',(-0.98,3.7,-4.2248919206872E-17));
#3875=AXIS2_PLACEMENT_3D('',#4826,#4827,#4828);
#3876=CARTESIAN_POINT('',(-0.9275,3.635,-3.58197358493045E-17));
#3877=CARTESIAN_POINT('',(-0.95375,3.6675,-3.90343275280883E-17));
#3878=VECTOR('',#4829,1.0);
#3879=AXIS2_PLACEMENT_3D('',#4830,#4831,#4832);
#3880=CARTESIAN_POINT('',(-0.3425,3.2,0.0));
#3881=CARTESIAN_POINT('',(-0.3425,3.4175,3.58197358493045E-17));
#3882=VECTOR('',#4833,1.0);
#3883=CARTESIAN_POINT('',(-0.9275,3.2,-3.58197358493045E-17));
#3884=CARTESIAN_POINT('',(-0.9275,3.4175,-3.58197358493045E-17));
#3885=VECTOR('',#4834,1.0);
#3886=AXIS2_PLACEMENT_3D('',#4835,#4836,#4837);
#3887=CARTESIAN_POINT('',(-0.413260902706755,2.4058311108173,2.71543107436146E-17));
#3888=VECTOR('',#4838,1.0);
#3889=CARTESIAN_POINT('',(-0.856739097293245,2.4058311108173,-2.71543107436146E-17));
#3890=VECTOR('',#4839,1.0);
#3891=CARTESIAN_POINT('',(-0.354999999999999,1.3778312163513,0.0));
#3892=CARTESIAN_POINT('',(-0.354999999999999,0.649999999999997,0.0));
#3893=CARTESIAN_POINT('',(-0.354999999999999,1.01391560817565,3.42889779070267E-17));
#3894=VECTOR('',#4840,1.0);
#3895=CARTESIAN_POINT('',(-0.915000000000001,1.3778312163513,-3.42889779070267E-17));
#3896=AXIS2_PLACEMENT_3D('',#4841,#4842,#4843);
#3897=CARTESIAN_POINT('',(-0.915000000000001,0.649999999999997,-3.42889779070267E-17));
#3898=CARTESIAN_POINT('',(-0.915000000000001,1.01391560817565,-3.42889779070267E-17));
#3899=VECTOR('',#4844,1.0);
#3900=AXIS2_PLACEMENT_3D('',#4845,#4846,#4847);
#3901=CARTESIAN_POINT('',(-0.635,0.4883419246269,0.0));
#3902=CARTESIAN_POINT('',(-0.775000000000001,0.569170962313449,-1.71444889535134E-17));
#3903=VECTOR('',#4848,1.0);
#3904=CARTESIAN_POINT('',(-0.494999999999999,0.569170962313449,1.71444889535134E-17));
#3905=VECTOR('',#4849,1.0);
#3906=CARTESIAN_POINT('',(-0.229999999999999,3.19614643444255,0.0));
#3907=CARTESIAN_POINT('',(-0.299807340232116,2.39807321722127,4.10479060906373E-17));
#3908=VECTOR('',#4850,1.0);
#3909=CARTESIAN_POINT('',(-1.04,3.19614643444255,-4.95965573298064E-17));
#3910=AXIS2_PLACEMENT_3D('',#4851,#4852,#4853);
#3911=CARTESIAN_POINT('',(-0.970192659767884,2.39807321722127,-4.10479060906373E-17));
#3912=VECTOR('',#4854,1.0);
#3913=AXIS2_PLACEMENT_3D('',#4855,#4856,#4857);
#3914=CARTESIAN_POINT('',(-0.229999999999999,1.44999999999999,0.0));
#3915=CARTESIAN_POINT('',(-0.229999999999999,2.32307321722127,4.95965573298064E-17));
#3916=VECTOR('',#4858,1.0);
#3917=AXIS2_PLACEMENT_3D('',#4859,#4860,#4861);
#3918=CARTESIAN_POINT('',(-1.04,1.44999999999999,-4.95965573298064E-17));
#3919=CARTESIAN_POINT('',(-1.04,2.32307321722127,-4.95965573298064E-17));
#3920=VECTOR('',#4862,1.0);
#3921=AXIS2_PLACEMENT_3D('',#4863,#4864,#4865);
#3922=CARTESIAN_POINT('',(-0.292499999999999,1.41391560817565,4.19427676184166E-17));
#3923=VECTOR('',#4866,1.0);
#3924=CARTESIAN_POINT('',(-0.977500000000001,1.41391560817565,-4.19427676184166E-17));
#3925=VECTOR('',#4867,1.0);
#3926=CARTESIAN_POINT('',(0.78597819458649,1.6116622216346,0.0));
#3927=CARTESIAN_POINT('',(0.90038531953578,1.6,0.0));
#3928=CARTESIAN_POINT('',(0.843181757061135,1.6058311108173,2.54940702446972E-17));
#3929=VECTOR('',#4868,1.0);
#3930=CARTESIAN_POINT('',(0.48402180541351,1.6116622216346,-1.84888856379247E-17));
#3931=AXIS2_PLACEMENT_3D('',#4869,#4870,#4871);
#3932=CARTESIAN_POINT('',(0.36961468046422,1.6,-3.24992548514698E-17));
#3933=CARTESIAN_POINT('',(0.426818242938865,1.6058311108173,-2.54940702446972E-17));
#3934=VECTOR('',#4872,1.0);
#3935=AXIS2_PLACEMENT_3D('',#4873,#4874,#4875);
#3936=CARTESIAN_POINT('',(1.135,4.1,0.0));
#3937=CARTESIAN_POINT('',(1.02,3.78404009676272,0.0));
#3938=CARTESIAN_POINT('',(1.0775,3.94202004838136,5.41888311566402E-17));
#3939=VECTOR('',#4876,1.0);
#3940=CARTESIAN_POINT('',(0.135,4.1,-6.12303176911189E-17));
#3941=AXIS2_PLACEMENT_3D('',#4877,#4878,#4879);
#3942=CARTESIAN_POINT('',(0.25,3.78404009676272,-4.71473446221615E-17));
#3943=CARTESIAN_POINT('',(0.1925,3.94202004838136,-5.41888311566402E-17));
#3944=VECTOR('',#4880,1.0);
#3945=AXIS2_PLACEMENT_3D('',#4881,#4882,#4883);
#3946=CARTESIAN_POINT('',(1.02,3.7,0.0));
#3947=CARTESIAN_POINT('',(1.02,3.74202004838136,4.71473446221615E-17));
#3948=VECTOR('',#4884,1.0);
#3949=CARTESIAN_POINT('',(0.25,3.7,-4.71473446221615E-17));
#3950=CARTESIAN_POINT('',(0.25,3.74202004838136,-4.71473446221615E-17));
#3951=VECTOR('',#4885,1.0);
#3952=AXIS2_PLACEMENT_3D('',#4886,#4887,#4888);
#3953=CARTESIAN_POINT('',(0.98,3.7,0.0));
#3954=CARTESIAN_POINT('',(0.9275,3.635,0.0));
#3955=CARTESIAN_POINT('',(0.95375,3.6675,3.90343275280882E-17));
#3956=VECTOR('',#4889,1.0);
#3957=CARTESIAN_POINT('',(0.29,3.7,-4.2248919206872E-17));
#3958=AXIS2_PLACEMENT_3D('',#4890,#4891,#4892);
#3959=CARTESIAN_POINT('',(0.3425,3.635,-3.58197358493045E-17));
#3960=CARTESIAN_POINT('',(0.31625,3.6675,-3.90343275280883E-17));
#3961=VECTOR('',#4893,1.0);
#3962=AXIS2_PLACEMENT_3D('',#4894,#4895,#4896);
#3963=CARTESIAN_POINT('',(0.9275,3.2,0.0));
#3964=CARTESIAN_POINT('',(0.9275,3.4175,3.58197358493045E-17));
#3965=VECTOR('',#4897,1.0);
#3966=CARTESIAN_POINT('',(0.3425,3.2,-3.58197358493045E-17));
#3967=CARTESIAN_POINT('',(0.3425,3.4175,-3.58197358493045E-17));
#3968=VECTOR('',#4898,1.0);
#3969=AXIS2_PLACEMENT_3D('',#4899,#4900,#4901);
#3970=CARTESIAN_POINT('',(0.856739097293245,2.4058311108173,2.71543107436146E-17));
#3971=VECTOR('',#4902,1.0);
#3972=CARTESIAN_POINT('',(0.413260902706755,2.4058311108173,-2.71543107436146E-17));
#3973=VECTOR('',#4903,1.0);
#3974=CARTESIAN_POINT('',(0.915000000000001,1.3778312163513,0.0));
#3975=CARTESIAN_POINT('',(0.915000000000001,0.649999999999997,0.0));
#3976=CARTESIAN_POINT('',(0.915000000000001,1.01391560817565,3.42889779070267E-17));
#3977=VECTOR('',#4904,1.0);
#3978=CARTESIAN_POINT('',(0.354999999999999,1.3778312163513,-3.42889779070267E-17));
#3979=AXIS2_PLACEMENT_3D('',#4905,#4906,#4907);
#3980=CARTESIAN_POINT('',(0.354999999999999,0.649999999999997,-3.42889779070267E-17));
#3981=CARTESIAN_POINT('',(0.354999999999999,1.01391560817565,-3.42889779070267E-17));
#3982=VECTOR('',#4908,1.0);
#3983=AXIS2_PLACEMENT_3D('',#4909,#4910,#4911);
#3984=CARTESIAN_POINT('',(0.635,0.4883419246269,0.0));
#3985=CARTESIAN_POINT('',(0.494999999999999,0.569170962313449,-1.71444889535134E-17));
#3986=VECTOR('',#4912,1.0);
#3987=CARTESIAN_POINT('',(0.775000000000001,0.569170962313449,1.71444889535134E-17));
#3988=VECTOR('',#4913,1.0);
#3989=CARTESIAN_POINT('',(1.04,3.19614643444255,0.0));
#3990=CARTESIAN_POINT('',(0.970192659767884,2.39807321722127,4.10479060906373E-17));
#3991=VECTOR('',#4914,1.0);
#3992=CARTESIAN_POINT('',(0.229999999999999,3.19614643444255,-4.95965573298064E-17));
#3993=AXIS2_PLACEMENT_3D('',#4915,#4916,#4917);
#3994=CARTESIAN_POINT('',(0.299807340232116,2.39807321722127,-4.10479060906373E-17));
#3995=VECTOR('',#4918,1.0);
#3996=AXIS2_PLACEMENT_3D('',#4919,#4920,#4921);
#3997=CARTESIAN_POINT('',(1.04,1.44999999999999,0.0));
#3998=CARTESIAN_POINT('',(1.04,2.32307321722127,4.95965573298064E-17));
#3999=VECTOR('',#4922,1.0);
#4000=AXIS2_PLACEMENT_3D('',#4923,#4924,#4925);
#4001=CARTESIAN_POINT('',(0.229999999999999,1.44999999999999,-4.95965573298064E-17));
#4002=CARTESIAN_POINT('',(0.229999999999999,2.32307321722127,-4.95965573298064E-17));
#4003=VECTOR('',#4926,1.0);
#4004=AXIS2_PLACEMENT_3D('',#4927,#4928,#4929);
#4005=CARTESIAN_POINT('',(0.977500000000001,1.41391560817565,4.19427676184166E-17));
#4006=VECTOR('',#4930,1.0);
#4007=CARTESIAN_POINT('',(0.292499999999999,1.41391560817565,-4.19427676184166E-17));
#4008=VECTOR('',#4931,1.0);
#4009=CARTESIAN_POINT('',(2.05597819458649,1.6116622216346,0.0));
#4010=CARTESIAN_POINT('',(2.17038531953578,1.6,0.0));
#4011=CARTESIAN_POINT('',(2.11318175706113,1.6058311108173,2.54940702446972E-17));
#4012=VECTOR('',#4932,1.0);
#4013=CARTESIAN_POINT('',(1.75402180541351,1.6116622216346,-1.84888856379247E-17));
#4014=AXIS2_PLACEMENT_3D('',#4933,#4934,#4935);
#4015=CARTESIAN_POINT('',(1.63961468046422,1.6,-3.24992548514698E-17));
#4016=CARTESIAN_POINT('',(1.69681824293887,1.6058311108173,-2.54940702446972E-17));
#4017=VECTOR('',#4936,1.0);
#4018=AXIS2_PLACEMENT_3D('',#4937,#4938,#4939);
#4019=CARTESIAN_POINT('',(2.405,4.1,0.0));
#4020=CARTESIAN_POINT('',(2.29,3.78404009676272,0.0));
#4021=CARTESIAN_POINT('',(2.3475,3.94202004838136,5.41888311566402E-17));
#4022=VECTOR('',#4940,1.0);
#4023=CARTESIAN_POINT('',(1.405,4.1,-6.12303176911189E-17));
#4024=AXIS2_PLACEMENT_3D('',#4941,#4942,#4943);
#4025=CARTESIAN_POINT('',(1.52,3.78404009676272,-4.71473446221615E-17));
#4026=CARTESIAN_POINT('',(1.4625,3.94202004838136,-5.41888311566402E-17));
#4027=VECTOR('',#4944,1.0);
#4028=AXIS2_PLACEMENT_3D('',#4945,#4946,#4947);
#4029=CARTESIAN_POINT('',(2.29,3.7,0.0));
#4030=CARTESIAN_POINT('',(2.29,3.74202004838136,4.71473446221615E-17));
#4031=VECTOR('',#4948,1.0);
#4032=CARTESIAN_POINT('',(1.52,3.7,-4.71473446221615E-17));
#4033=CARTESIAN_POINT('',(1.52,3.74202004838136,-4.71473446221615E-17));
#4034=VECTOR('',#4949,1.0);
#4035=AXIS2_PLACEMENT_3D('',#4950,#4951,#4952);
#4036=CARTESIAN_POINT('',(2.25,3.7,0.0));
#4037=CARTESIAN_POINT('',(2.1975,3.635,0.0));
#4038=CARTESIAN_POINT('',(2.22375,3.6675,3.90343275280882E-17));
#4039=VECTOR('',#4953,1.0);
#4040=CARTESIAN_POINT('',(1.56,3.7,-4.2248919206872E-17));
#4041=AXIS2_PLACEMENT_3D('',#4954,#4955,#4956);
#4042=CARTESIAN_POINT('',(1.6125,3.635,-3.58197358493045E-17));
#4043=CARTESIAN_POINT('',(1.58625,3.6675,-3.90343275280882E-17));
#4044=VECTOR('',#4957,1.0);
#4045=AXIS2_PLACEMENT_3D('',#4958,#4959,#4960);
#4046=CARTESIAN_POINT('',(2.1975,3.2,0.0));
#4047=CARTESIAN_POINT('',(2.1975,3.4175,3.58197358493045E-17));
#4048=VECTOR('',#4961,1.0);
#4049=CARTESIAN_POINT('',(1.6125,3.2,-3.58197358493045E-17));
#4050=CARTESIAN_POINT('',(1.6125,3.4175,-3.58197358493045E-17));
#4051=VECTOR('',#4962,1.0);
#4052=AXIS2_PLACEMENT_3D('',#4963,#4964,#4965);
#4053=CARTESIAN_POINT('',(2.12673909729324,2.4058311108173,2.71543107436146E-17));
#4054=VECTOR('',#4966,1.0);
#4055=CARTESIAN_POINT('',(1.68326090270676,2.4058311108173,-2.71543107436146E-17));
#4056=VECTOR('',#4967,1.0);
#4057=CARTESIAN_POINT('',(2.185,1.3778312163513,0.0));
#4058=CARTESIAN_POINT('',(2.185,0.649999999999997,0.0));
#4059=CARTESIAN_POINT('',(2.185,1.01391560817565,3.42889779070267E-17));
#4060=VECTOR('',#4968,1.0);
#4061=CARTESIAN_POINT('',(1.625,1.3778312163513,-3.42889779070267E-17));
#4062=AXIS2_PLACEMENT_3D('',#4969,#4970,#4971);
#4063=CARTESIAN_POINT('',(1.625,0.649999999999997,-3.42889779070267E-17));
#4064=CARTESIAN_POINT('',(1.625,1.01391560817565,-3.42889779070267E-17));
#4065=VECTOR('',#4972,1.0);
#4066=AXIS2_PLACEMENT_3D('',#4973,#4974,#4975);
#4067=CARTESIAN_POINT('',(1.905,0.4883419246269,0.0));
#4068=CARTESIAN_POINT('',(1.765,0.569170962313449,-1.71444889535134E-17));
#4069=VECTOR('',#4976,1.0);
#4070=CARTESIAN_POINT('',(2.045,0.569170962313449,1.71444889535134E-17));
#4071=VECTOR('',#4977,1.0);
#4072=CARTESIAN_POINT('',(2.31,3.19614643444255,0.0));
#4073=CARTESIAN_POINT('',(2.24019265976788,2.39807321722127,4.10479060906373E-17));
#4074=VECTOR('',#4978,1.0);
#4075=CARTESIAN_POINT('',(1.5,3.19614643444255,-4.95965573298064E-17));
#4076=AXIS2_PLACEMENT_3D('',#4979,#4980,#4981);
#4077=CARTESIAN_POINT('',(1.56980734023212,2.39807321722127,-4.10479060906373E-17));
#4078=VECTOR('',#4982,1.0);
#4079=AXIS2_PLACEMENT_3D('',#4983,#4984,#4985);
#4080=CARTESIAN_POINT('',(2.31,1.44999999999999,0.0));
#4081=CARTESIAN_POINT('',(2.31,2.32307321722127,4.95965573298064E-17));
#4082=VECTOR('',#4986,1.0);
#4083=AXIS2_PLACEMENT_3D('',#4987,#4988,#4989);
#4084=CARTESIAN_POINT('',(1.5,1.44999999999999,-4.95965573298064E-17));
#4085=CARTESIAN_POINT('',(1.5,2.32307321722127,-4.95965573298064E-17));
#4086=VECTOR('',#4990,1.0);
#4087=AXIS2_PLACEMENT_3D('',#4991,#4992,#4993);
#4088=CARTESIAN_POINT('',(2.2475,1.41391560817565,4.19427676184166E-17));
#4089=VECTOR('',#4994,1.0);
#4090=CARTESIAN_POINT('',(1.5625,1.41391560817565,-4.19427676184166E-17));
#4091=VECTOR('',#4995,1.0);
#4092=AXIS2_PLACEMENT_3D('',#4996,#4997,#4998);
#4093=AXIS2_PLACEMENT_3D('',#4999,#5000,#5001);
#4094=AXIS2_PLACEMENT_3D('',#5002,#5003,#5004);
#4095=AXIS2_PLACEMENT_3D('',#5005,#5006,#5007);
#4096=AXIS2_PLACEMENT_3D('',#5008,#5009,#5010);
#4097=AXIS2_PLACEMENT_3D('',#5011,#5012,#5013);
#4098=AXIS2_PLACEMENT_3D('',#5014,#5015,#5016);
#4099=AXIS2_PLACEMENT_3D('',#5017,#5018,#5019);
#4100=AXIS2_PLACEMENT_3D('',#5020,#5021,#5022);
#4101=AXIS2_PLACEMENT_3D('',#5023,#5024,#5025);
#4102=AXIS2_PLACEMENT_3D('',#5026,#5027,#5028);
#4103=AXIS2_PLACEMENT_3D('',#5029,#5030,#5031);
#4104=AXIS2_PLACEMENT_3D('',#5032,#5033,#5034);
#4105=AXIS2_PLACEMENT_3D('',#5035,#5036,#5037);
#4106=AXIS2_PLACEMENT_3D('',#5038,#5039,#5040);
#4107=AXIS2_PLACEMENT_3D('',#5041,#5042,#5043);
#4108=AXIS2_PLACEMENT_3D('',#5044,#5045,#5046);
#4109=AXIS2_PLACEMENT_3D('',#5047,#5048,#5049);
#4110=AXIS2_PLACEMENT_3D('',#5050,#5051,#5052);
#4111=AXIS2_PLACEMENT_3D('',#5053,#5054,#5055);
#4112=AXIS2_PLACEMENT_3D('',#5056,#5057,#5058);
#4113=AXIS2_PLACEMENT_3D('',#5059,#5060,#5061);
#4114=AXIS2_PLACEMENT_3D('',#5062,#5063,#5064);
#4115=AXIS2_PLACEMENT_3D('',#5065,#5066,#5067);
#4116=AXIS2_PLACEMENT_3D('',#5068,#5069,#5070);
#4117=AXIS2_PLACEMENT_3D('',#5071,#5072,#5073);
#4118=AXIS2_PLACEMENT_3D('',#5074,#5075,#5076);
#4119=AXIS2_PLACEMENT_3D('',#5077,#5078,#5079);
#4120=AXIS2_PLACEMENT_3D('',#5080,#5081,#5082);
#4121=AXIS2_PLACEMENT_3D('',#5083,#5084,#5085);
#4122=AXIS2_PLACEMENT_3D('',#5086,#5087,#5088);
#4123=AXIS2_PLACEMENT_3D('',#5089,#5090,#5091);
#4124=AXIS2_PLACEMENT_3D('',#5092,#5093,#5094);
#4125=AXIS2_PLACEMENT_3D('',#5095,#5096,#5097);
#4126=AXIS2_PLACEMENT_3D('',#5098,#5099,#5100);
#4127=AXIS2_PLACEMENT_3D('',#5101,#5102,#5103);
#4128=AXIS2_PLACEMENT_3D('',#5104,#5105,#5106);
#4129=AXIS2_PLACEMENT_3D('',#5107,#5108,#5109);
#4130=AXIS2_PLACEMENT_3D('',#5110,#5111,#5112);
#4131=AXIS2_PLACEMENT_3D('',#5113,#5114,#5115);
#4132=AXIS2_PLACEMENT_3D('',#5116,#5117,#5118);
#4133=AXIS2_PLACEMENT_3D('',#5119,#5120,#5121);
#4134=AXIS2_PLACEMENT_3D('',#5122,#5123,#5124);
#4135=AXIS2_PLACEMENT_3D('',#5125,#5126,#5127);
#4136=AXIS2_PLACEMENT_3D('',#5128,#5129,#5130);
#4137=AXIS2_PLACEMENT_3D('',#5131,#5132,#5133);
#4138=AXIS2_PLACEMENT_3D('',#5134,#5135,#5136);
#4139=AXIS2_PLACEMENT_3D('',#5137,#5138,#5139);
#4140=AXIS2_PLACEMENT_3D('',#5140,#5141,#5142);
#4141=AXIS2_PLACEMENT_3D('',#5143,#5144,#5145);
#4142=AXIS2_PLACEMENT_3D('',#5146,#5147,#5148);
#4143=AXIS2_PLACEMENT_3D('',#5149,#5150,#5151);
#4144=AXIS2_PLACEMENT_3D('',#5152,#5153,#5154);
#4145=AXIS2_PLACEMENT_3D('',#5155,#5156,#5157);
#4146=AXIS2_PLACEMENT_3D('',#5158,#5159,#5160);
#4147=AXIS2_PLACEMENT_3D('',#5161,#5162,#5163);
#4148=AXIS2_PLACEMENT_3D('',#5164,#5165,#5166);
#4149=AXIS2_PLACEMENT_3D('',#5167,#5168,#5169);
#4150=AXIS2_PLACEMENT_3D('',#5170,#5171,#5172);
#4151=AXIS2_PLACEMENT_3D('',#5173,#5174,#5175);
#4152=AXIS2_PLACEMENT_3D('',#5176,#5177,#5178);
#4153=AXIS2_PLACEMENT_3D('',#5179,#5180,#5181);
#4154=AXIS2_PLACEMENT_3D('',#5182,#5183,#5184);
#4155=AXIS2_PLACEMENT_3D('',#5185,#5186,#5187);
#4156=CARTESIAN_POINT('',(2.16720595314675,0.199999999999989,-0.599999999999994));
#4157=CARTESIAN_POINT('',(2.24000000000001,0.0,-0.715470053837919));
#4158=CARTESIAN_POINT('',(2.02795410159342,0.582591317759875,-0.379110799701698));
#4159=VECTOR('',#5188,1.0);
#4160=CARTESIAN_POINT('',(2.16720595314675,0.199999999999989,-1.1));
#4161=CARTESIAN_POINT('',(2.16720595314675,0.199999999999989,-1.5));
#4162=VECTOR('',#5189,1.0);
#4163=CARTESIAN_POINT('',(2.24000000000001,0.0,-1.1));
#4164=CARTESIAN_POINT('',(1.76135772646881,1.31505883852296,-1.1));
#4165=VECTOR('',#5190,1.0);
#4166=CARTESIAN_POINT('',(2.24000000000001,0.0,-0.75));
#4167=VECTOR('',#5191,1.0);
#4168=CARTESIAN_POINT('',(2.16720595314675,0.199999999999989,1.1));
#4169=CARTESIAN_POINT('',(2.24000000000001,0.0,1.1));
#4170=CARTESIAN_POINT('',(1.76135772646881,1.31505883852296,1.1));
#4171=VECTOR('',#5192,1.0);
#4172=CARTESIAN_POINT('',(2.16720595314675,0.199999999999989,0.599999999999995));
#4173=CARTESIAN_POINT('',(2.16720595314675,0.199999999999989,-1.5));
#4174=VECTOR('',#5193,1.0);
#4175=CARTESIAN_POINT('',(2.24000000000001,0.0,0.715470053837919));
#4176=CARTESIAN_POINT('',(1.81291397274643,1.1734092160434,0.0380019270856411));
#4177=VECTOR('',#5194,1.0);
#4178=CARTESIAN_POINT('',(2.24000000000001,0.0,-0.75));
#4179=VECTOR('',#5195,1.0);
#4180=CARTESIAN_POINT('',(1.56999999999999,0.0,-0.715470053837919));
#4181=CARTESIAN_POINT('',(1.64279404685325,0.199999999999989,-0.599999999999994));
#4182=CARTESIAN_POINT('',(1.33698761360031,-0.64019627008615,-1.08508754270637));
#4183=VECTOR('',#5196,1.0);
#4184=CARTESIAN_POINT('',(1.56999999999999,0.0,-1.1));
#4185=CARTESIAN_POINT('',(1.56999999999999,0.0,-0.75));
#4186=VECTOR('',#5197,1.0);
#4187=CARTESIAN_POINT('',(1.64279404685325,0.199999999999989,-1.1));
#4188=CARTESIAN_POINT('',(1.82579960560189,0.702803640296372,-1.1));
#4189=VECTOR('',#5198,1.0);
#4190=CARTESIAN_POINT('',(1.64279404685325,0.199999999999989,-1.5));
#4191=VECTOR('',#5199,1.0);
#4192=CARTESIAN_POINT('',(1.56999999999999,0.0,1.1));
#4193=CARTESIAN_POINT('',(1.64279404685325,0.199999999999989,1.1));
#4194=CARTESIAN_POINT('',(1.82579960560189,0.702803640296372,1.1));
#4195=VECTOR('',#5200,1.0);
#4196=CARTESIAN_POINT('',(1.56999999999999,0.0,0.715470053837919));
#4197=CARTESIAN_POINT('',(1.56999999999999,0.0,-0.75));
#4198=VECTOR('',#5201,1.0);
#4199=CARTESIAN_POINT('',(1.64279404685325,0.199999999999989,0.599999999999995));
#4200=CARTESIAN_POINT('',(1.5520277424473,-0.0493783718026281,0.743978670090313));
#4201=VECTOR('',#5202,1.0);
#4202=CARTESIAN_POINT('',(1.64279404685325,0.199999999999989,-1.5));
#4203=VECTOR('',#5203,1.0);
#4204=CARTESIAN_POINT('',(0.970000000000008,0.0,1.1));
#4205=CARTESIAN_POINT('',(0.0,0.0,1.1));
#4206=VECTOR('',#5204,1.0);
#4207=CARTESIAN_POINT('',(0.970000000000008,0.0,0.715470053837919));
#4208=CARTESIAN_POINT('',(0.970000000000008,0.0,-0.75));
#4209=VECTOR('',#5205,1.0);
#4210=CARTESIAN_POINT('',(-1.50975,0.0,0.715470053837919));
#4211=VECTOR('',#5206,1.0);
#4212=CARTESIAN_POINT('',(2.745,0.0,0.715470053837919));
#4213=CARTESIAN_POINT('',(-1.50975,0.0,0.715470053837919));
#4214=VECTOR('',#5207,1.0);
#4215=CARTESIAN_POINT('',(2.745,0.0,1.1));
#4216=CARTESIAN_POINT('',(2.745,0.0,0.0));
#4217=VECTOR('',#5208,1.0);
#4218=CARTESIAN_POINT('',(0.0,0.0,1.1));
#4219=VECTOR('',#5209,1.0);
#4220=CARTESIAN_POINT('',(0.897205953146747,0.199999999999989,0.599999999999995));
#4221=CARTESIAN_POINT('',(0.600302948449947,1.0157343011724,0.129035581630867));
#4222=VECTOR('',#5210,1.0);
#4223=CARTESIAN_POINT('',(-3.0195,0.199999999999989,0.599999999999994));
#4224=VECTOR('',#5211,1.0);
#4225=CARTESIAN_POINT('',(2.745,0.199999999999989,0.599999999999995));
#4226=CARTESIAN_POINT('',(-3.0195,0.199999999999989,0.599999999999994));
#4227=VECTOR('',#5212,1.0);
#4228=CARTESIAN_POINT('',(2.745,0.973653810567646,0.153330764209155));
#4229=VECTOR('',#5213,1.0);
#4230=CARTESIAN_POINT('',(0.9525,0.199999999999989,-1.1));
#4231=VECTOR('',#5214,1.0);
#4232=CARTESIAN_POINT('',(0.970000000000008,0.0,-1.1));
#4233=CARTESIAN_POINT('',(0.0,0.0,-1.1));
#4234=VECTOR('',#5215,1.0);
#4235=CARTESIAN_POINT('',(0.897205953146747,0.199999999999989,-1.1));
#4236=CARTESIAN_POINT('',(0.565638615778574,1.11097377244743,-1.1));
#4237=VECTOR('',#5216,1.0);
#4238=CARTESIAN_POINT('',(0.372794046853253,0.199999999999989,-1.1));
#4239=CARTESIAN_POINT('',(0.3175,0.199999999999989,-1.1));
#4240=VECTOR('',#5217,1.0);
#4241=CARTESIAN_POINT('',(0.299999999999992,0.0,-1.1));
#4242=CARTESIAN_POINT('',(0.630080494911657,0.9068887063719,-1.1));
#4243=VECTOR('',#5218,1.0);
#4244=CARTESIAN_POINT('',(-0.299999999999992,0.0,-1.1));
#4245=CARTESIAN_POINT('',(0.0,0.0,-1.1));
#4246=VECTOR('',#5219,1.0);
#4247=CARTESIAN_POINT('',(-0.372794046853253,0.199999999999989,-1.1));
#4248=CARTESIAN_POINT('',(-0.630080494911657,0.9068887063719,-1.1));
#4249=VECTOR('',#5220,1.0);
#4250=CARTESIAN_POINT('',(-0.897205953146747,0.199999999999989,-1.1));
#4251=CARTESIAN_POINT('',(-0.3175,0.199999999999989,-1.1));
#4252=VECTOR('',#5221,1.0);
#4253=CARTESIAN_POINT('',(-0.970000000000008,0.0,-1.1));
#4254=CARTESIAN_POINT('',(-0.565638615778575,1.11097377244743,-1.1));
#4255=VECTOR('',#5222,1.0);
#4256=CARTESIAN_POINT('',(-1.56999999999999,0.0,-1.1));
#4257=CARTESIAN_POINT('',(0.0,0.0,-1.1));
#4258=VECTOR('',#5223,1.0);
#4259=CARTESIAN_POINT('',(-1.64279404685325,0.199999999999989,-1.1));
#4260=CARTESIAN_POINT('',(-1.82579960560189,0.702803640296371,-1.1));
#4261=VECTOR('',#5224,1.0);
#4262=CARTESIAN_POINT('',(-2.16720595314675,0.199999999999989,-1.1));
#4263=CARTESIAN_POINT('',(-0.9525,0.199999999999989,-1.1));
#4264=VECTOR('',#5225,1.0);
#4265=CARTESIAN_POINT('',(-2.24000000000001,0.0,-1.1));
#4266=CARTESIAN_POINT('',(-1.76135772646881,1.31505883852296,-1.1));
#4267=VECTOR('',#5226,1.0);
#4268=CARTESIAN_POINT('',(-2.745,0.0,-1.1));
#4269=CARTESIAN_POINT('',(0.0,0.0,-1.1));
#4270=VECTOR('',#5227,1.0);
#4271=CARTESIAN_POINT('',(-2.745,4.1,-1.1));
#4272=CARTESIAN_POINT('',(-2.745,2.05,-1.1));
#4273=VECTOR('',#5228,1.0);
#4274=CARTESIAN_POINT('',(2.745,4.1,-1.1));
#4275=CARTESIAN_POINT('',(0.0,4.1,-1.1));
#4276=VECTOR('',#5229,1.0);
#4277=CARTESIAN_POINT('',(2.745,0.0,-1.1));
#4278=CARTESIAN_POINT('',(2.745,2.05,-1.1));
#4279=VECTOR('',#5230,1.0);
#4280=CARTESIAN_POINT('',(0.0,0.0,-1.1));
#4281=VECTOR('',#5231,1.0);
#4282=CARTESIAN_POINT('',(0.9525,0.199999999999989,1.1));
#4283=VECTOR('',#5232,1.0);
#4284=CARTESIAN_POINT('',(0.897205953146747,0.199999999999989,1.1));
#4285=CARTESIAN_POINT('',(0.897205953146747,0.199999999999989,-1.5));
#4286=VECTOR('',#5233,1.0);
#4287=CARTESIAN_POINT('',(0.372794046853253,0.199999999999989,1.1));
#4288=CARTESIAN_POINT('',(0.3175,0.199999999999989,1.1));
#4289=VECTOR('',#5234,1.0);
#4290=CARTESIAN_POINT('',(0.372794046853253,0.199999999999989,0.599999999999995));
#4291=CARTESIAN_POINT('',(0.372794046853253,0.199999999999989,-1.5));
#4292=VECTOR('',#5235,1.0);
#4293=CARTESIAN_POINT('',(-0.372794046853253,0.199999999999989,0.599999999999995));
#4294=CARTESIAN_POINT('',(-3.0195,0.199999999999989,0.599999999999994));
#4295=VECTOR('',#5236,1.0);
#4296=CARTESIAN_POINT('',(-0.372794046853253,0.199999999999989,1.1));
#4297=CARTESIAN_POINT('',(-0.372794046853253,0.199999999999989,-1.5));
#4298=VECTOR('',#5237,1.0);
#4299=CARTESIAN_POINT('',(-0.897205953146747,0.199999999999989,1.1));
#4300=CARTESIAN_POINT('',(-0.3175,0.199999999999989,1.1));
#4301=VECTOR('',#5238,1.0);
#4302=CARTESIAN_POINT('',(-0.897205953146747,0.199999999999989,0.599999999999995));
#4303=CARTESIAN_POINT('',(-0.897205953146747,0.199999999999989,-1.5));
#4304=VECTOR('',#5239,1.0);
#4305=CARTESIAN_POINT('',(-1.64279404685325,0.199999999999989,0.599999999999995));
#4306=CARTESIAN_POINT('',(-3.0195,0.199999999999989,0.599999999999994));
#4307=VECTOR('',#5240,1.0);
#4308=CARTESIAN_POINT('',(-1.64279404685325,0.199999999999989,1.1));
#4309=CARTESIAN_POINT('',(-1.64279404685325,0.199999999999989,-1.5));
#4310=VECTOR('',#5241,1.0);
#4311=CARTESIAN_POINT('',(-2.16720595314675,0.199999999999989,1.1));
#4312=CARTESIAN_POINT('',(-0.9525,0.199999999999989,1.1));
#4313=VECTOR('',#5242,1.0);
#4314=CARTESIAN_POINT('',(-2.16720595314675,0.199999999999989,0.599999999999994));
#4315=CARTESIAN_POINT('',(-2.16720595314675,0.199999999999989,-1.5));
#4316=VECTOR('',#5243,1.0);
#4317=CARTESIAN_POINT('',(-2.745,0.199999999999989,0.599999999999994));
#4318=CARTESIAN_POINT('',(-3.0195,0.199999999999989,0.599999999999994));
#4319=VECTOR('',#5244,1.0);
#4320=CARTESIAN_POINT('',(-2.745,0.199999999999989,-0.599999999999994));
#4321=CARTESIAN_POINT('',(-2.745,0.199999999999989,0.0));
#4322=VECTOR('',#5245,1.0);
#4323=CARTESIAN_POINT('',(-2.16720595314675,0.199999999999989,-0.599999999999994));
#4324=CARTESIAN_POINT('',(-3.0195,0.199999999999989,-0.599999999999994));
#4325=VECTOR('',#5246,1.0);
#4326=CARTESIAN_POINT('',(-2.16720595314675,0.199999999999989,-1.5));
#4327=VECTOR('',#5247,1.0);
#4328=CARTESIAN_POINT('',(-1.64279404685325,0.199999999999989,-0.599999999999994));
#4329=CARTESIAN_POINT('',(-1.64279404685325,0.199999999999989,-1.5));
#4330=VECTOR('',#5248,1.0);
#4331=CARTESIAN_POINT('',(-0.897205953146747,0.199999999999989,-0.599999999999994));
#4332=CARTESIAN_POINT('',(-3.0195,0.199999999999989,-0.599999999999994));
#4333=VECTOR('',#5249,1.0);
#4334=CARTESIAN_POINT('',(-0.897205953146747,0.199999999999989,-1.5));
#4335=VECTOR('',#5250,1.0);
#4336=CARTESIAN_POINT('',(-0.372794046853253,0.199999999999989,-0.599999999999994));
#4337=CARTESIAN_POINT('',(-0.372794046853253,0.199999999999989,-1.5));
#4338=VECTOR('',#5251,1.0);
#4339=CARTESIAN_POINT('',(0.372794046853253,0.199999999999989,-0.599999999999994));
#4340=CARTESIAN_POINT('',(-3.0195,0.199999999999989,-0.599999999999994));
#4341=VECTOR('',#5252,1.0);
#4342=CARTESIAN_POINT('',(0.372794046853253,0.199999999999989,-1.5));
#4343=VECTOR('',#5253,1.0);
#4344=CARTESIAN_POINT('',(0.897205953146747,0.199999999999989,-0.599999999999994));
#4345=CARTESIAN_POINT('',(0.897205953146747,0.199999999999989,-1.5));
#4346=VECTOR('',#5254,1.0);
#4347=CARTESIAN_POINT('',(-3.0195,0.199999999999989,-0.599999999999994));
#4348=VECTOR('',#5255,1.0);
#4349=CARTESIAN_POINT('',(2.745,0.199999999999989,-0.599999999999994));
#4350=CARTESIAN_POINT('',(-3.0195,0.199999999999989,-0.599999999999994));
#4351=VECTOR('',#5256,1.0);
#4352=CARTESIAN_POINT('',(2.745,0.199999999999989,0.0));
#4353=VECTOR('',#5257,1.0);
#4354=CARTESIAN_POINT('',(0.970000000000008,0.0,-0.715470053837919));
#4355=CARTESIAN_POINT('',(0.815343077296939,0.424916402888878,-0.470144454246925));
#4356=VECTOR('',#5258,1.0);
#4357=CARTESIAN_POINT('',(-1.50975,0.0,-0.715470053837919));
#4358=VECTOR('',#5259,1.0);
#4359=CARTESIAN_POINT('',(0.970000000000008,0.0,-0.75));
#4360=VECTOR('',#5260,1.0);
#4361=CARTESIAN_POINT('',(2.745,0.0,-0.715470053837919));
#4362=CARTESIAN_POINT('',(2.745,0.0,0.0));
#4363=VECTOR('',#5261,1.0);
#4364=CARTESIAN_POINT('',(-1.50975,0.0,-0.715470053837919));
#4365=VECTOR('',#5262,1.0);
#4366=CARTESIAN_POINT('',(0.565638615778574,1.11097377244743,1.1));
#4367=VECTOR('',#5263,1.0);
#4368=CARTESIAN_POINT('',(0.299999999999992,0.0,-0.715470053837919));
#4369=CARTESIAN_POINT('',(0.124376589303828,-0.482521355215153,-0.994053888161145));
#4370=VECTOR('',#5264,1.0);
#4371=CARTESIAN_POINT('',(0.299999999999992,0.0,-0.75));
#4372=VECTOR('',#5265,1.0);
#4373=CARTESIAN_POINT('',(0.299999999999992,0.0,1.1));
#4374=CARTESIAN_POINT('',(0.630080494911657,0.9068887063719,1.1));
#4375=VECTOR('',#5266,1.0);
#4376=CARTESIAN_POINT('',(0.299999999999992,0.0,0.715470053837919));
#4377=CARTESIAN_POINT('',(0.299999999999992,0.0,-0.75));
#4378=VECTOR('',#5267,1.0);
#4379=CARTESIAN_POINT('',(0.339416718150819,0.108296543068369,0.652945015545087));
#4380=VECTOR('',#5268,1.0);
#4381=CARTESIAN_POINT('',(-0.299999999999992,0.0,1.1));
#4382=CARTESIAN_POINT('',(0.0,0.0,1.1));
#4383=VECTOR('',#5269,1.0);
#4384=CARTESIAN_POINT('',(-0.299999999999992,0.0,0.715470053837919));
#4385=CARTESIAN_POINT('',(-0.299999999999992,0.0,-0.75));
#4386=VECTOR('',#5270,1.0);
#4387=CARTESIAN_POINT('',(-1.50975,0.0,0.715470053837919));
#4388=VECTOR('',#5271,1.0);
#4389=CARTESIAN_POINT('',(-0.612308075846533,0.858059386301403,0.220069236176094));
#4390=VECTOR('',#5272,1.0);
#4391=CARTESIAN_POINT('',(-0.299999999999992,0.0,-0.715470053837919));
#4392=CARTESIAN_POINT('',(-0.397267946999542,0.267241488017881,-0.561178108792151));
#4393=VECTOR('',#5273,1.0);
#4394=CARTESIAN_POINT('',(-1.50975,0.0,-0.715470053837919));
#4395=VECTOR('',#5274,1.0);
#4396=CARTESIAN_POINT('',(-0.299999999999992,0.0,-0.75));
#4397=VECTOR('',#5275,1.0);
#4398=CARTESIAN_POINT('',(-0.630080494911657,0.9068887063719,1.1));
#4399=VECTOR('',#5276,1.0);
#4400=CARTESIAN_POINT('',(-0.970000000000008,0.0,-0.715470053837919));
#4401=CARTESIAN_POINT('',(-1.08823443499265,-0.324846440344156,-0.903020233615918));
#4402=VECTOR('',#5277,1.0);
#4403=CARTESIAN_POINT('',(-0.970000000000008,0.0,-0.75));
#4404=VECTOR('',#5278,1.0);
#4405=CARTESIAN_POINT('',(-0.970000000000008,0.0,1.1));
#4406=CARTESIAN_POINT('',(-0.565638615778575,1.11097377244743,1.1));
#4407=VECTOR('',#5279,1.0);
#4408=CARTESIAN_POINT('',(-0.970000000000008,0.0,0.715470053837919));
#4409=CARTESIAN_POINT('',(-0.970000000000008,0.0,-0.75));
#4410=VECTOR('',#5280,1.0);
#4411=CARTESIAN_POINT('',(-0.873194306145661,0.265971457939367,0.561911360999861));
#4412=VECTOR('',#5281,1.0);
#4413=CARTESIAN_POINT('',(-1.56999999999999,0.0,1.1));
#4414=CARTESIAN_POINT('',(0.0,0.0,1.1));
#4415=VECTOR('',#5282,1.0);
#4416=CARTESIAN_POINT('',(-1.56999999999999,0.0,0.715470053837919));
#4417=CARTESIAN_POINT('',(-1.56999999999999,0.0,-0.75));
#4418=VECTOR('',#5283,1.0);
#4419=CARTESIAN_POINT('',(-1.50975,0.0,0.715470053837919));
#4420=VECTOR('',#5284,1.0);
#4421=CARTESIAN_POINT('',(-1.82491910014301,0.700384471430406,0.31110289072132));
#4422=VECTOR('',#5285,1.0);
#4423=CARTESIAN_POINT('',(-1.56999999999999,0.0,-0.715470053837919));
#4424=CARTESIAN_POINT('',(-1.60987897129602,0.109566573146883,-0.652211763337378));
#4425=VECTOR('',#5286,1.0);
#4426=CARTESIAN_POINT('',(-1.50975,0.0,-0.715470053837919));
#4427=VECTOR('',#5287,1.0);
#4428=CARTESIAN_POINT('',(-1.56999999999999,0.0,-0.75));
#4429=VECTOR('',#5288,1.0);
#4430=CARTESIAN_POINT('',(-1.82579960560189,0.702803640296371,1.1));
#4431=VECTOR('',#5289,1.0);
#4432=CARTESIAN_POINT('',(-2.24000000000001,0.0,-0.715470053837919));
#4433=CARTESIAN_POINT('',(-2.30084545928913,-0.167171525473158,-0.811986579070692));
#4434=VECTOR('',#5290,1.0);
#4435=CARTESIAN_POINT('',(-2.24000000000001,0.0,-0.75));
#4436=VECTOR('',#5291,1.0);
#4437=CARTESIAN_POINT('',(-2.24000000000001,0.0,1.1));
#4438=CARTESIAN_POINT('',(-1.76135772646881,1.31505883852296,1.1));
#4439=VECTOR('',#5292,1.0);
#4440=CARTESIAN_POINT('',(-2.24000000000001,0.0,0.715470053837919));
#4441=CARTESIAN_POINT('',(-2.24000000000001,0.0,-0.75));
#4442=VECTOR('',#5293,1.0);
#4443=CARTESIAN_POINT('',(-2.08580533044214,0.423646372810364,0.470877706454634));
#4444=VECTOR('',#5294,1.0);
#4445=CARTESIAN_POINT('',(-2.745,0.0,1.1));
#4446=CARTESIAN_POINT('',(0.0,0.0,1.1));
#4447=VECTOR('',#5295,1.0);
#4448=CARTESIAN_POINT('',(-2.745,0.0,0.715470053837919));
#4449=CARTESIAN_POINT('',(-2.745,0.0,0.0));
#4450=VECTOR('',#5296,1.0);
#4451=CARTESIAN_POINT('',(-1.50975,0.0,0.715470053837919));
#4452=VECTOR('',#5297,1.0);
#4453=CARTESIAN_POINT('',(-2.745,0.0,-0.715470053837919));
#4454=CARTESIAN_POINT('',(-1.50975,0.0,-0.715470053837919));
#4455=VECTOR('',#5298,1.0);
#4456=CARTESIAN_POINT('',(-2.745,0.0,0.0));
#4457=VECTOR('',#5299,1.0);
#4458=CARTESIAN_POINT('',(-2.745,0.973653810567646,0.153330764209155));
#4459=VECTOR('',#5300,1.0);
#4460=CARTESIAN_POINT('',(-2.745,0.973653810567646,-0.153330764209155));
#4461=VECTOR('',#5301,1.0);
#4462=CARTESIAN_POINT('',(2.745,0.973653810567646,-0.153330764209155));
#4463=VECTOR('',#5302,1.0);
#4464=CARTESIAN_POINT('',(-2.745,4.1,1.1));
#4465=CARTESIAN_POINT('',(-2.745,2.05,1.1));
#4466=VECTOR('',#5303,1.0);
#4467=CARTESIAN_POINT('',(-2.745,4.1,0.0));
#4468=VECTOR('',#5304,1.0);
#4469=CARTESIAN_POINT('',(2.745,4.1,1.1));
#4470=CARTESIAN_POINT('',(2.745,2.05,1.1));
#4471=VECTOR('',#5305,1.0);
#4472=CARTESIAN_POINT('',(0.0,4.1,1.1));
#4473=VECTOR('',#5306,1.0);
#4474=CARTESIAN_POINT('',(2.745,4.1,0.0));
#4475=VECTOR('',#5307,1.0);
#4476=CARTESIAN_POINT('',(-1.905,-0.54,0.66));
#4477=DIRECTION('',(1.0,6.12303176911189E-17,3.74915180455534E-33));
#4478=DIRECTION('',(3.74915180455534E-33,0.0,-1.0));
#4479=CARTESIAN_POINT('',(-1.905,-1.2,0.66));
#4480=DIRECTION('',(0.0,6.12303176911189E-17,-1.0));
#4481=DIRECTION('',(6.12303176911189E-17,-1.0,-6.12303176911189E-17));
#4482=CARTESIAN_POINT('',(-1.905,-1.2,0.66));
#4483=DIRECTION('',(0.0,6.12303176911189E-17,-1.0));
#4484=DIRECTION('',(6.12303176911189E-17,-1.0,-6.12303176911189E-17));
#4485=CARTESIAN_POINT('',(-1.905,-0.54,0.66));
#4486=DIRECTION('',(-1.0,-6.12303176911189E-17,-3.74915180455534E-33));
#4487=DIRECTION('',(3.74915180455534E-33,0.0,-1.0));
#4488=CARTESIAN_POINT('',(-1.905,-0.539999999999999,0.0));
#4489=DIRECTION('',(0.0,1.0,0.0));
#4490=DIRECTION('',(-1.0,0.0,0.0));
#4491=CARTESIAN_POINT('',(-1.905,-0.539999999999999,0.0));
#4492=DIRECTION('',(0.0,1.0,0.0));
#4493=DIRECTION('',(-1.0,0.0,0.0));
#4494=CARTESIAN_POINT('',(-0.635,-0.54,0.66));
#4495=DIRECTION('',(1.0,6.12303176911189E-17,3.74915180455534E-33));
#4496=DIRECTION('',(3.74915180455534E-33,0.0,-1.0));
#4497=CARTESIAN_POINT('',(-0.635,-1.2,0.66));
#4498=DIRECTION('',(0.0,6.12303176911189E-17,-1.0));
#4499=DIRECTION('',(6.12303176911189E-17,-1.0,-6.12303176911189E-17));
#4500=CARTESIAN_POINT('',(-0.635,-1.2,0.66));
#4501=DIRECTION('',(0.0,6.12303176911189E-17,-1.0));
#4502=DIRECTION('',(6.12303176911189E-17,-1.0,-6.12303176911189E-17));
#4503=CARTESIAN_POINT('',(-0.635,-0.54,0.66));
#4504=DIRECTION('',(-1.0,-6.12303176911189E-17,-3.74915180455534E-33));
#4505=DIRECTION('',(3.74915180455534E-33,0.0,-1.0));
#4506=CARTESIAN_POINT('',(-0.635,-0.539999999999999,0.0));
#4507=DIRECTION('',(0.0,1.0,0.0));
#4508=DIRECTION('',(-1.0,0.0,0.0));
#4509=CARTESIAN_POINT('',(-0.635,-0.539999999999999,0.0));
#4510=DIRECTION('',(0.0,1.0,0.0));
#4511=DIRECTION('',(-1.0,0.0,0.0));
#4512=CARTESIAN_POINT('',(0.635,-0.54,0.66));
#4513=DIRECTION('',(1.0,6.12303176911189E-17,3.74915180455534E-33));
#4514=DIRECTION('',(3.74915180455534E-33,0.0,-1.0));
#4515=CARTESIAN_POINT('',(0.635,-1.2,0.66));
#4516=DIRECTION('',(0.0,6.12303176911189E-17,-1.0));
#4517=DIRECTION('',(6.12303176911189E-17,-1.0,-6.12303176911189E-17));
#4518=CARTESIAN_POINT('',(0.635,-1.2,0.66));
#4519=DIRECTION('',(0.0,6.12303176911189E-17,-1.0));
#4520=DIRECTION('',(6.12303176911189E-17,-1.0,-6.12303176911189E-17));
#4521=CARTESIAN_POINT('',(0.635,-0.54,0.66));
#4522=DIRECTION('',(-1.0,-6.12303176911189E-17,-3.74915180455534E-33));
#4523=DIRECTION('',(3.74915180455534E-33,0.0,-1.0));
#4524=CARTESIAN_POINT('',(0.635,-0.539999999999999,0.0));
#4525=DIRECTION('',(0.0,1.0,0.0));
#4526=DIRECTION('',(-1.0,0.0,0.0));
#4527=CARTESIAN_POINT('',(0.635,-0.539999999999999,0.0));
#4528=DIRECTION('',(0.0,1.0,0.0));
#4529=DIRECTION('',(-1.0,0.0,0.0));
#4530=CARTESIAN_POINT('',(1.905,-0.54,0.66));
#4531=DIRECTION('',(1.0,6.12303176911189E-17,3.74915180455534E-33));
#4532=DIRECTION('',(3.74915180455534E-33,0.0,-1.0));
#4533=CARTESIAN_POINT('',(1.905,-1.2,0.66));
#4534=DIRECTION('',(0.0,6.12303176911189E-17,-1.0));
#4535=DIRECTION('',(6.12303176911189E-17,-1.0,-6.12303176911189E-17));
#4536=CARTESIAN_POINT('',(1.905,-1.2,0.66));
#4537=DIRECTION('',(0.0,6.12303176911189E-17,-1.0));
#4538=DIRECTION('',(6.12303176911189E-17,-1.0,-6.12303176911189E-17));
#4539=CARTESIAN_POINT('',(1.905,-0.54,0.66));
#4540=DIRECTION('',(-1.0,-6.12303176911189E-17,-3.74915180455534E-33));
#4541=DIRECTION('',(3.74915180455534E-33,0.0,-1.0));
#4542=CARTESIAN_POINT('',(1.905,-0.539999999999999,0.0));
#4543=DIRECTION('',(0.0,1.0,0.0));
#4544=DIRECTION('',(-1.0,0.0,0.0));
#4545=CARTESIAN_POINT('',(1.905,-0.539999999999999,0.0));
#4546=DIRECTION('',(0.0,1.0,0.0));
#4547=DIRECTION('',(-1.0,0.0,0.0));
#4548=CARTESIAN_POINT('',(-1.905,0.0585786437626981,-0.319999999999956));
#4549=DIRECTION('',(-1.0,0.0,-0.0));
#4550=DIRECTION('',(0.0,-0.0,-1.0));
#4551=CARTESIAN_POINT('',(-1.905,0.0585786437626901,0.0));
#4552=DIRECTION('',(0.0,1.0,0.0));
#4553=DIRECTION('',(-1.0,0.0,0.0));
#4554=CARTESIAN_POINT('',(-1.905,0.0585786437626901,0.0));
#4555=DIRECTION('',(0.0,1.0,0.0));
#4556=DIRECTION('',(-1.0,0.0,0.0));
#4557=CARTESIAN_POINT('',(-1.905,0.0585786437626981,0.319999999999956));
#4558=DIRECTION('',(-1.0,0.0,0.0));
#4559=DIRECTION('',(0.0,0.0,1.0));
#4560=CARTESIAN_POINT('',(-1.905,0.12928932188134,0.0));
#4561=DIRECTION('',(0.0,1.0,0.0));
#4562=DIRECTION('',(-1.0,0.0,0.0));
#4563=CARTESIAN_POINT('',(-1.905,0.12928932188134,0.0));
#4564=DIRECTION('',(0.0,1.0,0.0));
#4565=DIRECTION('',(-1.0,0.0,0.0));
#4566=DIRECTION('',(0.0,1.0,0.0));
#4567=CARTESIAN_POINT('',(-1.905,-0.539999999999999,0.0));
#4568=DIRECTION('',(0.0,1.0,0.0));
#4569=DIRECTION('',(-1.0,0.0,0.0));
#4570=DIRECTION('',(-0.0,-1.0,-0.0));
#4571=CARTESIAN_POINT('',(-1.905,0.0585786437626901,0.0));
#4572=DIRECTION('',(0.0,1.0,0.0));
#4573=DIRECTION('',(-1.0,0.0,0.0));
#4574=DIRECTION('',(0.0,0.0,1.0));
#4575=CARTESIAN_POINT('',(-1.905,-1.2,0.66));
#4576=DIRECTION('',(0.0,6.12303176911189E-17,-1.0));
#4577=DIRECTION('',(6.12303176911189E-17,-1.0,-6.12303176911189E-17));
#4578=DIRECTION('',(-0.0,-0.0,-1.0));
#4579=CARTESIAN_POINT('',(-1.905,-1.2,3.88));
#4580=DIRECTION('',(0.0,0.0,1.0));
#4581=DIRECTION('',(1.0,0.0,0.0));
#4582=CARTESIAN_POINT('',(-1.905,-1.2,3.88));
#4583=DIRECTION('',(0.0,-1.0,0.0));
#4584=DIRECTION('',(0.0,0.0,1.0));
#4585=CARTESIAN_POINT('',(-1.905,-1.2,3.88));
#4586=DIRECTION('',(0.0,-1.0,0.0));
#4587=DIRECTION('',(0.0,0.0,1.0));
#4588=DIRECTION('',(-0.707106781186525,0.70710678118657,-8.65927457071908E-17));
#4589=CARTESIAN_POINT('',(-1.905,0.12928932188134,0.0));
#4590=DIRECTION('',(0.0,1.0,0.0));
#4591=DIRECTION('',(-1.0,0.0,0.0));
#4592=DIRECTION('',(-0.707106781186525,-0.70710678118657,-8.65927457071908E-17));
#4593=CARTESIAN_POINT('',(-1.905,0.199999999999989,0.0));
#4594=DIRECTION('',(0.0,1.0,0.0));
#4595=DIRECTION('',(-1.0,0.0,0.0));
#4596=CARTESIAN_POINT('',(-0.635,0.0585786437626981,-0.319999999999956));
#4597=DIRECTION('',(-1.0,0.0,-0.0));
#4598=DIRECTION('',(0.0,-0.0,-1.0));
#4599=CARTESIAN_POINT('',(-0.635,0.0585786437626901,0.0));
#4600=DIRECTION('',(0.0,1.0,0.0));
#4601=DIRECTION('',(-1.0,0.0,0.0));
#4602=CARTESIAN_POINT('',(-0.635,0.0585786437626901,0.0));
#4603=DIRECTION('',(0.0,1.0,0.0));
#4604=DIRECTION('',(-1.0,0.0,0.0));
#4605=CARTESIAN_POINT('',(-0.635,0.0585786437626981,0.319999999999956));
#4606=DIRECTION('',(-1.0,0.0,0.0));
#4607=DIRECTION('',(0.0,0.0,1.0));
#4608=CARTESIAN_POINT('',(-0.635,0.12928932188134,0.0));
#4609=DIRECTION('',(0.0,1.0,0.0));
#4610=DIRECTION('',(-1.0,0.0,0.0));
#4611=CARTESIAN_POINT('',(-0.635,0.12928932188134,0.0));
#4612=DIRECTION('',(0.0,1.0,0.0));
#4613=DIRECTION('',(-1.0,0.0,0.0));
#4614=DIRECTION('',(0.0,1.0,0.0));
#4615=CARTESIAN_POINT('',(-0.635,-0.539999999999999,0.0));
#4616=DIRECTION('',(0.0,1.0,0.0));
#4617=DIRECTION('',(-1.0,0.0,0.0));
#4618=DIRECTION('',(-0.0,-1.0,-0.0));
#4619=CARTESIAN_POINT('',(-0.635,0.0585786437626901,0.0));
#4620=DIRECTION('',(0.0,1.0,0.0));
#4621=DIRECTION('',(-1.0,0.0,0.0));
#4622=DIRECTION('',(0.0,0.0,1.0));
#4623=CARTESIAN_POINT('',(-0.635,-1.2,0.66));
#4624=DIRECTION('',(0.0,6.12303176911189E-17,-1.0));
#4625=DIRECTION('',(6.12303176911189E-17,-1.0,-6.12303176911189E-17));
#4626=DIRECTION('',(-0.0,-0.0,-1.0));
#4627=CARTESIAN_POINT('',(-0.635,-1.2,3.88));
#4628=DIRECTION('',(0.0,0.0,1.0));
#4629=DIRECTION('',(1.0,0.0,0.0));
#4630=CARTESIAN_POINT('',(-0.635,-1.2,3.88));
#4631=DIRECTION('',(0.0,-1.0,0.0));
#4632=DIRECTION('',(0.0,0.0,1.0));
#4633=CARTESIAN_POINT('',(-0.635,-1.2,3.88));
#4634=DIRECTION('',(0.0,-1.0,0.0));
#4635=DIRECTION('',(0.0,0.0,1.0));
#4636=DIRECTION('',(-0.707106781186525,0.70710678118657,-8.65927457071908E-17));
#4637=CARTESIAN_POINT('',(-0.635,0.12928932188134,0.0));
#4638=DIRECTION('',(0.0,1.0,0.0));
#4639=DIRECTION('',(-1.0,0.0,0.0));
#4640=DIRECTION('',(-0.707106781186525,-0.70710678118657,-8.65927457071908E-17));
#4641=CARTESIAN_POINT('',(-0.635,0.199999999999989,0.0));
#4642=DIRECTION('',(0.0,1.0,0.0));
#4643=DIRECTION('',(-1.0,0.0,0.0));
#4644=CARTESIAN_POINT('',(0.635,0.0585786437626981,-0.319999999999956));
#4645=DIRECTION('',(-1.0,0.0,-0.0));
#4646=DIRECTION('',(0.0,-0.0,-1.0));
#4647=CARTESIAN_POINT('',(0.635,0.0585786437626901,0.0));
#4648=DIRECTION('',(0.0,1.0,0.0));
#4649=DIRECTION('',(-1.0,0.0,0.0));
#4650=CARTESIAN_POINT('',(0.635,0.0585786437626901,0.0));
#4651=DIRECTION('',(0.0,1.0,0.0));
#4652=DIRECTION('',(-1.0,0.0,0.0));
#4653=CARTESIAN_POINT('',(0.635,0.0585786437626981,0.319999999999956));
#4654=DIRECTION('',(-1.0,0.0,0.0));
#4655=DIRECTION('',(0.0,0.0,1.0));
#4656=CARTESIAN_POINT('',(0.635,0.12928932188134,0.0));
#4657=DIRECTION('',(0.0,1.0,0.0));
#4658=DIRECTION('',(-1.0,0.0,0.0));
#4659=CARTESIAN_POINT('',(0.635,0.12928932188134,0.0));
#4660=DIRECTION('',(0.0,1.0,0.0));
#4661=DIRECTION('',(-1.0,0.0,0.0));
#4662=DIRECTION('',(0.0,1.0,0.0));
#4663=CARTESIAN_POINT('',(0.635,-0.539999999999999,0.0));
#4664=DIRECTION('',(0.0,1.0,0.0));
#4665=DIRECTION('',(-1.0,0.0,0.0));
#4666=DIRECTION('',(-0.0,-1.0,-0.0));
#4667=CARTESIAN_POINT('',(0.635,0.0585786437626901,0.0));
#4668=DIRECTION('',(0.0,1.0,0.0));
#4669=DIRECTION('',(-1.0,0.0,0.0));
#4670=DIRECTION('',(0.0,0.0,1.0));
#4671=CARTESIAN_POINT('',(0.635,-1.2,0.66));
#4672=DIRECTION('',(0.0,6.12303176911189E-17,-1.0));
#4673=DIRECTION('',(6.12303176911189E-17,-1.0,-6.12303176911189E-17));
#4674=DIRECTION('',(-0.0,-0.0,-1.0));
#4675=CARTESIAN_POINT('',(0.635,-1.2,3.88));
#4676=DIRECTION('',(0.0,0.0,1.0));
#4677=DIRECTION('',(1.0,0.0,0.0));
#4678=CARTESIAN_POINT('',(0.635,-1.2,3.88));
#4679=DIRECTION('',(0.0,-1.0,0.0));
#4680=DIRECTION('',(0.0,0.0,1.0));
#4681=CARTESIAN_POINT('',(0.635,-1.2,3.88));
#4682=DIRECTION('',(0.0,-1.0,0.0));
#4683=DIRECTION('',(0.0,0.0,1.0));
#4684=DIRECTION('',(-0.707106781186525,0.70710678118657,-8.65927457071908E-17));
#4685=CARTESIAN_POINT('',(0.635,0.12928932188134,0.0));
#4686=DIRECTION('',(0.0,1.0,0.0));
#4687=DIRECTION('',(-1.0,0.0,0.0));
#4688=DIRECTION('',(-0.707106781186525,-0.70710678118657,-8.65927457071908E-17));
#4689=CARTESIAN_POINT('',(0.635,0.199999999999989,0.0));
#4690=DIRECTION('',(0.0,1.0,0.0));
#4691=DIRECTION('',(-1.0,0.0,0.0));
#4692=CARTESIAN_POINT('',(1.905,0.0585786437626981,-0.319999999999956));
#4693=DIRECTION('',(-1.0,0.0,-0.0));
#4694=DIRECTION('',(0.0,-0.0,-1.0));
#4695=CARTESIAN_POINT('',(1.905,0.0585786437626901,0.0));
#4696=DIRECTION('',(0.0,1.0,0.0));
#4697=DIRECTION('',(-1.0,0.0,0.0));
#4698=CARTESIAN_POINT('',(1.905,0.0585786437626901,0.0));
#4699=DIRECTION('',(0.0,1.0,0.0));
#4700=DIRECTION('',(-1.0,0.0,0.0));
#4701=CARTESIAN_POINT('',(1.905,0.0585786437626981,0.319999999999956));
#4702=DIRECTION('',(-1.0,0.0,0.0));
#4703=DIRECTION('',(0.0,0.0,1.0));
#4704=CARTESIAN_POINT('',(1.905,0.12928932188134,0.0));
#4705=DIRECTION('',(0.0,1.0,0.0));
#4706=DIRECTION('',(-1.0,0.0,0.0));
#4707=CARTESIAN_POINT('',(1.905,0.12928932188134,0.0));
#4708=DIRECTION('',(0.0,1.0,0.0));
#4709=DIRECTION('',(-1.0,0.0,0.0));
#4710=DIRECTION('',(0.0,1.0,0.0));
#4711=CARTESIAN_POINT('',(1.905,-0.539999999999999,0.0));
#4712=DIRECTION('',(0.0,1.0,0.0));
#4713=DIRECTION('',(-1.0,0.0,0.0));
#4714=DIRECTION('',(-0.0,-1.0,-0.0));
#4715=CARTESIAN_POINT('',(1.905,0.0585786437626901,0.0));
#4716=DIRECTION('',(0.0,1.0,0.0));
#4717=DIRECTION('',(-1.0,0.0,0.0));
#4718=DIRECTION('',(0.0,0.0,1.0));
#4719=CARTESIAN_POINT('',(1.905,-1.2,0.66));
#4720=DIRECTION('',(0.0,6.12303176911189E-17,-1.0));
#4721=DIRECTION('',(6.12303176911189E-17,-1.0,-6.12303176911189E-17));
#4722=DIRECTION('',(-0.0,-0.0,-1.0));
#4723=CARTESIAN_POINT('',(1.905,-1.2,3.88));
#4724=DIRECTION('',(0.0,0.0,1.0));
#4725=DIRECTION('',(1.0,0.0,0.0));
#4726=CARTESIAN_POINT('',(1.905,-1.2,3.88));
#4727=DIRECTION('',(0.0,-1.0,0.0));
#4728=DIRECTION('',(0.0,0.0,1.0));
#4729=CARTESIAN_POINT('',(1.905,-1.2,3.88));
#4730=DIRECTION('',(0.0,-1.0,0.0));
#4731=DIRECTION('',(0.0,0.0,1.0));
#4732=DIRECTION('',(-0.707106781186525,0.70710678118657,-8.65927457071908E-17));
#4733=CARTESIAN_POINT('',(1.905,0.12928932188134,0.0));
#4734=DIRECTION('',(0.0,1.0,0.0));
#4735=DIRECTION('',(-1.0,0.0,0.0));
#4736=DIRECTION('',(-0.707106781186525,-0.70710678118657,-8.65927457071908E-17));
#4737=CARTESIAN_POINT('',(1.905,0.199999999999989,0.0));
#4738=DIRECTION('',(0.0,1.0,0.0));
#4739=DIRECTION('',(-1.0,0.0,0.0));
#4740=DIRECTION('',(0.994844653066852,-0.101410631909549,1.21829308321189E-16));
#4741=CARTESIAN_POINT('',(-1.905,1.6116622216346,0.0));
#4742=DIRECTION('',(-0.0,1.0,0.0));
#4743=DIRECTION('',(1.0,0.0,0.0));
#4744=DIRECTION('',(0.994844653066852,0.101410631909549,1.21829308321189E-16));
#4745=CARTESIAN_POINT('',(-1.905,1.6,0.0));
#4746=DIRECTION('',(-0.0,1.0,0.0));
#4747=DIRECTION('',(1.0,0.0,0.0));
#4748=DIRECTION('',(-0.342020143325671,-0.939692620785908,-4.18840040651856E-17));
#4749=CARTESIAN_POINT('',(-1.905,4.1,0.0));
#4750=DIRECTION('',(0.0,-1.0,0.0));
#4751=DIRECTION('',(1.0,0.0,0.0));
#4752=DIRECTION('',(-0.342020143325671,0.939692620785908,-4.18840040651857E-17));
#4753=CARTESIAN_POINT('',(-1.905,3.78404009676272,0.0));
#4754=DIRECTION('',(-0.0,1.0,0.0));
#4755=DIRECTION('',(1.0,0.0,0.0));
#4756=DIRECTION('',(-0.0,-1.0,-0.0));
#4757=DIRECTION('',(-0.0,1.0,-0.0));
#4758=CARTESIAN_POINT('',(-1.905,3.7,0.0));
#4759=DIRECTION('',(-0.0,1.0,0.0));
#4760=DIRECTION('',(1.0,0.0,0.0));
#4761=DIRECTION('',(-0.628337107087623,-0.777941180203721,-7.69465613681874E-17));
#4762=CARTESIAN_POINT('',(-1.905,3.7,0.0));
#4763=DIRECTION('',(-0.0,1.0,0.0));
#4764=DIRECTION('',(1.0,0.0,0.0));
#4765=DIRECTION('',(-0.628337107087623,0.777941180203721,-7.69465613681874E-17));
#4766=CARTESIAN_POINT('',(-1.905,3.635,0.0));
#4767=DIRECTION('',(-0.0,1.0,0.0));
#4768=DIRECTION('',(1.0,0.0,0.0));
#4769=DIRECTION('',(-0.0,-1.0,-0.0));
#4770=DIRECTION('',(-0.0,1.0,-0.0));
#4771=CARTESIAN_POINT('',(-1.905,3.2,0.0));
#4772=DIRECTION('',(-0.0,1.0,0.0));
#4773=DIRECTION('',(1.0,0.0,0.0));
#4774=DIRECTION('',(-0.0887489837651811,-0.996054023575352,-1.0868256941412E-17));
#4775=DIRECTION('',(-0.088748983765181,0.996054023575352,-1.0868256941412E-17));
#4776=DIRECTION('',(-0.0,-1.0,-0.0));
#4777=CARTESIAN_POINT('',(-1.905,1.3778312163513,0.0));
#4778=DIRECTION('',(-0.0,1.0,0.0));
#4779=DIRECTION('',(1.0,0.0,0.0));
#4780=DIRECTION('',(-0.0,1.0,-0.0));
#4781=CARTESIAN_POINT('',(-1.905,0.649999999999997,0.0));
#4782=DIRECTION('',(-0.0,1.0,0.0));
#4783=DIRECTION('',(1.0,0.0,0.0));
#4784=DIRECTION('',(-0.866025403784437,0.500000000000002,-1.06054021204601E-16));
#4785=DIRECTION('',(-0.866025403784437,-0.500000000000003,-1.06054021204601E-16));
#4786=DIRECTION('',(-0.0871371377233324,-0.996196325645395,-1.06708692509888E-17));
#4787=CARTESIAN_POINT('',(-1.905,3.19614643444255,0.0));
#4788=DIRECTION('',(-0.0,1.0,0.0));
#4789=DIRECTION('',(1.0,0.0,0.0));
#4790=DIRECTION('',(-0.0871371377233324,0.996196325645395,-1.06708692509888E-17));
#4791=CARTESIAN_POINT('',(-1.905,1.6,0.0));
#4792=DIRECTION('',(-0.0,1.0,0.0));
#4793=DIRECTION('',(1.0,0.0,0.0));
#4794=DIRECTION('',(-0.0,-1.0,-0.0));
#4795=CARTESIAN_POINT('',(-1.905,3.19614643444255,0.0));
#4796=DIRECTION('',(-0.0,1.0,0.0));
#4797=DIRECTION('',(1.0,0.0,0.0));
#4798=DIRECTION('',(-0.0,1.0,-0.0));
#4799=CARTESIAN_POINT('',(-1.905,1.44999999999999,0.0));
#4800=DIRECTION('',(-0.0,1.0,0.0));
#4801=DIRECTION('',(1.0,0.0,0.0));
#4802=DIRECTION('',(-0.866025403784472,-0.499999999999943,-1.06054021204605E-16));
#4803=DIRECTION('',(-0.866025403784472,0.499999999999942,-1.06054021204605E-16));
#4804=DIRECTION('',(0.994844653066852,-0.101410631909549,1.21829308321189E-16));
#4805=CARTESIAN_POINT('',(-0.635,1.6116622216346,0.0));
#4806=DIRECTION('',(-0.0,1.0,0.0));
#4807=DIRECTION('',(1.0,0.0,0.0));
#4808=DIRECTION('',(0.994844653066852,0.101410631909549,1.21829308321189E-16));
#4809=CARTESIAN_POINT('',(-0.635,1.6,0.0));
#4810=DIRECTION('',(-0.0,1.0,0.0));
#4811=DIRECTION('',(1.0,0.0,0.0));
#4812=DIRECTION('',(-0.342020143325671,-0.939692620785908,-4.18840040651857E-17));
#4813=CARTESIAN_POINT('',(-0.635,4.1,0.0));
#4814=DIRECTION('',(0.0,-1.0,0.0));
#4815=DIRECTION('',(1.0,0.0,0.0));
#4816=DIRECTION('',(-0.342020143325671,0.939692620785908,-4.18840040651857E-17));
#4817=CARTESIAN_POINT('',(-0.635,3.78404009676272,0.0));
#4818=DIRECTION('',(-0.0,1.0,0.0));
#4819=DIRECTION('',(1.0,0.0,0.0));
#4820=DIRECTION('',(-0.0,-1.0,-0.0));
#4821=DIRECTION('',(-0.0,1.0,-0.0));
#4822=CARTESIAN_POINT('',(-0.635,3.7,0.0));
#4823=DIRECTION('',(-0.0,1.0,0.0));
#4824=DIRECTION('',(1.0,0.0,0.0));
#4825=DIRECTION('',(-0.628337107087622,-0.777941180203721,-7.69465613681874E-17));
#4826=CARTESIAN_POINT('',(-0.635,3.7,0.0));
#4827=DIRECTION('',(-0.0,1.0,0.0));
#4828=DIRECTION('',(1.0,0.0,0.0));
#4829=DIRECTION('',(-0.628337107087623,0.777941180203721,-7.69465613681874E-17));
#4830=CARTESIAN_POINT('',(-0.635,3.635,0.0));
#4831=DIRECTION('',(-0.0,1.0,0.0));
#4832=DIRECTION('',(1.0,0.0,0.0));
#4833=DIRECTION('',(-0.0,-1.0,-0.0));
#4834=DIRECTION('',(-0.0,1.0,-0.0));
#4835=CARTESIAN_POINT('',(-0.635,3.2,0.0));
#4836=DIRECTION('',(-0.0,1.0,0.0));
#4837=DIRECTION('',(1.0,0.0,0.0));
#4838=DIRECTION('',(-0.0887489837651811,-0.996054023575352,-1.0868256941412E-17));
#4839=DIRECTION('',(-0.0887489837651811,0.996054023575352,-1.0868256941412E-17));
#4840=DIRECTION('',(-0.0,-1.0,-0.0));
#4841=CARTESIAN_POINT('',(-0.635,1.3778312163513,0.0));
#4842=DIRECTION('',(-0.0,1.0,0.0));
#4843=DIRECTION('',(1.0,0.0,0.0));
#4844=DIRECTION('',(-0.0,1.0,-0.0));
#4845=CARTESIAN_POINT('',(-0.635,0.649999999999997,0.0));
#4846=DIRECTION('',(-0.0,1.0,0.0));
#4847=DIRECTION('',(1.0,0.0,0.0));
#4848=DIRECTION('',(-0.866025403784437,0.500000000000003,-1.06054021204601E-16));
#4849=DIRECTION('',(-0.866025403784437,-0.500000000000003,-1.06054021204601E-16));
#4850=DIRECTION('',(-0.0871371377233324,-0.996196325645395,-1.06708692509888E-17));
#4851=CARTESIAN_POINT('',(-0.635,3.19614643444255,0.0));
#4852=DIRECTION('',(-0.0,1.0,0.0));
#4853=DIRECTION('',(1.0,0.0,0.0));
#4854=DIRECTION('',(-0.0871371377233324,0.996196325645395,-1.06708692509888E-17));
#4855=CARTESIAN_POINT('',(-0.635,1.6,0.0));
#4856=DIRECTION('',(-0.0,1.0,0.0));
#4857=DIRECTION('',(1.0,0.0,0.0));
#4858=DIRECTION('',(-0.0,-1.0,-0.0));
#4859=CARTESIAN_POINT('',(-0.635,3.19614643444255,0.0));
#4860=DIRECTION('',(-0.0,1.0,0.0));
#4861=DIRECTION('',(1.0,0.0,0.0));
#4862=DIRECTION('',(-0.0,1.0,-0.0));
#4863=CARTESIAN_POINT('',(-0.635,1.44999999999999,0.0));
#4864=DIRECTION('',(-0.0,1.0,0.0));
#4865=DIRECTION('',(1.0,0.0,0.0));
#4866=DIRECTION('',(-0.866025403784472,-0.499999999999943,-1.06054021204605E-16));
#4867=DIRECTION('',(-0.866025403784472,0.499999999999943,-1.06054021204605E-16));
#4868=DIRECTION('',(0.994844653066852,-0.101410631909549,1.21829308321189E-16));
#4869=CARTESIAN_POINT('',(0.635,1.6116622216346,0.0));
#4870=DIRECTION('',(-0.0,1.0,0.0));
#4871=DIRECTION('',(1.0,0.0,0.0));
#4872=DIRECTION('',(0.994844653066852,0.101410631909549,1.21829308321189E-16));
#4873=CARTESIAN_POINT('',(0.635,1.6,0.0));
#4874=DIRECTION('',(-0.0,1.0,0.0));
#4875=DIRECTION('',(1.0,0.0,0.0));
#4876=DIRECTION('',(-0.342020143325671,-0.939692620785908,-4.18840040651857E-17));
#4877=CARTESIAN_POINT('',(0.635,4.1,0.0));
#4878=DIRECTION('',(0.0,-1.0,0.0));
#4879=DIRECTION('',(1.0,0.0,0.0));
#4880=DIRECTION('',(-0.342020143325671,0.939692620785908,-4.18840040651857E-17));
#4881=CARTESIAN_POINT('',(0.635,3.78404009676272,0.0));
#4882=DIRECTION('',(-0.0,1.0,0.0));
#4883=DIRECTION('',(1.0,0.0,0.0));
#4884=DIRECTION('',(-0.0,-1.0,-0.0));
#4885=DIRECTION('',(-0.0,1.0,-0.0));
#4886=CARTESIAN_POINT('',(0.635,3.7,0.0));
#4887=DIRECTION('',(-0.0,1.0,0.0));
#4888=DIRECTION('',(1.0,0.0,0.0));
#4889=DIRECTION('',(-0.628337107087623,-0.777941180203721,-7.69465613681874E-17));
#4890=CARTESIAN_POINT('',(0.635,3.7,0.0));
#4891=DIRECTION('',(-0.0,1.0,0.0));
#4892=DIRECTION('',(1.0,0.0,0.0));
#4893=DIRECTION('',(-0.628337107087622,0.777941180203721,-7.69465613681874E-17));
#4894=CARTESIAN_POINT('',(0.635,3.635,0.0));
#4895=DIRECTION('',(-0.0,1.0,0.0));
#4896=DIRECTION('',(1.0,0.0,0.0));
#4897=DIRECTION('',(-0.0,-1.0,-0.0));
#4898=DIRECTION('',(-0.0,1.0,-0.0));
#4899=CARTESIAN_POINT('',(0.635,3.2,0.0));
#4900=DIRECTION('',(-0.0,1.0,0.0));
#4901=DIRECTION('',(1.0,0.0,0.0));
#4902=DIRECTION('',(-0.0887489837651811,-0.996054023575352,-1.0868256941412E-17));
#4903=DIRECTION('',(-0.0887489837651811,0.996054023575352,-1.0868256941412E-17));
#4904=DIRECTION('',(-0.0,-1.0,-0.0));
#4905=CARTESIAN_POINT('',(0.635,1.3778312163513,0.0));
#4906=DIRECTION('',(-0.0,1.0,0.0));
#4907=DIRECTION('',(1.0,0.0,0.0));
#4908=DIRECTION('',(-0.0,1.0,-0.0));
#4909=CARTESIAN_POINT('',(0.635,0.649999999999997,0.0));
#4910=DIRECTION('',(-0.0,1.0,0.0));
#4911=DIRECTION('',(1.0,0.0,0.0));
#4912=DIRECTION('',(-0.866025403784437,0.500000000000003,-1.06054021204601E-16));
#4913=DIRECTION('',(-0.866025403784437,-0.500000000000003,-1.06054021204601E-16));
#4914=DIRECTION('',(-0.0871371377233324,-0.996196325645395,-1.06708692509888E-17));
#4915=CARTESIAN_POINT('',(0.635,3.19614643444255,0.0));
#4916=DIRECTION('',(-0.0,1.0,0.0));
#4917=DIRECTION('',(1.0,0.0,0.0));
#4918=DIRECTION('',(-0.0871371377233324,0.996196325645395,-1.06708692509888E-17));
#4919=CARTESIAN_POINT('',(0.635,1.6,0.0));
#4920=DIRECTION('',(-0.0,1.0,0.0));
#4921=DIRECTION('',(1.0,0.0,0.0));
#4922=DIRECTION('',(-0.0,-1.0,-0.0));
#4923=CARTESIAN_POINT('',(0.635,3.19614643444255,0.0));
#4924=DIRECTION('',(-0.0,1.0,0.0));
#4925=DIRECTION('',(1.0,0.0,0.0));
#4926=DIRECTION('',(-0.0,1.0,-0.0));
#4927=CARTESIAN_POINT('',(0.635,1.44999999999999,0.0));
#4928=DIRECTION('',(-0.0,1.0,0.0));
#4929=DIRECTION('',(1.0,0.0,0.0));
#4930=DIRECTION('',(-0.866025403784472,-0.499999999999943,-1.06054021204605E-16));
#4931=DIRECTION('',(-0.866025403784472,0.499999999999943,-1.06054021204605E-16));
#4932=DIRECTION('',(0.994844653066852,-0.101410631909549,1.21829308321189E-16));
#4933=CARTESIAN_POINT('',(1.905,1.6116622216346,0.0));
#4934=DIRECTION('',(-0.0,1.0,0.0));
#4935=DIRECTION('',(1.0,0.0,0.0));
#4936=DIRECTION('',(0.994844653066852,0.101410631909549,1.21829308321189E-16));
#4937=CARTESIAN_POINT('',(1.905,1.6,0.0));
#4938=DIRECTION('',(-0.0,1.0,0.0));
#4939=DIRECTION('',(1.0,0.0,0.0));
#4940=DIRECTION('',(-0.342020143325671,-0.939692620785908,-4.18840040651857E-17));
#4941=CARTESIAN_POINT('',(1.905,4.1,0.0));
#4942=DIRECTION('',(0.0,-1.0,0.0));
#4943=DIRECTION('',(1.0,0.0,0.0));
#4944=DIRECTION('',(-0.342020143325671,0.939692620785908,-4.18840040651857E-17));
#4945=CARTESIAN_POINT('',(1.905,3.78404009676272,0.0));
#4946=DIRECTION('',(-0.0,1.0,0.0));
#4947=DIRECTION('',(1.0,0.0,0.0));
#4948=DIRECTION('',(-0.0,-1.0,-0.0));
#4949=DIRECTION('',(-0.0,1.0,-0.0));
#4950=CARTESIAN_POINT('',(1.905,3.7,0.0));
#4951=DIRECTION('',(-0.0,1.0,0.0));
#4952=DIRECTION('',(1.0,0.0,0.0));
#4953=DIRECTION('',(-0.628337107087623,-0.777941180203721,-7.69465613681874E-17));
#4954=CARTESIAN_POINT('',(1.905,3.7,0.0));
#4955=DIRECTION('',(-0.0,1.0,0.0));
#4956=DIRECTION('',(1.0,0.0,0.0));
#4957=DIRECTION('',(-0.628337107087623,0.777941180203721,-7.69465613681874E-17));
#4958=CARTESIAN_POINT('',(1.905,3.635,0.0));
#4959=DIRECTION('',(-0.0,1.0,0.0));
#4960=DIRECTION('',(1.0,0.0,0.0));
#4961=DIRECTION('',(-0.0,-1.0,-0.0));
#4962=DIRECTION('',(-0.0,1.0,-0.0));
#4963=CARTESIAN_POINT('',(1.905,3.2,0.0));
#4964=DIRECTION('',(-0.0,1.0,0.0));
#4965=DIRECTION('',(1.0,0.0,0.0));
#4966=DIRECTION('',(-0.088748983765181,-0.996054023575352,-1.0868256941412E-17));
#4967=DIRECTION('',(-0.0887489837651811,0.996054023575352,-1.0868256941412E-17));
#4968=DIRECTION('',(-0.0,-1.0,-0.0));
#4969=CARTESIAN_POINT('',(1.905,1.3778312163513,0.0));
#4970=DIRECTION('',(-0.0,1.0,0.0));
#4971=DIRECTION('',(1.0,0.0,0.0));
#4972=DIRECTION('',(-0.0,1.0,-0.0));
#4973=CARTESIAN_POINT('',(1.905,0.649999999999997,0.0));
#4974=DIRECTION('',(-0.0,1.0,0.0));
#4975=DIRECTION('',(1.0,0.0,0.0));
#4976=DIRECTION('',(-0.866025403784437,0.500000000000003,-1.06054021204601E-16));
#4977=DIRECTION('',(-0.866025403784437,-0.500000000000002,-1.06054021204601E-16));
#4978=DIRECTION('',(-0.0871371377233324,-0.996196325645395,-1.06708692509888E-17));
#4979=CARTESIAN_POINT('',(1.905,3.19614643444255,0.0));
#4980=DIRECTION('',(-0.0,1.0,0.0));
#4981=DIRECTION('',(1.0,0.0,0.0));
#4982=DIRECTION('',(-0.0871371377233324,0.996196325645395,-1.06708692509888E-17));
#4983=CARTESIAN_POINT('',(1.905,1.6,0.0));
#4984=DIRECTION('',(-0.0,1.0,0.0));
#4985=DIRECTION('',(1.0,0.0,0.0));
#4986=DIRECTION('',(-0.0,-1.0,-0.0));
#4987=CARTESIAN_POINT('',(1.905,3.19614643444255,0.0));
#4988=DIRECTION('',(-0.0,1.0,0.0));
#4989=DIRECTION('',(1.0,0.0,0.0));
#4990=DIRECTION('',(-0.0,1.0,-0.0));
#4991=CARTESIAN_POINT('',(1.905,1.44999999999999,0.0));
#4992=DIRECTION('',(-0.0,1.0,0.0));
#4993=DIRECTION('',(1.0,0.0,0.0));
#4994=DIRECTION('',(-0.866025403784472,-0.499999999999942,-1.06054021204605E-16));
#4995=DIRECTION('',(-0.866025403784472,0.499999999999943,-1.06054021204605E-16));
#4996=CARTESIAN_POINT('',(1.905,1.3778312163513,0.0));
#4997=DIRECTION('',(-0.0,1.0,0.0));
#4998=DIRECTION('',(1.0,0.0,0.0));
#4999=CARTESIAN_POINT('',(1.905,1.44999999999999,0.0));
#5000=DIRECTION('',(-0.0,1.0,0.0));
#5001=DIRECTION('',(1.0,0.0,0.0));
#5002=CARTESIAN_POINT('',(1.905,0.649999999999997,0.0));
#5003=DIRECTION('',(-0.0,1.0,0.0));
#5004=DIRECTION('',(1.0,0.0,0.0));
#5005=CARTESIAN_POINT('',(1.905,1.6116622216346,0.0));
#5006=DIRECTION('',(-0.0,1.0,0.0));
#5007=DIRECTION('',(1.0,0.0,0.0));
#5008=CARTESIAN_POINT('',(1.905,3.2,0.0));
#5009=DIRECTION('',(-0.0,1.0,0.0));
#5010=DIRECTION('',(1.0,0.0,0.0));
#5011=CARTESIAN_POINT('',(1.905,3.635,0.0));
#5012=DIRECTION('',(-0.0,1.0,0.0));
#5013=DIRECTION('',(1.0,0.0,0.0));
#5014=CARTESIAN_POINT('',(1.905,3.7,0.0));
#5015=DIRECTION('',(-0.0,1.0,0.0));
#5016=DIRECTION('',(1.0,0.0,0.0));
#5017=CARTESIAN_POINT('',(1.905,3.7,0.0));
#5018=DIRECTION('',(-0.0,1.0,0.0));
#5019=DIRECTION('',(1.0,0.0,0.0));
#5020=CARTESIAN_POINT('',(1.905,3.78404009676272,0.0));
#5021=DIRECTION('',(-0.0,1.0,0.0));
#5022=DIRECTION('',(1.0,0.0,0.0));
#5023=CARTESIAN_POINT('',(1.905,4.1,0.0));
#5024=DIRECTION('',(0.0,-1.0,0.0));
#5025=DIRECTION('',(1.0,0.0,0.0));
#5026=CARTESIAN_POINT('',(0.635,1.3778312163513,0.0));
#5027=DIRECTION('',(-0.0,1.0,0.0));
#5028=DIRECTION('',(1.0,0.0,0.0));
#5029=CARTESIAN_POINT('',(0.635,1.44999999999999,0.0));
#5030=DIRECTION('',(-0.0,1.0,0.0));
#5031=DIRECTION('',(1.0,0.0,0.0));
#5032=CARTESIAN_POINT('',(0.635,0.649999999999997,0.0));
#5033=DIRECTION('',(-0.0,1.0,0.0));
#5034=DIRECTION('',(1.0,0.0,0.0));
#5035=CARTESIAN_POINT('',(0.635,1.6116622216346,0.0));
#5036=DIRECTION('',(-0.0,1.0,0.0));
#5037=DIRECTION('',(1.0,0.0,0.0));
#5038=CARTESIAN_POINT('',(0.635,3.2,0.0));
#5039=DIRECTION('',(-0.0,1.0,0.0));
#5040=DIRECTION('',(1.0,0.0,0.0));
#5041=CARTESIAN_POINT('',(0.635,3.635,0.0));
#5042=DIRECTION('',(-0.0,1.0,0.0));
#5043=DIRECTION('',(1.0,0.0,0.0));
#5044=CARTESIAN_POINT('',(0.635,3.7,0.0));
#5045=DIRECTION('',(-0.0,1.0,0.0));
#5046=DIRECTION('',(1.0,0.0,0.0));
#5047=CARTESIAN_POINT('',(0.635,3.7,0.0));
#5048=DIRECTION('',(-0.0,1.0,0.0));
#5049=DIRECTION('',(1.0,0.0,0.0));
#5050=CARTESIAN_POINT('',(0.635,3.78404009676272,0.0));
#5051=DIRECTION('',(-0.0,1.0,0.0));
#5052=DIRECTION('',(1.0,0.0,0.0));
#5053=CARTESIAN_POINT('',(0.635,4.1,0.0));
#5054=DIRECTION('',(0.0,-1.0,0.0));
#5055=DIRECTION('',(1.0,0.0,0.0));
#5056=CARTESIAN_POINT('',(-0.635,1.3778312163513,0.0));
#5057=DIRECTION('',(-0.0,1.0,0.0));
#5058=DIRECTION('',(1.0,0.0,0.0));
#5059=CARTESIAN_POINT('',(-0.635,1.44999999999999,0.0));
#5060=DIRECTION('',(-0.0,1.0,0.0));
#5061=DIRECTION('',(1.0,0.0,0.0));
#5062=CARTESIAN_POINT('',(-0.635,0.649999999999997,0.0));
#5063=DIRECTION('',(-0.0,1.0,0.0));
#5064=DIRECTION('',(1.0,0.0,0.0));
#5065=CARTESIAN_POINT('',(-0.635,1.6116622216346,0.0));
#5066=DIRECTION('',(-0.0,1.0,0.0));
#5067=DIRECTION('',(1.0,0.0,0.0));
#5068=CARTESIAN_POINT('',(-0.635,3.2,0.0));
#5069=DIRECTION('',(-0.0,1.0,0.0));
#5070=DIRECTION('',(1.0,0.0,0.0));
#5071=CARTESIAN_POINT('',(-0.635,3.635,0.0));
#5072=DIRECTION('',(-0.0,1.0,0.0));
#5073=DIRECTION('',(1.0,0.0,0.0));
#5074=CARTESIAN_POINT('',(-0.635,3.7,0.0));
#5075=DIRECTION('',(-0.0,1.0,0.0));
#5076=DIRECTION('',(1.0,0.0,0.0));
#5077=CARTESIAN_POINT('',(-0.635,3.7,0.0));
#5078=DIRECTION('',(-0.0,1.0,0.0));
#5079=DIRECTION('',(1.0,0.0,0.0));
#5080=CARTESIAN_POINT('',(-0.635,3.78404009676272,0.0));
#5081=DIRECTION('',(-0.0,1.0,0.0));
#5082=DIRECTION('',(1.0,0.0,0.0));
#5083=CARTESIAN_POINT('',(-0.635,4.1,0.0));
#5084=DIRECTION('',(0.0,-1.0,0.0));
#5085=DIRECTION('',(1.0,0.0,0.0));
#5086=CARTESIAN_POINT('',(-1.905,1.3778312163513,0.0));
#5087=DIRECTION('',(-0.0,1.0,0.0));
#5088=DIRECTION('',(1.0,0.0,0.0));
#5089=CARTESIAN_POINT('',(-1.905,1.44999999999999,0.0));
#5090=DIRECTION('',(-0.0,1.0,0.0));
#5091=DIRECTION('',(1.0,0.0,0.0));
#5092=CARTESIAN_POINT('',(-1.905,0.649999999999997,0.0));
#5093=DIRECTION('',(-0.0,1.0,0.0));
#5094=DIRECTION('',(1.0,0.0,0.0));
#5095=CARTESIAN_POINT('',(-1.905,1.6116622216346,0.0));
#5096=DIRECTION('',(-0.0,1.0,0.0));
#5097=DIRECTION('',(1.0,0.0,0.0));
#5098=CARTESIAN_POINT('',(-1.905,3.2,0.0));
#5099=DIRECTION('',(-0.0,1.0,0.0));
#5100=DIRECTION('',(1.0,0.0,0.0));
#5101=CARTESIAN_POINT('',(-1.905,3.635,0.0));
#5102=DIRECTION('',(-0.0,1.0,0.0));
#5103=DIRECTION('',(1.0,0.0,0.0));
#5104=CARTESIAN_POINT('',(-1.905,3.7,0.0));
#5105=DIRECTION('',(-0.0,1.0,0.0));
#5106=DIRECTION('',(1.0,0.0,0.0));
#5107=CARTESIAN_POINT('',(-1.905,3.7,0.0));
#5108=DIRECTION('',(-0.0,1.0,0.0));
#5109=DIRECTION('',(1.0,0.0,0.0));
#5110=CARTESIAN_POINT('',(-1.905,3.78404009676272,0.0));
#5111=DIRECTION('',(-0.0,1.0,0.0));
#5112=DIRECTION('',(1.0,0.0,0.0));
#5113=CARTESIAN_POINT('',(-1.905,4.1,0.0));
#5114=DIRECTION('',(0.0,-1.0,0.0));
#5115=DIRECTION('',(1.0,0.0,0.0));
#5116=CARTESIAN_POINT('',(1.905,0.199999999999989,0.0));
#5117=DIRECTION('',(0.0,1.0,0.0));
#5118=DIRECTION('',(-1.0,0.0,0.0));
#5119=CARTESIAN_POINT('',(1.905,0.12928932188134,0.0));
#5120=DIRECTION('',(0.0,1.0,0.0));
#5121=DIRECTION('',(-1.0,0.0,0.0));
#5122=CARTESIAN_POINT('',(1.905,-1.2,3.88));
#5123=DIRECTION('',(0.0,0.0,1.0));
#5124=DIRECTION('',(1.0,0.0,0.0));
#5125=CARTESIAN_POINT('',(1.905,-1.2,0.66));
#5126=DIRECTION('',(0.0,6.12303176911189E-17,-1.0));
#5127=DIRECTION('',(6.12303176911189E-17,-1.0,-6.12303176911189E-17));
#5128=CARTESIAN_POINT('',(1.905,-0.539999999999999,0.0));
#5129=DIRECTION('',(0.0,1.0,0.0));
#5130=DIRECTION('',(-1.0,0.0,0.0));
#5131=CARTESIAN_POINT('',(1.905,0.0585786437626901,0.0));
#5132=DIRECTION('',(0.0,1.0,0.0));
#5133=DIRECTION('',(-1.0,0.0,0.0));
#5134=CARTESIAN_POINT('',(0.635,0.199999999999989,0.0));
#5135=DIRECTION('',(0.0,1.0,0.0));
#5136=DIRECTION('',(-1.0,0.0,0.0));
#5137=CARTESIAN_POINT('',(0.635,0.12928932188134,0.0));
#5138=DIRECTION('',(0.0,1.0,0.0));
#5139=DIRECTION('',(-1.0,0.0,0.0));
#5140=CARTESIAN_POINT('',(0.635,-1.2,3.88));
#5141=DIRECTION('',(0.0,0.0,1.0));
#5142=DIRECTION('',(1.0,0.0,0.0));
#5143=CARTESIAN_POINT('',(0.635,-1.2,0.66));
#5144=DIRECTION('',(0.0,6.12303176911189E-17,-1.0));
#5145=DIRECTION('',(6.12303176911189E-17,-1.0,-6.12303176911189E-17));
#5146=CARTESIAN_POINT('',(0.635,-0.539999999999999,0.0));
#5147=DIRECTION('',(0.0,1.0,0.0));
#5148=DIRECTION('',(-1.0,0.0,0.0));
#5149=CARTESIAN_POINT('',(0.635,0.0585786437626901,0.0));
#5150=DIRECTION('',(0.0,1.0,0.0));
#5151=DIRECTION('',(-1.0,0.0,0.0));
#5152=CARTESIAN_POINT('',(-0.635,0.199999999999989,0.0));
#5153=DIRECTION('',(0.0,1.0,0.0));
#5154=DIRECTION('',(-1.0,0.0,0.0));
#5155=CARTESIAN_POINT('',(-0.635,0.12928932188134,0.0));
#5156=DIRECTION('',(0.0,1.0,0.0));
#5157=DIRECTION('',(-1.0,0.0,0.0));
#5158=CARTESIAN_POINT('',(-0.635,-1.2,3.88));
#5159=DIRECTION('',(0.0,0.0,1.0));
#5160=DIRECTION('',(1.0,0.0,0.0));
#5161=CARTESIAN_POINT('',(-0.635,-1.2,0.66));
#5162=DIRECTION('',(0.0,6.12303176911189E-17,-1.0));
#5163=DIRECTION('',(6.12303176911189E-17,-1.0,-6.12303176911189E-17));
#5164=CARTESIAN_POINT('',(-0.635,-0.539999999999999,0.0));
#5165=DIRECTION('',(0.0,1.0,0.0));
#5166=DIRECTION('',(-1.0,0.0,0.0));
#5167=CARTESIAN_POINT('',(-0.635,0.0585786437626901,0.0));
#5168=DIRECTION('',(0.0,1.0,0.0));
#5169=DIRECTION('',(-1.0,0.0,0.0));
#5170=CARTESIAN_POINT('',(-1.905,0.199999999999989,0.0));
#5171=DIRECTION('',(0.0,1.0,0.0));
#5172=DIRECTION('',(-1.0,0.0,0.0));
#5173=CARTESIAN_POINT('',(-1.905,0.12928932188134,0.0));
#5174=DIRECTION('',(0.0,1.0,0.0));
#5175=DIRECTION('',(-1.0,0.0,0.0));
#5176=CARTESIAN_POINT('',(-1.905,-1.2,3.88));
#5177=DIRECTION('',(0.0,0.0,1.0));
#5178=DIRECTION('',(1.0,0.0,0.0));
#5179=CARTESIAN_POINT('',(-1.905,-1.2,0.66));
#5180=DIRECTION('',(0.0,6.12303176911189E-17,-1.0));
#5181=DIRECTION('',(6.12303176911189E-17,-1.0,-6.12303176911189E-17));
#5182=CARTESIAN_POINT('',(-1.905,-0.539999999999999,0.0));
#5183=DIRECTION('',(0.0,1.0,0.0));
#5184=DIRECTION('',(-1.0,0.0,0.0));
#5185=CARTESIAN_POINT('',(-1.905,0.0585786437626901,0.0));
#5186=DIRECTION('',(0.0,1.0,0.0));
#5187=DIRECTION('',(-1.0,0.0,0.0));
#5188=DIRECTION('',(0.300626578483311,-0.825964736070521,-0.476870962711478));
#5189=DIRECTION('',(0.0,0.0,1.0));
#5190=DIRECTION('',(-0.34202014332577,0.939692620785871,0.0));
#5191=DIRECTION('',(0.0,0.0,-1.0));
#5192=DIRECTION('',(0.34202014332577,-0.939692620785871,0.0));
#5193=DIRECTION('',(0.0,0.0,1.0));
#5194=DIRECTION('',(-0.300626578483311,0.825964736070521,-0.476870962711478));
#5195=DIRECTION('',(0.0,0.0,-1.0));
#5196=DIRECTION('',(0.300626578483311,0.825964736070521,0.476870962711478));
#5197=DIRECTION('',(0.0,-0.0,1.0));
#5198=DIRECTION('',(-0.34202014332577,-0.939692620785871,0.0));
#5199=DIRECTION('',(0.0,0.0,1.0));
#5200=DIRECTION('',(0.34202014332577,0.939692620785871,-0.0));
#5201=DIRECTION('',(0.0,-0.0,1.0));
#5202=DIRECTION('',(-0.300626578483311,-0.825964736070521,0.476870962711478));
#5203=DIRECTION('',(0.0,0.0,1.0));
#5204=DIRECTION('',(1.0,0.0,0.0));
#5205=DIRECTION('',(0.0,0.0,-1.0));
#5206=DIRECTION('',(1.0,-0.0,6.12303176911189E-17));
#5207=DIRECTION('',(1.0,-0.0,6.12303176911189E-17));
#5208=DIRECTION('',(0.0,0.0,-1.0));
#5209=DIRECTION('',(1.0,0.0,0.0));
#5210=DIRECTION('',(-0.300626578483311,0.825964736070521,-0.476870962711478));
#5211=DIRECTION('',(1.0,0.0,6.12303176911189E-17));
#5212=DIRECTION('',(1.0,0.0,6.12303176911189E-17));
#5213=DIRECTION('',(0.0,0.866025403784427,-0.500000000000019));
#5214=DIRECTION('',(-1.0,0.0,0.0));
#5215=DIRECTION('',(-1.0,0.0,0.0));
#5216=DIRECTION('',(-0.34202014332577,0.939692620785871,0.0));
#5217=DIRECTION('',(-1.0,0.0,0.0));
#5218=DIRECTION('',(-0.34202014332577,-0.939692620785871,0.0));
#5219=DIRECTION('',(-1.0,0.0,0.0));
#5220=DIRECTION('',(-0.34202014332577,0.939692620785871,0.0));
#5221=DIRECTION('',(-1.0,0.0,0.0));
#5222=DIRECTION('',(-0.34202014332577,-0.939692620785871,0.0));
#5223=DIRECTION('',(-1.0,0.0,0.0));
#5224=DIRECTION('',(-0.34202014332577,0.939692620785871,0.0));
#5225=DIRECTION('',(-1.0,0.0,0.0));
#5226=DIRECTION('',(-0.34202014332577,-0.939692620785871,0.0));
#5227=DIRECTION('',(-1.0,0.0,0.0));
#5228=DIRECTION('',(0.0,1.0,0.0));
#5229=DIRECTION('',(1.0,0.0,0.0));
#5230=DIRECTION('',(0.0,-1.0,0.0));
#5231=DIRECTION('',(-1.0,0.0,0.0));
#5232=DIRECTION('',(1.0,0.0,0.0));
#5233=DIRECTION('',(0.0,0.0,1.0));
#5234=DIRECTION('',(1.0,0.0,0.0));
#5235=DIRECTION('',(0.0,0.0,1.0));
#5236=DIRECTION('',(1.0,0.0,6.12303176911189E-17));
#5237=DIRECTION('',(0.0,0.0,1.0));
#5238=DIRECTION('',(1.0,0.0,0.0));
#5239=DIRECTION('',(0.0,0.0,1.0));
#5240=DIRECTION('',(1.0,0.0,6.12303176911189E-17));
#5241=DIRECTION('',(0.0,0.0,1.0));
#5242=DIRECTION('',(1.0,0.0,0.0));
#5243=DIRECTION('',(0.0,0.0,1.0));
#5244=DIRECTION('',(1.0,0.0,6.12303176911189E-17));
#5245=DIRECTION('',(0.0,0.0,1.0));
#5246=DIRECTION('',(1.0,0.0,6.12303176911189E-17));
#5247=DIRECTION('',(0.0,0.0,1.0));
#5248=DIRECTION('',(0.0,0.0,1.0));
#5249=DIRECTION('',(1.0,0.0,6.12303176911189E-17));
#5250=DIRECTION('',(0.0,0.0,1.0));
#5251=DIRECTION('',(0.0,0.0,1.0));
#5252=DIRECTION('',(1.0,0.0,6.12303176911189E-17));
#5253=DIRECTION('',(0.0,0.0,1.0));
#5254=DIRECTION('',(0.0,0.0,1.0));
#5255=DIRECTION('',(1.0,0.0,6.12303176911189E-17));
#5256=DIRECTION('',(1.0,0.0,6.12303176911189E-17));
#5257=DIRECTION('',(0.0,0.0,-1.0));
#5258=DIRECTION('',(0.300626578483311,-0.825964736070521,-0.476870962711478));
#5259=DIRECTION('',(-1.0,0.0,-6.12303176911189E-17));
#5260=DIRECTION('',(0.0,0.0,-1.0));
#5261=DIRECTION('',(0.0,0.0,-1.0));
#5262=DIRECTION('',(-1.0,0.0,-6.12303176911189E-17));
#5263=DIRECTION('',(0.34202014332577,-0.939692620785871,0.0));
#5264=DIRECTION('',(0.300626578483311,0.825964736070521,0.476870962711478));
#5265=DIRECTION('',(0.0,-0.0,1.0));
#5266=DIRECTION('',(0.34202014332577,0.939692620785871,-0.0));
#5267=DIRECTION('',(0.0,-0.0,1.0));
#5268=DIRECTION('',(-0.300626578483311,-0.825964736070521,0.476870962711478));
#5269=DIRECTION('',(1.0,0.0,0.0));
#5270=DIRECTION('',(0.0,0.0,-1.0));
#5271=DIRECTION('',(1.0,-0.0,6.12303176911189E-17));
#5272=DIRECTION('',(-0.300626578483311,0.825964736070521,-0.476870962711478));
#5273=DIRECTION('',(0.300626578483311,-0.825964736070521,-0.476870962711478));
#5274=DIRECTION('',(-1.0,0.0,-6.12303176911189E-17));
#5275=DIRECTION('',(0.0,0.0,-1.0));
#5276=DIRECTION('',(0.34202014332577,-0.939692620785871,0.0));
#5277=DIRECTION('',(0.300626578483311,0.825964736070521,0.476870962711478));
#5278=DIRECTION('',(0.0,-0.0,1.0));
#5279=DIRECTION('',(0.34202014332577,0.939692620785871,-0.0));
#5280=DIRECTION('',(0.0,-0.0,1.0));
#5281=DIRECTION('',(-0.300626578483311,-0.825964736070521,0.476870962711478));
#5282=DIRECTION('',(1.0,0.0,0.0));
#5283=DIRECTION('',(0.0,0.0,-1.0));
#5284=DIRECTION('',(1.0,-0.0,6.12303176911189E-17));
#5285=DIRECTION('',(-0.300626578483311,0.825964736070521,-0.476870962711478));
#5286=DIRECTION('',(0.300626578483311,-0.825964736070521,-0.476870962711478));
#5287=DIRECTION('',(-1.0,0.0,-6.12303176911189E-17));
#5288=DIRECTION('',(0.0,0.0,-1.0));
#5289=DIRECTION('',(0.34202014332577,-0.939692620785871,0.0));
#5290=DIRECTION('',(0.300626578483311,0.825964736070521,0.476870962711478));
#5291=DIRECTION('',(0.0,-0.0,1.0));
#5292=DIRECTION('',(0.34202014332577,0.939692620785871,-0.0));
#5293=DIRECTION('',(0.0,-0.0,1.0));
#5294=DIRECTION('',(-0.300626578483311,-0.825964736070521,0.476870962711478));
#5295=DIRECTION('',(1.0,0.0,0.0));
#5296=DIRECTION('',(0.0,0.0,-1.0));
#5297=DIRECTION('',(1.0,-0.0,6.12303176911189E-17));
#5298=DIRECTION('',(-1.0,0.0,-6.12303176911189E-17));
#5299=DIRECTION('',(0.0,0.0,-1.0));
#5300=DIRECTION('',(0.0,-0.866025403784427,0.500000000000019));
#5301=DIRECTION('',(-0.0,0.866025403784427,0.500000000000019));
#5302=DIRECTION('',(-0.0,-0.866025403784427,-0.500000000000019));
#5303=DIRECTION('',(0.0,-1.0,0.0));
#5304=DIRECTION('',(0.0,0.0,-1.0));
#5305=DIRECTION('',(0.0,1.0,0.0));
#5306=DIRECTION('',(-1.0,0.0,0.0));
#5307=DIRECTION('',(0.0,0.0,-1.0));
ENDSEC;
END-ISO-10303-21;
