ISO-10303-21;
HEADER;
FILE_DESCRIPTION(('FreeCAD Model'),'2;1');
FILE_NAME('Open CASCADE Shape Model','2026-04-14T23:32:23',(''),(''),
  'Open CASCADE STEP processor 7.8','FreeCAD','Unknown');
FILE_SCHEMA(('AUTOMOTIVE_DESIGN { 1 0 10303 214 1 1 1 1 }'));
ENDSEC;
DATA;
#1 = APPLICATION_PROTOCOL_DEFINITION('international standard',
  'automotive_design',2000,#2);
#2 = APPLICATION_CONTEXT(
  'core data for automotive mechanical design processes');
#3 = SHAPE_DEFINITION_REPRESENTATION(#4,#10);
#4 = PRODUCT_DEFINITION_SHAPE('','',#5);
#5 = PRODUCT_DEFINITION('design','',#6,#9);
#6 = PRODUCT_DEFINITION_FORMATION('','',#7);
#7 = PRODUCT('SDCardHolder','SDCardHolder','',(#8));
#8 = PRODUCT_CONTEXT('',#2,'mechanical');
#9 = PRODUCT_DEFINITION_CONTEXT('part definition',#2,'design');
#10 = SHAPE_REPRESENTATION('',(#11,#15,#19),#23);
#11 = AXIS2_PLACEMENT_3D('',#12,#13,#14);
#12 = CARTESIAN_POINT('',(0.,0.,0.));
#13 = DIRECTION('',(0.,0.,1.));
#14 = DIRECTION('',(1.,0.,-0.));
#15 = AXIS2_PLACEMENT_3D('',#16,#17,#18);
#16 = CARTESIAN_POINT('',(0.,0.,0.));
#17 = DIRECTION('',(0.,0.,1.));
#18 = DIRECTION('',(1.,0.,0.));
#19 = AXIS2_PLACEMENT_3D('',#20,#21,#22);
#20 = CARTESIAN_POINT('',(0.,0.,0.));
#21 = DIRECTION('',(0.,0.,1.));
#22 = DIRECTION('',(1.,0.,0.));
#23 = ( GEOMETRIC_REPRESENTATION_CONTEXT(3) 
GLOBAL_UNCERTAINTY_ASSIGNED_CONTEXT((#27)) GLOBAL_UNIT_ASSIGNED_CONTEXT(
(#24,#25,#26)) REPRESENTATION_CONTEXT('Context #1',
  '3D Context with UNIT and UNCERTAINTY') );
#24 = ( LENGTH_UNIT() NAMED_UNIT(*) SI_UNIT(.MILLI.,.METRE.) );
#25 = ( NAMED_UNIT(*) PLANE_ANGLE_UNIT() SI_UNIT($,.RADIAN.) );
#26 = ( NAMED_UNIT(*) SI_UNIT($,.STERADIAN.) SOLID_ANGLE_UNIT() );
#27 = UNCERTAINTY_MEASURE_WITH_UNIT(LENGTH_MEASURE(5.E-06),#24,
  'distance_accuracy_value','confusion accuracy');
#28 = PRODUCT_RELATED_PRODUCT_CATEGORY('part',$,(#7));
#29 = SHAPE_DEFINITION_REPRESENTATION(#30,#36);
#30 = PRODUCT_DEFINITION_SHAPE('','',#31);
#31 = PRODUCT_DEFINITION('design','',#32,#35);
#32 = PRODUCT_DEFINITION_FORMATION('','',#33);
#33 = PRODUCT('Body','Body','',(#34));
#34 = PRODUCT_CONTEXT('',#2,'mechanical');
#35 = PRODUCT_DEFINITION_CONTEXT('part definition',#2,'design');
#36 = ADVANCED_BREP_SHAPE_REPRESENTATION('',(#11,#37),#469);
#37 = MANIFOLD_SOLID_BREP('',#38);
#38 = CLOSED_SHELL('',(#39,#79,#112,#145,#230,#281,#298,#315,#332,#349,
    #361,#392,#416,#440,#457));
#39 = ADVANCED_FACE('',(#40),#74,.F.);
#40 = FACE_BOUND('',#41,.F.);
#41 = EDGE_LOOP('',(#42,#52,#60,#68));
#42 = ORIENTED_EDGE('',*,*,#43,.T.);
#43 = EDGE_CURVE('',#44,#46,#48,.T.);
#44 = VERTEX_POINT('',#45);
#45 = CARTESIAN_POINT('',(-5.275,0.,0.));
#46 = VERTEX_POINT('',#47);
#47 = CARTESIAN_POINT('',(-5.275,0.,6.));
#48 = LINE('',#49,#50);
#49 = CARTESIAN_POINT('',(-5.275,0.,0.));
#50 = VECTOR('',#51,1.);
#51 = DIRECTION('',(0.,0.,1.));
#52 = ORIENTED_EDGE('',*,*,#53,.T.);
#53 = EDGE_CURVE('',#46,#54,#56,.T.);
#54 = VERTEX_POINT('',#55);
#55 = CARTESIAN_POINT('',(5.275,0.,6.));
#56 = LINE('',#57,#58);
#57 = CARTESIAN_POINT('',(-5.275,0.,6.));
#58 = VECTOR('',#59,1.);
#59 = DIRECTION('',(1.,0.,0.));
#60 = ORIENTED_EDGE('',*,*,#61,.F.);
#61 = EDGE_CURVE('',#62,#54,#64,.T.);
#62 = VERTEX_POINT('',#63);
#63 = CARTESIAN_POINT('',(5.275,0.,0.));
#64 = LINE('',#65,#66);
#65 = CARTESIAN_POINT('',(5.275,0.,0.));
#66 = VECTOR('',#67,1.);
#67 = DIRECTION('',(0.,0.,1.));
#68 = ORIENTED_EDGE('',*,*,#69,.F.);
#69 = EDGE_CURVE('',#44,#62,#70,.T.);
#70 = LINE('',#71,#72);
#71 = CARTESIAN_POINT('',(-5.275,0.,0.));
#72 = VECTOR('',#73,1.);
#73 = DIRECTION('',(1.,0.,0.));
#74 = PLANE('',#75);
#75 = AXIS2_PLACEMENT_3D('',#76,#77,#78);
#76 = CARTESIAN_POINT('',(-5.275,0.,0.));
#77 = DIRECTION('',(0.,1.,0.));
#78 = DIRECTION('',(1.,0.,0.));
#79 = ADVANCED_FACE('',(#80),#107,.T.);
#80 = FACE_BOUND('',#81,.F.);
#81 = EDGE_LOOP('',(#82,#92,#99,#100));
#82 = ORIENTED_EDGE('',*,*,#83,.T.);
#83 = EDGE_CURVE('',#84,#86,#88,.T.);
#84 = VERTEX_POINT('',#85);
#85 = CARTESIAN_POINT('',(-5.575,0.3,0.));
#86 = VERTEX_POINT('',#87);
#87 = CARTESIAN_POINT('',(-5.575,0.3,6.));
#88 = LINE('',#89,#90);
#89 = CARTESIAN_POINT('',(-5.575,0.3,0.));
#90 = VECTOR('',#91,1.);
#91 = DIRECTION('',(0.,0.,1.));
#92 = ORIENTED_EDGE('',*,*,#93,.T.);
#93 = EDGE_CURVE('',#86,#46,#94,.T.);
#94 = CIRCLE('',#95,0.3);
#95 = AXIS2_PLACEMENT_3D('',#96,#97,#98);
#96 = CARTESIAN_POINT('',(-5.275,0.3,6.));
#97 = DIRECTION('',(0.,0.,1.));
#98 = DIRECTION('',(1.,0.,0.));
#99 = ORIENTED_EDGE('',*,*,#43,.F.);
#100 = ORIENTED_EDGE('',*,*,#101,.F.);
#101 = EDGE_CURVE('',#84,#44,#102,.T.);
#102 = CIRCLE('',#103,0.3);
#103 = AXIS2_PLACEMENT_3D('',#104,#105,#106);
#104 = CARTESIAN_POINT('',(-5.275,0.3,0.));
#105 = DIRECTION('',(0.,0.,1.));
#106 = DIRECTION('',(1.,0.,0.));
#107 = CYLINDRICAL_SURFACE('',#108,0.3);
#108 = AXIS2_PLACEMENT_3D('',#109,#110,#111);
#109 = CARTESIAN_POINT('',(-5.275,0.3,0.));
#110 = DIRECTION('',(-0.,-0.,-1.));
#111 = DIRECTION('',(1.,0.,0.));
#112 = ADVANCED_FACE('',(#113),#140,.T.);
#113 = FACE_BOUND('',#114,.F.);
#114 = EDGE_LOOP('',(#115,#116,#125,#133));
#115 = ORIENTED_EDGE('',*,*,#61,.T.);
#116 = ORIENTED_EDGE('',*,*,#117,.T.);
#117 = EDGE_CURVE('',#54,#118,#120,.T.);
#118 = VERTEX_POINT('',#119);
#119 = CARTESIAN_POINT('',(5.575,0.3,6.));
#120 = CIRCLE('',#121,0.3);
#121 = AXIS2_PLACEMENT_3D('',#122,#123,#124);
#122 = CARTESIAN_POINT('',(5.275,0.3,6.));
#123 = DIRECTION('',(0.,0.,1.));
#124 = DIRECTION('',(1.,0.,0.));
#125 = ORIENTED_EDGE('',*,*,#126,.F.);
#126 = EDGE_CURVE('',#127,#118,#129,.T.);
#127 = VERTEX_POINT('',#128);
#128 = CARTESIAN_POINT('',(5.575,0.3,0.));
#129 = LINE('',#130,#131);
#130 = CARTESIAN_POINT('',(5.575,0.3,0.));
#131 = VECTOR('',#132,1.);
#132 = DIRECTION('',(0.,0.,1.));
#133 = ORIENTED_EDGE('',*,*,#134,.F.);
#134 = EDGE_CURVE('',#62,#127,#135,.T.);
#135 = CIRCLE('',#136,0.3);
#136 = AXIS2_PLACEMENT_3D('',#137,#138,#139);
#137 = CARTESIAN_POINT('',(5.275,0.3,0.));
#138 = DIRECTION('',(0.,0.,1.));
#139 = DIRECTION('',(1.,0.,0.));
#140 = CYLINDRICAL_SURFACE('',#141,0.3);
#141 = AXIS2_PLACEMENT_3D('',#142,#143,#144);
#142 = CARTESIAN_POINT('',(5.275,0.3,0.));
#143 = DIRECTION('',(-0.,-0.,-1.));
#144 = DIRECTION('',(1.,0.,0.));
#145 = ADVANCED_FACE('',(#146,#191),#225,.F.);
#146 = FACE_BOUND('',#147,.F.);
#147 = EDGE_LOOP('',(#148,#149,#150,#158,#167,#175,#184,#190));
#148 = ORIENTED_EDGE('',*,*,#69,.T.);
#149 = ORIENTED_EDGE('',*,*,#134,.T.);
#150 = ORIENTED_EDGE('',*,*,#151,.T.);
#151 = EDGE_CURVE('',#127,#152,#154,.T.);
#152 = VERTEX_POINT('',#153);
#153 = CARTESIAN_POINT('',(5.575,1.2,0.));
#154 = LINE('',#155,#156);
#155 = CARTESIAN_POINT('',(5.575,0.3,0.));
#156 = VECTOR('',#157,1.);
#157 = DIRECTION('',(0.,1.,0.));
#158 = ORIENTED_EDGE('',*,*,#159,.T.);
#159 = EDGE_CURVE('',#152,#160,#162,.T.);
#160 = VERTEX_POINT('',#161);
#161 = CARTESIAN_POINT('',(5.275,1.5,0.));
#162 = CIRCLE('',#163,0.3);
#163 = AXIS2_PLACEMENT_3D('',#164,#165,#166);
#164 = CARTESIAN_POINT('',(5.275,1.2,0.));
#165 = DIRECTION('',(0.,0.,1.));
#166 = DIRECTION('',(1.,0.,0.));
#167 = ORIENTED_EDGE('',*,*,#168,.T.);
#168 = EDGE_CURVE('',#160,#169,#171,.T.);
#169 = VERTEX_POINT('',#170);
#170 = CARTESIAN_POINT('',(-5.275,1.5,0.));
#171 = LINE('',#172,#173);
#172 = CARTESIAN_POINT('',(5.275,1.5,0.));
#173 = VECTOR('',#174,1.);
#174 = DIRECTION('',(-1.,0.,0.));
#175 = ORIENTED_EDGE('',*,*,#176,.T.);
#176 = EDGE_CURVE('',#169,#177,#179,.T.);
#177 = VERTEX_POINT('',#178);
#178 = CARTESIAN_POINT('',(-5.575,1.2,0.));
#179 = CIRCLE('',#180,0.3);
#180 = AXIS2_PLACEMENT_3D('',#181,#182,#183);
#181 = CARTESIAN_POINT('',(-5.275,1.2,0.));
#182 = DIRECTION('',(0.,0.,1.));
#183 = DIRECTION('',(1.,0.,0.));
#184 = ORIENTED_EDGE('',*,*,#185,.T.);
#185 = EDGE_CURVE('',#177,#84,#186,.T.);
#186 = LINE('',#187,#188);
#187 = CARTESIAN_POINT('',(-5.575,1.2,0.));
#188 = VECTOR('',#189,1.);
#189 = DIRECTION('',(0.,-1.,0.));
#190 = ORIENTED_EDGE('',*,*,#101,.T.);
#191 = FACE_BOUND('',#192,.F.);
#192 = EDGE_LOOP('',(#193,#203,#211,#219));
#193 = ORIENTED_EDGE('',*,*,#194,.F.);
#194 = EDGE_CURVE('',#195,#197,#199,.T.);
#195 = VERTEX_POINT('',#196);
#196 = CARTESIAN_POINT('',(-4.925,1.25,0.));
#197 = VERTEX_POINT('',#198);
#198 = CARTESIAN_POINT('',(-4.925,0.5,0.));
#199 = LINE('',#200,#201);
#200 = CARTESIAN_POINT('',(-4.925,1.25,0.));
#201 = VECTOR('',#202,1.);
#202 = DIRECTION('',(0.,-1.,0.));
#203 = ORIENTED_EDGE('',*,*,#204,.F.);
#204 = EDGE_CURVE('',#205,#195,#207,.T.);
#205 = VERTEX_POINT('',#206);
#206 = CARTESIAN_POINT('',(4.925,1.25,0.));
#207 = LINE('',#208,#209);
#208 = CARTESIAN_POINT('',(4.925,1.25,0.));
#209 = VECTOR('',#210,1.);
#210 = DIRECTION('',(-1.,0.,0.));
#211 = ORIENTED_EDGE('',*,*,#212,.F.);
#212 = EDGE_CURVE('',#213,#205,#215,.T.);
#213 = VERTEX_POINT('',#214);
#214 = CARTESIAN_POINT('',(4.925,0.5,0.));
#215 = LINE('',#216,#217);
#216 = CARTESIAN_POINT('',(4.925,0.5,0.));
#217 = VECTOR('',#218,1.);
#218 = DIRECTION('',(0.,1.,0.));
#219 = ORIENTED_EDGE('',*,*,#220,.F.);
#220 = EDGE_CURVE('',#197,#213,#221,.T.);
#221 = LINE('',#222,#223);
#222 = CARTESIAN_POINT('',(-4.925,0.5,0.));
#223 = VECTOR('',#224,1.);
#224 = DIRECTION('',(1.,0.,0.));
#225 = PLANE('',#226);
#226 = AXIS2_PLACEMENT_3D('',#227,#228,#229);
#227 = CARTESIAN_POINT('',(1.E-17,0.75,0.));
#228 = DIRECTION('',(0.,0.,1.));
#229 = DIRECTION('',(1.,0.,0.));
#230 = ADVANCED_FACE('',(#231),#276,.T.);
#231 = FACE_BOUND('',#232,.T.);
#232 = EDGE_LOOP('',(#233,#234,#235,#243,#252,#260,#269,#275));
#233 = ORIENTED_EDGE('',*,*,#53,.T.);
#234 = ORIENTED_EDGE('',*,*,#117,.T.);
#235 = ORIENTED_EDGE('',*,*,#236,.T.);
#236 = EDGE_CURVE('',#118,#237,#239,.T.);
#237 = VERTEX_POINT('',#238);
#238 = CARTESIAN_POINT('',(5.575,1.2,6.));
#239 = LINE('',#240,#241);
#240 = CARTESIAN_POINT('',(5.575,0.3,6.));
#241 = VECTOR('',#242,1.);
#242 = DIRECTION('',(0.,1.,0.));
#243 = ORIENTED_EDGE('',*,*,#244,.T.);
#244 = EDGE_CURVE('',#237,#245,#247,.T.);
#245 = VERTEX_POINT('',#246);
#246 = CARTESIAN_POINT('',(5.275,1.5,6.));
#247 = CIRCLE('',#248,0.3);
#248 = AXIS2_PLACEMENT_3D('',#249,#250,#251);
#249 = CARTESIAN_POINT('',(5.275,1.2,6.));
#250 = DIRECTION('',(0.,0.,1.));
#251 = DIRECTION('',(1.,0.,0.));
#252 = ORIENTED_EDGE('',*,*,#253,.T.);
#253 = EDGE_CURVE('',#245,#254,#256,.T.);
#254 = VERTEX_POINT('',#255);
#255 = CARTESIAN_POINT('',(-5.275,1.5,6.));
#256 = LINE('',#257,#258);
#257 = CARTESIAN_POINT('',(5.275,1.5,6.));
#258 = VECTOR('',#259,1.);
#259 = DIRECTION('',(-1.,0.,0.));
#260 = ORIENTED_EDGE('',*,*,#261,.T.);
#261 = EDGE_CURVE('',#254,#262,#264,.T.);
#262 = VERTEX_POINT('',#263);
#263 = CARTESIAN_POINT('',(-5.575,1.2,6.));
#264 = CIRCLE('',#265,0.3);
#265 = AXIS2_PLACEMENT_3D('',#266,#267,#268);
#266 = CARTESIAN_POINT('',(-5.275,1.2,6.));
#267 = DIRECTION('',(0.,0.,1.));
#268 = DIRECTION('',(1.,0.,0.));
#269 = ORIENTED_EDGE('',*,*,#270,.T.);
#270 = EDGE_CURVE('',#262,#86,#271,.T.);
#271 = LINE('',#272,#273);
#272 = CARTESIAN_POINT('',(-5.575,1.2,6.));
#273 = VECTOR('',#274,1.);
#274 = DIRECTION('',(0.,-1.,0.));
#275 = ORIENTED_EDGE('',*,*,#93,.T.);
#276 = PLANE('',#277);
#277 = AXIS2_PLACEMENT_3D('',#278,#279,#280);
#278 = CARTESIAN_POINT('',(1.E-17,0.75,6.));
#279 = DIRECTION('',(0.,0.,1.));
#280 = DIRECTION('',(1.,0.,0.));
#281 = ADVANCED_FACE('',(#282),#293,.F.);
#282 = FACE_BOUND('',#283,.F.);
#283 = EDGE_LOOP('',(#284,#290,#291,#292));
#284 = ORIENTED_EDGE('',*,*,#285,.T.);
#285 = EDGE_CURVE('',#177,#262,#286,.T.);
#286 = LINE('',#287,#288);
#287 = CARTESIAN_POINT('',(-5.575,1.2,0.));
#288 = VECTOR('',#289,1.);
#289 = DIRECTION('',(0.,0.,1.));
#290 = ORIENTED_EDGE('',*,*,#270,.T.);
#291 = ORIENTED_EDGE('',*,*,#83,.F.);
#292 = ORIENTED_EDGE('',*,*,#185,.F.);
#293 = PLANE('',#294);
#294 = AXIS2_PLACEMENT_3D('',#295,#296,#297);
#295 = CARTESIAN_POINT('',(-5.575,1.2,0.));
#296 = DIRECTION('',(1.,0.,0.));
#297 = DIRECTION('',(0.,-1.,0.));
#298 = ADVANCED_FACE('',(#299),#310,.F.);
#299 = FACE_BOUND('',#300,.F.);
#300 = EDGE_LOOP('',(#301,#302,#303,#309));
#301 = ORIENTED_EDGE('',*,*,#126,.T.);
#302 = ORIENTED_EDGE('',*,*,#236,.T.);
#303 = ORIENTED_EDGE('',*,*,#304,.F.);
#304 = EDGE_CURVE('',#152,#237,#305,.T.);
#305 = LINE('',#306,#307);
#306 = CARTESIAN_POINT('',(5.575,1.2,0.));
#307 = VECTOR('',#308,1.);
#308 = DIRECTION('',(0.,0.,1.));
#309 = ORIENTED_EDGE('',*,*,#151,.F.);
#310 = PLANE('',#311);
#311 = AXIS2_PLACEMENT_3D('',#312,#313,#314);
#312 = CARTESIAN_POINT('',(5.575,0.3,0.));
#313 = DIRECTION('',(-1.,0.,0.));
#314 = DIRECTION('',(0.,1.,0.));
#315 = ADVANCED_FACE('',(#316),#327,.T.);
#316 = FACE_BOUND('',#317,.F.);
#317 = EDGE_LOOP('',(#318,#324,#325,#326));
#318 = ORIENTED_EDGE('',*,*,#319,.T.);
#319 = EDGE_CURVE('',#169,#254,#320,.T.);
#320 = LINE('',#321,#322);
#321 = CARTESIAN_POINT('',(-5.275,1.5,0.));
#322 = VECTOR('',#323,1.);
#323 = DIRECTION('',(0.,0.,1.));
#324 = ORIENTED_EDGE('',*,*,#261,.T.);
#325 = ORIENTED_EDGE('',*,*,#285,.F.);
#326 = ORIENTED_EDGE('',*,*,#176,.F.);
#327 = CYLINDRICAL_SURFACE('',#328,0.3);
#328 = AXIS2_PLACEMENT_3D('',#329,#330,#331);
#329 = CARTESIAN_POINT('',(-5.275,1.2,0.));
#330 = DIRECTION('',(-0.,-0.,-1.));
#331 = DIRECTION('',(1.,0.,0.));
#332 = ADVANCED_FACE('',(#333),#344,.T.);
#333 = FACE_BOUND('',#334,.F.);
#334 = EDGE_LOOP('',(#335,#336,#337,#343));
#335 = ORIENTED_EDGE('',*,*,#304,.T.);
#336 = ORIENTED_EDGE('',*,*,#244,.T.);
#337 = ORIENTED_EDGE('',*,*,#338,.F.);
#338 = EDGE_CURVE('',#160,#245,#339,.T.);
#339 = LINE('',#340,#341);
#340 = CARTESIAN_POINT('',(5.275,1.5,0.));
#341 = VECTOR('',#342,1.);
#342 = DIRECTION('',(0.,0.,1.));
#343 = ORIENTED_EDGE('',*,*,#159,.F.);
#344 = CYLINDRICAL_SURFACE('',#345,0.3);
#345 = AXIS2_PLACEMENT_3D('',#346,#347,#348);
#346 = CARTESIAN_POINT('',(5.275,1.2,0.));
#347 = DIRECTION('',(-0.,-0.,-1.));
#348 = DIRECTION('',(1.,0.,0.));
#349 = ADVANCED_FACE('',(#350),#356,.F.);
#350 = FACE_BOUND('',#351,.F.);
#351 = EDGE_LOOP('',(#352,#353,#354,#355));
#352 = ORIENTED_EDGE('',*,*,#338,.T.);
#353 = ORIENTED_EDGE('',*,*,#253,.T.);
#354 = ORIENTED_EDGE('',*,*,#319,.F.);
#355 = ORIENTED_EDGE('',*,*,#168,.F.);
#356 = PLANE('',#357);
#357 = AXIS2_PLACEMENT_3D('',#358,#359,#360);
#358 = CARTESIAN_POINT('',(5.275,1.5,0.));
#359 = DIRECTION('',(0.,-1.,0.));
#360 = DIRECTION('',(-1.,0.,0.));
#361 = ADVANCED_FACE('',(#362),#387,.T.);
#362 = FACE_BOUND('',#363,.T.);
#363 = EDGE_LOOP('',(#364,#372,#380,#386));
#364 = ORIENTED_EDGE('',*,*,#365,.T.);
#365 = EDGE_CURVE('',#195,#366,#368,.T.);
#366 = VERTEX_POINT('',#367);
#367 = CARTESIAN_POINT('',(-4.925,1.25,5.5));
#368 = LINE('',#369,#370);
#369 = CARTESIAN_POINT('',(-4.925,1.25,0.));
#370 = VECTOR('',#371,1.);
#371 = DIRECTION('',(0.,0.,1.));
#372 = ORIENTED_EDGE('',*,*,#373,.T.);
#373 = EDGE_CURVE('',#366,#374,#376,.T.);
#374 = VERTEX_POINT('',#375);
#375 = CARTESIAN_POINT('',(-4.925,0.5,5.5));
#376 = LINE('',#377,#378);
#377 = CARTESIAN_POINT('',(-4.925,1.25,5.5));
#378 = VECTOR('',#379,1.);
#379 = DIRECTION('',(0.,-1.,0.));
#380 = ORIENTED_EDGE('',*,*,#381,.F.);
#381 = EDGE_CURVE('',#197,#374,#382,.T.);
#382 = LINE('',#383,#384);
#383 = CARTESIAN_POINT('',(-4.925,0.5,0.));
#384 = VECTOR('',#385,1.);
#385 = DIRECTION('',(0.,0.,1.));
#386 = ORIENTED_EDGE('',*,*,#194,.F.);
#387 = PLANE('',#388);
#388 = AXIS2_PLACEMENT_3D('',#389,#390,#391);
#389 = CARTESIAN_POINT('',(-4.925,1.25,0.));
#390 = DIRECTION('',(1.,0.,0.));
#391 = DIRECTION('',(0.,-1.,0.));
#392 = ADVANCED_FACE('',(#393),#411,.T.);
#393 = FACE_BOUND('',#394,.T.);
#394 = EDGE_LOOP('',(#395,#396,#404,#410));
#395 = ORIENTED_EDGE('',*,*,#381,.T.);
#396 = ORIENTED_EDGE('',*,*,#397,.T.);
#397 = EDGE_CURVE('',#374,#398,#400,.T.);
#398 = VERTEX_POINT('',#399);
#399 = CARTESIAN_POINT('',(4.925,0.5,5.5));
#400 = LINE('',#401,#402);
#401 = CARTESIAN_POINT('',(-4.925,0.5,5.5));
#402 = VECTOR('',#403,1.);
#403 = DIRECTION('',(1.,0.,0.));
#404 = ORIENTED_EDGE('',*,*,#405,.F.);
#405 = EDGE_CURVE('',#213,#398,#406,.T.);
#406 = LINE('',#407,#408);
#407 = CARTESIAN_POINT('',(4.925,0.5,0.));
#408 = VECTOR('',#409,1.);
#409 = DIRECTION('',(0.,0.,1.));
#410 = ORIENTED_EDGE('',*,*,#220,.F.);
#411 = PLANE('',#412);
#412 = AXIS2_PLACEMENT_3D('',#413,#414,#415);
#413 = CARTESIAN_POINT('',(-4.925,0.5,0.));
#414 = DIRECTION('',(0.,1.,0.));
#415 = DIRECTION('',(1.,0.,0.));
#416 = ADVANCED_FACE('',(#417),#435,.T.);
#417 = FACE_BOUND('',#418,.T.);
#418 = EDGE_LOOP('',(#419,#420,#428,#434));
#419 = ORIENTED_EDGE('',*,*,#405,.T.);
#420 = ORIENTED_EDGE('',*,*,#421,.T.);
#421 = EDGE_CURVE('',#398,#422,#424,.T.);
#422 = VERTEX_POINT('',#423);
#423 = CARTESIAN_POINT('',(4.925,1.25,5.5));
#424 = LINE('',#425,#426);
#425 = CARTESIAN_POINT('',(4.925,0.5,5.5));
#426 = VECTOR('',#427,1.);
#427 = DIRECTION('',(0.,1.,0.));
#428 = ORIENTED_EDGE('',*,*,#429,.F.);
#429 = EDGE_CURVE('',#205,#422,#430,.T.);
#430 = LINE('',#431,#432);
#431 = CARTESIAN_POINT('',(4.925,1.25,0.));
#432 = VECTOR('',#433,1.);
#433 = DIRECTION('',(0.,0.,1.));
#434 = ORIENTED_EDGE('',*,*,#212,.F.);
#435 = PLANE('',#436);
#436 = AXIS2_PLACEMENT_3D('',#437,#438,#439);
#437 = CARTESIAN_POINT('',(4.925,0.5,0.));
#438 = DIRECTION('',(-1.,0.,0.));
#439 = DIRECTION('',(0.,1.,0.));
#440 = ADVANCED_FACE('',(#441),#452,.T.);
#441 = FACE_BOUND('',#442,.T.);
#442 = EDGE_LOOP('',(#443,#444,#450,#451));
#443 = ORIENTED_EDGE('',*,*,#429,.T.);
#444 = ORIENTED_EDGE('',*,*,#445,.T.);
#445 = EDGE_CURVE('',#422,#366,#446,.T.);
#446 = LINE('',#447,#448);
#447 = CARTESIAN_POINT('',(4.925,1.25,5.5));
#448 = VECTOR('',#449,1.);
#449 = DIRECTION('',(-1.,0.,0.));
#450 = ORIENTED_EDGE('',*,*,#365,.F.);
#451 = ORIENTED_EDGE('',*,*,#204,.F.);
#452 = PLANE('',#453);
#453 = AXIS2_PLACEMENT_3D('',#454,#455,#456);
#454 = CARTESIAN_POINT('',(4.925,1.25,0.));
#455 = DIRECTION('',(0.,-1.,0.));
#456 = DIRECTION('',(-1.,0.,0.));
#457 = ADVANCED_FACE('',(#458),#464,.F.);
#458 = FACE_BOUND('',#459,.F.);
#459 = EDGE_LOOP('',(#460,#461,#462,#463));
#460 = ORIENTED_EDGE('',*,*,#373,.T.);
#461 = ORIENTED_EDGE('',*,*,#397,.T.);
#462 = ORIENTED_EDGE('',*,*,#421,.T.);
#463 = ORIENTED_EDGE('',*,*,#445,.T.);
#464 = PLANE('',#465);
#465 = AXIS2_PLACEMENT_3D('',#466,#467,#468);
#466 = CARTESIAN_POINT('',(1.7E-16,0.875,5.5));
#467 = DIRECTION('',(0.,0.,1.));
#468 = DIRECTION('',(1.,0.,0.));
#469 = ( GEOMETRIC_REPRESENTATION_CONTEXT(3) 
GLOBAL_UNCERTAINTY_ASSIGNED_CONTEXT((#473)) GLOBAL_UNIT_ASSIGNED_CONTEXT
((#470,#471,#472)) REPRESENTATION_CONTEXT('Context #1',
  '3D Context with UNIT and UNCERTAINTY') );
#470 = ( LENGTH_UNIT() NAMED_UNIT(*) SI_UNIT(.MILLI.,.METRE.) );
#471 = ( NAMED_UNIT(*) PLANE_ANGLE_UNIT() SI_UNIT($,.RADIAN.) );
#472 = ( NAMED_UNIT(*) SI_UNIT($,.STERADIAN.) SOLID_ANGLE_UNIT() );
#473 = UNCERTAINTY_MEASURE_WITH_UNIT(LENGTH_MEASURE(1.E-07),#470,
  'distance_accuracy_value','confusion accuracy');
#474 = CONTEXT_DEPENDENT_SHAPE_REPRESENTATION(#475,#477);
#475 = ( REPRESENTATION_RELATIONSHIP('','',#36,#10) 
REPRESENTATION_RELATIONSHIP_WITH_TRANSFORMATION(#476) 
SHAPE_REPRESENTATION_RELATIONSHIP() );
#476 = ITEM_DEFINED_TRANSFORMATION('','',#11,#15);
#477 = PRODUCT_DEFINITION_SHAPE('Placement','Placement of an item',#478
  );
#478 = NEXT_ASSEMBLY_USAGE_OCCURRENCE('7','Body','',#5,#31,$);
#479 = PRODUCT_RELATED_PRODUCT_CATEGORY('part',$,(#33));
#480 = SHAPE_DEFINITION_REPRESENTATION(#481,#487);
#481 = PRODUCT_DEFINITION_SHAPE('','',#482);
#482 = PRODUCT_DEFINITION('design','',#483,#486);
#483 = PRODUCT_DEFINITION_FORMATION('','',#484);
#484 = PRODUCT('Body001','Body001','',(#485));
#485 = PRODUCT_CONTEXT('',#2,'mechanical');
#486 = PRODUCT_DEFINITION_CONTEXT('part definition',#2,'design');
#487 = ADVANCED_BREP_SHAPE_REPRESENTATION('',(#11,#488),#5348);
#488 = MANIFOLD_SOLID_BREP('',#489);
#489 = CLOSED_SHELL('',(#490,#530,#2745,#4690,#4707,#4724,#4741,#4758,
    #4775,#4792,#4809,#4826,#4843,#4860,#4877,#4894,#4911,#4928,#4945,
    #4962,#4979,#4996,#5013,#5030,#5047,#5064,#5081,#5098,#5115,#5132,
    #5149,#5166,#5183,#5200,#5217,#5234,#5251,#5268,#5285,#5302,#5319,
    #5336));
#490 = ADVANCED_FACE('',(#491),#525,.T.);
#491 = FACE_BOUND('',#492,.T.);
#492 = EDGE_LOOP('',(#493,#503,#511,#519));
#493 = ORIENTED_EDGE('',*,*,#494,.T.);
#494 = EDGE_CURVE('',#495,#497,#499,.T.);
#495 = VERTEX_POINT('',#496);
#496 = CARTESIAN_POINT('',(-5.,0.3,0.));
#497 = VERTEX_POINT('',#498);
#498 = CARTESIAN_POINT('',(5.,0.3,0.));
#499 = LINE('',#500,#501);
#500 = CARTESIAN_POINT('',(-5.,0.3,0.));
#501 = VECTOR('',#502,1.);
#502 = DIRECTION('',(1.,0.,0.));
#503 = ORIENTED_EDGE('',*,*,#504,.T.);
#504 = EDGE_CURVE('',#497,#505,#507,.T.);
#505 = VERTEX_POINT('',#506);
#506 = CARTESIAN_POINT('',(5.,0.45,0.));
#507 = LINE('',#508,#509);
#508 = CARTESIAN_POINT('',(5.,0.3,0.));
#509 = VECTOR('',#510,1.);
#510 = DIRECTION('',(0.,1.,0.));
#511 = ORIENTED_EDGE('',*,*,#512,.F.);
#512 = EDGE_CURVE('',#513,#505,#515,.T.);
#513 = VERTEX_POINT('',#514);
#514 = CARTESIAN_POINT('',(-5.,0.45,0.));
#515 = LINE('',#516,#517);
#516 = CARTESIAN_POINT('',(-5.,0.45,0.));
#517 = VECTOR('',#518,1.);
#518 = DIRECTION('',(1.,0.,0.));
#519 = ORIENTED_EDGE('',*,*,#520,.F.);
#520 = EDGE_CURVE('',#495,#513,#521,.T.);
#521 = LINE('',#522,#523);
#522 = CARTESIAN_POINT('',(-5.,0.3,0.));
#523 = VECTOR('',#524,1.);
#524 = DIRECTION('',(0.,1.,0.));
#525 = PLANE('',#526);
#526 = AXIS2_PLACEMENT_3D('',#527,#528,#529);
#527 = CARTESIAN_POINT('',(-5.,0.3,0.));
#528 = DIRECTION('',(0.,0.,1.));
#529 = DIRECTION('',(0.,1.,0.));
#530 = ADVANCED_FACE('',(#531),#2735,.F.);
#531 = FACE_BOUND('',#532,.F.);
#532 = EDGE_LOOP('',(#533,#544,#545,#556,#566,#678,#686,#798,#808,#920,
    #928,#1040,#1050,#1162,#1170,#1282,#1292,#1404,#1412,#1524,#1531,
    #1643,#1651,#1763,#1770,#1882,#1890,#2002,#2009,#2121,#2129,#2241,
    #2251,#2363,#2371,#2483,#2494,#2606,#2614,#2726));
#533 = ORIENTED_EDGE('',*,*,#534,.F.);
#534 = EDGE_CURVE('',#495,#535,#537,.T.);
#535 = VERTEX_POINT('',#536);
#536 = CARTESIAN_POINT('',(-5.,0.29998416172,-1.E-02));
#537 = B_SPLINE_CURVE_WITH_KNOTS('',3,(#538,#539,#540,#541,#542,#543),
  .UNSPECIFIED.,.F.,.F.,(4,1,1,4),(0.,1.,2.,3.),.QUASI_UNIFORM_KNOTS.);
#538 = CARTESIAN_POINT('',(-5.,0.3,0.));
#539 = CARTESIAN_POINT('',(-5.,0.3,-0.4));
#540 = CARTESIAN_POINT('',(-5.,0.15,-0.4));
#541 = CARTESIAN_POINT('',(-5.,0.,-0.4));
#542 = CARTESIAN_POINT('',(-5.,0.,-0.65));
#543 = CARTESIAN_POINT('',(-5.,0.,-1.05));
#544 = ORIENTED_EDGE('',*,*,#494,.T.);
#545 = ORIENTED_EDGE('',*,*,#546,.T.);
#546 = EDGE_CURVE('',#497,#547,#549,.T.);
#547 = VERTEX_POINT('',#548);
#548 = CARTESIAN_POINT('',(5.,0.29998416172,-1.E-02));
#549 = B_SPLINE_CURVE_WITH_KNOTS('',3,(#550,#551,#552,#553,#554,#555),
  .UNSPECIFIED.,.F.,.F.,(4,1,1,4),(0.,1.,2.,3.),.QUASI_UNIFORM_KNOTS.);
#550 = CARTESIAN_POINT('',(5.,0.3,0.));
#551 = CARTESIAN_POINT('',(5.,0.3,-0.4));
#552 = CARTESIAN_POINT('',(5.,0.15,-0.4));
#553 = CARTESIAN_POINT('',(5.,0.,-0.4));
#554 = CARTESIAN_POINT('',(5.,0.,-0.65));
#555 = CARTESIAN_POINT('',(5.,0.,-1.05));
#556 = ORIENTED_EDGE('',*,*,#557,.T.);
#557 = EDGE_CURVE('',#547,#558,#560,.T.);
#558 = VERTEX_POINT('',#559);
#559 = CARTESIAN_POINT('',(4.1,0.29998416172,-1.E-02));
#560 = B_SPLINE_CURVE_WITH_KNOTS('',4,(#561,#562,#563,#564,#565),
  .UNSPECIFIED.,.F.,.F.,(5,5),(0.,1.),.PIECEWISE_BEZIER_KNOTS.);
#561 = CARTESIAN_POINT('',(5.0000239032,0.29998416172,-1.E-02));
#562 = CARTESIAN_POINT('',(4.7750179274,0.29998416172,-1.E-02));
#563 = CARTESIAN_POINT('',(4.5500119516,0.29998416172,-1.E-02));
#564 = CARTESIAN_POINT('',(4.3250059758,0.29998416172,-1.E-02));
#565 = CARTESIAN_POINT('',(4.1,0.29998416172,-1.E-02));
#566 = ORIENTED_EDGE('',*,*,#567,.F.);
#567 = EDGE_CURVE('',#568,#558,#570,.T.);
#568 = VERTEX_POINT('',#569);
#569 = CARTESIAN_POINT('',(4.1,0.,-1.05));
#570 = B_SPLINE_CURVE_WITH_KNOTS('',8,(#571,#572,#573,#574,#575,#576,
    #577,#578,#579,#580,#581,#582,#583,#584,#585,#586,#587,#588,#589,
    #590,#591,#592,#593,#594,#595,#596,#597,#598,#599,#600,#601,#602,
    #603,#604,#605,#606,#607,#608,#609,#610,#611,#612,#613,#614,#615,
    #616,#617,#618,#619,#620,#621,#622,#623,#624,#625,#626,#627,#628,
    #629,#630,#631,#632,#633,#634,#635,#636,#637,#638,#639,#640,#641,
    #642,#643,#644,#645,#646,#647,#648,#649,#650,#651,#652,#653,#654,
    #655,#656,#657,#658,#659,#660,#661,#662,#663,#664,#665,#666,#667,
    #668,#669,#670,#671,#672,#673,#674,#675,#676,#677),.UNSPECIFIED.,.F.
  ,.F.,(9,7,7,7,7,7,7,7,7,7,7,7,7,7,7,9),(0.,8.392785571204E-02,
    0.200438372805,0.332405666871,0.373030400609,0.494742317445,
    0.650461783959,0.679892773103,0.690935413576,0.748051023532,
    0.784211180858,0.858206926653,0.941075825026,0.969707743129,
    0.983912028454,1.),.UNSPECIFIED.);
#571 = CARTESIAN_POINT('',(4.1,-1.E-17,-1.05));
#572 = CARTESIAN_POINT('',(4.1,-1.E-17,-1.023251689692));
#573 = CARTESIAN_POINT('',(4.1,3.2908254E-10,-0.996887621307));
#574 = CARTESIAN_POINT('',(4.1,2.53193030032E-06,-0.970935462055));
#575 = CARTESIAN_POINT('',(4.1,1.056451574519E-05,-0.945425970699));
#576 = CARTESIAN_POINT('',(4.1,2.758676908381E-05,-0.920392474074));
#577 = CARTESIAN_POINT('',(4.1,5.768654809332E-05,-0.895870343598));
#578 = CARTESIAN_POINT('',(4.1,1.05631087197E-04,-0.871896471793));
#579 = CARTESIAN_POINT('',(4.1,2.759498149156E-04,-0.816041391253));
#580 = CARTESIAN_POINT('',(4.1,4.199902218486E-04,-0.784698714815));
#581 = CARTESIAN_POINT('',(4.1,6.239149670341E-04,-0.754589003711));
#582 = CARTESIAN_POINT('',(4.1,9.051394574073E-04,-0.725820346173));
#583 = CARTESIAN_POINT('',(4.1,1.284272722532E-03,-0.698495221453));
#584 = CARTESIAN_POINT('',(4.1,1.785094186279E-03,-0.672703786085));
#585 = CARTESIAN_POINT('',(4.1,2.433882448259E-03,-0.648515859411));
#586 = CARTESIAN_POINT('',(4.1,4.191653360356E-03,-0.600436541814));
#587 = CARTESIAN_POINT('',(4.1,5.350667230258E-03,-0.576999343243));
#588 = CARTESIAN_POINT('',(4.1,6.774903839665E-03,-0.555729203389));
#589 = CARTESIAN_POINT('',(4.1,8.506694014712E-03,-0.536619041492));
#590 = CARTESIAN_POINT('',(4.1,1.058897758313E-02,-0.519588096567));
#591 = CARTESIAN_POINT('',(4.1,1.306349995148E-02,-0.504489545409));
#592 = CARTESIAN_POINT('',(4.1,1.59691609293E-02,-0.491123147342));
#593 = CARTESIAN_POINT('',(4.1,2.037835168904E-02,-0.475598790613));
#594 = CARTESIAN_POINT('',(4.1,2.146027330575E-02,-0.472086702884));
#595 = CARTESIAN_POINT('',(4.1,2.258822701744E-02,-0.468706023668));
#596 = CARTESIAN_POINT('',(4.1,2.376113189908E-02,-0.465458244105));
#597 = CARTESIAN_POINT('',(4.1,2.498219856397E-02,-0.462326824087));
#598 = CARTESIAN_POINT('',(4.1,2.625341489668E-02,-0.459299853775));
#599 = CARTESIAN_POINT('',(4.1,2.757103872908E-02,-0.456388715977));
#600 = CARTESIAN_POINT('',(4.1,3.302518142629E-02,-0.445188798379));
#601 = CARTESIAN_POINT('',(4.1,3.753677393438E-02,-0.437772198573));
#602 = CARTESIAN_POINT('',(4.1,4.245763135173E-02,-0.43128123812));
#603 = CARTESIAN_POINT('',(4.1,4.777317662367E-02,-0.425655179271));
#604 = CARTESIAN_POINT('',(4.1,5.346778864551E-02,-0.420828774657));
#605 = CARTESIAN_POINT('',(4.1,5.952525159466E-02,-0.416733595438));
#606 = CARTESIAN_POINT('',(4.1,6.592920426269E-02,-0.413299359464));
#607 = CARTESIAN_POINT('',(4.1,8.127963033233E-02,-0.406816488885));
#608 = CARTESIAN_POINT('',(4.1,9.043606156147E-02,-0.404143960461));
#609 = CARTESIAN_POINT('',(4.1,0.100099402562,-0.402288021983));
#610 = CARTESIAN_POINT('',(4.1,0.110236235175,-0.401098204131));
#611 = CARTESIAN_POINT('',(4.1,0.120813633916,-0.400423973215));
#612 = CARTESIAN_POINT('',(4.1,0.131799596302,-0.40011548393));
#613 = CARTESIAN_POINT('',(4.1,0.143163473171,-0.400024332126));
#614 = CARTESIAN_POINT('',(4.1,0.157090142747,-0.400000522919));
#615 = CARTESIAN_POINT('',(4.1,0.159316405113,-0.399999629275));
#616 = CARTESIAN_POINT('',(4.1,0.161554644582,-0.399999079097));
#617 = CARTESIAN_POINT('',(4.1,0.163804728386,-0.399998118813));
#618 = CARTESIAN_POINT('',(4.1,0.166069066734,-0.400008059537));
#619 = CARTESIAN_POINT('',(4.1,0.168341096143,-0.399998148494));
#620 = CARTESIAN_POINT('',(4.1,0.170622656742,-0.399976986255));
#621 = CARTESIAN_POINT('',(4.1,0.173770118906,-0.399917115));
#622 = CARTESIAN_POINT('',(4.1,0.174629925589,-0.399897725143));
#623 = CARTESIAN_POINT('',(4.1,0.175490726837,-0.399874947171));
#624 = CARTESIAN_POINT('',(4.1,0.176352449748,-0.399848447829));
#625 = CARTESIAN_POINT('',(4.1,0.177215021424,-0.399817893857));
#626 = CARTESIAN_POINT('',(4.1,0.178078368964,-0.399782952));
#627 = CARTESIAN_POINT('',(4.1,0.178942419469,-0.399743289));
#628 = CARTESIAN_POINT('',(4.1,0.1842794686,-0.399467280761));
#629 = CARTESIAN_POINT('',(4.1,0.188767680801,-0.39910077383));
#630 = CARTESIAN_POINT('',(4.1,0.193262001354,-0.398553187482));
#631 = CARTESIAN_POINT('',(4.1,0.197752237792,-0.397778424404));
#632 = CARTESIAN_POINT('',(4.1,0.202227787375,-0.396730527543));
#633 = CARTESIAN_POINT('',(4.1,0.206677683986,-0.39536405435));
#634 = CARTESIAN_POINT('',(4.1,0.211090645036,-0.393634451033));
#635 = CARTESIAN_POINT('',(4.1,0.21821828665,-0.39014609996));
#636 = CARTESIAN_POINT('',(4.1,0.220961986315,-0.38863103645));
#637 = CARTESIAN_POINT('',(4.1,0.223683201072,-0.386942101276));
#638 = CARTESIAN_POINT('',(4.1,0.226378888315,-0.385068662027));
#639 = CARTESIAN_POINT('',(4.1,0.22904597912,-0.383000588874));
#640 = CARTESIAN_POINT('',(4.1,0.231681378246,-0.380728254566));
#641 = CARTESIAN_POINT('',(4.1,0.234281964132,-0.378242534437));
#642 = CARTESIAN_POINT('',(4.1,0.242088574129,-0.369993891472));
#643 = CARTESIAN_POINT('',(4.1,0.24717485453,-0.363522857795));
#644 = CARTESIAN_POINT('',(4.1,0.252075158635,-0.356050235495));
#645 = CARTESIAN_POINT('',(4.1,0.256763104929,-0.347519166671));
#646 = CARTESIAN_POINT('',(4.1,0.261214984043,-0.337890245803));
#647 = CARTESIAN_POINT('',(4.1,0.265410540946,-0.327144360158));
#648 = CARTESIAN_POINT('',(4.1,0.269333757131,-0.315285530202));
#649 = CARTESIAN_POINT('',(4.1,0.277049981861,-0.287850064494));
#650 = CARTESIAN_POINT('',(4.1,0.280772241003,-0.271992738608));
#651 = CARTESIAN_POINT('',(4.1,0.284124850162,-0.254810330663));
#652 = CARTESIAN_POINT('',(4.1,0.287102751627,-0.236366413187));
#653 = CARTESIAN_POINT('',(4.1,0.289709286688,-0.216742737437));
#654 = CARTESIAN_POINT('',(4.1,0.291954092274,-0.196032397931));
#655 = CARTESIAN_POINT('',(4.1,0.293850997591,-0.174332996976));
#656 = CARTESIAN_POINT('',(4.1,0.295956615196,-0.143933668238));
#657 = CARTESIAN_POINT('',(4.1,0.296457723202,-0.13602021932));
#658 = CARTESIAN_POINT('',(4.1,0.296919930577,-0.128003202594));
#659 = CARTESIAN_POINT('',(4.1,0.297343939725,-0.119886265546));
#660 = CARTESIAN_POINT('',(4.1,0.297730469654,-0.111672963004));
#661 = CARTESIAN_POINT('',(4.1,0.298080255978,-0.103366757136));
#662 = CARTESIAN_POINT('',(4.1,0.298394050918,-9.497101745174E-02));
#663 = CARTESIAN_POINT('',(4.1,0.298810822969,-8.2281105E-02));
#664 = CARTESIAN_POINT('',(4.1,0.298941068076,-7.803015814285E-02));
#665 = CARTESIAN_POINT('',(4.1,0.29906330247,-7.373592353571E-02));
#666 = CARTESIAN_POINT('',(4.1,0.299177469999,-6.939814448571E-02));
#667 = CARTESIAN_POINT('',(4.1,0.299283514512,-6.50165643E-02));
#668 = CARTESIAN_POINT('',(4.1,0.299381379857,-6.059092628571E-02));
#669 = CARTESIAN_POINT('',(4.1,0.299471009883,-5.612097375E-02));
#670 = CARTESIAN_POINT('',(4.1,0.299644473618,-4.649323747491E-02));
#671 = CARTESIAN_POINT('',(4.1,0.299725402947,-4.135480810154E-02));
#672 = CARTESIAN_POINT('',(4.1,0.299795294782,-3.618482256558E-02));
#673 = CARTESIAN_POINT('',(4.1,0.299854256023,-3.100661540614E-02));
#674 = CARTESIAN_POINT('',(4.1,0.29990252188,-2.577683207478E-02));
#675 = CARTESIAN_POINT('',(4.1,0.299940125899,-2.055088688517E-02));
#676 = CARTESIAN_POINT('',(4.1,0.299967304897,-1.528444482161E-02));
#677 = CARTESIAN_POINT('',(4.1,0.29998416172,-1.E-02));
#678 = ORIENTED_EDGE('',*,*,#679,.F.);
#679 = EDGE_CURVE('',#680,#568,#682,.T.);
#680 = VERTEX_POINT('',#681);
#681 = CARTESIAN_POINT('',(3.6,0.,-1.05));
#682 = LINE('',#683,#684);
#683 = CARTESIAN_POINT('',(-5.,0.,-1.05));
#684 = VECTOR('',#685,1.);
#685 = DIRECTION('',(1.,0.,0.));
#686 = ORIENTED_EDGE('',*,*,#687,.T.);
#687 = EDGE_CURVE('',#680,#688,#690,.T.);
#688 = VERTEX_POINT('',#689);
#689 = CARTESIAN_POINT('',(3.6,0.29998416172,-1.E-02));
#690 = B_SPLINE_CURVE_WITH_KNOTS('',8,(#691,#692,#693,#694,#695,#696,
    #697,#698,#699,#700,#701,#702,#703,#704,#705,#706,#707,#708,#709,
    #710,#711,#712,#713,#714,#715,#716,#717,#718,#719,#720,#721,#722,
    #723,#724,#725,#726,#727,#728,#729,#730,#731,#732,#733,#734,#735,
    #736,#737,#738,#739,#740,#741,#742,#743,#744,#745,#746,#747,#748,
    #749,#750,#751,#752,#753,#754,#755,#756,#757,#758,#759,#760,#761,
    #762,#763,#764,#765,#766,#767,#768,#769,#770,#771,#772,#773,#774,
    #775,#776,#777,#778,#779,#780,#781,#782,#783,#784,#785,#786,#787,
    #788,#789,#790,#791,#792,#793,#794,#795,#796,#797),.UNSPECIFIED.,.F.
  ,.F.,(9,7,7,7,7,7,7,7,7,7,7,7,7,7,7,9),(0.,8.392785570884E-02,
    0.200438372797,0.332405666857,0.373030400593,0.494742317424,
    0.650461783931,0.679892773076,0.69093541355,0.748051023512,
    0.78421118084,0.858206926641,0.941075825022,0.969707743127,
    0.983912028453,1.),.UNSPECIFIED.);
#691 = CARTESIAN_POINT('',(3.6,-1.E-17,-1.05));
#692 = CARTESIAN_POINT('',(3.6,-1.E-17,-1.023251689692));
#693 = CARTESIAN_POINT('',(3.6,3.2908256E-10,-0.996887621307));
#694 = CARTESIAN_POINT('',(3.6,2.53193030033E-06,-0.970935462055));
#695 = CARTESIAN_POINT('',(3.6,1.056451574517E-05,-0.945425970699));
#696 = CARTESIAN_POINT('',(3.6,2.758676908377E-05,-0.920392474074));
#697 = CARTESIAN_POINT('',(3.6,5.768654809331E-05,-0.895870343598));
#698 = CARTESIAN_POINT('',(3.6,1.056310871971E-04,-0.871896471793));
#699 = CARTESIAN_POINT('',(3.6,2.759498149154E-04,-0.816041391253));
#700 = CARTESIAN_POINT('',(3.6,4.199902218519E-04,-0.784698714815));
#701 = CARTESIAN_POINT('',(3.6,6.239149670325E-04,-0.754589003711));
#702 = CARTESIAN_POINT('',(3.6,9.05139457403E-04,-0.725820346173));
#703 = CARTESIAN_POINT('',(3.6,1.284272722532E-03,-0.698495221453));
#704 = CARTESIAN_POINT('',(3.6,1.785094186284E-03,-0.672703786085));
#705 = CARTESIAN_POINT('',(3.6,2.433882448258E-03,-0.648515859411));
#706 = CARTESIAN_POINT('',(3.6,4.191653360357E-03,-0.600436541814));
#707 = CARTESIAN_POINT('',(3.6,5.350667230259E-03,-0.576999343243));
#708 = CARTESIAN_POINT('',(3.6,6.774903839664E-03,-0.555729203389));
#709 = CARTESIAN_POINT('',(3.6,8.506694014711E-03,-0.536619041492));
#710 = CARTESIAN_POINT('',(3.6,1.058897758313E-02,-0.519588096567));
#711 = CARTESIAN_POINT('',(3.6,1.306349995148E-02,-0.504489545409));
#712 = CARTESIAN_POINT('',(3.6,1.59691609293E-02,-0.491123147342));
#713 = CARTESIAN_POINT('',(3.6,2.037835168902E-02,-0.475598790613));
#714 = CARTESIAN_POINT('',(3.6,2.14602733058E-02,-0.472086702884));
#715 = CARTESIAN_POINT('',(3.6,2.258822701739E-02,-0.468706023668));
#716 = CARTESIAN_POINT('',(3.6,2.376113189908E-02,-0.465458244105));
#717 = CARTESIAN_POINT('',(3.6,2.498219856402E-02,-0.462326824087));
#718 = CARTESIAN_POINT('',(3.6,2.625341489663E-02,-0.459299853776));
#719 = CARTESIAN_POINT('',(3.6,2.757103872909E-02,-0.456388715977));
#720 = CARTESIAN_POINT('',(3.6,3.302518142629E-02,-0.445188798379));
#721 = CARTESIAN_POINT('',(3.6,3.753677393438E-02,-0.437772198573));
#722 = CARTESIAN_POINT('',(3.6,4.245763135173E-02,-0.43128123812));
#723 = CARTESIAN_POINT('',(3.6,4.777317662367E-02,-0.425655179271));
#724 = CARTESIAN_POINT('',(3.6,5.346778864551E-02,-0.420828774657));
#725 = CARTESIAN_POINT('',(3.6,5.952525159465E-02,-0.416733595438));
#726 = CARTESIAN_POINT('',(3.6,6.59292042627E-02,-0.413299359464));
#727 = CARTESIAN_POINT('',(3.6,8.127963033233E-02,-0.406816488885));
#728 = CARTESIAN_POINT('',(3.6,9.043606156147E-02,-0.404143960461));
#729 = CARTESIAN_POINT('',(3.6,0.100099402562,-0.402288021983));
#730 = CARTESIAN_POINT('',(3.6,0.110236235175,-0.401098204131));
#731 = CARTESIAN_POINT('',(3.6,0.120813633916,-0.400423973215));
#732 = CARTESIAN_POINT('',(3.6,0.131799596302,-0.40011548393));
#733 = CARTESIAN_POINT('',(3.6,0.143163473171,-0.400024332126));
#734 = CARTESIAN_POINT('',(3.6,0.157090142747,-0.400000522919));
#735 = CARTESIAN_POINT('',(3.6,0.159316405113,-0.399999629275));
#736 = CARTESIAN_POINT('',(3.6,0.161554644583,-0.399999079097));
#737 = CARTESIAN_POINT('',(3.6,0.163804728384,-0.399998118813));
#738 = CARTESIAN_POINT('',(3.6,0.166069066735,-0.400008059537));
#739 = CARTESIAN_POINT('',(3.6,0.168341096143,-0.399998148494));
#740 = CARTESIAN_POINT('',(3.6,0.170622656743,-0.399976986255));
#741 = CARTESIAN_POINT('',(3.6,0.173770118906,-0.399917115));
#742 = CARTESIAN_POINT('',(3.6,0.174629925589,-0.399897725143));
#743 = CARTESIAN_POINT('',(3.6,0.175490726837,-0.399874947171));
#744 = CARTESIAN_POINT('',(3.6,0.176352449748,-0.399848447829));
#745 = CARTESIAN_POINT('',(3.6,0.177215021424,-0.399817893857));
#746 = CARTESIAN_POINT('',(3.6,0.178078368964,-0.399782952));
#747 = CARTESIAN_POINT('',(3.6,0.178942419469,-0.399743289));
#748 = CARTESIAN_POINT('',(3.6,0.1842794686,-0.399467280761));
#749 = CARTESIAN_POINT('',(3.6,0.188767680801,-0.39910077383));
#750 = CARTESIAN_POINT('',(3.6,0.193262001354,-0.398553187482));
#751 = CARTESIAN_POINT('',(3.6,0.197752237792,-0.397778424404));
#752 = CARTESIAN_POINT('',(3.6,0.202227787375,-0.396730527543));
#753 = CARTESIAN_POINT('',(3.6,0.206677683986,-0.39536405435));
#754 = CARTESIAN_POINT('',(3.6,0.211090645036,-0.393634451033));
#755 = CARTESIAN_POINT('',(3.6,0.21821828665,-0.39014609996));
#756 = CARTESIAN_POINT('',(3.6,0.220961986315,-0.38863103645));
#757 = CARTESIAN_POINT('',(3.6,0.223683201072,-0.386942101276));
#758 = CARTESIAN_POINT('',(3.6,0.226378888315,-0.385068662027));
#759 = CARTESIAN_POINT('',(3.6,0.22904597912,-0.383000588874));
#760 = CARTESIAN_POINT('',(3.6,0.231681378246,-0.380728254566));
#761 = CARTESIAN_POINT('',(3.6,0.234281964132,-0.378242534437));
#762 = CARTESIAN_POINT('',(3.6,0.242088574129,-0.369993891472));
#763 = CARTESIAN_POINT('',(3.6,0.24717485453,-0.363522857795));
#764 = CARTESIAN_POINT('',(3.6,0.252075158635,-0.356050235495));
#765 = CARTESIAN_POINT('',(3.6,0.256763104929,-0.347519166671));
#766 = CARTESIAN_POINT('',(3.6,0.261214984043,-0.337890245803));
#767 = CARTESIAN_POINT('',(3.6,0.265410540946,-0.327144360158));
#768 = CARTESIAN_POINT('',(3.6,0.269333757131,-0.315285530202));
#769 = CARTESIAN_POINT('',(3.6,0.277049981861,-0.287850064494));
#770 = CARTESIAN_POINT('',(3.6,0.280772241003,-0.271992738608));
#771 = CARTESIAN_POINT('',(3.6,0.284124850162,-0.254810330663));
#772 = CARTESIAN_POINT('',(3.6,0.287102751627,-0.236366413187));
#773 = CARTESIAN_POINT('',(3.6,0.289709286688,-0.216742737437));
#774 = CARTESIAN_POINT('',(3.6,0.291954092274,-0.196032397931));
#775 = CARTESIAN_POINT('',(3.6,0.293850997591,-0.174332996976));
#776 = CARTESIAN_POINT('',(3.6,0.295956615196,-0.143933668238));
#777 = CARTESIAN_POINT('',(3.6,0.296457723202,-0.13602021932));
#778 = CARTESIAN_POINT('',(3.6,0.296919930577,-0.128003202594));
#779 = CARTESIAN_POINT('',(3.6,0.297343939725,-0.119886265546));
#780 = CARTESIAN_POINT('',(3.6,0.297730469654,-0.111672963004));
#781 = CARTESIAN_POINT('',(3.6,0.298080255978,-0.103366757136));
#782 = CARTESIAN_POINT('',(3.6,0.298394050918,-9.497101745174E-02));
#783 = CARTESIAN_POINT('',(3.6,0.298810822969,-8.2281105E-02));
#784 = CARTESIAN_POINT('',(3.6,0.298941068076,-7.803015814285E-02));
#785 = CARTESIAN_POINT('',(3.6,0.29906330247,-7.373592353571E-02));
#786 = CARTESIAN_POINT('',(3.6,0.299177469999,-6.939814448571E-02));
#787 = CARTESIAN_POINT('',(3.6,0.299283514512,-6.50165643E-02));
#788 = CARTESIAN_POINT('',(3.6,0.299381379857,-6.059092628571E-02));
#789 = CARTESIAN_POINT('',(3.6,0.299471009883,-5.612097375E-02));
#790 = CARTESIAN_POINT('',(3.6,0.299644473618,-4.64932374751E-02));
#791 = CARTESIAN_POINT('',(3.6,0.299725402947,-4.135480810064E-02));
#792 = CARTESIAN_POINT('',(3.6,0.299795294782,-3.61848225676E-02));
#793 = CARTESIAN_POINT('',(3.6,0.299854256023,-3.100661540345E-02));
#794 = CARTESIAN_POINT('',(3.6,0.29990252188,-2.577683207699E-02));
#795 = CARTESIAN_POINT('',(3.6,0.299940125899,-2.055088688407E-02));
#796 = CARTESIAN_POINT('',(3.6,0.299967304897,-1.528444482188E-02));
#797 = CARTESIAN_POINT('',(3.6,0.29998416172,-1.E-02));
#798 = ORIENTED_EDGE('',*,*,#799,.T.);
#799 = EDGE_CURVE('',#688,#800,#802,.T.);
#800 = VERTEX_POINT('',#801);
#801 = CARTESIAN_POINT('',(3.,0.29998416172,-1.E-02));
#802 = B_SPLINE_CURVE_WITH_KNOTS('',4,(#803,#804,#805,#806,#807),
  .UNSPECIFIED.,.F.,.F.,(5,5),(0.,1.),.PIECEWISE_BEZIER_KNOTS.);
#803 = CARTESIAN_POINT('',(3.6,0.29998416172,-1.E-02));
#804 = CARTESIAN_POINT('',(3.45,0.29998416172,-1.E-02));
#805 = CARTESIAN_POINT('',(3.3,0.29998416172,-1.E-02));
#806 = CARTESIAN_POINT('',(3.15,0.29998416172,-1.E-02));
#807 = CARTESIAN_POINT('',(3.,0.29998416172,-1.E-02));
#808 = ORIENTED_EDGE('',*,*,#809,.F.);
#809 = EDGE_CURVE('',#810,#800,#812,.T.);
#810 = VERTEX_POINT('',#811);
#811 = CARTESIAN_POINT('',(3.,0.,-1.05));
#812 = B_SPLINE_CURVE_WITH_KNOTS('',8,(#813,#814,#815,#816,#817,#818,
    #819,#820,#821,#822,#823,#824,#825,#826,#827,#828,#829,#830,#831,
    #832,#833,#834,#835,#836,#837,#838,#839,#840,#841,#842,#843,#844,
    #845,#846,#847,#848,#849,#850,#851,#852,#853,#854,#855,#856,#857,
    #858,#859,#860,#861,#862,#863,#864,#865,#866,#867,#868,#869,#870,
    #871,#872,#873,#874,#875,#876,#877,#878,#879,#880,#881,#882,#883,
    #884,#885,#886,#887,#888,#889,#890,#891,#892,#893,#894,#895,#896,
    #897,#898,#899,#900,#901,#902,#903,#904,#905,#906,#907,#908,#909,
    #910,#911,#912,#913,#914,#915,#916,#917,#918,#919),.UNSPECIFIED.,.F.
  ,.F.,(9,7,7,7,7,7,7,7,7,7,7,7,7,7,7,9),(0.,8.392785571204E-02,
    0.200438372805,0.332405666871,0.373030400609,0.494742317445,
    0.650461783959,0.679892773103,0.690935413576,0.748051023532,
    0.784211180858,0.858206926653,0.941075825026,0.969707743129,
    0.983912028454,1.),.UNSPECIFIED.);
#813 = CARTESIAN_POINT('',(3.,-1.E-17,-1.05));
#814 = CARTESIAN_POINT('',(3.,-1.E-17,-1.023251689692));
#815 = CARTESIAN_POINT('',(3.,3.2908254E-10,-0.996887621307));
#816 = CARTESIAN_POINT('',(3.,2.53193030032E-06,-0.970935462055));
#817 = CARTESIAN_POINT('',(3.,1.056451574519E-05,-0.945425970699));
#818 = CARTESIAN_POINT('',(3.,2.758676908381E-05,-0.920392474074));
#819 = CARTESIAN_POINT('',(3.,5.768654809332E-05,-0.895870343598));
#820 = CARTESIAN_POINT('',(3.,1.05631087197E-04,-0.871896471793));
#821 = CARTESIAN_POINT('',(3.,2.759498149156E-04,-0.816041391253));
#822 = CARTESIAN_POINT('',(3.,4.199902218486E-04,-0.784698714815));
#823 = CARTESIAN_POINT('',(3.,6.239149670341E-04,-0.754589003711));
#824 = CARTESIAN_POINT('',(3.,9.051394574073E-04,-0.725820346173));
#825 = CARTESIAN_POINT('',(3.,1.284272722532E-03,-0.698495221453));
#826 = CARTESIAN_POINT('',(3.,1.785094186279E-03,-0.672703786085));
#827 = CARTESIAN_POINT('',(3.,2.433882448259E-03,-0.648515859411));
#828 = CARTESIAN_POINT('',(3.,4.191653360356E-03,-0.600436541814));
#829 = CARTESIAN_POINT('',(3.,5.350667230258E-03,-0.576999343243));
#830 = CARTESIAN_POINT('',(3.,6.774903839665E-03,-0.555729203389));
#831 = CARTESIAN_POINT('',(3.,8.506694014712E-03,-0.536619041492));
#832 = CARTESIAN_POINT('',(3.,1.058897758313E-02,-0.519588096567));
#833 = CARTESIAN_POINT('',(3.,1.306349995148E-02,-0.504489545409));
#834 = CARTESIAN_POINT('',(3.,1.59691609293E-02,-0.491123147342));
#835 = CARTESIAN_POINT('',(3.,2.037835168904E-02,-0.475598790613));
#836 = CARTESIAN_POINT('',(3.,2.146027330575E-02,-0.472086702884));
#837 = CARTESIAN_POINT('',(3.,2.258822701744E-02,-0.468706023668));
#838 = CARTESIAN_POINT('',(3.,2.376113189908E-02,-0.465458244105));
#839 = CARTESIAN_POINT('',(3.,2.498219856397E-02,-0.462326824087));
#840 = CARTESIAN_POINT('',(3.,2.625341489668E-02,-0.459299853775));
#841 = CARTESIAN_POINT('',(3.,2.757103872908E-02,-0.456388715977));
#842 = CARTESIAN_POINT('',(3.,3.302518142629E-02,-0.445188798379));
#843 = CARTESIAN_POINT('',(3.,3.753677393438E-02,-0.437772198573));
#844 = CARTESIAN_POINT('',(3.,4.245763135173E-02,-0.43128123812));
#845 = CARTESIAN_POINT('',(3.,4.777317662367E-02,-0.425655179271));
#846 = CARTESIAN_POINT('',(3.,5.346778864551E-02,-0.420828774657));
#847 = CARTESIAN_POINT('',(3.,5.952525159466E-02,-0.416733595438));
#848 = CARTESIAN_POINT('',(3.,6.592920426269E-02,-0.413299359464));
#849 = CARTESIAN_POINT('',(3.,8.127963033233E-02,-0.406816488885));
#850 = CARTESIAN_POINT('',(3.,9.043606156147E-02,-0.404143960461));
#851 = CARTESIAN_POINT('',(3.,0.100099402562,-0.402288021983));
#852 = CARTESIAN_POINT('',(3.,0.110236235175,-0.401098204131));
#853 = CARTESIAN_POINT('',(3.,0.120813633916,-0.400423973215));
#854 = CARTESIAN_POINT('',(3.,0.131799596302,-0.40011548393));
#855 = CARTESIAN_POINT('',(3.,0.143163473171,-0.400024332126));
#856 = CARTESIAN_POINT('',(3.,0.157090142747,-0.400000522919));
#857 = CARTESIAN_POINT('',(3.,0.159316405113,-0.399999629275));
#858 = CARTESIAN_POINT('',(3.,0.161554644582,-0.399999079097));
#859 = CARTESIAN_POINT('',(3.,0.163804728386,-0.399998118813));
#860 = CARTESIAN_POINT('',(3.,0.166069066734,-0.400008059537));
#861 = CARTESIAN_POINT('',(3.,0.168341096143,-0.399998148494));
#862 = CARTESIAN_POINT('',(3.,0.170622656742,-0.399976986255));
#863 = CARTESIAN_POINT('',(3.,0.173770118906,-0.399917115));
#864 = CARTESIAN_POINT('',(3.,0.174629925589,-0.399897725143));
#865 = CARTESIAN_POINT('',(3.,0.175490726837,-0.399874947171));
#866 = CARTESIAN_POINT('',(3.,0.176352449748,-0.399848447829));
#867 = CARTESIAN_POINT('',(3.,0.177215021424,-0.399817893857));
#868 = CARTESIAN_POINT('',(3.,0.178078368964,-0.399782952));
#869 = CARTESIAN_POINT('',(3.,0.178942419469,-0.399743289));
#870 = CARTESIAN_POINT('',(3.,0.1842794686,-0.399467280761));
#871 = CARTESIAN_POINT('',(3.,0.188767680801,-0.39910077383));
#872 = CARTESIAN_POINT('',(3.,0.193262001354,-0.398553187482));
#873 = CARTESIAN_POINT('',(3.,0.197752237792,-0.397778424404));
#874 = CARTESIAN_POINT('',(3.,0.202227787375,-0.396730527543));
#875 = CARTESIAN_POINT('',(3.,0.206677683986,-0.39536405435));
#876 = CARTESIAN_POINT('',(3.,0.211090645036,-0.393634451033));
#877 = CARTESIAN_POINT('',(3.,0.21821828665,-0.39014609996));
#878 = CARTESIAN_POINT('',(3.,0.220961986315,-0.38863103645));
#879 = CARTESIAN_POINT('',(3.,0.223683201072,-0.386942101276));
#880 = CARTESIAN_POINT('',(3.,0.226378888315,-0.385068662027));
#881 = CARTESIAN_POINT('',(3.,0.22904597912,-0.383000588874));
#882 = CARTESIAN_POINT('',(3.,0.231681378246,-0.380728254566));
#883 = CARTESIAN_POINT('',(3.,0.234281964132,-0.378242534437));
#884 = CARTESIAN_POINT('',(3.,0.242088574129,-0.369993891472));
#885 = CARTESIAN_POINT('',(3.,0.24717485453,-0.363522857795));
#886 = CARTESIAN_POINT('',(3.,0.252075158635,-0.356050235495));
#887 = CARTESIAN_POINT('',(3.,0.256763104929,-0.347519166671));
#888 = CARTESIAN_POINT('',(3.,0.261214984043,-0.337890245803));
#889 = CARTESIAN_POINT('',(3.,0.265410540946,-0.327144360158));
#890 = CARTESIAN_POINT('',(3.,0.269333757131,-0.315285530202));
#891 = CARTESIAN_POINT('',(3.,0.277049981861,-0.287850064494));
#892 = CARTESIAN_POINT('',(3.,0.280772241003,-0.271992738608));
#893 = CARTESIAN_POINT('',(3.,0.284124850162,-0.254810330663));
#894 = CARTESIAN_POINT('',(3.,0.287102751627,-0.236366413187));
#895 = CARTESIAN_POINT('',(3.,0.289709286688,-0.216742737437));
#896 = CARTESIAN_POINT('',(3.,0.291954092274,-0.196032397931));
#897 = CARTESIAN_POINT('',(3.,0.293850997591,-0.174332996976));
#898 = CARTESIAN_POINT('',(3.,0.295956615196,-0.143933668238));
#899 = CARTESIAN_POINT('',(3.,0.296457723202,-0.13602021932));
#900 = CARTESIAN_POINT('',(3.,0.296919930577,-0.128003202594));
#901 = CARTESIAN_POINT('',(3.,0.297343939725,-0.119886265546));
#902 = CARTESIAN_POINT('',(3.,0.297730469654,-0.111672963004));
#903 = CARTESIAN_POINT('',(3.,0.298080255978,-0.103366757136));
#904 = CARTESIAN_POINT('',(3.,0.298394050918,-9.497101745174E-02));
#905 = CARTESIAN_POINT('',(3.,0.298810822969,-8.2281105E-02));
#906 = CARTESIAN_POINT('',(3.,0.298941068076,-7.803015814285E-02));
#907 = CARTESIAN_POINT('',(3.,0.29906330247,-7.373592353571E-02));
#908 = CARTESIAN_POINT('',(3.,0.299177469999,-6.939814448571E-02));
#909 = CARTESIAN_POINT('',(3.,0.299283514512,-6.50165643E-02));
#910 = CARTESIAN_POINT('',(3.,0.299381379857,-6.059092628571E-02));
#911 = CARTESIAN_POINT('',(3.,0.299471009883,-5.612097375E-02));
#912 = CARTESIAN_POINT('',(3.,0.299644473618,-4.649323747491E-02));
#913 = CARTESIAN_POINT('',(3.,0.299725402947,-4.135480810154E-02));
#914 = CARTESIAN_POINT('',(3.,0.299795294782,-3.618482256558E-02));
#915 = CARTESIAN_POINT('',(3.,0.299854256023,-3.100661540614E-02));
#916 = CARTESIAN_POINT('',(3.,0.29990252188,-2.577683207478E-02));
#917 = CARTESIAN_POINT('',(3.,0.299940125899,-2.055088688517E-02));
#918 = CARTESIAN_POINT('',(3.,0.299967304897,-1.528444482161E-02));
#919 = CARTESIAN_POINT('',(3.,0.29998416172,-1.E-02));
#920 = ORIENTED_EDGE('',*,*,#921,.F.);
#921 = EDGE_CURVE('',#922,#810,#924,.T.);
#922 = VERTEX_POINT('',#923);
#923 = CARTESIAN_POINT('',(2.5,0.,-1.05));
#924 = LINE('',#925,#926);
#925 = CARTESIAN_POINT('',(-5.,0.,-1.05));
#926 = VECTOR('',#927,1.);
#927 = DIRECTION('',(1.,0.,0.));
#928 = ORIENTED_EDGE('',*,*,#929,.T.);
#929 = EDGE_CURVE('',#922,#930,#932,.T.);
#930 = VERTEX_POINT('',#931);
#931 = CARTESIAN_POINT('',(2.5,0.29998416172,-1.E-02));
#932 = B_SPLINE_CURVE_WITH_KNOTS('',8,(#933,#934,#935,#936,#937,#938,
    #939,#940,#941,#942,#943,#944,#945,#946,#947,#948,#949,#950,#951,
    #952,#953,#954,#955,#956,#957,#958,#959,#960,#961,#962,#963,#964,
    #965,#966,#967,#968,#969,#970,#971,#972,#973,#974,#975,#976,#977,
    #978,#979,#980,#981,#982,#983,#984,#985,#986,#987,#988,#989,#990,
    #991,#992,#993,#994,#995,#996,#997,#998,#999,#1000,#1001,#1002,#1003
    ,#1004,#1005,#1006,#1007,#1008,#1009,#1010,#1011,#1012,#1013,#1014,
    #1015,#1016,#1017,#1018,#1019,#1020,#1021,#1022,#1023,#1024,#1025,
    #1026,#1027,#1028,#1029,#1030,#1031,#1032,#1033,#1034,#1035,#1036,
    #1037,#1038,#1039),.UNSPECIFIED.,.F.,.F.,(9,7,7,7,7,7,7,7,7,7,7,7,7,
    7,7,9),(0.,8.392785570884E-02,0.200438372797,0.332405666857,
    0.373030400593,0.494742317424,0.650461783931,0.679892773076,
    0.69093541355,0.748051023512,0.78421118084,0.858206926641,
    0.941075825022,0.969707743127,0.983912028453,1.),.UNSPECIFIED.);
#933 = CARTESIAN_POINT('',(2.5,-1.E-17,-1.05));
#934 = CARTESIAN_POINT('',(2.5,-1.E-17,-1.023251689692));
#935 = CARTESIAN_POINT('',(2.5,3.2908256E-10,-0.996887621307));
#936 = CARTESIAN_POINT('',(2.5,2.53193030033E-06,-0.970935462055));
#937 = CARTESIAN_POINT('',(2.5,1.056451574517E-05,-0.945425970699));
#938 = CARTESIAN_POINT('',(2.5,2.758676908377E-05,-0.920392474074));
#939 = CARTESIAN_POINT('',(2.5,5.768654809331E-05,-0.895870343598));
#940 = CARTESIAN_POINT('',(2.5,1.056310871971E-04,-0.871896471793));
#941 = CARTESIAN_POINT('',(2.5,2.759498149154E-04,-0.816041391253));
#942 = CARTESIAN_POINT('',(2.5,4.199902218519E-04,-0.784698714815));
#943 = CARTESIAN_POINT('',(2.5,6.239149670325E-04,-0.754589003711));
#944 = CARTESIAN_POINT('',(2.5,9.05139457403E-04,-0.725820346173));
#945 = CARTESIAN_POINT('',(2.5,1.284272722532E-03,-0.698495221453));
#946 = CARTESIAN_POINT('',(2.5,1.785094186284E-03,-0.672703786085));
#947 = CARTESIAN_POINT('',(2.5,2.433882448258E-03,-0.648515859411));
#948 = CARTESIAN_POINT('',(2.5,4.191653360357E-03,-0.600436541814));
#949 = CARTESIAN_POINT('',(2.5,5.350667230259E-03,-0.576999343243));
#950 = CARTESIAN_POINT('',(2.5,6.774903839664E-03,-0.555729203389));
#951 = CARTESIAN_POINT('',(2.5,8.506694014711E-03,-0.536619041492));
#952 = CARTESIAN_POINT('',(2.5,1.058897758313E-02,-0.519588096567));
#953 = CARTESIAN_POINT('',(2.5,1.306349995148E-02,-0.504489545409));
#954 = CARTESIAN_POINT('',(2.5,1.59691609293E-02,-0.491123147342));
#955 = CARTESIAN_POINT('',(2.5,2.037835168902E-02,-0.475598790613));
#956 = CARTESIAN_POINT('',(2.5,2.14602733058E-02,-0.472086702884));
#957 = CARTESIAN_POINT('',(2.5,2.258822701739E-02,-0.468706023668));
#958 = CARTESIAN_POINT('',(2.5,2.376113189908E-02,-0.465458244105));
#959 = CARTESIAN_POINT('',(2.5,2.498219856402E-02,-0.462326824087));
#960 = CARTESIAN_POINT('',(2.5,2.625341489663E-02,-0.459299853776));
#961 = CARTESIAN_POINT('',(2.5,2.757103872909E-02,-0.456388715977));
#962 = CARTESIAN_POINT('',(2.5,3.302518142629E-02,-0.445188798379));
#963 = CARTESIAN_POINT('',(2.5,3.753677393438E-02,-0.437772198573));
#964 = CARTESIAN_POINT('',(2.5,4.245763135173E-02,-0.43128123812));
#965 = CARTESIAN_POINT('',(2.5,4.777317662367E-02,-0.425655179271));
#966 = CARTESIAN_POINT('',(2.5,5.346778864551E-02,-0.420828774657));
#967 = CARTESIAN_POINT('',(2.5,5.952525159465E-02,-0.416733595438));
#968 = CARTESIAN_POINT('',(2.5,6.59292042627E-02,-0.413299359464));
#969 = CARTESIAN_POINT('',(2.5,8.127963033233E-02,-0.406816488885));
#970 = CARTESIAN_POINT('',(2.5,9.043606156147E-02,-0.404143960461));
#971 = CARTESIAN_POINT('',(2.5,0.100099402562,-0.402288021983));
#972 = CARTESIAN_POINT('',(2.5,0.110236235175,-0.401098204131));
#973 = CARTESIAN_POINT('',(2.5,0.120813633916,-0.400423973215));
#974 = CARTESIAN_POINT('',(2.5,0.131799596302,-0.40011548393));
#975 = CARTESIAN_POINT('',(2.5,0.143163473171,-0.400024332126));
#976 = CARTESIAN_POINT('',(2.5,0.157090142747,-0.400000522919));
#977 = CARTESIAN_POINT('',(2.5,0.159316405113,-0.399999629275));
#978 = CARTESIAN_POINT('',(2.5,0.161554644583,-0.399999079097));
#979 = CARTESIAN_POINT('',(2.5,0.163804728384,-0.399998118813));
#980 = CARTESIAN_POINT('',(2.5,0.166069066735,-0.400008059537));
#981 = CARTESIAN_POINT('',(2.5,0.168341096143,-0.399998148494));
#982 = CARTESIAN_POINT('',(2.5,0.170622656743,-0.399976986255));
#983 = CARTESIAN_POINT('',(2.5,0.173770118906,-0.399917115));
#984 = CARTESIAN_POINT('',(2.5,0.174629925589,-0.399897725143));
#985 = CARTESIAN_POINT('',(2.5,0.175490726837,-0.399874947171));
#986 = CARTESIAN_POINT('',(2.5,0.176352449748,-0.399848447829));
#987 = CARTESIAN_POINT('',(2.5,0.177215021424,-0.399817893857));
#988 = CARTESIAN_POINT('',(2.5,0.178078368964,-0.399782952));
#989 = CARTESIAN_POINT('',(2.5,0.178942419469,-0.399743289));
#990 = CARTESIAN_POINT('',(2.5,0.1842794686,-0.399467280761));
#991 = CARTESIAN_POINT('',(2.5,0.188767680801,-0.39910077383));
#992 = CARTESIAN_POINT('',(2.5,0.193262001354,-0.398553187482));
#993 = CARTESIAN_POINT('',(2.5,0.197752237792,-0.397778424404));
#994 = CARTESIAN_POINT('',(2.5,0.202227787375,-0.396730527543));
#995 = CARTESIAN_POINT('',(2.5,0.206677683986,-0.39536405435));
#996 = CARTESIAN_POINT('',(2.5,0.211090645036,-0.393634451033));
#997 = CARTESIAN_POINT('',(2.5,0.21821828665,-0.39014609996));
#998 = CARTESIAN_POINT('',(2.5,0.220961986315,-0.38863103645));
#999 = CARTESIAN_POINT('',(2.5,0.223683201072,-0.386942101276));
#1000 = CARTESIAN_POINT('',(2.5,0.226378888315,-0.385068662027));
#1001 = CARTESIAN_POINT('',(2.5,0.22904597912,-0.383000588874));
#1002 = CARTESIAN_POINT('',(2.5,0.231681378246,-0.380728254566));
#1003 = CARTESIAN_POINT('',(2.5,0.234281964132,-0.378242534437));
#1004 = CARTESIAN_POINT('',(2.5,0.242088574129,-0.369993891472));
#1005 = CARTESIAN_POINT('',(2.5,0.24717485453,-0.363522857795));
#1006 = CARTESIAN_POINT('',(2.5,0.252075158635,-0.356050235495));
#1007 = CARTESIAN_POINT('',(2.5,0.256763104929,-0.347519166671));
#1008 = CARTESIAN_POINT('',(2.5,0.261214984043,-0.337890245803));
#1009 = CARTESIAN_POINT('',(2.5,0.265410540946,-0.327144360158));
#1010 = CARTESIAN_POINT('',(2.5,0.269333757131,-0.315285530202));
#1011 = CARTESIAN_POINT('',(2.5,0.277049981861,-0.287850064494));
#1012 = CARTESIAN_POINT('',(2.5,0.280772241003,-0.271992738608));
#1013 = CARTESIAN_POINT('',(2.5,0.284124850162,-0.254810330663));
#1014 = CARTESIAN_POINT('',(2.5,0.287102751627,-0.236366413187));
#1015 = CARTESIAN_POINT('',(2.5,0.289709286688,-0.216742737437));
#1016 = CARTESIAN_POINT('',(2.5,0.291954092274,-0.196032397931));
#1017 = CARTESIAN_POINT('',(2.5,0.293850997591,-0.174332996976));
#1018 = CARTESIAN_POINT('',(2.5,0.295956615196,-0.143933668238));
#1019 = CARTESIAN_POINT('',(2.5,0.296457723202,-0.13602021932));
#1020 = CARTESIAN_POINT('',(2.5,0.296919930577,-0.128003202594));
#1021 = CARTESIAN_POINT('',(2.5,0.297343939725,-0.119886265546));
#1022 = CARTESIAN_POINT('',(2.5,0.297730469654,-0.111672963004));
#1023 = CARTESIAN_POINT('',(2.5,0.298080255978,-0.103366757136));
#1024 = CARTESIAN_POINT('',(2.5,0.298394050918,-9.497101745174E-02));
#1025 = CARTESIAN_POINT('',(2.5,0.298810822969,-8.2281105E-02));
#1026 = CARTESIAN_POINT('',(2.5,0.298941068076,-7.803015814285E-02));
#1027 = CARTESIAN_POINT('',(2.5,0.29906330247,-7.373592353571E-02));
#1028 = CARTESIAN_POINT('',(2.5,0.299177469999,-6.939814448571E-02));
#1029 = CARTESIAN_POINT('',(2.5,0.299283514512,-6.50165643E-02));
#1030 = CARTESIAN_POINT('',(2.5,0.299381379857,-6.059092628571E-02));
#1031 = CARTESIAN_POINT('',(2.5,0.299471009883,-5.612097375E-02));
#1032 = CARTESIAN_POINT('',(2.5,0.299644473618,-4.64932374751E-02));
#1033 = CARTESIAN_POINT('',(2.5,0.299725402947,-4.135480810064E-02));
#1034 = CARTESIAN_POINT('',(2.5,0.299795294782,-3.61848225676E-02));
#1035 = CARTESIAN_POINT('',(2.5,0.299854256023,-3.100661540345E-02));
#1036 = CARTESIAN_POINT('',(2.5,0.29990252188,-2.577683207699E-02));
#1037 = CARTESIAN_POINT('',(2.5,0.299940125899,-2.055088688407E-02));
#1038 = CARTESIAN_POINT('',(2.5,0.299967304897,-1.528444482188E-02));
#1039 = CARTESIAN_POINT('',(2.5,0.29998416172,-1.E-02));
#1040 = ORIENTED_EDGE('',*,*,#1041,.T.);
#1041 = EDGE_CURVE('',#930,#1042,#1044,.T.);
#1042 = VERTEX_POINT('',#1043);
#1043 = CARTESIAN_POINT('',(1.9,0.29998416172,-1.E-02));
#1044 = B_SPLINE_CURVE_WITH_KNOTS('',4,(#1045,#1046,#1047,#1048,#1049),
  .UNSPECIFIED.,.F.,.F.,(5,5),(0.,1.),.PIECEWISE_BEZIER_KNOTS.);
#1045 = CARTESIAN_POINT('',(2.5,0.29998416172,-1.E-02));
#1046 = CARTESIAN_POINT('',(2.35,0.29998416172,-1.E-02));
#1047 = CARTESIAN_POINT('',(2.2,0.29998416172,-1.E-02));
#1048 = CARTESIAN_POINT('',(2.05,0.29998416172,-1.E-02));
#1049 = CARTESIAN_POINT('',(1.9,0.29998416172,-1.E-02));
#1050 = ORIENTED_EDGE('',*,*,#1051,.F.);
#1051 = EDGE_CURVE('',#1052,#1042,#1054,.T.);
#1052 = VERTEX_POINT('',#1053);
#1053 = CARTESIAN_POINT('',(1.9,0.,-1.05));
#1054 = B_SPLINE_CURVE_WITH_KNOTS('',8,(#1055,#1056,#1057,#1058,#1059,
    #1060,#1061,#1062,#1063,#1064,#1065,#1066,#1067,#1068,#1069,#1070,
    #1071,#1072,#1073,#1074,#1075,#1076,#1077,#1078,#1079,#1080,#1081,
    #1082,#1083,#1084,#1085,#1086,#1087,#1088,#1089,#1090,#1091,#1092,
    #1093,#1094,#1095,#1096,#1097,#1098,#1099,#1100,#1101,#1102,#1103,
    #1104,#1105,#1106,#1107,#1108,#1109,#1110,#1111,#1112,#1113,#1114,
    #1115,#1116,#1117,#1118,#1119,#1120,#1121,#1122,#1123,#1124,#1125,
    #1126,#1127,#1128,#1129,#1130,#1131,#1132,#1133,#1134,#1135,#1136,
    #1137,#1138,#1139,#1140,#1141,#1142,#1143,#1144,#1145,#1146,#1147,
    #1148,#1149,#1150,#1151,#1152,#1153,#1154,#1155,#1156,#1157,#1158,
    #1159,#1160,#1161),.UNSPECIFIED.,.F.,.F.,(9,7,7,7,7,7,7,7,7,7,7,7,7,
    7,7,9),(0.,8.392785571204E-02,0.200438372805,0.332405666871,
    0.373030400609,0.494742317445,0.650461783959,0.679892773103,
    0.690935413576,0.748051023532,0.784211180858,0.858206926653,
    0.941075825026,0.969707743129,0.983912028454,1.),.UNSPECIFIED.);
#1055 = CARTESIAN_POINT('',(1.9,-1.E-17,-1.05));
#1056 = CARTESIAN_POINT('',(1.9,-1.E-17,-1.023251689692));
#1057 = CARTESIAN_POINT('',(1.9,3.2908254E-10,-0.996887621307));
#1058 = CARTESIAN_POINT('',(1.9,2.53193030032E-06,-0.970935462055));
#1059 = CARTESIAN_POINT('',(1.9,1.056451574519E-05,-0.945425970699));
#1060 = CARTESIAN_POINT('',(1.9,2.758676908381E-05,-0.920392474074));
#1061 = CARTESIAN_POINT('',(1.9,5.768654809332E-05,-0.895870343598));
#1062 = CARTESIAN_POINT('',(1.9,1.05631087197E-04,-0.871896471793));
#1063 = CARTESIAN_POINT('',(1.9,2.759498149156E-04,-0.816041391253));
#1064 = CARTESIAN_POINT('',(1.9,4.199902218486E-04,-0.784698714815));
#1065 = CARTESIAN_POINT('',(1.9,6.239149670341E-04,-0.754589003711));
#1066 = CARTESIAN_POINT('',(1.9,9.051394574073E-04,-0.725820346173));
#1067 = CARTESIAN_POINT('',(1.9,1.284272722532E-03,-0.698495221453));
#1068 = CARTESIAN_POINT('',(1.9,1.785094186279E-03,-0.672703786085));
#1069 = CARTESIAN_POINT('',(1.9,2.433882448259E-03,-0.648515859411));
#1070 = CARTESIAN_POINT('',(1.9,4.191653360356E-03,-0.600436541814));
#1071 = CARTESIAN_POINT('',(1.9,5.350667230258E-03,-0.576999343243));
#1072 = CARTESIAN_POINT('',(1.9,6.774903839665E-03,-0.555729203389));
#1073 = CARTESIAN_POINT('',(1.9,8.506694014712E-03,-0.536619041492));
#1074 = CARTESIAN_POINT('',(1.9,1.058897758313E-02,-0.519588096567));
#1075 = CARTESIAN_POINT('',(1.9,1.306349995148E-02,-0.504489545409));
#1076 = CARTESIAN_POINT('',(1.9,1.59691609293E-02,-0.491123147342));
#1077 = CARTESIAN_POINT('',(1.9,2.037835168904E-02,-0.475598790613));
#1078 = CARTESIAN_POINT('',(1.9,2.146027330575E-02,-0.472086702884));
#1079 = CARTESIAN_POINT('',(1.9,2.258822701744E-02,-0.468706023668));
#1080 = CARTESIAN_POINT('',(1.9,2.376113189908E-02,-0.465458244105));
#1081 = CARTESIAN_POINT('',(1.9,2.498219856397E-02,-0.462326824087));
#1082 = CARTESIAN_POINT('',(1.9,2.625341489668E-02,-0.459299853775));
#1083 = CARTESIAN_POINT('',(1.9,2.757103872908E-02,-0.456388715977));
#1084 = CARTESIAN_POINT('',(1.9,3.302518142629E-02,-0.445188798379));
#1085 = CARTESIAN_POINT('',(1.9,3.753677393438E-02,-0.437772198573));
#1086 = CARTESIAN_POINT('',(1.9,4.245763135173E-02,-0.43128123812));
#1087 = CARTESIAN_POINT('',(1.9,4.777317662367E-02,-0.425655179271));
#1088 = CARTESIAN_POINT('',(1.9,5.346778864551E-02,-0.420828774657));
#1089 = CARTESIAN_POINT('',(1.9,5.952525159466E-02,-0.416733595438));
#1090 = CARTESIAN_POINT('',(1.9,6.592920426269E-02,-0.413299359464));
#1091 = CARTESIAN_POINT('',(1.9,8.127963033233E-02,-0.406816488885));
#1092 = CARTESIAN_POINT('',(1.9,9.043606156147E-02,-0.404143960461));
#1093 = CARTESIAN_POINT('',(1.9,0.100099402562,-0.402288021983));
#1094 = CARTESIAN_POINT('',(1.9,0.110236235175,-0.401098204131));
#1095 = CARTESIAN_POINT('',(1.9,0.120813633916,-0.400423973215));
#1096 = CARTESIAN_POINT('',(1.9,0.131799596302,-0.40011548393));
#1097 = CARTESIAN_POINT('',(1.9,0.143163473171,-0.400024332126));
#1098 = CARTESIAN_POINT('',(1.9,0.157090142747,-0.400000522919));
#1099 = CARTESIAN_POINT('',(1.9,0.159316405113,-0.399999629275));
#1100 = CARTESIAN_POINT('',(1.9,0.161554644582,-0.399999079097));
#1101 = CARTESIAN_POINT('',(1.9,0.163804728386,-0.399998118813));
#1102 = CARTESIAN_POINT('',(1.9,0.166069066734,-0.400008059537));
#1103 = CARTESIAN_POINT('',(1.9,0.168341096143,-0.399998148494));
#1104 = CARTESIAN_POINT('',(1.9,0.170622656742,-0.399976986255));
#1105 = CARTESIAN_POINT('',(1.9,0.173770118906,-0.399917115));
#1106 = CARTESIAN_POINT('',(1.9,0.174629925589,-0.399897725143));
#1107 = CARTESIAN_POINT('',(1.9,0.175490726837,-0.399874947171));
#1108 = CARTESIAN_POINT('',(1.9,0.176352449748,-0.399848447829));
#1109 = CARTESIAN_POINT('',(1.9,0.177215021424,-0.399817893857));
#1110 = CARTESIAN_POINT('',(1.9,0.178078368964,-0.399782952));
#1111 = CARTESIAN_POINT('',(1.9,0.178942419469,-0.399743289));
#1112 = CARTESIAN_POINT('',(1.9,0.1842794686,-0.399467280761));
#1113 = CARTESIAN_POINT('',(1.9,0.188767680801,-0.39910077383));
#1114 = CARTESIAN_POINT('',(1.9,0.193262001354,-0.398553187482));
#1115 = CARTESIAN_POINT('',(1.9,0.197752237792,-0.397778424404));
#1116 = CARTESIAN_POINT('',(1.9,0.202227787375,-0.396730527543));
#1117 = CARTESIAN_POINT('',(1.9,0.206677683986,-0.39536405435));
#1118 = CARTESIAN_POINT('',(1.9,0.211090645036,-0.393634451033));
#1119 = CARTESIAN_POINT('',(1.9,0.21821828665,-0.39014609996));
#1120 = CARTESIAN_POINT('',(1.9,0.220961986315,-0.38863103645));
#1121 = CARTESIAN_POINT('',(1.9,0.223683201072,-0.386942101276));
#1122 = CARTESIAN_POINT('',(1.9,0.226378888315,-0.385068662027));
#1123 = CARTESIAN_POINT('',(1.9,0.22904597912,-0.383000588874));
#1124 = CARTESIAN_POINT('',(1.9,0.231681378246,-0.380728254566));
#1125 = CARTESIAN_POINT('',(1.9,0.234281964132,-0.378242534437));
#1126 = CARTESIAN_POINT('',(1.9,0.242088574129,-0.369993891472));
#1127 = CARTESIAN_POINT('',(1.9,0.24717485453,-0.363522857795));
#1128 = CARTESIAN_POINT('',(1.9,0.252075158635,-0.356050235495));
#1129 = CARTESIAN_POINT('',(1.9,0.256763104929,-0.347519166671));
#1130 = CARTESIAN_POINT('',(1.9,0.261214984043,-0.337890245803));
#1131 = CARTESIAN_POINT('',(1.9,0.265410540946,-0.327144360158));
#1132 = CARTESIAN_POINT('',(1.9,0.269333757131,-0.315285530202));
#1133 = CARTESIAN_POINT('',(1.9,0.277049981861,-0.287850064494));
#1134 = CARTESIAN_POINT('',(1.9,0.280772241003,-0.271992738608));
#1135 = CARTESIAN_POINT('',(1.9,0.284124850162,-0.254810330663));
#1136 = CARTESIAN_POINT('',(1.9,0.287102751627,-0.236366413187));
#1137 = CARTESIAN_POINT('',(1.9,0.289709286688,-0.216742737437));
#1138 = CARTESIAN_POINT('',(1.9,0.291954092274,-0.196032397931));
#1139 = CARTESIAN_POINT('',(1.9,0.293850997591,-0.174332996976));
#1140 = CARTESIAN_POINT('',(1.9,0.295956615196,-0.143933668238));
#1141 = CARTESIAN_POINT('',(1.9,0.296457723202,-0.13602021932));
#1142 = CARTESIAN_POINT('',(1.9,0.296919930577,-0.128003202594));
#1143 = CARTESIAN_POINT('',(1.9,0.297343939725,-0.119886265546));
#1144 = CARTESIAN_POINT('',(1.9,0.297730469654,-0.111672963004));
#1145 = CARTESIAN_POINT('',(1.9,0.298080255978,-0.103366757136));
#1146 = CARTESIAN_POINT('',(1.9,0.298394050918,-9.497101745174E-02));
#1147 = CARTESIAN_POINT('',(1.9,0.298810822969,-8.2281105E-02));
#1148 = CARTESIAN_POINT('',(1.9,0.298941068076,-7.803015814285E-02));
#1149 = CARTESIAN_POINT('',(1.9,0.29906330247,-7.373592353571E-02));
#1150 = CARTESIAN_POINT('',(1.9,0.299177469999,-6.939814448571E-02));
#1151 = CARTESIAN_POINT('',(1.9,0.299283514512,-6.50165643E-02));
#1152 = CARTESIAN_POINT('',(1.9,0.299381379857,-6.059092628571E-02));
#1153 = CARTESIAN_POINT('',(1.9,0.299471009883,-5.612097375E-02));
#1154 = CARTESIAN_POINT('',(1.9,0.299644473618,-4.649323747491E-02));
#1155 = CARTESIAN_POINT('',(1.9,0.299725402947,-4.135480810154E-02));
#1156 = CARTESIAN_POINT('',(1.9,0.299795294782,-3.618482256558E-02));
#1157 = CARTESIAN_POINT('',(1.9,0.299854256023,-3.100661540614E-02));
#1158 = CARTESIAN_POINT('',(1.9,0.29990252188,-2.577683207478E-02));
#1159 = CARTESIAN_POINT('',(1.9,0.299940125899,-2.055088688517E-02));
#1160 = CARTESIAN_POINT('',(1.9,0.299967304897,-1.528444482161E-02));
#1161 = CARTESIAN_POINT('',(1.9,0.29998416172,-1.E-02));
#1162 = ORIENTED_EDGE('',*,*,#1163,.F.);
#1163 = EDGE_CURVE('',#1164,#1052,#1166,.T.);
#1164 = VERTEX_POINT('',#1165);
#1165 = CARTESIAN_POINT('',(1.4,0.,-1.05));
#1166 = LINE('',#1167,#1168);
#1167 = CARTESIAN_POINT('',(-5.,0.,-1.05));
#1168 = VECTOR('',#1169,1.);
#1169 = DIRECTION('',(1.,0.,0.));
#1170 = ORIENTED_EDGE('',*,*,#1171,.T.);
#1171 = EDGE_CURVE('',#1164,#1172,#1174,.T.);
#1172 = VERTEX_POINT('',#1173);
#1173 = CARTESIAN_POINT('',(1.4,0.29998416172,-1.E-02));
#1174 = B_SPLINE_CURVE_WITH_KNOTS('',8,(#1175,#1176,#1177,#1178,#1179,
    #1180,#1181,#1182,#1183,#1184,#1185,#1186,#1187,#1188,#1189,#1190,
    #1191,#1192,#1193,#1194,#1195,#1196,#1197,#1198,#1199,#1200,#1201,
    #1202,#1203,#1204,#1205,#1206,#1207,#1208,#1209,#1210,#1211,#1212,
    #1213,#1214,#1215,#1216,#1217,#1218,#1219,#1220,#1221,#1222,#1223,
    #1224,#1225,#1226,#1227,#1228,#1229,#1230,#1231,#1232,#1233,#1234,
    #1235,#1236,#1237,#1238,#1239,#1240,#1241,#1242,#1243,#1244,#1245,
    #1246,#1247,#1248,#1249,#1250,#1251,#1252,#1253,#1254,#1255,#1256,
    #1257,#1258,#1259,#1260,#1261,#1262,#1263,#1264,#1265,#1266,#1267,
    #1268,#1269,#1270,#1271,#1272,#1273,#1274,#1275,#1276,#1277,#1278,
    #1279,#1280,#1281),.UNSPECIFIED.,.F.,.F.,(9,7,7,7,7,7,7,7,7,7,7,7,7,
    7,7,9),(0.,8.392785570884E-02,0.200438372797,0.332405666857,
    0.373030400593,0.494742317424,0.650461783931,0.679892773076,
    0.69093541355,0.748051023512,0.78421118084,0.858206926641,
    0.941075825022,0.969707743127,0.983912028453,1.),.UNSPECIFIED.);
#1175 = CARTESIAN_POINT('',(1.4,-1.E-17,-1.05));
#1176 = CARTESIAN_POINT('',(1.4,-1.E-17,-1.023251689692));
#1177 = CARTESIAN_POINT('',(1.4,3.2908256E-10,-0.996887621307));
#1178 = CARTESIAN_POINT('',(1.4,2.53193030033E-06,-0.970935462055));
#1179 = CARTESIAN_POINT('',(1.4,1.056451574517E-05,-0.945425970699));
#1180 = CARTESIAN_POINT('',(1.4,2.758676908377E-05,-0.920392474074));
#1181 = CARTESIAN_POINT('',(1.4,5.768654809331E-05,-0.895870343598));
#1182 = CARTESIAN_POINT('',(1.4,1.056310871971E-04,-0.871896471793));
#1183 = CARTESIAN_POINT('',(1.4,2.759498149154E-04,-0.816041391253));
#1184 = CARTESIAN_POINT('',(1.4,4.199902218519E-04,-0.784698714815));
#1185 = CARTESIAN_POINT('',(1.4,6.239149670325E-04,-0.754589003711));
#1186 = CARTESIAN_POINT('',(1.4,9.05139457403E-04,-0.725820346173));
#1187 = CARTESIAN_POINT('',(1.4,1.284272722532E-03,-0.698495221453));
#1188 = CARTESIAN_POINT('',(1.4,1.785094186284E-03,-0.672703786085));
#1189 = CARTESIAN_POINT('',(1.4,2.433882448258E-03,-0.648515859411));
#1190 = CARTESIAN_POINT('',(1.4,4.191653360357E-03,-0.600436541814));
#1191 = CARTESIAN_POINT('',(1.4,5.350667230259E-03,-0.576999343243));
#1192 = CARTESIAN_POINT('',(1.4,6.774903839664E-03,-0.555729203389));
#1193 = CARTESIAN_POINT('',(1.4,8.506694014711E-03,-0.536619041492));
#1194 = CARTESIAN_POINT('',(1.4,1.058897758313E-02,-0.519588096567));
#1195 = CARTESIAN_POINT('',(1.4,1.306349995148E-02,-0.504489545409));
#1196 = CARTESIAN_POINT('',(1.4,1.59691609293E-02,-0.491123147342));
#1197 = CARTESIAN_POINT('',(1.4,2.037835168902E-02,-0.475598790613));
#1198 = CARTESIAN_POINT('',(1.4,2.14602733058E-02,-0.472086702884));
#1199 = CARTESIAN_POINT('',(1.4,2.258822701739E-02,-0.468706023668));
#1200 = CARTESIAN_POINT('',(1.4,2.376113189908E-02,-0.465458244105));
#1201 = CARTESIAN_POINT('',(1.4,2.498219856402E-02,-0.462326824087));
#1202 = CARTESIAN_POINT('',(1.4,2.625341489663E-02,-0.459299853776));
#1203 = CARTESIAN_POINT('',(1.4,2.757103872909E-02,-0.456388715977));
#1204 = CARTESIAN_POINT('',(1.4,3.302518142629E-02,-0.445188798379));
#1205 = CARTESIAN_POINT('',(1.4,3.753677393438E-02,-0.437772198573));
#1206 = CARTESIAN_POINT('',(1.4,4.245763135173E-02,-0.43128123812));
#1207 = CARTESIAN_POINT('',(1.4,4.777317662367E-02,-0.425655179271));
#1208 = CARTESIAN_POINT('',(1.4,5.346778864551E-02,-0.420828774657));
#1209 = CARTESIAN_POINT('',(1.4,5.952525159465E-02,-0.416733595438));
#1210 = CARTESIAN_POINT('',(1.4,6.59292042627E-02,-0.413299359464));
#1211 = CARTESIAN_POINT('',(1.4,8.127963033233E-02,-0.406816488885));
#1212 = CARTESIAN_POINT('',(1.4,9.043606156147E-02,-0.404143960461));
#1213 = CARTESIAN_POINT('',(1.4,0.100099402562,-0.402288021983));
#1214 = CARTESIAN_POINT('',(1.4,0.110236235175,-0.401098204131));
#1215 = CARTESIAN_POINT('',(1.4,0.120813633916,-0.400423973215));
#1216 = CARTESIAN_POINT('',(1.4,0.131799596302,-0.40011548393));
#1217 = CARTESIAN_POINT('',(1.4,0.143163473171,-0.400024332126));
#1218 = CARTESIAN_POINT('',(1.4,0.157090142747,-0.400000522919));
#1219 = CARTESIAN_POINT('',(1.4,0.159316405113,-0.399999629275));
#1220 = CARTESIAN_POINT('',(1.4,0.161554644583,-0.399999079097));
#1221 = CARTESIAN_POINT('',(1.4,0.163804728384,-0.399998118813));
#1222 = CARTESIAN_POINT('',(1.4,0.166069066735,-0.400008059537));
#1223 = CARTESIAN_POINT('',(1.4,0.168341096143,-0.399998148494));
#1224 = CARTESIAN_POINT('',(1.4,0.170622656743,-0.399976986255));
#1225 = CARTESIAN_POINT('',(1.4,0.173770118906,-0.399917115));
#1226 = CARTESIAN_POINT('',(1.4,0.174629925589,-0.399897725143));
#1227 = CARTESIAN_POINT('',(1.4,0.175490726837,-0.399874947171));
#1228 = CARTESIAN_POINT('',(1.4,0.176352449748,-0.399848447829));
#1229 = CARTESIAN_POINT('',(1.4,0.177215021424,-0.399817893857));
#1230 = CARTESIAN_POINT('',(1.4,0.178078368964,-0.399782952));
#1231 = CARTESIAN_POINT('',(1.4,0.178942419469,-0.399743289));
#1232 = CARTESIAN_POINT('',(1.4,0.1842794686,-0.399467280761));
#1233 = CARTESIAN_POINT('',(1.4,0.188767680801,-0.39910077383));
#1234 = CARTESIAN_POINT('',(1.4,0.193262001354,-0.398553187482));
#1235 = CARTESIAN_POINT('',(1.4,0.197752237792,-0.397778424404));
#1236 = CARTESIAN_POINT('',(1.4,0.202227787375,-0.396730527543));
#1237 = CARTESIAN_POINT('',(1.4,0.206677683986,-0.39536405435));
#1238 = CARTESIAN_POINT('',(1.4,0.211090645036,-0.393634451033));
#1239 = CARTESIAN_POINT('',(1.4,0.21821828665,-0.39014609996));
#1240 = CARTESIAN_POINT('',(1.4,0.220961986315,-0.38863103645));
#1241 = CARTESIAN_POINT('',(1.4,0.223683201072,-0.386942101276));
#1242 = CARTESIAN_POINT('',(1.4,0.226378888315,-0.385068662027));
#1243 = CARTESIAN_POINT('',(1.4,0.22904597912,-0.383000588874));
#1244 = CARTESIAN_POINT('',(1.4,0.231681378246,-0.380728254566));
#1245 = CARTESIAN_POINT('',(1.4,0.234281964132,-0.378242534437));
#1246 = CARTESIAN_POINT('',(1.4,0.242088574129,-0.369993891472));
#1247 = CARTESIAN_POINT('',(1.4,0.24717485453,-0.363522857795));
#1248 = CARTESIAN_POINT('',(1.4,0.252075158635,-0.356050235495));
#1249 = CARTESIAN_POINT('',(1.4,0.256763104929,-0.347519166671));
#1250 = CARTESIAN_POINT('',(1.4,0.261214984043,-0.337890245803));
#1251 = CARTESIAN_POINT('',(1.4,0.265410540946,-0.327144360158));
#1252 = CARTESIAN_POINT('',(1.4,0.269333757131,-0.315285530202));
#1253 = CARTESIAN_POINT('',(1.4,0.277049981861,-0.287850064494));
#1254 = CARTESIAN_POINT('',(1.4,0.280772241003,-0.271992738608));
#1255 = CARTESIAN_POINT('',(1.4,0.284124850162,-0.254810330663));
#1256 = CARTESIAN_POINT('',(1.4,0.287102751627,-0.236366413187));
#1257 = CARTESIAN_POINT('',(1.4,0.289709286688,-0.216742737437));
#1258 = CARTESIAN_POINT('',(1.4,0.291954092274,-0.196032397931));
#1259 = CARTESIAN_POINT('',(1.4,0.293850997591,-0.174332996976));
#1260 = CARTESIAN_POINT('',(1.4,0.295956615196,-0.143933668238));
#1261 = CARTESIAN_POINT('',(1.4,0.296457723202,-0.13602021932));
#1262 = CARTESIAN_POINT('',(1.4,0.296919930577,-0.128003202594));
#1263 = CARTESIAN_POINT('',(1.4,0.297343939725,-0.119886265546));
#1264 = CARTESIAN_POINT('',(1.4,0.297730469654,-0.111672963004));
#1265 = CARTESIAN_POINT('',(1.4,0.298080255978,-0.103366757136));
#1266 = CARTESIAN_POINT('',(1.4,0.298394050918,-9.497101745174E-02));
#1267 = CARTESIAN_POINT('',(1.4,0.298810822969,-8.2281105E-02));
#1268 = CARTESIAN_POINT('',(1.4,0.298941068076,-7.803015814285E-02));
#1269 = CARTESIAN_POINT('',(1.4,0.29906330247,-7.373592353571E-02));
#1270 = CARTESIAN_POINT('',(1.4,0.299177469999,-6.939814448571E-02));
#1271 = CARTESIAN_POINT('',(1.4,0.299283514512,-6.50165643E-02));
#1272 = CARTESIAN_POINT('',(1.4,0.299381379857,-6.059092628571E-02));
#1273 = CARTESIAN_POINT('',(1.4,0.299471009883,-5.612097375E-02));
#1274 = CARTESIAN_POINT('',(1.4,0.299644473618,-4.64932374751E-02));
#1275 = CARTESIAN_POINT('',(1.4,0.299725402947,-4.135480810064E-02));
#1276 = CARTESIAN_POINT('',(1.4,0.299795294782,-3.61848225676E-02));
#1277 = CARTESIAN_POINT('',(1.4,0.299854256023,-3.100661540345E-02));
#1278 = CARTESIAN_POINT('',(1.4,0.29990252188,-2.577683207699E-02));
#1279 = CARTESIAN_POINT('',(1.4,0.299940125899,-2.055088688407E-02));
#1280 = CARTESIAN_POINT('',(1.4,0.299967304897,-1.528444482188E-02));
#1281 = CARTESIAN_POINT('',(1.4,0.29998416172,-1.E-02));
#1282 = ORIENTED_EDGE('',*,*,#1283,.T.);
#1283 = EDGE_CURVE('',#1172,#1284,#1286,.T.);
#1284 = VERTEX_POINT('',#1285);
#1285 = CARTESIAN_POINT('',(0.8,0.29998416172,-1.E-02));
#1286 = B_SPLINE_CURVE_WITH_KNOTS('',4,(#1287,#1288,#1289,#1290,#1291),
  .UNSPECIFIED.,.F.,.F.,(5,5),(0.,1.),.PIECEWISE_BEZIER_KNOTS.);
#1287 = CARTESIAN_POINT('',(1.4,0.29998416172,-1.E-02));
#1288 = CARTESIAN_POINT('',(1.25,0.29998416172,-1.E-02));
#1289 = CARTESIAN_POINT('',(1.1,0.29998416172,-1.E-02));
#1290 = CARTESIAN_POINT('',(0.95,0.29998416172,-1.E-02));
#1291 = CARTESIAN_POINT('',(0.8,0.29998416172,-1.E-02));
#1292 = ORIENTED_EDGE('',*,*,#1293,.F.);
#1293 = EDGE_CURVE('',#1294,#1284,#1296,.T.);
#1294 = VERTEX_POINT('',#1295);
#1295 = CARTESIAN_POINT('',(0.8,0.,-1.05));
#1296 = B_SPLINE_CURVE_WITH_KNOTS('',8,(#1297,#1298,#1299,#1300,#1301,
    #1302,#1303,#1304,#1305,#1306,#1307,#1308,#1309,#1310,#1311,#1312,
    #1313,#1314,#1315,#1316,#1317,#1318,#1319,#1320,#1321,#1322,#1323,
    #1324,#1325,#1326,#1327,#1328,#1329,#1330,#1331,#1332,#1333,#1334,
    #1335,#1336,#1337,#1338,#1339,#1340,#1341,#1342,#1343,#1344,#1345,
    #1346,#1347,#1348,#1349,#1350,#1351,#1352,#1353,#1354,#1355,#1356,
    #1357,#1358,#1359,#1360,#1361,#1362,#1363,#1364,#1365,#1366,#1367,
    #1368,#1369,#1370,#1371,#1372,#1373,#1374,#1375,#1376,#1377,#1378,
    #1379,#1380,#1381,#1382,#1383,#1384,#1385,#1386,#1387,#1388,#1389,
    #1390,#1391,#1392,#1393,#1394,#1395,#1396,#1397,#1398,#1399,#1400,
    #1401,#1402,#1403),.UNSPECIFIED.,.F.,.F.,(9,7,7,7,7,7,7,7,7,7,7,7,7,
    7,7,9),(0.,8.392785571204E-02,0.200438372805,0.332405666871,
    0.373030400609,0.494742317445,0.650461783959,0.679892773103,
    0.690935413576,0.748051023532,0.784211180858,0.858206926653,
    0.941075825026,0.969707743129,0.983912028454,1.),.UNSPECIFIED.);
#1297 = CARTESIAN_POINT('',(0.8,-1.E-17,-1.05));
#1298 = CARTESIAN_POINT('',(0.8,-1.E-17,-1.023251689692));
#1299 = CARTESIAN_POINT('',(0.8,3.2908254E-10,-0.996887621307));
#1300 = CARTESIAN_POINT('',(0.8,2.53193030032E-06,-0.970935462055));
#1301 = CARTESIAN_POINT('',(0.8,1.056451574519E-05,-0.945425970699));
#1302 = CARTESIAN_POINT('',(0.8,2.758676908381E-05,-0.920392474074));
#1303 = CARTESIAN_POINT('',(0.8,5.768654809332E-05,-0.895870343598));
#1304 = CARTESIAN_POINT('',(0.8,1.05631087197E-04,-0.871896471793));
#1305 = CARTESIAN_POINT('',(0.8,2.759498149156E-04,-0.816041391253));
#1306 = CARTESIAN_POINT('',(0.8,4.199902218486E-04,-0.784698714815));
#1307 = CARTESIAN_POINT('',(0.8,6.239149670341E-04,-0.754589003711));
#1308 = CARTESIAN_POINT('',(0.8,9.051394574073E-04,-0.725820346173));
#1309 = CARTESIAN_POINT('',(0.8,1.284272722532E-03,-0.698495221453));
#1310 = CARTESIAN_POINT('',(0.8,1.785094186279E-03,-0.672703786085));
#1311 = CARTESIAN_POINT('',(0.8,2.433882448259E-03,-0.648515859411));
#1312 = CARTESIAN_POINT('',(0.8,4.191653360356E-03,-0.600436541814));
#1313 = CARTESIAN_POINT('',(0.8,5.350667230258E-03,-0.576999343243));
#1314 = CARTESIAN_POINT('',(0.8,6.774903839665E-03,-0.555729203389));
#1315 = CARTESIAN_POINT('',(0.8,8.506694014712E-03,-0.536619041492));
#1316 = CARTESIAN_POINT('',(0.8,1.058897758313E-02,-0.519588096567));
#1317 = CARTESIAN_POINT('',(0.8,1.306349995148E-02,-0.504489545409));
#1318 = CARTESIAN_POINT('',(0.8,1.59691609293E-02,-0.491123147342));
#1319 = CARTESIAN_POINT('',(0.8,2.037835168904E-02,-0.475598790613));
#1320 = CARTESIAN_POINT('',(0.8,2.146027330575E-02,-0.472086702884));
#1321 = CARTESIAN_POINT('',(0.8,2.258822701744E-02,-0.468706023668));
#1322 = CARTESIAN_POINT('',(0.8,2.376113189908E-02,-0.465458244105));
#1323 = CARTESIAN_POINT('',(0.8,2.498219856397E-02,-0.462326824087));
#1324 = CARTESIAN_POINT('',(0.8,2.625341489668E-02,-0.459299853775));
#1325 = CARTESIAN_POINT('',(0.8,2.757103872908E-02,-0.456388715977));
#1326 = CARTESIAN_POINT('',(0.8,3.302518142629E-02,-0.445188798379));
#1327 = CARTESIAN_POINT('',(0.8,3.753677393438E-02,-0.437772198573));
#1328 = CARTESIAN_POINT('',(0.8,4.245763135173E-02,-0.43128123812));
#1329 = CARTESIAN_POINT('',(0.8,4.777317662367E-02,-0.425655179271));
#1330 = CARTESIAN_POINT('',(0.8,5.346778864551E-02,-0.420828774657));
#1331 = CARTESIAN_POINT('',(0.8,5.952525159466E-02,-0.416733595438));
#1332 = CARTESIAN_POINT('',(0.8,6.592920426269E-02,-0.413299359464));
#1333 = CARTESIAN_POINT('',(0.8,8.127963033233E-02,-0.406816488885));
#1334 = CARTESIAN_POINT('',(0.8,9.043606156147E-02,-0.404143960461));
#1335 = CARTESIAN_POINT('',(0.8,0.100099402562,-0.402288021983));
#1336 = CARTESIAN_POINT('',(0.8,0.110236235175,-0.401098204131));
#1337 = CARTESIAN_POINT('',(0.8,0.120813633916,-0.400423973215));
#1338 = CARTESIAN_POINT('',(0.8,0.131799596302,-0.40011548393));
#1339 = CARTESIAN_POINT('',(0.8,0.143163473171,-0.400024332126));
#1340 = CARTESIAN_POINT('',(0.8,0.157090142747,-0.400000522919));
#1341 = CARTESIAN_POINT('',(0.8,0.159316405113,-0.399999629275));
#1342 = CARTESIAN_POINT('',(0.8,0.161554644582,-0.399999079097));
#1343 = CARTESIAN_POINT('',(0.8,0.163804728386,-0.399998118813));
#1344 = CARTESIAN_POINT('',(0.8,0.166069066734,-0.400008059537));
#1345 = CARTESIAN_POINT('',(0.8,0.168341096143,-0.399998148494));
#1346 = CARTESIAN_POINT('',(0.8,0.170622656742,-0.399976986255));
#1347 = CARTESIAN_POINT('',(0.8,0.173770118906,-0.399917115));
#1348 = CARTESIAN_POINT('',(0.8,0.174629925589,-0.399897725143));
#1349 = CARTESIAN_POINT('',(0.8,0.175490726837,-0.399874947171));
#1350 = CARTESIAN_POINT('',(0.8,0.176352449748,-0.399848447829));
#1351 = CARTESIAN_POINT('',(0.8,0.177215021424,-0.399817893857));
#1352 = CARTESIAN_POINT('',(0.8,0.178078368964,-0.399782952));
#1353 = CARTESIAN_POINT('',(0.8,0.178942419469,-0.399743289));
#1354 = CARTESIAN_POINT('',(0.8,0.1842794686,-0.399467280761));
#1355 = CARTESIAN_POINT('',(0.8,0.188767680801,-0.39910077383));
#1356 = CARTESIAN_POINT('',(0.8,0.193262001354,-0.398553187482));
#1357 = CARTESIAN_POINT('',(0.8,0.197752237792,-0.397778424404));
#1358 = CARTESIAN_POINT('',(0.8,0.202227787375,-0.396730527543));
#1359 = CARTESIAN_POINT('',(0.8,0.206677683986,-0.39536405435));
#1360 = CARTESIAN_POINT('',(0.8,0.211090645036,-0.393634451033));
#1361 = CARTESIAN_POINT('',(0.8,0.21821828665,-0.39014609996));
#1362 = CARTESIAN_POINT('',(0.8,0.220961986315,-0.38863103645));
#1363 = CARTESIAN_POINT('',(0.8,0.223683201072,-0.386942101276));
#1364 = CARTESIAN_POINT('',(0.8,0.226378888315,-0.385068662027));
#1365 = CARTESIAN_POINT('',(0.8,0.22904597912,-0.383000588874));
#1366 = CARTESIAN_POINT('',(0.8,0.231681378246,-0.380728254566));
#1367 = CARTESIAN_POINT('',(0.8,0.234281964132,-0.378242534437));
#1368 = CARTESIAN_POINT('',(0.8,0.242088574129,-0.369993891472));
#1369 = CARTESIAN_POINT('',(0.8,0.24717485453,-0.363522857795));
#1370 = CARTESIAN_POINT('',(0.8,0.252075158635,-0.356050235495));
#1371 = CARTESIAN_POINT('',(0.8,0.256763104929,-0.347519166671));
#1372 = CARTESIAN_POINT('',(0.8,0.261214984043,-0.337890245803));
#1373 = CARTESIAN_POINT('',(0.8,0.265410540946,-0.327144360158));
#1374 = CARTESIAN_POINT('',(0.8,0.269333757131,-0.315285530202));
#1375 = CARTESIAN_POINT('',(0.8,0.277049981861,-0.287850064494));
#1376 = CARTESIAN_POINT('',(0.8,0.280772241003,-0.271992738608));
#1377 = CARTESIAN_POINT('',(0.8,0.284124850162,-0.254810330663));
#1378 = CARTESIAN_POINT('',(0.8,0.287102751627,-0.236366413187));
#1379 = CARTESIAN_POINT('',(0.8,0.289709286688,-0.216742737437));
#1380 = CARTESIAN_POINT('',(0.8,0.291954092274,-0.196032397931));
#1381 = CARTESIAN_POINT('',(0.8,0.293850997591,-0.174332996976));
#1382 = CARTESIAN_POINT('',(0.8,0.295956615196,-0.143933668238));
#1383 = CARTESIAN_POINT('',(0.8,0.296457723202,-0.13602021932));
#1384 = CARTESIAN_POINT('',(0.8,0.296919930577,-0.128003202594));
#1385 = CARTESIAN_POINT('',(0.8,0.297343939725,-0.119886265546));
#1386 = CARTESIAN_POINT('',(0.8,0.297730469654,-0.111672963004));
#1387 = CARTESIAN_POINT('',(0.8,0.298080255978,-0.103366757136));
#1388 = CARTESIAN_POINT('',(0.8,0.298394050918,-9.497101745174E-02));
#1389 = CARTESIAN_POINT('',(0.8,0.298810822969,-8.2281105E-02));
#1390 = CARTESIAN_POINT('',(0.8,0.298941068076,-7.803015814285E-02));
#1391 = CARTESIAN_POINT('',(0.8,0.29906330247,-7.373592353571E-02));
#1392 = CARTESIAN_POINT('',(0.8,0.299177469999,-6.939814448571E-02));
#1393 = CARTESIAN_POINT('',(0.8,0.299283514512,-6.50165643E-02));
#1394 = CARTESIAN_POINT('',(0.8,0.299381379857,-6.059092628571E-02));
#1395 = CARTESIAN_POINT('',(0.8,0.299471009883,-5.612097375E-02));
#1396 = CARTESIAN_POINT('',(0.8,0.299644473618,-4.649323747491E-02));
#1397 = CARTESIAN_POINT('',(0.8,0.299725402947,-4.135480810154E-02));
#1398 = CARTESIAN_POINT('',(0.8,0.299795294782,-3.618482256558E-02));
#1399 = CARTESIAN_POINT('',(0.8,0.299854256023,-3.100661540614E-02));
#1400 = CARTESIAN_POINT('',(0.8,0.29990252188,-2.577683207478E-02));
#1401 = CARTESIAN_POINT('',(0.8,0.299940125899,-2.055088688517E-02));
#1402 = CARTESIAN_POINT('',(0.8,0.299967304897,-1.528444482161E-02));
#1403 = CARTESIAN_POINT('',(0.8,0.29998416172,-1.E-02));
#1404 = ORIENTED_EDGE('',*,*,#1405,.F.);
#1405 = EDGE_CURVE('',#1406,#1294,#1408,.T.);
#1406 = VERTEX_POINT('',#1407);
#1407 = CARTESIAN_POINT('',(0.3,0.,-1.05));
#1408 = LINE('',#1409,#1410);
#1409 = CARTESIAN_POINT('',(-5.,0.,-1.05));
#1410 = VECTOR('',#1411,1.);
#1411 = DIRECTION('',(1.,0.,0.));
#1412 = ORIENTED_EDGE('',*,*,#1413,.T.);
#1413 = EDGE_CURVE('',#1406,#1414,#1416,.T.);
#1414 = VERTEX_POINT('',#1415);
#1415 = CARTESIAN_POINT('',(0.3,0.29998416172,-1.E-02));
#1416 = B_SPLINE_CURVE_WITH_KNOTS('',8,(#1417,#1418,#1419,#1420,#1421,
    #1422,#1423,#1424,#1425,#1426,#1427,#1428,#1429,#1430,#1431,#1432,
    #1433,#1434,#1435,#1436,#1437,#1438,#1439,#1440,#1441,#1442,#1443,
    #1444,#1445,#1446,#1447,#1448,#1449,#1450,#1451,#1452,#1453,#1454,
    #1455,#1456,#1457,#1458,#1459,#1460,#1461,#1462,#1463,#1464,#1465,
    #1466,#1467,#1468,#1469,#1470,#1471,#1472,#1473,#1474,#1475,#1476,
    #1477,#1478,#1479,#1480,#1481,#1482,#1483,#1484,#1485,#1486,#1487,
    #1488,#1489,#1490,#1491,#1492,#1493,#1494,#1495,#1496,#1497,#1498,
    #1499,#1500,#1501,#1502,#1503,#1504,#1505,#1506,#1507,#1508,#1509,
    #1510,#1511,#1512,#1513,#1514,#1515,#1516,#1517,#1518,#1519,#1520,
    #1521,#1522,#1523),.UNSPECIFIED.,.F.,.F.,(9,7,7,7,7,7,7,7,7,7,7,7,7,
    7,7,9),(0.,8.392785570884E-02,0.200438372797,0.332405666857,
    0.373030400593,0.494742317424,0.650461783931,0.679892773076,
    0.69093541355,0.748051023512,0.78421118084,0.858206926641,
    0.941075825022,0.969707743127,0.983912028453,1.),.UNSPECIFIED.);
#1417 = CARTESIAN_POINT('',(0.3,-1.E-17,-1.05));
#1418 = CARTESIAN_POINT('',(0.3,-1.E-17,-1.023251689692));
#1419 = CARTESIAN_POINT('',(0.3,3.2908256E-10,-0.996887621307));
#1420 = CARTESIAN_POINT('',(0.3,2.53193030033E-06,-0.970935462055));
#1421 = CARTESIAN_POINT('',(0.3,1.056451574517E-05,-0.945425970699));
#1422 = CARTESIAN_POINT('',(0.3,2.758676908377E-05,-0.920392474074));
#1423 = CARTESIAN_POINT('',(0.3,5.768654809331E-05,-0.895870343598));
#1424 = CARTESIAN_POINT('',(0.3,1.056310871971E-04,-0.871896471793));
#1425 = CARTESIAN_POINT('',(0.3,2.759498149154E-04,-0.816041391253));
#1426 = CARTESIAN_POINT('',(0.3,4.199902218519E-04,-0.784698714815));
#1427 = CARTESIAN_POINT('',(0.3,6.239149670325E-04,-0.754589003711));
#1428 = CARTESIAN_POINT('',(0.3,9.05139457403E-04,-0.725820346173));
#1429 = CARTESIAN_POINT('',(0.3,1.284272722532E-03,-0.698495221453));
#1430 = CARTESIAN_POINT('',(0.3,1.785094186284E-03,-0.672703786085));
#1431 = CARTESIAN_POINT('',(0.3,2.433882448258E-03,-0.648515859411));
#1432 = CARTESIAN_POINT('',(0.3,4.191653360357E-03,-0.600436541814));
#1433 = CARTESIAN_POINT('',(0.3,5.350667230259E-03,-0.576999343243));
#1434 = CARTESIAN_POINT('',(0.3,6.774903839664E-03,-0.555729203389));
#1435 = CARTESIAN_POINT('',(0.3,8.506694014711E-03,-0.536619041492));
#1436 = CARTESIAN_POINT('',(0.3,1.058897758313E-02,-0.519588096567));
#1437 = CARTESIAN_POINT('',(0.3,1.306349995148E-02,-0.504489545409));
#1438 = CARTESIAN_POINT('',(0.3,1.59691609293E-02,-0.491123147342));
#1439 = CARTESIAN_POINT('',(0.3,2.037835168902E-02,-0.475598790613));
#1440 = CARTESIAN_POINT('',(0.3,2.14602733058E-02,-0.472086702884));
#1441 = CARTESIAN_POINT('',(0.3,2.258822701739E-02,-0.468706023668));
#1442 = CARTESIAN_POINT('',(0.3,2.376113189908E-02,-0.465458244105));
#1443 = CARTESIAN_POINT('',(0.3,2.498219856402E-02,-0.462326824087));
#1444 = CARTESIAN_POINT('',(0.3,2.625341489663E-02,-0.459299853776));
#1445 = CARTESIAN_POINT('',(0.3,2.757103872909E-02,-0.456388715977));
#1446 = CARTESIAN_POINT('',(0.3,3.302518142629E-02,-0.445188798379));
#1447 = CARTESIAN_POINT('',(0.3,3.753677393438E-02,-0.437772198573));
#1448 = CARTESIAN_POINT('',(0.3,4.245763135173E-02,-0.43128123812));
#1449 = CARTESIAN_POINT('',(0.3,4.777317662367E-02,-0.425655179271));
#1450 = CARTESIAN_POINT('',(0.3,5.346778864551E-02,-0.420828774657));
#1451 = CARTESIAN_POINT('',(0.3,5.952525159465E-02,-0.416733595438));
#1452 = CARTESIAN_POINT('',(0.3,6.59292042627E-02,-0.413299359464));
#1453 = CARTESIAN_POINT('',(0.3,8.127963033233E-02,-0.406816488885));
#1454 = CARTESIAN_POINT('',(0.3,9.043606156147E-02,-0.404143960461));
#1455 = CARTESIAN_POINT('',(0.3,0.100099402562,-0.402288021983));
#1456 = CARTESIAN_POINT('',(0.3,0.110236235175,-0.401098204131));
#1457 = CARTESIAN_POINT('',(0.3,0.120813633916,-0.400423973215));
#1458 = CARTESIAN_POINT('',(0.3,0.131799596302,-0.40011548393));
#1459 = CARTESIAN_POINT('',(0.3,0.143163473171,-0.400024332126));
#1460 = CARTESIAN_POINT('',(0.3,0.157090142747,-0.400000522919));
#1461 = CARTESIAN_POINT('',(0.3,0.159316405113,-0.399999629275));
#1462 = CARTESIAN_POINT('',(0.3,0.161554644583,-0.399999079097));
#1463 = CARTESIAN_POINT('',(0.3,0.163804728384,-0.399998118813));
#1464 = CARTESIAN_POINT('',(0.3,0.166069066735,-0.400008059537));
#1465 = CARTESIAN_POINT('',(0.3,0.168341096143,-0.399998148494));
#1466 = CARTESIAN_POINT('',(0.3,0.170622656743,-0.399976986255));
#1467 = CARTESIAN_POINT('',(0.3,0.173770118906,-0.399917115));
#1468 = CARTESIAN_POINT('',(0.3,0.174629925589,-0.399897725143));
#1469 = CARTESIAN_POINT('',(0.3,0.175490726837,-0.399874947171));
#1470 = CARTESIAN_POINT('',(0.3,0.176352449748,-0.399848447829));
#1471 = CARTESIAN_POINT('',(0.3,0.177215021424,-0.399817893857));
#1472 = CARTESIAN_POINT('',(0.3,0.178078368964,-0.399782952));
#1473 = CARTESIAN_POINT('',(0.3,0.178942419469,-0.399743289));
#1474 = CARTESIAN_POINT('',(0.3,0.1842794686,-0.399467280761));
#1475 = CARTESIAN_POINT('',(0.3,0.188767680801,-0.39910077383));
#1476 = CARTESIAN_POINT('',(0.3,0.193262001354,-0.398553187482));
#1477 = CARTESIAN_POINT('',(0.3,0.197752237792,-0.397778424404));
#1478 = CARTESIAN_POINT('',(0.3,0.202227787375,-0.396730527543));
#1479 = CARTESIAN_POINT('',(0.3,0.206677683986,-0.39536405435));
#1480 = CARTESIAN_POINT('',(0.3,0.211090645036,-0.393634451033));
#1481 = CARTESIAN_POINT('',(0.3,0.21821828665,-0.39014609996));
#1482 = CARTESIAN_POINT('',(0.3,0.220961986315,-0.38863103645));
#1483 = CARTESIAN_POINT('',(0.3,0.223683201072,-0.386942101276));
#1484 = CARTESIAN_POINT('',(0.3,0.226378888315,-0.385068662027));
#1485 = CARTESIAN_POINT('',(0.3,0.22904597912,-0.383000588874));
#1486 = CARTESIAN_POINT('',(0.3,0.231681378246,-0.380728254566));
#1487 = CARTESIAN_POINT('',(0.3,0.234281964132,-0.378242534437));
#1488 = CARTESIAN_POINT('',(0.3,0.242088574129,-0.369993891472));
#1489 = CARTESIAN_POINT('',(0.3,0.24717485453,-0.363522857795));
#1490 = CARTESIAN_POINT('',(0.3,0.252075158635,-0.356050235495));
#1491 = CARTESIAN_POINT('',(0.3,0.256763104929,-0.347519166671));
#1492 = CARTESIAN_POINT('',(0.3,0.261214984043,-0.337890245803));
#1493 = CARTESIAN_POINT('',(0.3,0.265410540946,-0.327144360158));
#1494 = CARTESIAN_POINT('',(0.3,0.269333757131,-0.315285530202));
#1495 = CARTESIAN_POINT('',(0.3,0.277049981861,-0.287850064494));
#1496 = CARTESIAN_POINT('',(0.3,0.280772241003,-0.271992738608));
#1497 = CARTESIAN_POINT('',(0.3,0.284124850162,-0.254810330663));
#1498 = CARTESIAN_POINT('',(0.3,0.287102751627,-0.236366413187));
#1499 = CARTESIAN_POINT('',(0.3,0.289709286688,-0.216742737437));
#1500 = CARTESIAN_POINT('',(0.3,0.291954092274,-0.196032397931));
#1501 = CARTESIAN_POINT('',(0.3,0.293850997591,-0.174332996976));
#1502 = CARTESIAN_POINT('',(0.3,0.295956615196,-0.143933668238));
#1503 = CARTESIAN_POINT('',(0.3,0.296457723202,-0.13602021932));
#1504 = CARTESIAN_POINT('',(0.3,0.296919930577,-0.128003202594));
#1505 = CARTESIAN_POINT('',(0.3,0.297343939725,-0.119886265546));
#1506 = CARTESIAN_POINT('',(0.3,0.297730469654,-0.111672963004));
#1507 = CARTESIAN_POINT('',(0.3,0.298080255978,-0.103366757136));
#1508 = CARTESIAN_POINT('',(0.3,0.298394050918,-9.497101745174E-02));
#1509 = CARTESIAN_POINT('',(0.3,0.298810822969,-8.2281105E-02));
#1510 = CARTESIAN_POINT('',(0.3,0.298941068076,-7.803015814285E-02));
#1511 = CARTESIAN_POINT('',(0.3,0.29906330247,-7.373592353571E-02));
#1512 = CARTESIAN_POINT('',(0.3,0.299177469999,-6.939814448571E-02));
#1513 = CARTESIAN_POINT('',(0.3,0.299283514512,-6.50165643E-02));
#1514 = CARTESIAN_POINT('',(0.3,0.299381379857,-6.059092628571E-02));
#1515 = CARTESIAN_POINT('',(0.3,0.299471009883,-5.612097375E-02));
#1516 = CARTESIAN_POINT('',(0.3,0.299644473618,-4.64932374751E-02));
#1517 = CARTESIAN_POINT('',(0.3,0.299725402947,-4.135480810064E-02));
#1518 = CARTESIAN_POINT('',(0.3,0.299795294782,-3.61848225676E-02));
#1519 = CARTESIAN_POINT('',(0.3,0.299854256023,-3.100661540345E-02));
#1520 = CARTESIAN_POINT('',(0.3,0.29990252188,-2.577683207699E-02));
#1521 = CARTESIAN_POINT('',(0.3,0.299940125899,-2.055088688407E-02));
#1522 = CARTESIAN_POINT('',(0.3,0.299967304897,-1.528444482188E-02));
#1523 = CARTESIAN_POINT('',(0.3,0.29998416172,-1.E-02));
#1524 = ORIENTED_EDGE('',*,*,#1525,.T.);
#1525 = EDGE_CURVE('',#1414,#1526,#1528,.T.);
#1526 = VERTEX_POINT('',#1527);
#1527 = CARTESIAN_POINT('',(5.E-02,0.29998416172,-1.E-02));
#1528 = B_SPLINE_CURVE_WITH_KNOTS('',1,(#1529,#1530),.UNSPECIFIED.,.F.,
  .F.,(2,2),(0.,1.),.PIECEWISE_BEZIER_KNOTS.);
#1529 = CARTESIAN_POINT('',(0.3,0.29998416172,-1.E-02));
#1530 = CARTESIAN_POINT('',(5.E-02,0.29998416172,-1.E-02));
#1531 = ORIENTED_EDGE('',*,*,#1532,.F.);
#1532 = EDGE_CURVE('',#1533,#1526,#1535,.T.);
#1533 = VERTEX_POINT('',#1534);
#1534 = CARTESIAN_POINT('',(5.E-02,0.,-1.05));
#1535 = B_SPLINE_CURVE_WITH_KNOTS('',8,(#1536,#1537,#1538,#1539,#1540,
    #1541,#1542,#1543,#1544,#1545,#1546,#1547,#1548,#1549,#1550,#1551,
    #1552,#1553,#1554,#1555,#1556,#1557,#1558,#1559,#1560,#1561,#1562,
    #1563,#1564,#1565,#1566,#1567,#1568,#1569,#1570,#1571,#1572,#1573,
    #1574,#1575,#1576,#1577,#1578,#1579,#1580,#1581,#1582,#1583,#1584,
    #1585,#1586,#1587,#1588,#1589,#1590,#1591,#1592,#1593,#1594,#1595,
    #1596,#1597,#1598,#1599,#1600,#1601,#1602,#1603,#1604,#1605,#1606,
    #1607,#1608,#1609,#1610,#1611,#1612,#1613,#1614,#1615,#1616,#1617,
    #1618,#1619,#1620,#1621,#1622,#1623,#1624,#1625,#1626,#1627,#1628,
    #1629,#1630,#1631,#1632,#1633,#1634,#1635,#1636,#1637,#1638,#1639,
    #1640,#1641,#1642),.UNSPECIFIED.,.F.,.F.,(9,7,7,7,7,7,7,7,7,7,7,7,7,
    7,7,9),(0.,8.392785571204E-02,0.200438372805,0.332405666871,
    0.373030400609,0.494742317445,0.650461783959,0.679892773103,
    0.690935413576,0.748051023532,0.784211180858,0.858206926653,
    0.941075825026,0.969707743129,0.983912028454,1.),.UNSPECIFIED.);
#1536 = CARTESIAN_POINT('',(5.E-02,-1.E-17,-1.05));
#1537 = CARTESIAN_POINT('',(5.E-02,-1.E-17,-1.023251689692));
#1538 = CARTESIAN_POINT('',(5.E-02,3.2908254E-10,-0.996887621307));
#1539 = CARTESIAN_POINT('',(5.E-02,2.53193030032E-06,-0.970935462055));
#1540 = CARTESIAN_POINT('',(5.E-02,1.056451574519E-05,-0.945425970699));
#1541 = CARTESIAN_POINT('',(5.E-02,2.758676908381E-05,-0.920392474074));
#1542 = CARTESIAN_POINT('',(5.E-02,5.768654809332E-05,-0.895870343598));
#1543 = CARTESIAN_POINT('',(5.E-02,1.05631087197E-04,-0.871896471793));
#1544 = CARTESIAN_POINT('',(5.E-02,2.759498149156E-04,-0.816041391253));
#1545 = CARTESIAN_POINT('',(5.E-02,4.199902218486E-04,-0.784698714815));
#1546 = CARTESIAN_POINT('',(5.E-02,6.239149670341E-04,-0.754589003711));
#1547 = CARTESIAN_POINT('',(5.E-02,9.051394574073E-04,-0.725820346173));
#1548 = CARTESIAN_POINT('',(5.E-02,1.284272722532E-03,-0.698495221453));
#1549 = CARTESIAN_POINT('',(5.E-02,1.785094186279E-03,-0.672703786085));
#1550 = CARTESIAN_POINT('',(5.E-02,2.433882448259E-03,-0.648515859411));
#1551 = CARTESIAN_POINT('',(5.E-02,4.191653360356E-03,-0.600436541814));
#1552 = CARTESIAN_POINT('',(5.E-02,5.350667230258E-03,-0.576999343243));
#1553 = CARTESIAN_POINT('',(5.E-02,6.774903839665E-03,-0.555729203389));
#1554 = CARTESIAN_POINT('',(5.E-02,8.506694014712E-03,-0.536619041492));
#1555 = CARTESIAN_POINT('',(5.E-02,1.058897758313E-02,-0.519588096567));
#1556 = CARTESIAN_POINT('',(5.E-02,1.306349995148E-02,-0.504489545409));
#1557 = CARTESIAN_POINT('',(5.E-02,1.59691609293E-02,-0.491123147342));
#1558 = CARTESIAN_POINT('',(5.E-02,2.037835168904E-02,-0.475598790613));
#1559 = CARTESIAN_POINT('',(5.E-02,2.146027330575E-02,-0.472086702884));
#1560 = CARTESIAN_POINT('',(5.E-02,2.258822701744E-02,-0.468706023668));
#1561 = CARTESIAN_POINT('',(5.E-02,2.376113189908E-02,-0.465458244105));
#1562 = CARTESIAN_POINT('',(5.E-02,2.498219856397E-02,-0.462326824087));
#1563 = CARTESIAN_POINT('',(5.E-02,2.625341489668E-02,-0.459299853775));
#1564 = CARTESIAN_POINT('',(5.E-02,2.757103872908E-02,-0.456388715977));
#1565 = CARTESIAN_POINT('',(5.E-02,3.302518142629E-02,-0.445188798379));
#1566 = CARTESIAN_POINT('',(5.E-02,3.753677393438E-02,-0.437772198573));
#1567 = CARTESIAN_POINT('',(5.E-02,4.245763135173E-02,-0.43128123812));
#1568 = CARTESIAN_POINT('',(5.E-02,4.777317662367E-02,-0.425655179271));
#1569 = CARTESIAN_POINT('',(5.E-02,5.346778864551E-02,-0.420828774657));
#1570 = CARTESIAN_POINT('',(5.E-02,5.952525159466E-02,-0.416733595438));
#1571 = CARTESIAN_POINT('',(5.E-02,6.592920426269E-02,-0.413299359464));
#1572 = CARTESIAN_POINT('',(5.E-02,8.127963033233E-02,-0.406816488885));
#1573 = CARTESIAN_POINT('',(5.E-02,9.043606156147E-02,-0.404143960461));
#1574 = CARTESIAN_POINT('',(5.E-02,0.100099402562,-0.402288021983));
#1575 = CARTESIAN_POINT('',(5.E-02,0.110236235175,-0.401098204131));
#1576 = CARTESIAN_POINT('',(5.E-02,0.120813633916,-0.400423973215));
#1577 = CARTESIAN_POINT('',(5.E-02,0.131799596302,-0.40011548393));
#1578 = CARTESIAN_POINT('',(5.E-02,0.143163473171,-0.400024332126));
#1579 = CARTESIAN_POINT('',(5.E-02,0.157090142747,-0.400000522919));
#1580 = CARTESIAN_POINT('',(5.E-02,0.159316405113,-0.399999629275));
#1581 = CARTESIAN_POINT('',(5.E-02,0.161554644582,-0.399999079097));
#1582 = CARTESIAN_POINT('',(5.E-02,0.163804728386,-0.399998118813));
#1583 = CARTESIAN_POINT('',(5.E-02,0.166069066734,-0.400008059537));
#1584 = CARTESIAN_POINT('',(5.E-02,0.168341096143,-0.399998148494));
#1585 = CARTESIAN_POINT('',(5.E-02,0.170622656742,-0.399976986255));
#1586 = CARTESIAN_POINT('',(5.E-02,0.173770118906,-0.399917115));
#1587 = CARTESIAN_POINT('',(5.E-02,0.174629925589,-0.399897725143));
#1588 = CARTESIAN_POINT('',(5.E-02,0.175490726837,-0.399874947171));
#1589 = CARTESIAN_POINT('',(5.E-02,0.176352449748,-0.399848447829));
#1590 = CARTESIAN_POINT('',(5.E-02,0.177215021424,-0.399817893857));
#1591 = CARTESIAN_POINT('',(5.E-02,0.178078368964,-0.399782952));
#1592 = CARTESIAN_POINT('',(5.E-02,0.178942419469,-0.399743289));
#1593 = CARTESIAN_POINT('',(5.E-02,0.1842794686,-0.399467280761));
#1594 = CARTESIAN_POINT('',(5.E-02,0.188767680801,-0.39910077383));
#1595 = CARTESIAN_POINT('',(5.E-02,0.193262001354,-0.398553187482));
#1596 = CARTESIAN_POINT('',(5.E-02,0.197752237792,-0.397778424404));
#1597 = CARTESIAN_POINT('',(5.E-02,0.202227787375,-0.396730527543));
#1598 = CARTESIAN_POINT('',(5.E-02,0.206677683986,-0.39536405435));
#1599 = CARTESIAN_POINT('',(5.E-02,0.211090645036,-0.393634451033));
#1600 = CARTESIAN_POINT('',(5.E-02,0.21821828665,-0.39014609996));
#1601 = CARTESIAN_POINT('',(5.E-02,0.220961986315,-0.38863103645));
#1602 = CARTESIAN_POINT('',(5.E-02,0.223683201072,-0.386942101276));
#1603 = CARTESIAN_POINT('',(5.E-02,0.226378888315,-0.385068662027));
#1604 = CARTESIAN_POINT('',(5.E-02,0.22904597912,-0.383000588874));
#1605 = CARTESIAN_POINT('',(5.E-02,0.231681378246,-0.380728254566));
#1606 = CARTESIAN_POINT('',(5.E-02,0.234281964132,-0.378242534437));
#1607 = CARTESIAN_POINT('',(5.E-02,0.242088574129,-0.369993891472));
#1608 = CARTESIAN_POINT('',(5.E-02,0.24717485453,-0.363522857795));
#1609 = CARTESIAN_POINT('',(5.E-02,0.252075158635,-0.356050235495));
#1610 = CARTESIAN_POINT('',(5.E-02,0.256763104929,-0.347519166671));
#1611 = CARTESIAN_POINT('',(5.E-02,0.261214984043,-0.337890245803));
#1612 = CARTESIAN_POINT('',(5.E-02,0.265410540946,-0.327144360158));
#1613 = CARTESIAN_POINT('',(5.E-02,0.269333757131,-0.315285530202));
#1614 = CARTESIAN_POINT('',(5.E-02,0.277049981861,-0.287850064494));
#1615 = CARTESIAN_POINT('',(5.E-02,0.280772241003,-0.271992738608));
#1616 = CARTESIAN_POINT('',(5.E-02,0.284124850162,-0.254810330663));
#1617 = CARTESIAN_POINT('',(5.E-02,0.287102751627,-0.236366413187));
#1618 = CARTESIAN_POINT('',(5.E-02,0.289709286688,-0.216742737437));
#1619 = CARTESIAN_POINT('',(5.E-02,0.291954092274,-0.196032397931));
#1620 = CARTESIAN_POINT('',(5.E-02,0.293850997591,-0.174332996976));
#1621 = CARTESIAN_POINT('',(5.E-02,0.295956615196,-0.143933668238));
#1622 = CARTESIAN_POINT('',(5.E-02,0.296457723202,-0.13602021932));
#1623 = CARTESIAN_POINT('',(5.E-02,0.296919930577,-0.128003202594));
#1624 = CARTESIAN_POINT('',(5.E-02,0.297343939725,-0.119886265546));
#1625 = CARTESIAN_POINT('',(5.E-02,0.297730469654,-0.111672963004));
#1626 = CARTESIAN_POINT('',(5.E-02,0.298080255978,-0.103366757136));
#1627 = CARTESIAN_POINT('',(5.E-02,0.298394050918,-9.497101745174E-02));
#1628 = CARTESIAN_POINT('',(5.E-02,0.298810822969,-8.2281105E-02));
#1629 = CARTESIAN_POINT('',(5.E-02,0.298941068076,-7.803015814285E-02));
#1630 = CARTESIAN_POINT('',(5.E-02,0.29906330247,-7.373592353571E-02));
#1631 = CARTESIAN_POINT('',(5.E-02,0.299177469999,-6.939814448571E-02));
#1632 = CARTESIAN_POINT('',(5.E-02,0.299283514512,-6.50165643E-02));
#1633 = CARTESIAN_POINT('',(5.E-02,0.299381379857,-6.059092628571E-02));
#1634 = CARTESIAN_POINT('',(5.E-02,0.299471009883,-5.612097375E-02));
#1635 = CARTESIAN_POINT('',(5.E-02,0.299644473618,-4.649323747491E-02));
#1636 = CARTESIAN_POINT('',(5.E-02,0.299725402947,-4.135480810154E-02));
#1637 = CARTESIAN_POINT('',(5.E-02,0.299795294782,-3.618482256558E-02));
#1638 = CARTESIAN_POINT('',(5.E-02,0.299854256023,-3.100661540614E-02));
#1639 = CARTESIAN_POINT('',(5.E-02,0.29990252188,-2.577683207478E-02));
#1640 = CARTESIAN_POINT('',(5.E-02,0.299940125899,-2.055088688517E-02));
#1641 = CARTESIAN_POINT('',(5.E-02,0.299967304897,-1.528444482161E-02));
#1642 = CARTESIAN_POINT('',(5.E-02,0.29998416172,-1.E-02));
#1643 = ORIENTED_EDGE('',*,*,#1644,.F.);
#1644 = EDGE_CURVE('',#1645,#1533,#1647,.T.);
#1645 = VERTEX_POINT('',#1646);
#1646 = CARTESIAN_POINT('',(-0.45,-0.,-1.05));
#1647 = LINE('',#1648,#1649);
#1648 = CARTESIAN_POINT('',(-5.,0.,-1.05));
#1649 = VECTOR('',#1650,1.);
#1650 = DIRECTION('',(1.,0.,0.));
#1651 = ORIENTED_EDGE('',*,*,#1652,.T.);
#1652 = EDGE_CURVE('',#1645,#1653,#1655,.T.);
#1653 = VERTEX_POINT('',#1654);
#1654 = CARTESIAN_POINT('',(-0.45,0.29998416172,-1.E-02));
#1655 = B_SPLINE_CURVE_WITH_KNOTS('',8,(#1656,#1657,#1658,#1659,#1660,
    #1661,#1662,#1663,#1664,#1665,#1666,#1667,#1668,#1669,#1670,#1671,
    #1672,#1673,#1674,#1675,#1676,#1677,#1678,#1679,#1680,#1681,#1682,
    #1683,#1684,#1685,#1686,#1687,#1688,#1689,#1690,#1691,#1692,#1693,
    #1694,#1695,#1696,#1697,#1698,#1699,#1700,#1701,#1702,#1703,#1704,
    #1705,#1706,#1707,#1708,#1709,#1710,#1711,#1712,#1713,#1714,#1715,
    #1716,#1717,#1718,#1719,#1720,#1721,#1722,#1723,#1724,#1725,#1726,
    #1727,#1728,#1729,#1730,#1731,#1732,#1733,#1734,#1735,#1736,#1737,
    #1738,#1739,#1740,#1741,#1742,#1743,#1744,#1745,#1746,#1747,#1748,
    #1749,#1750,#1751,#1752,#1753,#1754,#1755,#1756,#1757,#1758,#1759,
    #1760,#1761,#1762),.UNSPECIFIED.,.F.,.F.,(9,7,7,7,7,7,7,7,7,7,7,7,7,
    7,7,9),(0.,8.392785570884E-02,0.200438372797,0.332405666857,
    0.373030400593,0.494742317424,0.650461783931,0.679892773076,
    0.69093541355,0.748051023512,0.78421118084,0.858206926641,
    0.941075825022,0.969707743127,0.983912028453,1.),.UNSPECIFIED.);
#1656 = CARTESIAN_POINT('',(-0.45,-1.E-17,-1.05));
#1657 = CARTESIAN_POINT('',(-0.45,-1.E-17,-1.023251689692));
#1658 = CARTESIAN_POINT('',(-0.45,3.2908256E-10,-0.996887621307));
#1659 = CARTESIAN_POINT('',(-0.45,2.53193030033E-06,-0.970935462055));
#1660 = CARTESIAN_POINT('',(-0.45,1.056451574517E-05,-0.945425970699));
#1661 = CARTESIAN_POINT('',(-0.45,2.758676908377E-05,-0.920392474074));
#1662 = CARTESIAN_POINT('',(-0.45,5.768654809331E-05,-0.895870343598));
#1663 = CARTESIAN_POINT('',(-0.45,1.056310871971E-04,-0.871896471793));
#1664 = CARTESIAN_POINT('',(-0.45,2.759498149154E-04,-0.816041391253));
#1665 = CARTESIAN_POINT('',(-0.45,4.199902218519E-04,-0.784698714815));
#1666 = CARTESIAN_POINT('',(-0.45,6.239149670325E-04,-0.754589003711));
#1667 = CARTESIAN_POINT('',(-0.45,9.05139457403E-04,-0.725820346173));
#1668 = CARTESIAN_POINT('',(-0.45,1.284272722532E-03,-0.698495221453));
#1669 = CARTESIAN_POINT('',(-0.45,1.785094186284E-03,-0.672703786085));
#1670 = CARTESIAN_POINT('',(-0.45,2.433882448258E-03,-0.648515859411));
#1671 = CARTESIAN_POINT('',(-0.45,4.191653360357E-03,-0.600436541814));
#1672 = CARTESIAN_POINT('',(-0.45,5.350667230259E-03,-0.576999343243));
#1673 = CARTESIAN_POINT('',(-0.45,6.774903839664E-03,-0.555729203389));
#1674 = CARTESIAN_POINT('',(-0.45,8.506694014711E-03,-0.536619041492));
#1675 = CARTESIAN_POINT('',(-0.45,1.058897758313E-02,-0.519588096567));
#1676 = CARTESIAN_POINT('',(-0.45,1.306349995148E-02,-0.504489545409));
#1677 = CARTESIAN_POINT('',(-0.45,1.59691609293E-02,-0.491123147342));
#1678 = CARTESIAN_POINT('',(-0.45,2.037835168902E-02,-0.475598790613));
#1679 = CARTESIAN_POINT('',(-0.45,2.14602733058E-02,-0.472086702884));
#1680 = CARTESIAN_POINT('',(-0.45,2.258822701739E-02,-0.468706023668));
#1681 = CARTESIAN_POINT('',(-0.45,2.376113189908E-02,-0.465458244105));
#1682 = CARTESIAN_POINT('',(-0.45,2.498219856402E-02,-0.462326824087));
#1683 = CARTESIAN_POINT('',(-0.45,2.625341489663E-02,-0.459299853776));
#1684 = CARTESIAN_POINT('',(-0.45,2.757103872909E-02,-0.456388715977));
#1685 = CARTESIAN_POINT('',(-0.45,3.302518142629E-02,-0.445188798379));
#1686 = CARTESIAN_POINT('',(-0.45,3.753677393438E-02,-0.437772198573));
#1687 = CARTESIAN_POINT('',(-0.45,4.245763135173E-02,-0.43128123812));
#1688 = CARTESIAN_POINT('',(-0.45,4.777317662367E-02,-0.425655179271));
#1689 = CARTESIAN_POINT('',(-0.45,5.346778864551E-02,-0.420828774657));
#1690 = CARTESIAN_POINT('',(-0.45,5.952525159465E-02,-0.416733595438));
#1691 = CARTESIAN_POINT('',(-0.45,6.59292042627E-02,-0.413299359464));
#1692 = CARTESIAN_POINT('',(-0.45,8.127963033233E-02,-0.406816488885));
#1693 = CARTESIAN_POINT('',(-0.45,9.043606156147E-02,-0.404143960461));
#1694 = CARTESIAN_POINT('',(-0.45,0.100099402562,-0.402288021983));
#1695 = CARTESIAN_POINT('',(-0.45,0.110236235175,-0.401098204131));
#1696 = CARTESIAN_POINT('',(-0.45,0.120813633916,-0.400423973215));
#1697 = CARTESIAN_POINT('',(-0.45,0.131799596302,-0.40011548393));
#1698 = CARTESIAN_POINT('',(-0.45,0.143163473171,-0.400024332126));
#1699 = CARTESIAN_POINT('',(-0.45,0.157090142747,-0.400000522919));
#1700 = CARTESIAN_POINT('',(-0.45,0.159316405113,-0.399999629275));
#1701 = CARTESIAN_POINT('',(-0.45,0.161554644583,-0.399999079097));
#1702 = CARTESIAN_POINT('',(-0.45,0.163804728384,-0.399998118813));
#1703 = CARTESIAN_POINT('',(-0.45,0.166069066735,-0.400008059537));
#1704 = CARTESIAN_POINT('',(-0.45,0.168341096143,-0.399998148494));
#1705 = CARTESIAN_POINT('',(-0.45,0.170622656743,-0.399976986255));
#1706 = CARTESIAN_POINT('',(-0.45,0.173770118906,-0.399917115));
#1707 = CARTESIAN_POINT('',(-0.45,0.174629925589,-0.399897725143));
#1708 = CARTESIAN_POINT('',(-0.45,0.175490726837,-0.399874947171));
#1709 = CARTESIAN_POINT('',(-0.45,0.176352449748,-0.399848447829));
#1710 = CARTESIAN_POINT('',(-0.45,0.177215021424,-0.399817893857));
#1711 = CARTESIAN_POINT('',(-0.45,0.178078368964,-0.399782952));
#1712 = CARTESIAN_POINT('',(-0.45,0.178942419469,-0.399743289));
#1713 = CARTESIAN_POINT('',(-0.45,0.1842794686,-0.399467280761));
#1714 = CARTESIAN_POINT('',(-0.45,0.188767680801,-0.39910077383));
#1715 = CARTESIAN_POINT('',(-0.45,0.193262001354,-0.398553187482));
#1716 = CARTESIAN_POINT('',(-0.45,0.197752237792,-0.397778424404));
#1717 = CARTESIAN_POINT('',(-0.45,0.202227787375,-0.396730527543));
#1718 = CARTESIAN_POINT('',(-0.45,0.206677683986,-0.39536405435));
#1719 = CARTESIAN_POINT('',(-0.45,0.211090645036,-0.393634451033));
#1720 = CARTESIAN_POINT('',(-0.45,0.21821828665,-0.39014609996));
#1721 = CARTESIAN_POINT('',(-0.45,0.220961986315,-0.38863103645));
#1722 = CARTESIAN_POINT('',(-0.45,0.223683201072,-0.386942101276));
#1723 = CARTESIAN_POINT('',(-0.45,0.226378888315,-0.385068662027));
#1724 = CARTESIAN_POINT('',(-0.45,0.22904597912,-0.383000588874));
#1725 = CARTESIAN_POINT('',(-0.45,0.231681378246,-0.380728254566));
#1726 = CARTESIAN_POINT('',(-0.45,0.234281964132,-0.378242534437));
#1727 = CARTESIAN_POINT('',(-0.45,0.242088574129,-0.369993891472));
#1728 = CARTESIAN_POINT('',(-0.45,0.24717485453,-0.363522857795));
#1729 = CARTESIAN_POINT('',(-0.45,0.252075158635,-0.356050235495));
#1730 = CARTESIAN_POINT('',(-0.45,0.256763104929,-0.347519166671));
#1731 = CARTESIAN_POINT('',(-0.45,0.261214984043,-0.337890245803));
#1732 = CARTESIAN_POINT('',(-0.45,0.265410540946,-0.327144360158));
#1733 = CARTESIAN_POINT('',(-0.45,0.269333757131,-0.315285530202));
#1734 = CARTESIAN_POINT('',(-0.45,0.277049981861,-0.287850064494));
#1735 = CARTESIAN_POINT('',(-0.45,0.280772241003,-0.271992738608));
#1736 = CARTESIAN_POINT('',(-0.45,0.284124850162,-0.254810330663));
#1737 = CARTESIAN_POINT('',(-0.45,0.287102751627,-0.236366413187));
#1738 = CARTESIAN_POINT('',(-0.45,0.289709286688,-0.216742737437));
#1739 = CARTESIAN_POINT('',(-0.45,0.291954092274,-0.196032397931));
#1740 = CARTESIAN_POINT('',(-0.45,0.293850997591,-0.174332996976));
#1741 = CARTESIAN_POINT('',(-0.45,0.295956615196,-0.143933668238));
#1742 = CARTESIAN_POINT('',(-0.45,0.296457723202,-0.13602021932));
#1743 = CARTESIAN_POINT('',(-0.45,0.296919930577,-0.128003202594));
#1744 = CARTESIAN_POINT('',(-0.45,0.297343939725,-0.119886265546));
#1745 = CARTESIAN_POINT('',(-0.45,0.297730469654,-0.111672963004));
#1746 = CARTESIAN_POINT('',(-0.45,0.298080255978,-0.103366757136));
#1747 = CARTESIAN_POINT('',(-0.45,0.298394050918,-9.497101745174E-02));
#1748 = CARTESIAN_POINT('',(-0.45,0.298810822969,-8.2281105E-02));
#1749 = CARTESIAN_POINT('',(-0.45,0.298941068076,-7.803015814285E-02));
#1750 = CARTESIAN_POINT('',(-0.45,0.29906330247,-7.373592353571E-02));
#1751 = CARTESIAN_POINT('',(-0.45,0.299177469999,-6.939814448571E-02));
#1752 = CARTESIAN_POINT('',(-0.45,0.299283514512,-6.50165643E-02));
#1753 = CARTESIAN_POINT('',(-0.45,0.299381379857,-6.059092628571E-02));
#1754 = CARTESIAN_POINT('',(-0.45,0.299471009883,-5.612097375E-02));
#1755 = CARTESIAN_POINT('',(-0.45,0.299644473618,-4.64932374751E-02));
#1756 = CARTESIAN_POINT('',(-0.45,0.299725402947,-4.135480810064E-02));
#1757 = CARTESIAN_POINT('',(-0.45,0.299795294782,-3.61848225676E-02));
#1758 = CARTESIAN_POINT('',(-0.45,0.299854256023,-3.100661540345E-02));
#1759 = CARTESIAN_POINT('',(-0.45,0.29990252188,-2.577683207699E-02));
#1760 = CARTESIAN_POINT('',(-0.45,0.299940125899,-2.055088688407E-02));
#1761 = CARTESIAN_POINT('',(-0.45,0.299967304897,-1.528444482188E-02));
#1762 = CARTESIAN_POINT('',(-0.45,0.29998416172,-1.E-02));
#1763 = ORIENTED_EDGE('',*,*,#1764,.T.);
#1764 = EDGE_CURVE('',#1653,#1765,#1767,.T.);
#1765 = VERTEX_POINT('',#1766);
#1766 = CARTESIAN_POINT('',(-0.7,0.29998416172,-1.E-02));
#1767 = B_SPLINE_CURVE_WITH_KNOTS('',1,(#1768,#1769),.UNSPECIFIED.,.F.,
  .F.,(2,2),(0.,1.),.PIECEWISE_BEZIER_KNOTS.);
#1768 = CARTESIAN_POINT('',(-0.45,0.29998416172,-1.E-02));
#1769 = CARTESIAN_POINT('',(-0.7,0.29998416172,-1.E-02));
#1770 = ORIENTED_EDGE('',*,*,#1771,.F.);
#1771 = EDGE_CURVE('',#1772,#1765,#1774,.T.);
#1772 = VERTEX_POINT('',#1773);
#1773 = CARTESIAN_POINT('',(-0.7,-0.,-1.05));
#1774 = B_SPLINE_CURVE_WITH_KNOTS('',8,(#1775,#1776,#1777,#1778,#1779,
    #1780,#1781,#1782,#1783,#1784,#1785,#1786,#1787,#1788,#1789,#1790,
    #1791,#1792,#1793,#1794,#1795,#1796,#1797,#1798,#1799,#1800,#1801,
    #1802,#1803,#1804,#1805,#1806,#1807,#1808,#1809,#1810,#1811,#1812,
    #1813,#1814,#1815,#1816,#1817,#1818,#1819,#1820,#1821,#1822,#1823,
    #1824,#1825,#1826,#1827,#1828,#1829,#1830,#1831,#1832,#1833,#1834,
    #1835,#1836,#1837,#1838,#1839,#1840,#1841,#1842,#1843,#1844,#1845,
    #1846,#1847,#1848,#1849,#1850,#1851,#1852,#1853,#1854,#1855,#1856,
    #1857,#1858,#1859,#1860,#1861,#1862,#1863,#1864,#1865,#1866,#1867,
    #1868,#1869,#1870,#1871,#1872,#1873,#1874,#1875,#1876,#1877,#1878,
    #1879,#1880,#1881),.UNSPECIFIED.,.F.,.F.,(9,7,7,7,7,7,7,7,7,7,7,7,7,
    7,7,9),(0.,8.392785571204E-02,0.200438372805,0.332405666871,
    0.373030400609,0.494742317445,0.650461783959,0.679892773103,
    0.690935413576,0.748051023532,0.784211180858,0.858206926653,
    0.941075825026,0.969707743129,0.983912028454,1.),.UNSPECIFIED.);
#1775 = CARTESIAN_POINT('',(-0.7,-1.E-17,-1.05));
#1776 = CARTESIAN_POINT('',(-0.7,-1.E-17,-1.023251689692));
#1777 = CARTESIAN_POINT('',(-0.7,3.2908254E-10,-0.996887621307));
#1778 = CARTESIAN_POINT('',(-0.7,2.53193030032E-06,-0.970935462055));
#1779 = CARTESIAN_POINT('',(-0.7,1.056451574519E-05,-0.945425970699));
#1780 = CARTESIAN_POINT('',(-0.7,2.758676908381E-05,-0.920392474074));
#1781 = CARTESIAN_POINT('',(-0.7,5.768654809332E-05,-0.895870343598));
#1782 = CARTESIAN_POINT('',(-0.7,1.05631087197E-04,-0.871896471793));
#1783 = CARTESIAN_POINT('',(-0.7,2.759498149156E-04,-0.816041391253));
#1784 = CARTESIAN_POINT('',(-0.7,4.199902218486E-04,-0.784698714815));
#1785 = CARTESIAN_POINT('',(-0.7,6.239149670341E-04,-0.754589003711));
#1786 = CARTESIAN_POINT('',(-0.7,9.051394574073E-04,-0.725820346173));
#1787 = CARTESIAN_POINT('',(-0.7,1.284272722532E-03,-0.698495221453));
#1788 = CARTESIAN_POINT('',(-0.7,1.785094186279E-03,-0.672703786085));
#1789 = CARTESIAN_POINT('',(-0.7,2.433882448259E-03,-0.648515859411));
#1790 = CARTESIAN_POINT('',(-0.7,4.191653360356E-03,-0.600436541814));
#1791 = CARTESIAN_POINT('',(-0.7,5.350667230258E-03,-0.576999343243));
#1792 = CARTESIAN_POINT('',(-0.7,6.774903839665E-03,-0.555729203389));
#1793 = CARTESIAN_POINT('',(-0.7,8.506694014712E-03,-0.536619041492));
#1794 = CARTESIAN_POINT('',(-0.7,1.058897758313E-02,-0.519588096567));
#1795 = CARTESIAN_POINT('',(-0.7,1.306349995148E-02,-0.504489545409));
#1796 = CARTESIAN_POINT('',(-0.7,1.59691609293E-02,-0.491123147342));
#1797 = CARTESIAN_POINT('',(-0.7,2.037835168904E-02,-0.475598790613));
#1798 = CARTESIAN_POINT('',(-0.7,2.146027330575E-02,-0.472086702884));
#1799 = CARTESIAN_POINT('',(-0.7,2.258822701744E-02,-0.468706023668));
#1800 = CARTESIAN_POINT('',(-0.7,2.376113189908E-02,-0.465458244105));
#1801 = CARTESIAN_POINT('',(-0.7,2.498219856397E-02,-0.462326824087));
#1802 = CARTESIAN_POINT('',(-0.7,2.625341489668E-02,-0.459299853775));
#1803 = CARTESIAN_POINT('',(-0.7,2.757103872908E-02,-0.456388715977));
#1804 = CARTESIAN_POINT('',(-0.7,3.302518142629E-02,-0.445188798379));
#1805 = CARTESIAN_POINT('',(-0.7,3.753677393438E-02,-0.437772198573));
#1806 = CARTESIAN_POINT('',(-0.7,4.245763135173E-02,-0.43128123812));
#1807 = CARTESIAN_POINT('',(-0.7,4.777317662367E-02,-0.425655179271));
#1808 = CARTESIAN_POINT('',(-0.7,5.346778864551E-02,-0.420828774657));
#1809 = CARTESIAN_POINT('',(-0.7,5.952525159466E-02,-0.416733595438));
#1810 = CARTESIAN_POINT('',(-0.7,6.592920426269E-02,-0.413299359464));
#1811 = CARTESIAN_POINT('',(-0.7,8.127963033233E-02,-0.406816488885));
#1812 = CARTESIAN_POINT('',(-0.7,9.043606156147E-02,-0.404143960461));
#1813 = CARTESIAN_POINT('',(-0.7,0.100099402562,-0.402288021983));
#1814 = CARTESIAN_POINT('',(-0.7,0.110236235175,-0.401098204131));
#1815 = CARTESIAN_POINT('',(-0.7,0.120813633916,-0.400423973215));
#1816 = CARTESIAN_POINT('',(-0.7,0.131799596302,-0.40011548393));
#1817 = CARTESIAN_POINT('',(-0.7,0.143163473171,-0.400024332126));
#1818 = CARTESIAN_POINT('',(-0.7,0.157090142747,-0.400000522919));
#1819 = CARTESIAN_POINT('',(-0.7,0.159316405113,-0.399999629275));
#1820 = CARTESIAN_POINT('',(-0.7,0.161554644582,-0.399999079097));
#1821 = CARTESIAN_POINT('',(-0.7,0.163804728386,-0.399998118813));
#1822 = CARTESIAN_POINT('',(-0.7,0.166069066734,-0.400008059537));
#1823 = CARTESIAN_POINT('',(-0.7,0.168341096143,-0.399998148494));
#1824 = CARTESIAN_POINT('',(-0.7,0.170622656742,-0.399976986255));
#1825 = CARTESIAN_POINT('',(-0.7,0.173770118906,-0.399917115));
#1826 = CARTESIAN_POINT('',(-0.7,0.174629925589,-0.399897725143));
#1827 = CARTESIAN_POINT('',(-0.7,0.175490726837,-0.399874947171));
#1828 = CARTESIAN_POINT('',(-0.7,0.176352449748,-0.399848447829));
#1829 = CARTESIAN_POINT('',(-0.7,0.177215021424,-0.399817893857));
#1830 = CARTESIAN_POINT('',(-0.7,0.178078368964,-0.399782952));
#1831 = CARTESIAN_POINT('',(-0.7,0.178942419469,-0.399743289));
#1832 = CARTESIAN_POINT('',(-0.7,0.1842794686,-0.399467280761));
#1833 = CARTESIAN_POINT('',(-0.7,0.188767680801,-0.39910077383));
#1834 = CARTESIAN_POINT('',(-0.7,0.193262001354,-0.398553187482));
#1835 = CARTESIAN_POINT('',(-0.7,0.197752237792,-0.397778424404));
#1836 = CARTESIAN_POINT('',(-0.7,0.202227787375,-0.396730527543));
#1837 = CARTESIAN_POINT('',(-0.7,0.206677683986,-0.39536405435));
#1838 = CARTESIAN_POINT('',(-0.7,0.211090645036,-0.393634451033));
#1839 = CARTESIAN_POINT('',(-0.7,0.21821828665,-0.39014609996));
#1840 = CARTESIAN_POINT('',(-0.7,0.220961986315,-0.38863103645));
#1841 = CARTESIAN_POINT('',(-0.7,0.223683201072,-0.386942101276));
#1842 = CARTESIAN_POINT('',(-0.7,0.226378888315,-0.385068662027));
#1843 = CARTESIAN_POINT('',(-0.7,0.22904597912,-0.383000588874));
#1844 = CARTESIAN_POINT('',(-0.7,0.231681378246,-0.380728254566));
#1845 = CARTESIAN_POINT('',(-0.7,0.234281964132,-0.378242534437));
#1846 = CARTESIAN_POINT('',(-0.7,0.242088574129,-0.369993891472));
#1847 = CARTESIAN_POINT('',(-0.7,0.24717485453,-0.363522857795));
#1848 = CARTESIAN_POINT('',(-0.7,0.252075158635,-0.356050235495));
#1849 = CARTESIAN_POINT('',(-0.7,0.256763104929,-0.347519166671));
#1850 = CARTESIAN_POINT('',(-0.7,0.261214984043,-0.337890245803));
#1851 = CARTESIAN_POINT('',(-0.7,0.265410540946,-0.327144360158));
#1852 = CARTESIAN_POINT('',(-0.7,0.269333757131,-0.315285530202));
#1853 = CARTESIAN_POINT('',(-0.7,0.277049981861,-0.287850064494));
#1854 = CARTESIAN_POINT('',(-0.7,0.280772241003,-0.271992738608));
#1855 = CARTESIAN_POINT('',(-0.7,0.284124850162,-0.254810330663));
#1856 = CARTESIAN_POINT('',(-0.7,0.287102751627,-0.236366413187));
#1857 = CARTESIAN_POINT('',(-0.7,0.289709286688,-0.216742737437));
#1858 = CARTESIAN_POINT('',(-0.7,0.291954092274,-0.196032397931));
#1859 = CARTESIAN_POINT('',(-0.7,0.293850997591,-0.174332996976));
#1860 = CARTESIAN_POINT('',(-0.7,0.295956615196,-0.143933668238));
#1861 = CARTESIAN_POINT('',(-0.7,0.296457723202,-0.13602021932));
#1862 = CARTESIAN_POINT('',(-0.7,0.296919930577,-0.128003202594));
#1863 = CARTESIAN_POINT('',(-0.7,0.297343939725,-0.119886265546));
#1864 = CARTESIAN_POINT('',(-0.7,0.297730469654,-0.111672963004));
#1865 = CARTESIAN_POINT('',(-0.7,0.298080255978,-0.103366757136));
#1866 = CARTESIAN_POINT('',(-0.7,0.298394050918,-9.497101745174E-02));
#1867 = CARTESIAN_POINT('',(-0.7,0.298810822969,-8.2281105E-02));
#1868 = CARTESIAN_POINT('',(-0.7,0.298941068076,-7.803015814285E-02));
#1869 = CARTESIAN_POINT('',(-0.7,0.29906330247,-7.373592353571E-02));
#1870 = CARTESIAN_POINT('',(-0.7,0.299177469999,-6.939814448571E-02));
#1871 = CARTESIAN_POINT('',(-0.7,0.299283514512,-6.50165643E-02));
#1872 = CARTESIAN_POINT('',(-0.7,0.299381379857,-6.059092628571E-02));
#1873 = CARTESIAN_POINT('',(-0.7,0.299471009883,-5.612097375E-02));
#1874 = CARTESIAN_POINT('',(-0.7,0.299644473618,-4.649323747491E-02));
#1875 = CARTESIAN_POINT('',(-0.7,0.299725402947,-4.135480810154E-02));
#1876 = CARTESIAN_POINT('',(-0.7,0.299795294782,-3.618482256558E-02));
#1877 = CARTESIAN_POINT('',(-0.7,0.299854256023,-3.100661540614E-02));
#1878 = CARTESIAN_POINT('',(-0.7,0.29990252188,-2.577683207478E-02));
#1879 = CARTESIAN_POINT('',(-0.7,0.299940125899,-2.055088688517E-02));
#1880 = CARTESIAN_POINT('',(-0.7,0.299967304897,-1.528444482161E-02));
#1881 = CARTESIAN_POINT('',(-0.7,0.29998416172,-1.E-02));
#1882 = ORIENTED_EDGE('',*,*,#1883,.F.);
#1883 = EDGE_CURVE('',#1884,#1772,#1886,.T.);
#1884 = VERTEX_POINT('',#1885);
#1885 = CARTESIAN_POINT('',(-1.2,-0.,-1.05));
#1886 = LINE('',#1887,#1888);
#1887 = CARTESIAN_POINT('',(-5.,0.,-1.05));
#1888 = VECTOR('',#1889,1.);
#1889 = DIRECTION('',(1.,0.,0.));
#1890 = ORIENTED_EDGE('',*,*,#1891,.T.);
#1891 = EDGE_CURVE('',#1884,#1892,#1894,.T.);
#1892 = VERTEX_POINT('',#1893);
#1893 = CARTESIAN_POINT('',(-1.2,0.29998416172,-1.E-02));
#1894 = B_SPLINE_CURVE_WITH_KNOTS('',8,(#1895,#1896,#1897,#1898,#1899,
    #1900,#1901,#1902,#1903,#1904,#1905,#1906,#1907,#1908,#1909,#1910,
    #1911,#1912,#1913,#1914,#1915,#1916,#1917,#1918,#1919,#1920,#1921,
    #1922,#1923,#1924,#1925,#1926,#1927,#1928,#1929,#1930,#1931,#1932,
    #1933,#1934,#1935,#1936,#1937,#1938,#1939,#1940,#1941,#1942,#1943,
    #1944,#1945,#1946,#1947,#1948,#1949,#1950,#1951,#1952,#1953,#1954,
    #1955,#1956,#1957,#1958,#1959,#1960,#1961,#1962,#1963,#1964,#1965,
    #1966,#1967,#1968,#1969,#1970,#1971,#1972,#1973,#1974,#1975,#1976,
    #1977,#1978,#1979,#1980,#1981,#1982,#1983,#1984,#1985,#1986,#1987,
    #1988,#1989,#1990,#1991,#1992,#1993,#1994,#1995,#1996,#1997,#1998,
    #1999,#2000,#2001),.UNSPECIFIED.,.F.,.F.,(9,7,7,7,7,7,7,7,7,7,7,7,7,
    7,7,9),(0.,8.392785570884E-02,0.200438372797,0.332405666857,
    0.373030400593,0.494742317424,0.650461783931,0.679892773076,
    0.69093541355,0.748051023512,0.78421118084,0.858206926641,
    0.941075825022,0.969707743127,0.983912028453,1.),.UNSPECIFIED.);
#1895 = CARTESIAN_POINT('',(-1.2,-1.E-17,-1.05));
#1896 = CARTESIAN_POINT('',(-1.2,-1.E-17,-1.023251689692));
#1897 = CARTESIAN_POINT('',(-1.2,3.2908256E-10,-0.996887621307));
#1898 = CARTESIAN_POINT('',(-1.2,2.53193030033E-06,-0.970935462055));
#1899 = CARTESIAN_POINT('',(-1.2,1.056451574517E-05,-0.945425970699));
#1900 = CARTESIAN_POINT('',(-1.2,2.758676908377E-05,-0.920392474074));
#1901 = CARTESIAN_POINT('',(-1.2,5.768654809331E-05,-0.895870343598));
#1902 = CARTESIAN_POINT('',(-1.2,1.056310871971E-04,-0.871896471793));
#1903 = CARTESIAN_POINT('',(-1.2,2.759498149154E-04,-0.816041391253));
#1904 = CARTESIAN_POINT('',(-1.2,4.199902218519E-04,-0.784698714815));
#1905 = CARTESIAN_POINT('',(-1.2,6.239149670325E-04,-0.754589003711));
#1906 = CARTESIAN_POINT('',(-1.2,9.05139457403E-04,-0.725820346173));
#1907 = CARTESIAN_POINT('',(-1.2,1.284272722532E-03,-0.698495221453));
#1908 = CARTESIAN_POINT('',(-1.2,1.785094186284E-03,-0.672703786085));
#1909 = CARTESIAN_POINT('',(-1.2,2.433882448258E-03,-0.648515859411));
#1910 = CARTESIAN_POINT('',(-1.2,4.191653360357E-03,-0.600436541814));
#1911 = CARTESIAN_POINT('',(-1.2,5.350667230259E-03,-0.576999343243));
#1912 = CARTESIAN_POINT('',(-1.2,6.774903839664E-03,-0.555729203389));
#1913 = CARTESIAN_POINT('',(-1.2,8.506694014711E-03,-0.536619041492));
#1914 = CARTESIAN_POINT('',(-1.2,1.058897758313E-02,-0.519588096567));
#1915 = CARTESIAN_POINT('',(-1.2,1.306349995148E-02,-0.504489545409));
#1916 = CARTESIAN_POINT('',(-1.2,1.59691609293E-02,-0.491123147342));
#1917 = CARTESIAN_POINT('',(-1.2,2.037835168902E-02,-0.475598790613));
#1918 = CARTESIAN_POINT('',(-1.2,2.14602733058E-02,-0.472086702884));
#1919 = CARTESIAN_POINT('',(-1.2,2.258822701739E-02,-0.468706023668));
#1920 = CARTESIAN_POINT('',(-1.2,2.376113189908E-02,-0.465458244105));
#1921 = CARTESIAN_POINT('',(-1.2,2.498219856402E-02,-0.462326824087));
#1922 = CARTESIAN_POINT('',(-1.2,2.625341489663E-02,-0.459299853776));
#1923 = CARTESIAN_POINT('',(-1.2,2.757103872909E-02,-0.456388715977));
#1924 = CARTESIAN_POINT('',(-1.2,3.302518142629E-02,-0.445188798379));
#1925 = CARTESIAN_POINT('',(-1.2,3.753677393438E-02,-0.437772198573));
#1926 = CARTESIAN_POINT('',(-1.2,4.245763135173E-02,-0.43128123812));
#1927 = CARTESIAN_POINT('',(-1.2,4.777317662367E-02,-0.425655179271));
#1928 = CARTESIAN_POINT('',(-1.2,5.346778864551E-02,-0.420828774657));
#1929 = CARTESIAN_POINT('',(-1.2,5.952525159465E-02,-0.416733595438));
#1930 = CARTESIAN_POINT('',(-1.2,6.59292042627E-02,-0.413299359464));
#1931 = CARTESIAN_POINT('',(-1.2,8.127963033233E-02,-0.406816488885));
#1932 = CARTESIAN_POINT('',(-1.2,9.043606156147E-02,-0.404143960461));
#1933 = CARTESIAN_POINT('',(-1.2,0.100099402562,-0.402288021983));
#1934 = CARTESIAN_POINT('',(-1.2,0.110236235175,-0.401098204131));
#1935 = CARTESIAN_POINT('',(-1.2,0.120813633916,-0.400423973215));
#1936 = CARTESIAN_POINT('',(-1.2,0.131799596302,-0.40011548393));
#1937 = CARTESIAN_POINT('',(-1.2,0.143163473171,-0.400024332126));
#1938 = CARTESIAN_POINT('',(-1.2,0.157090142747,-0.400000522919));
#1939 = CARTESIAN_POINT('',(-1.2,0.159316405113,-0.399999629275));
#1940 = CARTESIAN_POINT('',(-1.2,0.161554644583,-0.399999079097));
#1941 = CARTESIAN_POINT('',(-1.2,0.163804728384,-0.399998118813));
#1942 = CARTESIAN_POINT('',(-1.2,0.166069066735,-0.400008059537));
#1943 = CARTESIAN_POINT('',(-1.2,0.168341096143,-0.399998148494));
#1944 = CARTESIAN_POINT('',(-1.2,0.170622656743,-0.399976986255));
#1945 = CARTESIAN_POINT('',(-1.2,0.173770118906,-0.399917115));
#1946 = CARTESIAN_POINT('',(-1.2,0.174629925589,-0.399897725143));
#1947 = CARTESIAN_POINT('',(-1.2,0.175490726837,-0.399874947171));
#1948 = CARTESIAN_POINT('',(-1.2,0.176352449748,-0.399848447829));
#1949 = CARTESIAN_POINT('',(-1.2,0.177215021424,-0.399817893857));
#1950 = CARTESIAN_POINT('',(-1.2,0.178078368964,-0.399782952));
#1951 = CARTESIAN_POINT('',(-1.2,0.178942419469,-0.399743289));
#1952 = CARTESIAN_POINT('',(-1.2,0.1842794686,-0.399467280761));
#1953 = CARTESIAN_POINT('',(-1.2,0.188767680801,-0.39910077383));
#1954 = CARTESIAN_POINT('',(-1.2,0.193262001354,-0.398553187482));
#1955 = CARTESIAN_POINT('',(-1.2,0.197752237792,-0.397778424404));
#1956 = CARTESIAN_POINT('',(-1.2,0.202227787375,-0.396730527543));
#1957 = CARTESIAN_POINT('',(-1.2,0.206677683986,-0.39536405435));
#1958 = CARTESIAN_POINT('',(-1.2,0.211090645036,-0.393634451033));
#1959 = CARTESIAN_POINT('',(-1.2,0.21821828665,-0.39014609996));
#1960 = CARTESIAN_POINT('',(-1.2,0.220961986315,-0.38863103645));
#1961 = CARTESIAN_POINT('',(-1.2,0.223683201072,-0.386942101276));
#1962 = CARTESIAN_POINT('',(-1.2,0.226378888315,-0.385068662027));
#1963 = CARTESIAN_POINT('',(-1.2,0.22904597912,-0.383000588874));
#1964 = CARTESIAN_POINT('',(-1.2,0.231681378246,-0.380728254566));
#1965 = CARTESIAN_POINT('',(-1.2,0.234281964132,-0.378242534437));
#1966 = CARTESIAN_POINT('',(-1.2,0.242088574129,-0.369993891472));
#1967 = CARTESIAN_POINT('',(-1.2,0.24717485453,-0.363522857795));
#1968 = CARTESIAN_POINT('',(-1.2,0.252075158635,-0.356050235495));
#1969 = CARTESIAN_POINT('',(-1.2,0.256763104929,-0.347519166671));
#1970 = CARTESIAN_POINT('',(-1.2,0.261214984043,-0.337890245803));
#1971 = CARTESIAN_POINT('',(-1.2,0.265410540946,-0.327144360158));
#1972 = CARTESIAN_POINT('',(-1.2,0.269333757131,-0.315285530202));
#1973 = CARTESIAN_POINT('',(-1.2,0.277049981861,-0.287850064494));
#1974 = CARTESIAN_POINT('',(-1.2,0.280772241003,-0.271992738608));
#1975 = CARTESIAN_POINT('',(-1.2,0.284124850162,-0.254810330663));
#1976 = CARTESIAN_POINT('',(-1.2,0.287102751627,-0.236366413187));
#1977 = CARTESIAN_POINT('',(-1.2,0.289709286688,-0.216742737437));
#1978 = CARTESIAN_POINT('',(-1.2,0.291954092274,-0.196032397931));
#1979 = CARTESIAN_POINT('',(-1.2,0.293850997591,-0.174332996976));
#1980 = CARTESIAN_POINT('',(-1.2,0.295956615196,-0.143933668238));
#1981 = CARTESIAN_POINT('',(-1.2,0.296457723202,-0.13602021932));
#1982 = CARTESIAN_POINT('',(-1.2,0.296919930577,-0.128003202594));
#1983 = CARTESIAN_POINT('',(-1.2,0.297343939725,-0.119886265546));
#1984 = CARTESIAN_POINT('',(-1.2,0.297730469654,-0.111672963004));
#1985 = CARTESIAN_POINT('',(-1.2,0.298080255978,-0.103366757136));
#1986 = CARTESIAN_POINT('',(-1.2,0.298394050918,-9.497101745174E-02));
#1987 = CARTESIAN_POINT('',(-1.2,0.298810822969,-8.2281105E-02));
#1988 = CARTESIAN_POINT('',(-1.2,0.298941068076,-7.803015814285E-02));
#1989 = CARTESIAN_POINT('',(-1.2,0.29906330247,-7.373592353571E-02));
#1990 = CARTESIAN_POINT('',(-1.2,0.299177469999,-6.939814448571E-02));
#1991 = CARTESIAN_POINT('',(-1.2,0.299283514512,-6.50165643E-02));
#1992 = CARTESIAN_POINT('',(-1.2,0.299381379857,-6.059092628571E-02));
#1993 = CARTESIAN_POINT('',(-1.2,0.299471009883,-5.612097375E-02));
#1994 = CARTESIAN_POINT('',(-1.2,0.299644473618,-4.64932374751E-02));
#1995 = CARTESIAN_POINT('',(-1.2,0.299725402947,-4.135480810064E-02));
#1996 = CARTESIAN_POINT('',(-1.2,0.299795294782,-3.61848225676E-02));
#1997 = CARTESIAN_POINT('',(-1.2,0.299854256023,-3.100661540345E-02));
#1998 = CARTESIAN_POINT('',(-1.2,0.29990252188,-2.577683207699E-02));
#1999 = CARTESIAN_POINT('',(-1.2,0.299940125899,-2.055088688407E-02));
#2000 = CARTESIAN_POINT('',(-1.2,0.299967304897,-1.528444482188E-02));
#2001 = CARTESIAN_POINT('',(-1.2,0.29998416172,-1.E-02));
#2002 = ORIENTED_EDGE('',*,*,#2003,.T.);
#2003 = EDGE_CURVE('',#1892,#2004,#2006,.T.);
#2004 = VERTEX_POINT('',#2005);
#2005 = CARTESIAN_POINT('',(-1.4,0.29998416172,-1.E-02));
#2006 = B_SPLINE_CURVE_WITH_KNOTS('',1,(#2007,#2008),.UNSPECIFIED.,.F.,
  .F.,(2,2),(0.,1.),.PIECEWISE_BEZIER_KNOTS.);
#2007 = CARTESIAN_POINT('',(-1.2,0.29998416172,-1.E-02));
#2008 = CARTESIAN_POINT('',(-1.4,0.29998416172,-1.E-02));
#2009 = ORIENTED_EDGE('',*,*,#2010,.F.);
#2010 = EDGE_CURVE('',#2011,#2004,#2013,.T.);
#2011 = VERTEX_POINT('',#2012);
#2012 = CARTESIAN_POINT('',(-1.4,-0.,-1.05));
#2013 = B_SPLINE_CURVE_WITH_KNOTS('',8,(#2014,#2015,#2016,#2017,#2018,
    #2019,#2020,#2021,#2022,#2023,#2024,#2025,#2026,#2027,#2028,#2029,
    #2030,#2031,#2032,#2033,#2034,#2035,#2036,#2037,#2038,#2039,#2040,
    #2041,#2042,#2043,#2044,#2045,#2046,#2047,#2048,#2049,#2050,#2051,
    #2052,#2053,#2054,#2055,#2056,#2057,#2058,#2059,#2060,#2061,#2062,
    #2063,#2064,#2065,#2066,#2067,#2068,#2069,#2070,#2071,#2072,#2073,
    #2074,#2075,#2076,#2077,#2078,#2079,#2080,#2081,#2082,#2083,#2084,
    #2085,#2086,#2087,#2088,#2089,#2090,#2091,#2092,#2093,#2094,#2095,
    #2096,#2097,#2098,#2099,#2100,#2101,#2102,#2103,#2104,#2105,#2106,
    #2107,#2108,#2109,#2110,#2111,#2112,#2113,#2114,#2115,#2116,#2117,
    #2118,#2119,#2120),.UNSPECIFIED.,.F.,.F.,(9,7,7,7,7,7,7,7,7,7,7,7,7,
    7,7,9),(0.,8.392785571204E-02,0.200438372805,0.332405666871,
    0.373030400609,0.494742317445,0.650461783959,0.679892773103,
    0.690935413576,0.748051023532,0.784211180858,0.858206926653,
    0.941075825026,0.969707743129,0.983912028454,1.),.UNSPECIFIED.);
#2014 = CARTESIAN_POINT('',(-1.4,-1.E-17,-1.05));
#2015 = CARTESIAN_POINT('',(-1.4,-1.E-17,-1.023251689692));
#2016 = CARTESIAN_POINT('',(-1.4,3.2908254E-10,-0.996887621307));
#2017 = CARTESIAN_POINT('',(-1.4,2.53193030032E-06,-0.970935462055));
#2018 = CARTESIAN_POINT('',(-1.4,1.056451574519E-05,-0.945425970699));
#2019 = CARTESIAN_POINT('',(-1.4,2.758676908381E-05,-0.920392474074));
#2020 = CARTESIAN_POINT('',(-1.4,5.768654809332E-05,-0.895870343598));
#2021 = CARTESIAN_POINT('',(-1.4,1.05631087197E-04,-0.871896471793));
#2022 = CARTESIAN_POINT('',(-1.4,2.759498149156E-04,-0.816041391253));
#2023 = CARTESIAN_POINT('',(-1.4,4.199902218486E-04,-0.784698714815));
#2024 = CARTESIAN_POINT('',(-1.4,6.239149670341E-04,-0.754589003711));
#2025 = CARTESIAN_POINT('',(-1.4,9.051394574073E-04,-0.725820346173));
#2026 = CARTESIAN_POINT('',(-1.4,1.284272722532E-03,-0.698495221453));
#2027 = CARTESIAN_POINT('',(-1.4,1.785094186279E-03,-0.672703786085));
#2028 = CARTESIAN_POINT('',(-1.4,2.433882448259E-03,-0.648515859411));
#2029 = CARTESIAN_POINT('',(-1.4,4.191653360356E-03,-0.600436541814));
#2030 = CARTESIAN_POINT('',(-1.4,5.350667230258E-03,-0.576999343243));
#2031 = CARTESIAN_POINT('',(-1.4,6.774903839665E-03,-0.555729203389));
#2032 = CARTESIAN_POINT('',(-1.4,8.506694014712E-03,-0.536619041492));
#2033 = CARTESIAN_POINT('',(-1.4,1.058897758313E-02,-0.519588096567));
#2034 = CARTESIAN_POINT('',(-1.4,1.306349995148E-02,-0.504489545409));
#2035 = CARTESIAN_POINT('',(-1.4,1.59691609293E-02,-0.491123147342));
#2036 = CARTESIAN_POINT('',(-1.4,2.037835168904E-02,-0.475598790613));
#2037 = CARTESIAN_POINT('',(-1.4,2.146027330575E-02,-0.472086702884));
#2038 = CARTESIAN_POINT('',(-1.4,2.258822701744E-02,-0.468706023668));
#2039 = CARTESIAN_POINT('',(-1.4,2.376113189908E-02,-0.465458244105));
#2040 = CARTESIAN_POINT('',(-1.4,2.498219856397E-02,-0.462326824087));
#2041 = CARTESIAN_POINT('',(-1.4,2.625341489668E-02,-0.459299853775));
#2042 = CARTESIAN_POINT('',(-1.4,2.757103872908E-02,-0.456388715977));
#2043 = CARTESIAN_POINT('',(-1.4,3.302518142629E-02,-0.445188798379));
#2044 = CARTESIAN_POINT('',(-1.4,3.753677393438E-02,-0.437772198573));
#2045 = CARTESIAN_POINT('',(-1.4,4.245763135173E-02,-0.43128123812));
#2046 = CARTESIAN_POINT('',(-1.4,4.777317662367E-02,-0.425655179271));
#2047 = CARTESIAN_POINT('',(-1.4,5.346778864551E-02,-0.420828774657));
#2048 = CARTESIAN_POINT('',(-1.4,5.952525159466E-02,-0.416733595438));
#2049 = CARTESIAN_POINT('',(-1.4,6.592920426269E-02,-0.413299359464));
#2050 = CARTESIAN_POINT('',(-1.4,8.127963033233E-02,-0.406816488885));
#2051 = CARTESIAN_POINT('',(-1.4,9.043606156147E-02,-0.404143960461));
#2052 = CARTESIAN_POINT('',(-1.4,0.100099402562,-0.402288021983));
#2053 = CARTESIAN_POINT('',(-1.4,0.110236235175,-0.401098204131));
#2054 = CARTESIAN_POINT('',(-1.4,0.120813633916,-0.400423973215));
#2055 = CARTESIAN_POINT('',(-1.4,0.131799596302,-0.40011548393));
#2056 = CARTESIAN_POINT('',(-1.4,0.143163473171,-0.400024332126));
#2057 = CARTESIAN_POINT('',(-1.4,0.157090142747,-0.400000522919));
#2058 = CARTESIAN_POINT('',(-1.4,0.159316405113,-0.399999629275));
#2059 = CARTESIAN_POINT('',(-1.4,0.161554644582,-0.399999079097));
#2060 = CARTESIAN_POINT('',(-1.4,0.163804728386,-0.399998118813));
#2061 = CARTESIAN_POINT('',(-1.4,0.166069066734,-0.400008059537));
#2062 = CARTESIAN_POINT('',(-1.4,0.168341096143,-0.399998148494));
#2063 = CARTESIAN_POINT('',(-1.4,0.170622656742,-0.399976986255));
#2064 = CARTESIAN_POINT('',(-1.4,0.173770118906,-0.399917115));
#2065 = CARTESIAN_POINT('',(-1.4,0.174629925589,-0.399897725143));
#2066 = CARTESIAN_POINT('',(-1.4,0.175490726837,-0.399874947171));
#2067 = CARTESIAN_POINT('',(-1.4,0.176352449748,-0.399848447829));
#2068 = CARTESIAN_POINT('',(-1.4,0.177215021424,-0.399817893857));
#2069 = CARTESIAN_POINT('',(-1.4,0.178078368964,-0.399782952));
#2070 = CARTESIAN_POINT('',(-1.4,0.178942419469,-0.399743289));
#2071 = CARTESIAN_POINT('',(-1.4,0.1842794686,-0.399467280761));
#2072 = CARTESIAN_POINT('',(-1.4,0.188767680801,-0.39910077383));
#2073 = CARTESIAN_POINT('',(-1.4,0.193262001354,-0.398553187482));
#2074 = CARTESIAN_POINT('',(-1.4,0.197752237792,-0.397778424404));
#2075 = CARTESIAN_POINT('',(-1.4,0.202227787375,-0.396730527543));
#2076 = CARTESIAN_POINT('',(-1.4,0.206677683986,-0.39536405435));
#2077 = CARTESIAN_POINT('',(-1.4,0.211090645036,-0.393634451033));
#2078 = CARTESIAN_POINT('',(-1.4,0.21821828665,-0.39014609996));
#2079 = CARTESIAN_POINT('',(-1.4,0.220961986315,-0.38863103645));
#2080 = CARTESIAN_POINT('',(-1.4,0.223683201072,-0.386942101276));
#2081 = CARTESIAN_POINT('',(-1.4,0.226378888315,-0.385068662027));
#2082 = CARTESIAN_POINT('',(-1.4,0.22904597912,-0.383000588874));
#2083 = CARTESIAN_POINT('',(-1.4,0.231681378246,-0.380728254566));
#2084 = CARTESIAN_POINT('',(-1.4,0.234281964132,-0.378242534437));
#2085 = CARTESIAN_POINT('',(-1.4,0.242088574129,-0.369993891472));
#2086 = CARTESIAN_POINT('',(-1.4,0.24717485453,-0.363522857795));
#2087 = CARTESIAN_POINT('',(-1.4,0.252075158635,-0.356050235495));
#2088 = CARTESIAN_POINT('',(-1.4,0.256763104929,-0.347519166671));
#2089 = CARTESIAN_POINT('',(-1.4,0.261214984043,-0.337890245803));
#2090 = CARTESIAN_POINT('',(-1.4,0.265410540946,-0.327144360158));
#2091 = CARTESIAN_POINT('',(-1.4,0.269333757131,-0.315285530202));
#2092 = CARTESIAN_POINT('',(-1.4,0.277049981861,-0.287850064494));
#2093 = CARTESIAN_POINT('',(-1.4,0.280772241003,-0.271992738608));
#2094 = CARTESIAN_POINT('',(-1.4,0.284124850162,-0.254810330663));
#2095 = CARTESIAN_POINT('',(-1.4,0.287102751627,-0.236366413187));
#2096 = CARTESIAN_POINT('',(-1.4,0.289709286688,-0.216742737437));
#2097 = CARTESIAN_POINT('',(-1.4,0.291954092274,-0.196032397931));
#2098 = CARTESIAN_POINT('',(-1.4,0.293850997591,-0.174332996976));
#2099 = CARTESIAN_POINT('',(-1.4,0.295956615196,-0.143933668238));
#2100 = CARTESIAN_POINT('',(-1.4,0.296457723202,-0.13602021932));
#2101 = CARTESIAN_POINT('',(-1.4,0.296919930577,-0.128003202594));
#2102 = CARTESIAN_POINT('',(-1.4,0.297343939725,-0.119886265546));
#2103 = CARTESIAN_POINT('',(-1.4,0.297730469654,-0.111672963004));
#2104 = CARTESIAN_POINT('',(-1.4,0.298080255978,-0.103366757136));
#2105 = CARTESIAN_POINT('',(-1.4,0.298394050918,-9.497101745174E-02));
#2106 = CARTESIAN_POINT('',(-1.4,0.298810822969,-8.2281105E-02));
#2107 = CARTESIAN_POINT('',(-1.4,0.298941068076,-7.803015814285E-02));
#2108 = CARTESIAN_POINT('',(-1.4,0.29906330247,-7.373592353571E-02));
#2109 = CARTESIAN_POINT('',(-1.4,0.299177469999,-6.939814448571E-02));
#2110 = CARTESIAN_POINT('',(-1.4,0.299283514512,-6.50165643E-02));
#2111 = CARTESIAN_POINT('',(-1.4,0.299381379857,-6.059092628571E-02));
#2112 = CARTESIAN_POINT('',(-1.4,0.299471009883,-5.612097375E-02));
#2113 = CARTESIAN_POINT('',(-1.4,0.299644473618,-4.649323747491E-02));
#2114 = CARTESIAN_POINT('',(-1.4,0.299725402947,-4.135480810154E-02));
#2115 = CARTESIAN_POINT('',(-1.4,0.299795294782,-3.618482256558E-02));
#2116 = CARTESIAN_POINT('',(-1.4,0.299854256023,-3.100661540614E-02));
#2117 = CARTESIAN_POINT('',(-1.4,0.29990252188,-2.577683207478E-02));
#2118 = CARTESIAN_POINT('',(-1.4,0.299940125899,-2.055088688517E-02));
#2119 = CARTESIAN_POINT('',(-1.4,0.299967304897,-1.528444482161E-02));
#2120 = CARTESIAN_POINT('',(-1.4,0.29998416172,-1.E-02));
#2121 = ORIENTED_EDGE('',*,*,#2122,.F.);
#2122 = EDGE_CURVE('',#2123,#2011,#2125,.T.);
#2123 = VERTEX_POINT('',#2124);
#2124 = CARTESIAN_POINT('',(-1.9,-0.,-1.05));
#2125 = LINE('',#2126,#2127);
#2126 = CARTESIAN_POINT('',(-5.,0.,-1.05));
#2127 = VECTOR('',#2128,1.);
#2128 = DIRECTION('',(1.,0.,0.));
#2129 = ORIENTED_EDGE('',*,*,#2130,.T.);
#2130 = EDGE_CURVE('',#2123,#2131,#2133,.T.);
#2131 = VERTEX_POINT('',#2132);
#2132 = CARTESIAN_POINT('',(-1.9,0.29998416172,-1.E-02));
#2133 = B_SPLINE_CURVE_WITH_KNOTS('',8,(#2134,#2135,#2136,#2137,#2138,
    #2139,#2140,#2141,#2142,#2143,#2144,#2145,#2146,#2147,#2148,#2149,
    #2150,#2151,#2152,#2153,#2154,#2155,#2156,#2157,#2158,#2159,#2160,
    #2161,#2162,#2163,#2164,#2165,#2166,#2167,#2168,#2169,#2170,#2171,
    #2172,#2173,#2174,#2175,#2176,#2177,#2178,#2179,#2180,#2181,#2182,
    #2183,#2184,#2185,#2186,#2187,#2188,#2189,#2190,#2191,#2192,#2193,
    #2194,#2195,#2196,#2197,#2198,#2199,#2200,#2201,#2202,#2203,#2204,
    #2205,#2206,#2207,#2208,#2209,#2210,#2211,#2212,#2213,#2214,#2215,
    #2216,#2217,#2218,#2219,#2220,#2221,#2222,#2223,#2224,#2225,#2226,
    #2227,#2228,#2229,#2230,#2231,#2232,#2233,#2234,#2235,#2236,#2237,
    #2238,#2239,#2240),.UNSPECIFIED.,.F.,.F.,(9,7,7,7,7,7,7,7,7,7,7,7,7,
    7,7,9),(0.,8.392785570884E-02,0.200438372797,0.332405666857,
    0.373030400593,0.494742317424,0.650461783931,0.679892773076,
    0.69093541355,0.748051023512,0.78421118084,0.858206926641,
    0.941075825022,0.969707743127,0.983912028453,1.),.UNSPECIFIED.);
#2134 = CARTESIAN_POINT('',(-1.9,-1.E-17,-1.05));
#2135 = CARTESIAN_POINT('',(-1.9,-1.E-17,-1.023251689692));
#2136 = CARTESIAN_POINT('',(-1.9,3.2908256E-10,-0.996887621307));
#2137 = CARTESIAN_POINT('',(-1.9,2.53193030033E-06,-0.970935462055));
#2138 = CARTESIAN_POINT('',(-1.9,1.056451574517E-05,-0.945425970699));
#2139 = CARTESIAN_POINT('',(-1.9,2.758676908377E-05,-0.920392474074));
#2140 = CARTESIAN_POINT('',(-1.9,5.768654809331E-05,-0.895870343598));
#2141 = CARTESIAN_POINT('',(-1.9,1.056310871971E-04,-0.871896471793));
#2142 = CARTESIAN_POINT('',(-1.9,2.759498149154E-04,-0.816041391253));
#2143 = CARTESIAN_POINT('',(-1.9,4.199902218519E-04,-0.784698714815));
#2144 = CARTESIAN_POINT('',(-1.9,6.239149670325E-04,-0.754589003711));
#2145 = CARTESIAN_POINT('',(-1.9,9.05139457403E-04,-0.725820346173));
#2146 = CARTESIAN_POINT('',(-1.9,1.284272722532E-03,-0.698495221453));
#2147 = CARTESIAN_POINT('',(-1.9,1.785094186284E-03,-0.672703786085));
#2148 = CARTESIAN_POINT('',(-1.9,2.433882448258E-03,-0.648515859411));
#2149 = CARTESIAN_POINT('',(-1.9,4.191653360357E-03,-0.600436541814));
#2150 = CARTESIAN_POINT('',(-1.9,5.350667230259E-03,-0.576999343243));
#2151 = CARTESIAN_POINT('',(-1.9,6.774903839664E-03,-0.555729203389));
#2152 = CARTESIAN_POINT('',(-1.9,8.506694014711E-03,-0.536619041492));
#2153 = CARTESIAN_POINT('',(-1.9,1.058897758313E-02,-0.519588096567));
#2154 = CARTESIAN_POINT('',(-1.9,1.306349995148E-02,-0.504489545409));
#2155 = CARTESIAN_POINT('',(-1.9,1.59691609293E-02,-0.491123147342));
#2156 = CARTESIAN_POINT('',(-1.9,2.037835168902E-02,-0.475598790613));
#2157 = CARTESIAN_POINT('',(-1.9,2.14602733058E-02,-0.472086702884));
#2158 = CARTESIAN_POINT('',(-1.9,2.258822701739E-02,-0.468706023668));
#2159 = CARTESIAN_POINT('',(-1.9,2.376113189908E-02,-0.465458244105));
#2160 = CARTESIAN_POINT('',(-1.9,2.498219856402E-02,-0.462326824087));
#2161 = CARTESIAN_POINT('',(-1.9,2.625341489663E-02,-0.459299853776));
#2162 = CARTESIAN_POINT('',(-1.9,2.757103872909E-02,-0.456388715977));
#2163 = CARTESIAN_POINT('',(-1.9,3.302518142629E-02,-0.445188798379));
#2164 = CARTESIAN_POINT('',(-1.9,3.753677393438E-02,-0.437772198573));
#2165 = CARTESIAN_POINT('',(-1.9,4.245763135173E-02,-0.43128123812));
#2166 = CARTESIAN_POINT('',(-1.9,4.777317662367E-02,-0.425655179271));
#2167 = CARTESIAN_POINT('',(-1.9,5.346778864551E-02,-0.420828774657));
#2168 = CARTESIAN_POINT('',(-1.9,5.952525159465E-02,-0.416733595438));
#2169 = CARTESIAN_POINT('',(-1.9,6.59292042627E-02,-0.413299359464));
#2170 = CARTESIAN_POINT('',(-1.9,8.127963033233E-02,-0.406816488885));
#2171 = CARTESIAN_POINT('',(-1.9,9.043606156147E-02,-0.404143960461));
#2172 = CARTESIAN_POINT('',(-1.9,0.100099402562,-0.402288021983));
#2173 = CARTESIAN_POINT('',(-1.9,0.110236235175,-0.401098204131));
#2174 = CARTESIAN_POINT('',(-1.9,0.120813633916,-0.400423973215));
#2175 = CARTESIAN_POINT('',(-1.9,0.131799596302,-0.40011548393));
#2176 = CARTESIAN_POINT('',(-1.9,0.143163473171,-0.400024332126));
#2177 = CARTESIAN_POINT('',(-1.9,0.157090142747,-0.400000522919));
#2178 = CARTESIAN_POINT('',(-1.9,0.159316405113,-0.399999629275));
#2179 = CARTESIAN_POINT('',(-1.9,0.161554644583,-0.399999079097));
#2180 = CARTESIAN_POINT('',(-1.9,0.163804728384,-0.399998118813));
#2181 = CARTESIAN_POINT('',(-1.9,0.166069066735,-0.400008059537));
#2182 = CARTESIAN_POINT('',(-1.9,0.168341096143,-0.399998148494));
#2183 = CARTESIAN_POINT('',(-1.9,0.170622656743,-0.399976986255));
#2184 = CARTESIAN_POINT('',(-1.9,0.173770118906,-0.399917115));
#2185 = CARTESIAN_POINT('',(-1.9,0.174629925589,-0.399897725143));
#2186 = CARTESIAN_POINT('',(-1.9,0.175490726837,-0.399874947171));
#2187 = CARTESIAN_POINT('',(-1.9,0.176352449748,-0.399848447829));
#2188 = CARTESIAN_POINT('',(-1.9,0.177215021424,-0.399817893857));
#2189 = CARTESIAN_POINT('',(-1.9,0.178078368964,-0.399782952));
#2190 = CARTESIAN_POINT('',(-1.9,0.178942419469,-0.399743289));
#2191 = CARTESIAN_POINT('',(-1.9,0.1842794686,-0.399467280761));
#2192 = CARTESIAN_POINT('',(-1.9,0.188767680801,-0.39910077383));
#2193 = CARTESIAN_POINT('',(-1.9,0.193262001354,-0.398553187482));
#2194 = CARTESIAN_POINT('',(-1.9,0.197752237792,-0.397778424404));
#2195 = CARTESIAN_POINT('',(-1.9,0.202227787375,-0.396730527543));
#2196 = CARTESIAN_POINT('',(-1.9,0.206677683986,-0.39536405435));
#2197 = CARTESIAN_POINT('',(-1.9,0.211090645036,-0.393634451033));
#2198 = CARTESIAN_POINT('',(-1.9,0.21821828665,-0.39014609996));
#2199 = CARTESIAN_POINT('',(-1.9,0.220961986315,-0.38863103645));
#2200 = CARTESIAN_POINT('',(-1.9,0.223683201072,-0.386942101276));
#2201 = CARTESIAN_POINT('',(-1.9,0.226378888315,-0.385068662027));
#2202 = CARTESIAN_POINT('',(-1.9,0.22904597912,-0.383000588874));
#2203 = CARTESIAN_POINT('',(-1.9,0.231681378246,-0.380728254566));
#2204 = CARTESIAN_POINT('',(-1.9,0.234281964132,-0.378242534437));
#2205 = CARTESIAN_POINT('',(-1.9,0.242088574129,-0.369993891472));
#2206 = CARTESIAN_POINT('',(-1.9,0.24717485453,-0.363522857795));
#2207 = CARTESIAN_POINT('',(-1.9,0.252075158635,-0.356050235495));
#2208 = CARTESIAN_POINT('',(-1.9,0.256763104929,-0.347519166671));
#2209 = CARTESIAN_POINT('',(-1.9,0.261214984043,-0.337890245803));
#2210 = CARTESIAN_POINT('',(-1.9,0.265410540946,-0.327144360158));
#2211 = CARTESIAN_POINT('',(-1.9,0.269333757131,-0.315285530202));
#2212 = CARTESIAN_POINT('',(-1.9,0.277049981861,-0.287850064494));
#2213 = CARTESIAN_POINT('',(-1.9,0.280772241003,-0.271992738608));
#2214 = CARTESIAN_POINT('',(-1.9,0.284124850162,-0.254810330663));
#2215 = CARTESIAN_POINT('',(-1.9,0.287102751627,-0.236366413187));
#2216 = CARTESIAN_POINT('',(-1.9,0.289709286688,-0.216742737437));
#2217 = CARTESIAN_POINT('',(-1.9,0.291954092274,-0.196032397931));
#2218 = CARTESIAN_POINT('',(-1.9,0.293850997591,-0.174332996976));
#2219 = CARTESIAN_POINT('',(-1.9,0.295956615196,-0.143933668238));
#2220 = CARTESIAN_POINT('',(-1.9,0.296457723202,-0.13602021932));
#2221 = CARTESIAN_POINT('',(-1.9,0.296919930577,-0.128003202594));
#2222 = CARTESIAN_POINT('',(-1.9,0.297343939725,-0.119886265546));
#2223 = CARTESIAN_POINT('',(-1.9,0.297730469654,-0.111672963004));
#2224 = CARTESIAN_POINT('',(-1.9,0.298080255978,-0.103366757136));
#2225 = CARTESIAN_POINT('',(-1.9,0.298394050918,-9.497101745174E-02));
#2226 = CARTESIAN_POINT('',(-1.9,0.298810822969,-8.2281105E-02));
#2227 = CARTESIAN_POINT('',(-1.9,0.298941068076,-7.803015814285E-02));
#2228 = CARTESIAN_POINT('',(-1.9,0.29906330247,-7.373592353571E-02));
#2229 = CARTESIAN_POINT('',(-1.9,0.299177469999,-6.939814448571E-02));
#2230 = CARTESIAN_POINT('',(-1.9,0.299283514512,-6.50165643E-02));
#2231 = CARTESIAN_POINT('',(-1.9,0.299381379857,-6.059092628571E-02));
#2232 = CARTESIAN_POINT('',(-1.9,0.299471009883,-5.612097375E-02));
#2233 = CARTESIAN_POINT('',(-1.9,0.299644473618,-4.64932374751E-02));
#2234 = CARTESIAN_POINT('',(-1.9,0.299725402947,-4.135480810064E-02));
#2235 = CARTESIAN_POINT('',(-1.9,0.299795294782,-3.61848225676E-02));
#2236 = CARTESIAN_POINT('',(-1.9,0.299854256023,-3.100661540345E-02));
#2237 = CARTESIAN_POINT('',(-1.9,0.29990252188,-2.577683207699E-02));
#2238 = CARTESIAN_POINT('',(-1.9,0.299940125899,-2.055088688407E-02));
#2239 = CARTESIAN_POINT('',(-1.9,0.299967304897,-1.528444482188E-02));
#2240 = CARTESIAN_POINT('',(-1.9,0.29998416172,-1.E-02));
#2241 = ORIENTED_EDGE('',*,*,#2242,.T.);
#2242 = EDGE_CURVE('',#2131,#2243,#2245,.T.);
#2243 = VERTEX_POINT('',#2244);
#2244 = CARTESIAN_POINT('',(-2.5,0.29998416172,-1.E-02));
#2245 = B_SPLINE_CURVE_WITH_KNOTS('',4,(#2246,#2247,#2248,#2249,#2250),
  .UNSPECIFIED.,.F.,.F.,(5,5),(0.,1.),.PIECEWISE_BEZIER_KNOTS.);
#2246 = CARTESIAN_POINT('',(-1.9,0.29998416172,-1.E-02));
#2247 = CARTESIAN_POINT('',(-2.05,0.29998416172,-1.E-02));
#2248 = CARTESIAN_POINT('',(-2.2,0.29998416172,-1.E-02));
#2249 = CARTESIAN_POINT('',(-2.35,0.29998416172,-1.E-02));
#2250 = CARTESIAN_POINT('',(-2.5,0.29998416172,-1.E-02));
#2251 = ORIENTED_EDGE('',*,*,#2252,.F.);
#2252 = EDGE_CURVE('',#2253,#2243,#2255,.T.);
#2253 = VERTEX_POINT('',#2254);
#2254 = CARTESIAN_POINT('',(-2.5,-0.,-1.05));
#2255 = B_SPLINE_CURVE_WITH_KNOTS('',8,(#2256,#2257,#2258,#2259,#2260,
    #2261,#2262,#2263,#2264,#2265,#2266,#2267,#2268,#2269,#2270,#2271,
    #2272,#2273,#2274,#2275,#2276,#2277,#2278,#2279,#2280,#2281,#2282,
    #2283,#2284,#2285,#2286,#2287,#2288,#2289,#2290,#2291,#2292,#2293,
    #2294,#2295,#2296,#2297,#2298,#2299,#2300,#2301,#2302,#2303,#2304,
    #2305,#2306,#2307,#2308,#2309,#2310,#2311,#2312,#2313,#2314,#2315,
    #2316,#2317,#2318,#2319,#2320,#2321,#2322,#2323,#2324,#2325,#2326,
    #2327,#2328,#2329,#2330,#2331,#2332,#2333,#2334,#2335,#2336,#2337,
    #2338,#2339,#2340,#2341,#2342,#2343,#2344,#2345,#2346,#2347,#2348,
    #2349,#2350,#2351,#2352,#2353,#2354,#2355,#2356,#2357,#2358,#2359,
    #2360,#2361,#2362),.UNSPECIFIED.,.F.,.F.,(9,7,7,7,7,7,7,7,7,7,7,7,7,
    7,7,9),(0.,8.392785571204E-02,0.200438372805,0.332405666871,
    0.373030400609,0.494742317445,0.650461783959,0.679892773103,
    0.690935413576,0.748051023532,0.784211180858,0.858206926653,
    0.941075825026,0.969707743129,0.983912028454,1.),.UNSPECIFIED.);
#2256 = CARTESIAN_POINT('',(-2.5,-1.E-17,-1.05));
#2257 = CARTESIAN_POINT('',(-2.5,-1.E-17,-1.023251689692));
#2258 = CARTESIAN_POINT('',(-2.5,3.2908254E-10,-0.996887621307));
#2259 = CARTESIAN_POINT('',(-2.5,2.53193030032E-06,-0.970935462055));
#2260 = CARTESIAN_POINT('',(-2.5,1.056451574519E-05,-0.945425970699));
#2261 = CARTESIAN_POINT('',(-2.5,2.758676908381E-05,-0.920392474074));
#2262 = CARTESIAN_POINT('',(-2.5,5.768654809332E-05,-0.895870343598));
#2263 = CARTESIAN_POINT('',(-2.5,1.05631087197E-04,-0.871896471793));
#2264 = CARTESIAN_POINT('',(-2.5,2.759498149156E-04,-0.816041391253));
#2265 = CARTESIAN_POINT('',(-2.5,4.199902218486E-04,-0.784698714815));
#2266 = CARTESIAN_POINT('',(-2.5,6.239149670341E-04,-0.754589003711));
#2267 = CARTESIAN_POINT('',(-2.5,9.051394574073E-04,-0.725820346173));
#2268 = CARTESIAN_POINT('',(-2.5,1.284272722532E-03,-0.698495221453));
#2269 = CARTESIAN_POINT('',(-2.5,1.785094186279E-03,-0.672703786085));
#2270 = CARTESIAN_POINT('',(-2.5,2.433882448259E-03,-0.648515859411));
#2271 = CARTESIAN_POINT('',(-2.5,4.191653360356E-03,-0.600436541814));
#2272 = CARTESIAN_POINT('',(-2.5,5.350667230258E-03,-0.576999343243));
#2273 = CARTESIAN_POINT('',(-2.5,6.774903839665E-03,-0.555729203389));
#2274 = CARTESIAN_POINT('',(-2.5,8.506694014712E-03,-0.536619041492));
#2275 = CARTESIAN_POINT('',(-2.5,1.058897758313E-02,-0.519588096567));
#2276 = CARTESIAN_POINT('',(-2.5,1.306349995148E-02,-0.504489545409));
#2277 = CARTESIAN_POINT('',(-2.5,1.59691609293E-02,-0.491123147342));
#2278 = CARTESIAN_POINT('',(-2.5,2.037835168904E-02,-0.475598790613));
#2279 = CARTESIAN_POINT('',(-2.5,2.146027330575E-02,-0.472086702884));
#2280 = CARTESIAN_POINT('',(-2.5,2.258822701744E-02,-0.468706023668));
#2281 = CARTESIAN_POINT('',(-2.5,2.376113189908E-02,-0.465458244105));
#2282 = CARTESIAN_POINT('',(-2.5,2.498219856397E-02,-0.462326824087));
#2283 = CARTESIAN_POINT('',(-2.5,2.625341489668E-02,-0.459299853775));
#2284 = CARTESIAN_POINT('',(-2.5,2.757103872908E-02,-0.456388715977));
#2285 = CARTESIAN_POINT('',(-2.5,3.302518142629E-02,-0.445188798379));
#2286 = CARTESIAN_POINT('',(-2.5,3.753677393438E-02,-0.437772198573));
#2287 = CARTESIAN_POINT('',(-2.5,4.245763135173E-02,-0.43128123812));
#2288 = CARTESIAN_POINT('',(-2.5,4.777317662367E-02,-0.425655179271));
#2289 = CARTESIAN_POINT('',(-2.5,5.346778864551E-02,-0.420828774657));
#2290 = CARTESIAN_POINT('',(-2.5,5.952525159466E-02,-0.416733595438));
#2291 = CARTESIAN_POINT('',(-2.5,6.592920426269E-02,-0.413299359464));
#2292 = CARTESIAN_POINT('',(-2.5,8.127963033233E-02,-0.406816488885));
#2293 = CARTESIAN_POINT('',(-2.5,9.043606156147E-02,-0.404143960461));
#2294 = CARTESIAN_POINT('',(-2.5,0.100099402562,-0.402288021983));
#2295 = CARTESIAN_POINT('',(-2.5,0.110236235175,-0.401098204131));
#2296 = CARTESIAN_POINT('',(-2.5,0.120813633916,-0.400423973215));
#2297 = CARTESIAN_POINT('',(-2.5,0.131799596302,-0.40011548393));
#2298 = CARTESIAN_POINT('',(-2.5,0.143163473171,-0.400024332126));
#2299 = CARTESIAN_POINT('',(-2.5,0.157090142747,-0.400000522919));
#2300 = CARTESIAN_POINT('',(-2.5,0.159316405113,-0.399999629275));
#2301 = CARTESIAN_POINT('',(-2.5,0.161554644582,-0.399999079097));
#2302 = CARTESIAN_POINT('',(-2.5,0.163804728386,-0.399998118813));
#2303 = CARTESIAN_POINT('',(-2.5,0.166069066734,-0.400008059537));
#2304 = CARTESIAN_POINT('',(-2.5,0.168341096143,-0.399998148494));
#2305 = CARTESIAN_POINT('',(-2.5,0.170622656742,-0.399976986255));
#2306 = CARTESIAN_POINT('',(-2.5,0.173770118906,-0.399917115));
#2307 = CARTESIAN_POINT('',(-2.5,0.174629925589,-0.399897725143));
#2308 = CARTESIAN_POINT('',(-2.5,0.175490726837,-0.399874947171));
#2309 = CARTESIAN_POINT('',(-2.5,0.176352449748,-0.399848447829));
#2310 = CARTESIAN_POINT('',(-2.5,0.177215021424,-0.399817893857));
#2311 = CARTESIAN_POINT('',(-2.5,0.178078368964,-0.399782952));
#2312 = CARTESIAN_POINT('',(-2.5,0.178942419469,-0.399743289));
#2313 = CARTESIAN_POINT('',(-2.5,0.1842794686,-0.399467280761));
#2314 = CARTESIAN_POINT('',(-2.5,0.188767680801,-0.39910077383));
#2315 = CARTESIAN_POINT('',(-2.5,0.193262001354,-0.398553187482));
#2316 = CARTESIAN_POINT('',(-2.5,0.197752237792,-0.397778424404));
#2317 = CARTESIAN_POINT('',(-2.5,0.202227787375,-0.396730527543));
#2318 = CARTESIAN_POINT('',(-2.5,0.206677683986,-0.39536405435));
#2319 = CARTESIAN_POINT('',(-2.5,0.211090645036,-0.393634451033));
#2320 = CARTESIAN_POINT('',(-2.5,0.21821828665,-0.39014609996));
#2321 = CARTESIAN_POINT('',(-2.5,0.220961986315,-0.38863103645));
#2322 = CARTESIAN_POINT('',(-2.5,0.223683201072,-0.386942101276));
#2323 = CARTESIAN_POINT('',(-2.5,0.226378888315,-0.385068662027));
#2324 = CARTESIAN_POINT('',(-2.5,0.22904597912,-0.383000588874));
#2325 = CARTESIAN_POINT('',(-2.5,0.231681378246,-0.380728254566));
#2326 = CARTESIAN_POINT('',(-2.5,0.234281964132,-0.378242534437));
#2327 = CARTESIAN_POINT('',(-2.5,0.242088574129,-0.369993891472));
#2328 = CARTESIAN_POINT('',(-2.5,0.24717485453,-0.363522857795));
#2329 = CARTESIAN_POINT('',(-2.5,0.252075158635,-0.356050235495));
#2330 = CARTESIAN_POINT('',(-2.5,0.256763104929,-0.347519166671));
#2331 = CARTESIAN_POINT('',(-2.5,0.261214984043,-0.337890245803));
#2332 = CARTESIAN_POINT('',(-2.5,0.265410540946,-0.327144360158));
#2333 = CARTESIAN_POINT('',(-2.5,0.269333757131,-0.315285530202));
#2334 = CARTESIAN_POINT('',(-2.5,0.277049981861,-0.287850064494));
#2335 = CARTESIAN_POINT('',(-2.5,0.280772241003,-0.271992738608));
#2336 = CARTESIAN_POINT('',(-2.5,0.284124850162,-0.254810330663));
#2337 = CARTESIAN_POINT('',(-2.5,0.287102751627,-0.236366413187));
#2338 = CARTESIAN_POINT('',(-2.5,0.289709286688,-0.216742737437));
#2339 = CARTESIAN_POINT('',(-2.5,0.291954092274,-0.196032397931));
#2340 = CARTESIAN_POINT('',(-2.5,0.293850997591,-0.174332996976));
#2341 = CARTESIAN_POINT('',(-2.5,0.295956615196,-0.143933668238));
#2342 = CARTESIAN_POINT('',(-2.5,0.296457723202,-0.13602021932));
#2343 = CARTESIAN_POINT('',(-2.5,0.296919930577,-0.128003202594));
#2344 = CARTESIAN_POINT('',(-2.5,0.297343939725,-0.119886265546));
#2345 = CARTESIAN_POINT('',(-2.5,0.297730469654,-0.111672963004));
#2346 = CARTESIAN_POINT('',(-2.5,0.298080255978,-0.103366757136));
#2347 = CARTESIAN_POINT('',(-2.5,0.298394050918,-9.497101745174E-02));
#2348 = CARTESIAN_POINT('',(-2.5,0.298810822969,-8.2281105E-02));
#2349 = CARTESIAN_POINT('',(-2.5,0.298941068076,-7.803015814285E-02));
#2350 = CARTESIAN_POINT('',(-2.5,0.29906330247,-7.373592353571E-02));
#2351 = CARTESIAN_POINT('',(-2.5,0.299177469999,-6.939814448571E-02));
#2352 = CARTESIAN_POINT('',(-2.5,0.299283514512,-6.50165643E-02));
#2353 = CARTESIAN_POINT('',(-2.5,0.299381379857,-6.059092628571E-02));
#2354 = CARTESIAN_POINT('',(-2.5,0.299471009883,-5.612097375E-02));
#2355 = CARTESIAN_POINT('',(-2.5,0.299644473618,-4.649323747491E-02));
#2356 = CARTESIAN_POINT('',(-2.5,0.299725402947,-4.135480810154E-02));
#2357 = CARTESIAN_POINT('',(-2.5,0.299795294782,-3.618482256558E-02));
#2358 = CARTESIAN_POINT('',(-2.5,0.299854256023,-3.100661540614E-02));
#2359 = CARTESIAN_POINT('',(-2.5,0.29990252188,-2.577683207478E-02));
#2360 = CARTESIAN_POINT('',(-2.5,0.299940125899,-2.055088688517E-02));
#2361 = CARTESIAN_POINT('',(-2.5,0.299967304897,-1.528444482161E-02));
#2362 = CARTESIAN_POINT('',(-2.5,0.29998416172,-1.E-02));
#2363 = ORIENTED_EDGE('',*,*,#2364,.F.);
#2364 = EDGE_CURVE('',#2365,#2253,#2367,.T.);
#2365 = VERTEX_POINT('',#2366);
#2366 = CARTESIAN_POINT('',(-3.,-0.,-1.05));
#2367 = LINE('',#2368,#2369);
#2368 = CARTESIAN_POINT('',(-5.,0.,-1.05));
#2369 = VECTOR('',#2370,1.);
#2370 = DIRECTION('',(1.,0.,0.));
#2371 = ORIENTED_EDGE('',*,*,#2372,.T.);
#2372 = EDGE_CURVE('',#2365,#2373,#2375,.T.);
#2373 = VERTEX_POINT('',#2374);
#2374 = CARTESIAN_POINT('',(-3.,0.29998416172,-1.E-02));
#2375 = B_SPLINE_CURVE_WITH_KNOTS('',8,(#2376,#2377,#2378,#2379,#2380,
    #2381,#2382,#2383,#2384,#2385,#2386,#2387,#2388,#2389,#2390,#2391,
    #2392,#2393,#2394,#2395,#2396,#2397,#2398,#2399,#2400,#2401,#2402,
    #2403,#2404,#2405,#2406,#2407,#2408,#2409,#2410,#2411,#2412,#2413,
    #2414,#2415,#2416,#2417,#2418,#2419,#2420,#2421,#2422,#2423,#2424,
    #2425,#2426,#2427,#2428,#2429,#2430,#2431,#2432,#2433,#2434,#2435,
    #2436,#2437,#2438,#2439,#2440,#2441,#2442,#2443,#2444,#2445,#2446,
    #2447,#2448,#2449,#2450,#2451,#2452,#2453,#2454,#2455,#2456,#2457,
    #2458,#2459,#2460,#2461,#2462,#2463,#2464,#2465,#2466,#2467,#2468,
    #2469,#2470,#2471,#2472,#2473,#2474,#2475,#2476,#2477,#2478,#2479,
    #2480,#2481,#2482),.UNSPECIFIED.,.F.,.F.,(9,7,7,7,7,7,7,7,7,7,7,7,7,
    7,7,9),(0.,8.392785570884E-02,0.200438372797,0.332405666857,
    0.373030400593,0.494742317424,0.650461783931,0.679892773076,
    0.69093541355,0.748051023512,0.78421118084,0.858206926641,
    0.941075825022,0.969707743127,0.983912028453,1.),.UNSPECIFIED.);
#2376 = CARTESIAN_POINT('',(-3.,-1.E-17,-1.05));
#2377 = CARTESIAN_POINT('',(-3.,-1.E-17,-1.023251689692));
#2378 = CARTESIAN_POINT('',(-3.,3.2908256E-10,-0.996887621307));
#2379 = CARTESIAN_POINT('',(-3.,2.53193030033E-06,-0.970935462055));
#2380 = CARTESIAN_POINT('',(-3.,1.056451574517E-05,-0.945425970699));
#2381 = CARTESIAN_POINT('',(-3.,2.758676908377E-05,-0.920392474074));
#2382 = CARTESIAN_POINT('',(-3.,5.768654809331E-05,-0.895870343598));
#2383 = CARTESIAN_POINT('',(-3.,1.056310871971E-04,-0.871896471793));
#2384 = CARTESIAN_POINT('',(-3.,2.759498149154E-04,-0.816041391253));
#2385 = CARTESIAN_POINT('',(-3.,4.199902218519E-04,-0.784698714815));
#2386 = CARTESIAN_POINT('',(-3.,6.239149670325E-04,-0.754589003711));
#2387 = CARTESIAN_POINT('',(-3.,9.05139457403E-04,-0.725820346173));
#2388 = CARTESIAN_POINT('',(-3.,1.284272722532E-03,-0.698495221453));
#2389 = CARTESIAN_POINT('',(-3.,1.785094186284E-03,-0.672703786085));
#2390 = CARTESIAN_POINT('',(-3.,2.433882448258E-03,-0.648515859411));
#2391 = CARTESIAN_POINT('',(-3.,4.191653360357E-03,-0.600436541814));
#2392 = CARTESIAN_POINT('',(-3.,5.350667230259E-03,-0.576999343243));
#2393 = CARTESIAN_POINT('',(-3.,6.774903839664E-03,-0.555729203389));
#2394 = CARTESIAN_POINT('',(-3.,8.506694014711E-03,-0.536619041492));
#2395 = CARTESIAN_POINT('',(-3.,1.058897758313E-02,-0.519588096567));
#2396 = CARTESIAN_POINT('',(-3.,1.306349995148E-02,-0.504489545409));
#2397 = CARTESIAN_POINT('',(-3.,1.59691609293E-02,-0.491123147342));
#2398 = CARTESIAN_POINT('',(-3.,2.037835168902E-02,-0.475598790613));
#2399 = CARTESIAN_POINT('',(-3.,2.14602733058E-02,-0.472086702884));
#2400 = CARTESIAN_POINT('',(-3.,2.258822701739E-02,-0.468706023668));
#2401 = CARTESIAN_POINT('',(-3.,2.376113189908E-02,-0.465458244105));
#2402 = CARTESIAN_POINT('',(-3.,2.498219856402E-02,-0.462326824087));
#2403 = CARTESIAN_POINT('',(-3.,2.625341489663E-02,-0.459299853776));
#2404 = CARTESIAN_POINT('',(-3.,2.757103872909E-02,-0.456388715977));
#2405 = CARTESIAN_POINT('',(-3.,3.302518142629E-02,-0.445188798379));
#2406 = CARTESIAN_POINT('',(-3.,3.753677393438E-02,-0.437772198573));
#2407 = CARTESIAN_POINT('',(-3.,4.245763135173E-02,-0.43128123812));
#2408 = CARTESIAN_POINT('',(-3.,4.777317662367E-02,-0.425655179271));
#2409 = CARTESIAN_POINT('',(-3.,5.346778864551E-02,-0.420828774657));
#2410 = CARTESIAN_POINT('',(-3.,5.952525159465E-02,-0.416733595438));
#2411 = CARTESIAN_POINT('',(-3.,6.59292042627E-02,-0.413299359464));
#2412 = CARTESIAN_POINT('',(-3.,8.127963033233E-02,-0.406816488885));
#2413 = CARTESIAN_POINT('',(-3.,9.043606156147E-02,-0.404143960461));
#2414 = CARTESIAN_POINT('',(-3.,0.100099402562,-0.402288021983));
#2415 = CARTESIAN_POINT('',(-3.,0.110236235175,-0.401098204131));
#2416 = CARTESIAN_POINT('',(-3.,0.120813633916,-0.400423973215));
#2417 = CARTESIAN_POINT('',(-3.,0.131799596302,-0.40011548393));
#2418 = CARTESIAN_POINT('',(-3.,0.143163473171,-0.400024332126));
#2419 = CARTESIAN_POINT('',(-3.,0.157090142747,-0.400000522919));
#2420 = CARTESIAN_POINT('',(-3.,0.159316405113,-0.399999629275));
#2421 = CARTESIAN_POINT('',(-3.,0.161554644583,-0.399999079097));
#2422 = CARTESIAN_POINT('',(-3.,0.163804728384,-0.399998118813));
#2423 = CARTESIAN_POINT('',(-3.,0.166069066735,-0.400008059537));
#2424 = CARTESIAN_POINT('',(-3.,0.168341096143,-0.399998148494));
#2425 = CARTESIAN_POINT('',(-3.,0.170622656743,-0.399976986255));
#2426 = CARTESIAN_POINT('',(-3.,0.173770118906,-0.399917115));
#2427 = CARTESIAN_POINT('',(-3.,0.174629925589,-0.399897725143));
#2428 = CARTESIAN_POINT('',(-3.,0.175490726837,-0.399874947171));
#2429 = CARTESIAN_POINT('',(-3.,0.176352449748,-0.399848447829));
#2430 = CARTESIAN_POINT('',(-3.,0.177215021424,-0.399817893857));
#2431 = CARTESIAN_POINT('',(-3.,0.178078368964,-0.399782952));
#2432 = CARTESIAN_POINT('',(-3.,0.178942419469,-0.399743289));
#2433 = CARTESIAN_POINT('',(-3.,0.1842794686,-0.399467280761));
#2434 = CARTESIAN_POINT('',(-3.,0.188767680801,-0.39910077383));
#2435 = CARTESIAN_POINT('',(-3.,0.193262001354,-0.398553187482));
#2436 = CARTESIAN_POINT('',(-3.,0.197752237792,-0.397778424404));
#2437 = CARTESIAN_POINT('',(-3.,0.202227787375,-0.396730527543));
#2438 = CARTESIAN_POINT('',(-3.,0.206677683986,-0.39536405435));
#2439 = CARTESIAN_POINT('',(-3.,0.211090645036,-0.393634451033));
#2440 = CARTESIAN_POINT('',(-3.,0.21821828665,-0.39014609996));
#2441 = CARTESIAN_POINT('',(-3.,0.220961986315,-0.38863103645));
#2442 = CARTESIAN_POINT('',(-3.,0.223683201072,-0.386942101276));
#2443 = CARTESIAN_POINT('',(-3.,0.226378888315,-0.385068662027));
#2444 = CARTESIAN_POINT('',(-3.,0.22904597912,-0.383000588874));
#2445 = CARTESIAN_POINT('',(-3.,0.231681378246,-0.380728254566));
#2446 = CARTESIAN_POINT('',(-3.,0.234281964132,-0.378242534437));
#2447 = CARTESIAN_POINT('',(-3.,0.242088574129,-0.369993891472));
#2448 = CARTESIAN_POINT('',(-3.,0.24717485453,-0.363522857795));
#2449 = CARTESIAN_POINT('',(-3.,0.252075158635,-0.356050235495));
#2450 = CARTESIAN_POINT('',(-3.,0.256763104929,-0.347519166671));
#2451 = CARTESIAN_POINT('',(-3.,0.261214984043,-0.337890245803));
#2452 = CARTESIAN_POINT('',(-3.,0.265410540946,-0.327144360158));
#2453 = CARTESIAN_POINT('',(-3.,0.269333757131,-0.315285530202));
#2454 = CARTESIAN_POINT('',(-3.,0.277049981861,-0.287850064494));
#2455 = CARTESIAN_POINT('',(-3.,0.280772241003,-0.271992738608));
#2456 = CARTESIAN_POINT('',(-3.,0.284124850162,-0.254810330663));
#2457 = CARTESIAN_POINT('',(-3.,0.287102751627,-0.236366413187));
#2458 = CARTESIAN_POINT('',(-3.,0.289709286688,-0.216742737437));
#2459 = CARTESIAN_POINT('',(-3.,0.291954092274,-0.196032397931));
#2460 = CARTESIAN_POINT('',(-3.,0.293850997591,-0.174332996976));
#2461 = CARTESIAN_POINT('',(-3.,0.295956615196,-0.143933668238));
#2462 = CARTESIAN_POINT('',(-3.,0.296457723202,-0.13602021932));
#2463 = CARTESIAN_POINT('',(-3.,0.296919930577,-0.128003202594));
#2464 = CARTESIAN_POINT('',(-3.,0.297343939725,-0.119886265546));
#2465 = CARTESIAN_POINT('',(-3.,0.297730469654,-0.111672963004));
#2466 = CARTESIAN_POINT('',(-3.,0.298080255978,-0.103366757136));
#2467 = CARTESIAN_POINT('',(-3.,0.298394050918,-9.497101745174E-02));
#2468 = CARTESIAN_POINT('',(-3.,0.298810822969,-8.2281105E-02));
#2469 = CARTESIAN_POINT('',(-3.,0.298941068076,-7.803015814285E-02));
#2470 = CARTESIAN_POINT('',(-3.,0.29906330247,-7.373592353571E-02));
#2471 = CARTESIAN_POINT('',(-3.,0.299177469999,-6.939814448571E-02));
#2472 = CARTESIAN_POINT('',(-3.,0.299283514512,-6.50165643E-02));
#2473 = CARTESIAN_POINT('',(-3.,0.299381379857,-6.059092628571E-02));
#2474 = CARTESIAN_POINT('',(-3.,0.299471009883,-5.612097375E-02));
#2475 = CARTESIAN_POINT('',(-3.,0.299644473618,-4.64932374751E-02));
#2476 = CARTESIAN_POINT('',(-3.,0.299725402947,-4.135480810064E-02));
#2477 = CARTESIAN_POINT('',(-3.,0.299795294782,-3.61848225676E-02));
#2478 = CARTESIAN_POINT('',(-3.,0.299854256023,-3.100661540345E-02));
#2479 = CARTESIAN_POINT('',(-3.,0.29990252188,-2.577683207699E-02));
#2480 = CARTESIAN_POINT('',(-3.,0.299940125899,-2.055088688407E-02));
#2481 = CARTESIAN_POINT('',(-3.,0.299967304897,-1.528444482188E-02));
#2482 = CARTESIAN_POINT('',(-3.,0.29998416172,-1.E-02));
#2483 = ORIENTED_EDGE('',*,*,#2484,.T.);
#2484 = EDGE_CURVE('',#2373,#2485,#2487,.T.);
#2485 = VERTEX_POINT('',#2486);
#2486 = CARTESIAN_POINT('',(-3.6,0.29998416172,-1.E-02));
#2487 = B_SPLINE_CURVE_WITH_KNOTS('',5,(#2488,#2489,#2490,#2491,#2492,
    #2493),.UNSPECIFIED.,.F.,.F.,(6,6),(0.,1.),
  .PIECEWISE_BEZIER_KNOTS.);
#2488 = CARTESIAN_POINT('',(-3.,0.29998416172,-1.E-02));
#2489 = CARTESIAN_POINT('',(-3.034245111582,0.29998416172,-1.E-02));
#2490 = CARTESIAN_POINT('',(-3.1307990893,0.29998416172,-1.E-02));
#2491 = CARTESIAN_POINT('',(-3.321375022525,0.29998416172,-1.E-02));
#2492 = CARTESIAN_POINT('',(-3.536543455585,0.29998416172,-1.E-02));
#2493 = CARTESIAN_POINT('',(-3.6,0.29998416172,-1.E-02));
#2494 = ORIENTED_EDGE('',*,*,#2495,.F.);
#2495 = EDGE_CURVE('',#2496,#2485,#2498,.T.);
#2496 = VERTEX_POINT('',#2497);
#2497 = CARTESIAN_POINT('',(-3.6,-0.,-1.05));
#2498 = B_SPLINE_CURVE_WITH_KNOTS('',8,(#2499,#2500,#2501,#2502,#2503,
    #2504,#2505,#2506,#2507,#2508,#2509,#2510,#2511,#2512,#2513,#2514,
    #2515,#2516,#2517,#2518,#2519,#2520,#2521,#2522,#2523,#2524,#2525,
    #2526,#2527,#2528,#2529,#2530,#2531,#2532,#2533,#2534,#2535,#2536,
    #2537,#2538,#2539,#2540,#2541,#2542,#2543,#2544,#2545,#2546,#2547,
    #2548,#2549,#2550,#2551,#2552,#2553,#2554,#2555,#2556,#2557,#2558,
    #2559,#2560,#2561,#2562,#2563,#2564,#2565,#2566,#2567,#2568,#2569,
    #2570,#2571,#2572,#2573,#2574,#2575,#2576,#2577,#2578,#2579,#2580,
    #2581,#2582,#2583,#2584,#2585,#2586,#2587,#2588,#2589,#2590,#2591,
    #2592,#2593,#2594,#2595,#2596,#2597,#2598,#2599,#2600,#2601,#2602,
    #2603,#2604,#2605),.UNSPECIFIED.,.F.,.F.,(9,7,7,7,7,7,7,7,7,7,7,7,7,
    7,7,9),(0.,8.392785571204E-02,0.200438372805,0.332405666871,
    0.373030400609,0.494742317445,0.650461783959,0.679892773103,
    0.690935413576,0.748051023532,0.784211180858,0.858206926653,
    0.941075825026,0.969707743129,0.983912028454,1.),.UNSPECIFIED.);
#2499 = CARTESIAN_POINT('',(-3.6,-1.E-17,-1.05));
#2500 = CARTESIAN_POINT('',(-3.6,-1.E-17,-1.023251689692));
#2501 = CARTESIAN_POINT('',(-3.6,3.2908254E-10,-0.996887621307));
#2502 = CARTESIAN_POINT('',(-3.6,2.53193030032E-06,-0.970935462055));
#2503 = CARTESIAN_POINT('',(-3.6,1.056451574519E-05,-0.945425970699));
#2504 = CARTESIAN_POINT('',(-3.6,2.758676908381E-05,-0.920392474074));
#2505 = CARTESIAN_POINT('',(-3.6,5.768654809332E-05,-0.895870343598));
#2506 = CARTESIAN_POINT('',(-3.6,1.05631087197E-04,-0.871896471793));
#2507 = CARTESIAN_POINT('',(-3.6,2.759498149156E-04,-0.816041391253));
#2508 = CARTESIAN_POINT('',(-3.6,4.199902218486E-04,-0.784698714815));
#2509 = CARTESIAN_POINT('',(-3.6,6.239149670341E-04,-0.754589003711));
#2510 = CARTESIAN_POINT('',(-3.6,9.051394574073E-04,-0.725820346173));
#2511 = CARTESIAN_POINT('',(-3.6,1.284272722532E-03,-0.698495221453));
#2512 = CARTESIAN_POINT('',(-3.6,1.785094186279E-03,-0.672703786085));
#2513 = CARTESIAN_POINT('',(-3.6,2.433882448259E-03,-0.648515859411));
#2514 = CARTESIAN_POINT('',(-3.6,4.191653360356E-03,-0.600436541814));
#2515 = CARTESIAN_POINT('',(-3.6,5.350667230258E-03,-0.576999343243));
#2516 = CARTESIAN_POINT('',(-3.6,6.774903839665E-03,-0.555729203389));
#2517 = CARTESIAN_POINT('',(-3.6,8.506694014712E-03,-0.536619041492));
#2518 = CARTESIAN_POINT('',(-3.6,1.058897758313E-02,-0.519588096567));
#2519 = CARTESIAN_POINT('',(-3.6,1.306349995148E-02,-0.504489545409));
#2520 = CARTESIAN_POINT('',(-3.6,1.59691609293E-02,-0.491123147342));
#2521 = CARTESIAN_POINT('',(-3.6,2.037835168904E-02,-0.475598790613));
#2522 = CARTESIAN_POINT('',(-3.6,2.146027330575E-02,-0.472086702884));
#2523 = CARTESIAN_POINT('',(-3.6,2.258822701744E-02,-0.468706023668));
#2524 = CARTESIAN_POINT('',(-3.6,2.376113189908E-02,-0.465458244105));
#2525 = CARTESIAN_POINT('',(-3.6,2.498219856397E-02,-0.462326824087));
#2526 = CARTESIAN_POINT('',(-3.6,2.625341489668E-02,-0.459299853775));
#2527 = CARTESIAN_POINT('',(-3.6,2.757103872908E-02,-0.456388715977));
#2528 = CARTESIAN_POINT('',(-3.6,3.302518142629E-02,-0.445188798379));
#2529 = CARTESIAN_POINT('',(-3.6,3.753677393438E-02,-0.437772198573));
#2530 = CARTESIAN_POINT('',(-3.6,4.245763135173E-02,-0.43128123812));
#2531 = CARTESIAN_POINT('',(-3.6,4.777317662367E-02,-0.425655179271));
#2532 = CARTESIAN_POINT('',(-3.6,5.346778864551E-02,-0.420828774657));
#2533 = CARTESIAN_POINT('',(-3.6,5.952525159466E-02,-0.416733595438));
#2534 = CARTESIAN_POINT('',(-3.6,6.592920426269E-02,-0.413299359464));
#2535 = CARTESIAN_POINT('',(-3.6,8.127963033233E-02,-0.406816488885));
#2536 = CARTESIAN_POINT('',(-3.6,9.043606156147E-02,-0.404143960461));
#2537 = CARTESIAN_POINT('',(-3.6,0.100099402562,-0.402288021983));
#2538 = CARTESIAN_POINT('',(-3.6,0.110236235175,-0.401098204131));
#2539 = CARTESIAN_POINT('',(-3.6,0.120813633916,-0.400423973215));
#2540 = CARTESIAN_POINT('',(-3.6,0.131799596302,-0.40011548393));
#2541 = CARTESIAN_POINT('',(-3.6,0.143163473171,-0.400024332126));
#2542 = CARTESIAN_POINT('',(-3.6,0.157090142747,-0.400000522919));
#2543 = CARTESIAN_POINT('',(-3.6,0.159316405113,-0.399999629275));
#2544 = CARTESIAN_POINT('',(-3.6,0.161554644582,-0.399999079097));
#2545 = CARTESIAN_POINT('',(-3.6,0.163804728386,-0.399998118813));
#2546 = CARTESIAN_POINT('',(-3.6,0.166069066734,-0.400008059537));
#2547 = CARTESIAN_POINT('',(-3.6,0.168341096143,-0.399998148494));
#2548 = CARTESIAN_POINT('',(-3.6,0.170622656742,-0.399976986255));
#2549 = CARTESIAN_POINT('',(-3.6,0.173770118906,-0.399917115));
#2550 = CARTESIAN_POINT('',(-3.6,0.174629925589,-0.399897725143));
#2551 = CARTESIAN_POINT('',(-3.6,0.175490726837,-0.399874947171));
#2552 = CARTESIAN_POINT('',(-3.6,0.176352449748,-0.399848447829));
#2553 = CARTESIAN_POINT('',(-3.6,0.177215021424,-0.399817893857));
#2554 = CARTESIAN_POINT('',(-3.6,0.178078368964,-0.399782952));
#2555 = CARTESIAN_POINT('',(-3.6,0.178942419469,-0.399743289));
#2556 = CARTESIAN_POINT('',(-3.6,0.1842794686,-0.399467280761));
#2557 = CARTESIAN_POINT('',(-3.6,0.188767680801,-0.39910077383));
#2558 = CARTESIAN_POINT('',(-3.6,0.193262001354,-0.398553187482));
#2559 = CARTESIAN_POINT('',(-3.6,0.197752237792,-0.397778424404));
#2560 = CARTESIAN_POINT('',(-3.6,0.202227787375,-0.396730527543));
#2561 = CARTESIAN_POINT('',(-3.6,0.206677683986,-0.39536405435));
#2562 = CARTESIAN_POINT('',(-3.6,0.211090645036,-0.393634451033));
#2563 = CARTESIAN_POINT('',(-3.6,0.21821828665,-0.39014609996));
#2564 = CARTESIAN_POINT('',(-3.6,0.220961986315,-0.38863103645));
#2565 = CARTESIAN_POINT('',(-3.6,0.223683201072,-0.386942101276));
#2566 = CARTESIAN_POINT('',(-3.6,0.226378888315,-0.385068662027));
#2567 = CARTESIAN_POINT('',(-3.6,0.22904597912,-0.383000588874));
#2568 = CARTESIAN_POINT('',(-3.6,0.231681378246,-0.380728254566));
#2569 = CARTESIAN_POINT('',(-3.6,0.234281964132,-0.378242534437));
#2570 = CARTESIAN_POINT('',(-3.6,0.242088574129,-0.369993891472));
#2571 = CARTESIAN_POINT('',(-3.6,0.24717485453,-0.363522857795));
#2572 = CARTESIAN_POINT('',(-3.6,0.252075158635,-0.356050235495));
#2573 = CARTESIAN_POINT('',(-3.6,0.256763104929,-0.347519166671));
#2574 = CARTESIAN_POINT('',(-3.6,0.261214984043,-0.337890245803));
#2575 = CARTESIAN_POINT('',(-3.6,0.265410540946,-0.327144360158));
#2576 = CARTESIAN_POINT('',(-3.6,0.269333757131,-0.315285530202));
#2577 = CARTESIAN_POINT('',(-3.6,0.277049981861,-0.287850064494));
#2578 = CARTESIAN_POINT('',(-3.6,0.280772241003,-0.271992738608));
#2579 = CARTESIAN_POINT('',(-3.6,0.284124850162,-0.254810330663));
#2580 = CARTESIAN_POINT('',(-3.6,0.287102751627,-0.236366413187));
#2581 = CARTESIAN_POINT('',(-3.6,0.289709286688,-0.216742737437));
#2582 = CARTESIAN_POINT('',(-3.6,0.291954092274,-0.196032397931));
#2583 = CARTESIAN_POINT('',(-3.6,0.293850997591,-0.174332996976));
#2584 = CARTESIAN_POINT('',(-3.6,0.295956615196,-0.143933668238));
#2585 = CARTESIAN_POINT('',(-3.6,0.296457723202,-0.13602021932));
#2586 = CARTESIAN_POINT('',(-3.6,0.296919930577,-0.128003202594));
#2587 = CARTESIAN_POINT('',(-3.6,0.297343939725,-0.119886265546));
#2588 = CARTESIAN_POINT('',(-3.6,0.297730469654,-0.111672963004));
#2589 = CARTESIAN_POINT('',(-3.6,0.298080255978,-0.103366757136));
#2590 = CARTESIAN_POINT('',(-3.6,0.298394050918,-9.497101745174E-02));
#2591 = CARTESIAN_POINT('',(-3.6,0.298810822969,-8.2281105E-02));
#2592 = CARTESIAN_POINT('',(-3.6,0.298941068076,-7.803015814285E-02));
#2593 = CARTESIAN_POINT('',(-3.6,0.29906330247,-7.373592353571E-02));
#2594 = CARTESIAN_POINT('',(-3.6,0.299177469999,-6.939814448571E-02));
#2595 = CARTESIAN_POINT('',(-3.6,0.299283514512,-6.50165643E-02));
#2596 = CARTESIAN_POINT('',(-3.6,0.299381379857,-6.059092628571E-02));
#2597 = CARTESIAN_POINT('',(-3.6,0.299471009883,-5.612097375E-02));
#2598 = CARTESIAN_POINT('',(-3.6,0.299644473618,-4.649323747491E-02));
#2599 = CARTESIAN_POINT('',(-3.6,0.299725402947,-4.135480810154E-02));
#2600 = CARTESIAN_POINT('',(-3.6,0.299795294782,-3.618482256558E-02));
#2601 = CARTESIAN_POINT('',(-3.6,0.299854256023,-3.100661540614E-02));
#2602 = CARTESIAN_POINT('',(-3.6,0.29990252188,-2.577683207478E-02));
#2603 = CARTESIAN_POINT('',(-3.6,0.299940125899,-2.055088688517E-02));
#2604 = CARTESIAN_POINT('',(-3.6,0.299967304897,-1.528444482161E-02));
#2605 = CARTESIAN_POINT('',(-3.6,0.29998416172,-1.E-02));
#2606 = ORIENTED_EDGE('',*,*,#2607,.F.);
#2607 = EDGE_CURVE('',#2608,#2496,#2610,.T.);
#2608 = VERTEX_POINT('',#2609);
#2609 = CARTESIAN_POINT('',(-4.1,-0.,-1.05));
#2610 = LINE('',#2611,#2612);
#2611 = CARTESIAN_POINT('',(-5.,0.,-1.05));
#2612 = VECTOR('',#2613,1.);
#2613 = DIRECTION('',(1.,0.,0.));
#2614 = ORIENTED_EDGE('',*,*,#2615,.T.);
#2615 = EDGE_CURVE('',#2608,#2616,#2618,.T.);
#2616 = VERTEX_POINT('',#2617);
#2617 = CARTESIAN_POINT('',(-4.1,0.29998416172,-1.E-02));
#2618 = B_SPLINE_CURVE_WITH_KNOTS('',8,(#2619,#2620,#2621,#2622,#2623,
    #2624,#2625,#2626,#2627,#2628,#2629,#2630,#2631,#2632,#2633,#2634,
    #2635,#2636,#2637,#2638,#2639,#2640,#2641,#2642,#2643,#2644,#2645,
    #2646,#2647,#2648,#2649,#2650,#2651,#2652,#2653,#2654,#2655,#2656,
    #2657,#2658,#2659,#2660,#2661,#2662,#2663,#2664,#2665,#2666,#2667,
    #2668,#2669,#2670,#2671,#2672,#2673,#2674,#2675,#2676,#2677,#2678,
    #2679,#2680,#2681,#2682,#2683,#2684,#2685,#2686,#2687,#2688,#2689,
    #2690,#2691,#2692,#2693,#2694,#2695,#2696,#2697,#2698,#2699,#2700,
    #2701,#2702,#2703,#2704,#2705,#2706,#2707,#2708,#2709,#2710,#2711,
    #2712,#2713,#2714,#2715,#2716,#2717,#2718,#2719,#2720,#2721,#2722,
    #2723,#2724,#2725),.UNSPECIFIED.,.F.,.F.,(9,7,7,7,7,7,7,7,7,7,7,7,7,
    7,7,9),(0.,8.392785570884E-02,0.200438372797,0.332405666857,
    0.373030400593,0.494742317424,0.650461783931,0.679892773076,
    0.69093541355,0.748051023512,0.78421118084,0.858206926641,
    0.941075825022,0.969707743127,0.983912028453,1.),.UNSPECIFIED.);
#2619 = CARTESIAN_POINT('',(-4.1,-1.E-17,-1.05));
#2620 = CARTESIAN_POINT('',(-4.1,-1.E-17,-1.023251689692));
#2621 = CARTESIAN_POINT('',(-4.1,3.2908256E-10,-0.996887621307));
#2622 = CARTESIAN_POINT('',(-4.1,2.53193030033E-06,-0.970935462055));
#2623 = CARTESIAN_POINT('',(-4.1,1.056451574517E-05,-0.945425970699));
#2624 = CARTESIAN_POINT('',(-4.1,2.758676908377E-05,-0.920392474074));
#2625 = CARTESIAN_POINT('',(-4.1,5.768654809331E-05,-0.895870343598));
#2626 = CARTESIAN_POINT('',(-4.1,1.056310871971E-04,-0.871896471793));
#2627 = CARTESIAN_POINT('',(-4.1,2.759498149154E-04,-0.816041391253));
#2628 = CARTESIAN_POINT('',(-4.1,4.199902218519E-04,-0.784698714815));
#2629 = CARTESIAN_POINT('',(-4.1,6.239149670325E-04,-0.754589003711));
#2630 = CARTESIAN_POINT('',(-4.1,9.05139457403E-04,-0.725820346173));
#2631 = CARTESIAN_POINT('',(-4.1,1.284272722532E-03,-0.698495221453));
#2632 = CARTESIAN_POINT('',(-4.1,1.785094186284E-03,-0.672703786085));
#2633 = CARTESIAN_POINT('',(-4.1,2.433882448258E-03,-0.648515859411));
#2634 = CARTESIAN_POINT('',(-4.1,4.191653360357E-03,-0.600436541814));
#2635 = CARTESIAN_POINT('',(-4.1,5.350667230259E-03,-0.576999343243));
#2636 = CARTESIAN_POINT('',(-4.1,6.774903839664E-03,-0.555729203389));
#2637 = CARTESIAN_POINT('',(-4.1,8.506694014711E-03,-0.536619041492));
#2638 = CARTESIAN_POINT('',(-4.1,1.058897758313E-02,-0.519588096567));
#2639 = CARTESIAN_POINT('',(-4.1,1.306349995148E-02,-0.504489545409));
#2640 = CARTESIAN_POINT('',(-4.1,1.59691609293E-02,-0.491123147342));
#2641 = CARTESIAN_POINT('',(-4.1,2.037835168902E-02,-0.475598790613));
#2642 = CARTESIAN_POINT('',(-4.1,2.14602733058E-02,-0.472086702884));
#2643 = CARTESIAN_POINT('',(-4.1,2.258822701739E-02,-0.468706023668));
#2644 = CARTESIAN_POINT('',(-4.1,2.376113189908E-02,-0.465458244105));
#2645 = CARTESIAN_POINT('',(-4.1,2.498219856402E-02,-0.462326824087));
#2646 = CARTESIAN_POINT('',(-4.1,2.625341489663E-02,-0.459299853776));
#2647 = CARTESIAN_POINT('',(-4.1,2.757103872909E-02,-0.456388715977));
#2648 = CARTESIAN_POINT('',(-4.1,3.302518142629E-02,-0.445188798379));
#2649 = CARTESIAN_POINT('',(-4.1,3.753677393438E-02,-0.437772198573));
#2650 = CARTESIAN_POINT('',(-4.1,4.245763135173E-02,-0.43128123812));
#2651 = CARTESIAN_POINT('',(-4.1,4.777317662367E-02,-0.425655179271));
#2652 = CARTESIAN_POINT('',(-4.1,5.346778864551E-02,-0.420828774657));
#2653 = CARTESIAN_POINT('',(-4.1,5.952525159465E-02,-0.416733595438));
#2654 = CARTESIAN_POINT('',(-4.1,6.59292042627E-02,-0.413299359464));
#2655 = CARTESIAN_POINT('',(-4.1,8.127963033233E-02,-0.406816488885));
#2656 = CARTESIAN_POINT('',(-4.1,9.043606156147E-02,-0.404143960461));
#2657 = CARTESIAN_POINT('',(-4.1,0.100099402562,-0.402288021983));
#2658 = CARTESIAN_POINT('',(-4.1,0.110236235175,-0.401098204131));
#2659 = CARTESIAN_POINT('',(-4.1,0.120813633916,-0.400423973215));
#2660 = CARTESIAN_POINT('',(-4.1,0.131799596302,-0.40011548393));
#2661 = CARTESIAN_POINT('',(-4.1,0.143163473171,-0.400024332126));
#2662 = CARTESIAN_POINT('',(-4.1,0.157090142747,-0.400000522919));
#2663 = CARTESIAN_POINT('',(-4.1,0.159316405113,-0.399999629275));
#2664 = CARTESIAN_POINT('',(-4.1,0.161554644583,-0.399999079097));
#2665 = CARTESIAN_POINT('',(-4.1,0.163804728384,-0.399998118813));
#2666 = CARTESIAN_POINT('',(-4.1,0.166069066735,-0.400008059537));
#2667 = CARTESIAN_POINT('',(-4.1,0.168341096143,-0.399998148494));
#2668 = CARTESIAN_POINT('',(-4.1,0.170622656743,-0.399976986255));
#2669 = CARTESIAN_POINT('',(-4.1,0.173770118906,-0.399917115));
#2670 = CARTESIAN_POINT('',(-4.1,0.174629925589,-0.399897725143));
#2671 = CARTESIAN_POINT('',(-4.1,0.175490726837,-0.399874947171));
#2672 = CARTESIAN_POINT('',(-4.1,0.176352449748,-0.399848447829));
#2673 = CARTESIAN_POINT('',(-4.1,0.177215021424,-0.399817893857));
#2674 = CARTESIAN_POINT('',(-4.1,0.178078368964,-0.399782952));
#2675 = CARTESIAN_POINT('',(-4.1,0.178942419469,-0.399743289));
#2676 = CARTESIAN_POINT('',(-4.1,0.1842794686,-0.399467280761));
#2677 = CARTESIAN_POINT('',(-4.1,0.188767680801,-0.39910077383));
#2678 = CARTESIAN_POINT('',(-4.1,0.193262001354,-0.398553187482));
#2679 = CARTESIAN_POINT('',(-4.1,0.197752237792,-0.397778424404));
#2680 = CARTESIAN_POINT('',(-4.1,0.202227787375,-0.396730527543));
#2681 = CARTESIAN_POINT('',(-4.1,0.206677683986,-0.39536405435));
#2682 = CARTESIAN_POINT('',(-4.1,0.211090645036,-0.393634451033));
#2683 = CARTESIAN_POINT('',(-4.1,0.21821828665,-0.39014609996));
#2684 = CARTESIAN_POINT('',(-4.1,0.220961986315,-0.38863103645));
#2685 = CARTESIAN_POINT('',(-4.1,0.223683201072,-0.386942101276));
#2686 = CARTESIAN_POINT('',(-4.1,0.226378888315,-0.385068662027));
#2687 = CARTESIAN_POINT('',(-4.1,0.22904597912,-0.383000588874));
#2688 = CARTESIAN_POINT('',(-4.1,0.231681378246,-0.380728254566));
#2689 = CARTESIAN_POINT('',(-4.1,0.234281964132,-0.378242534437));
#2690 = CARTESIAN_POINT('',(-4.1,0.242088574129,-0.369993891472));
#2691 = CARTESIAN_POINT('',(-4.1,0.24717485453,-0.363522857795));
#2692 = CARTESIAN_POINT('',(-4.1,0.252075158635,-0.356050235495));
#2693 = CARTESIAN_POINT('',(-4.1,0.256763104929,-0.347519166671));
#2694 = CARTESIAN_POINT('',(-4.1,0.261214984043,-0.337890245803));
#2695 = CARTESIAN_POINT('',(-4.1,0.265410540946,-0.327144360158));
#2696 = CARTESIAN_POINT('',(-4.1,0.269333757131,-0.315285530202));
#2697 = CARTESIAN_POINT('',(-4.1,0.277049981861,-0.287850064494));
#2698 = CARTESIAN_POINT('',(-4.1,0.280772241003,-0.271992738608));
#2699 = CARTESIAN_POINT('',(-4.1,0.284124850162,-0.254810330663));
#2700 = CARTESIAN_POINT('',(-4.1,0.287102751627,-0.236366413187));
#2701 = CARTESIAN_POINT('',(-4.1,0.289709286688,-0.216742737437));
#2702 = CARTESIAN_POINT('',(-4.1,0.291954092274,-0.196032397931));
#2703 = CARTESIAN_POINT('',(-4.1,0.293850997591,-0.174332996976));
#2704 = CARTESIAN_POINT('',(-4.1,0.295956615196,-0.143933668238));
#2705 = CARTESIAN_POINT('',(-4.1,0.296457723202,-0.13602021932));
#2706 = CARTESIAN_POINT('',(-4.1,0.296919930577,-0.128003202594));
#2707 = CARTESIAN_POINT('',(-4.1,0.297343939725,-0.119886265546));
#2708 = CARTESIAN_POINT('',(-4.1,0.297730469654,-0.111672963004));
#2709 = CARTESIAN_POINT('',(-4.1,0.298080255978,-0.103366757136));
#2710 = CARTESIAN_POINT('',(-4.1,0.298394050918,-9.497101745174E-02));
#2711 = CARTESIAN_POINT('',(-4.1,0.298810822969,-8.2281105E-02));
#2712 = CARTESIAN_POINT('',(-4.1,0.298941068076,-7.803015814285E-02));
#2713 = CARTESIAN_POINT('',(-4.1,0.29906330247,-7.373592353571E-02));
#2714 = CARTESIAN_POINT('',(-4.1,0.299177469999,-6.939814448571E-02));
#2715 = CARTESIAN_POINT('',(-4.1,0.299283514512,-6.50165643E-02));
#2716 = CARTESIAN_POINT('',(-4.1,0.299381379857,-6.059092628571E-02));
#2717 = CARTESIAN_POINT('',(-4.1,0.299471009883,-5.612097375E-02));
#2718 = CARTESIAN_POINT('',(-4.1,0.299644473618,-4.64932374751E-02));
#2719 = CARTESIAN_POINT('',(-4.1,0.299725402947,-4.135480810064E-02));
#2720 = CARTESIAN_POINT('',(-4.1,0.299795294782,-3.61848225676E-02));
#2721 = CARTESIAN_POINT('',(-4.1,0.299854256023,-3.100661540345E-02));
#2722 = CARTESIAN_POINT('',(-4.1,0.29990252188,-2.577683207699E-02));
#2723 = CARTESIAN_POINT('',(-4.1,0.299940125899,-2.055088688407E-02));
#2724 = CARTESIAN_POINT('',(-4.1,0.299967304897,-1.528444482188E-02));
#2725 = CARTESIAN_POINT('',(-4.1,0.29998416172,-1.E-02));
#2726 = ORIENTED_EDGE('',*,*,#2727,.T.);
#2727 = EDGE_CURVE('',#2616,#535,#2728,.T.);
#2728 = B_SPLINE_CURVE_WITH_KNOTS('',5,(#2729,#2730,#2731,#2732,#2733,
    #2734),.UNSPECIFIED.,.F.,.F.,(6,6),(0.,1.),
  .PIECEWISE_BEZIER_KNOTS.);
#2729 = CARTESIAN_POINT('',(-4.1,0.29998416172,-1.E-02));
#2730 = CARTESIAN_POINT('',(-4.19819920475,0.29998416172,-1.E-02));
#2731 = CARTESIAN_POINT('',(-4.337331690728,0.29998416172,-1.E-02));
#2732 = CARTESIAN_POINT('',(-4.556947911525,0.29998416172,-1.E-02));
#2733 = CARTESIAN_POINT('',(-4.82397681791,0.29998416172,-1.E-02));
#2734 = CARTESIAN_POINT('',(-5.0000239032,0.29998416172,-1.E-02));
#2735 = SURFACE_OF_LINEAR_EXTRUSION('',#2736,#2743);
#2736 = B_SPLINE_CURVE_WITH_KNOTS('',3,(#2737,#2738,#2739,#2740,#2741,
    #2742),.UNSPECIFIED.,.F.,.F.,(4,1,1,4),(0.,1.,2.,3.),
  .QUASI_UNIFORM_KNOTS.);
#2737 = CARTESIAN_POINT('',(-5.,0.3,0.));
#2738 = CARTESIAN_POINT('',(-5.,0.3,-0.4));
#2739 = CARTESIAN_POINT('',(-5.,0.15,-0.4));
#2740 = CARTESIAN_POINT('',(-5.,0.,-0.4));
#2741 = CARTESIAN_POINT('',(-5.,0.,-0.65));
#2742 = CARTESIAN_POINT('',(-5.,0.,-1.05));
#2743 = VECTOR('',#2744,1.);
#2744 = DIRECTION('',(-1.,-0.,-0.));
#2745 = ADVANCED_FACE('',(#2746),#4680,.T.);
#2746 = FACE_BOUND('',#2747,.T.);
#2747 = EDGE_LOOP('',(#2748,#2759,#2760,#2771,#2781,#2878,#2886,#2983,
    #2993,#3090,#3098,#3195,#3205,#3302,#3310,#3407,#3417,#3514,#3522,
    #3619,#3626,#3723,#3731,#3828,#3835,#3932,#3940,#4037,#4044,#4141,
    #4149,#4246,#4256,#4353,#4361,#4458,#4469,#4566,#4574,#4671));
#2748 = ORIENTED_EDGE('',*,*,#2749,.F.);
#2749 = EDGE_CURVE('',#513,#2750,#2752,.T.);
#2750 = VERTEX_POINT('',#2751);
#2751 = CARTESIAN_POINT('',(-5.,0.449989891164,-1.E-02));
#2752 = B_SPLINE_CURVE_WITH_KNOTS('',3,(#2753,#2754,#2755,#2756,#2757,
    #2758),.UNSPECIFIED.,.F.,.F.,(4,1,1,4),(0.,1.,2.,3.),
  .QUASI_UNIFORM_KNOTS.);
#2753 = CARTESIAN_POINT('',(-5.,0.45,0.));
#2754 = CARTESIAN_POINT('',(-5.,0.45,-0.5));
#2755 = CARTESIAN_POINT('',(-5.,0.3,-0.5));
#2756 = CARTESIAN_POINT('',(-5.,0.15,-0.5));
#2757 = CARTESIAN_POINT('',(-5.,0.15,-0.65));
#2758 = CARTESIAN_POINT('',(-5.,0.15,-1.05));
#2759 = ORIENTED_EDGE('',*,*,#512,.T.);
#2760 = ORIENTED_EDGE('',*,*,#2761,.T.);
#2761 = EDGE_CURVE('',#505,#2762,#2764,.T.);
#2762 = VERTEX_POINT('',#2763);
#2763 = CARTESIAN_POINT('',(5.,0.449989891164,-1.E-02));
#2764 = B_SPLINE_CURVE_WITH_KNOTS('',3,(#2765,#2766,#2767,#2768,#2769,
    #2770),.UNSPECIFIED.,.F.,.F.,(4,1,1,4),(0.,1.,2.,3.),
  .QUASI_UNIFORM_KNOTS.);
#2765 = CARTESIAN_POINT('',(5.,0.45,0.));
#2766 = CARTESIAN_POINT('',(5.,0.45,-0.5));
#2767 = CARTESIAN_POINT('',(5.,0.3,-0.5));
#2768 = CARTESIAN_POINT('',(5.,0.15,-0.5));
#2769 = CARTESIAN_POINT('',(5.,0.15,-0.65));
#2770 = CARTESIAN_POINT('',(5.,0.15,-1.05));
#2771 = ORIENTED_EDGE('',*,*,#2772,.T.);
#2772 = EDGE_CURVE('',#2762,#2773,#2775,.T.);
#2773 = VERTEX_POINT('',#2774);
#2774 = CARTESIAN_POINT('',(4.1,0.449989891164,-1.E-02));
#2775 = B_SPLINE_CURVE_WITH_KNOTS('',4,(#2776,#2777,#2778,#2779,#2780),
  .UNSPECIFIED.,.F.,.F.,(5,5),(0.,1.),.PIECEWISE_BEZIER_KNOTS.);
#2776 = CARTESIAN_POINT('',(5.0000239032,0.449989891164,-1.E-02));
#2777 = CARTESIAN_POINT('',(4.7750179274,0.449989891164,-1.E-02));
#2778 = CARTESIAN_POINT('',(4.5500119516,0.449989891164,-1.E-02));
#2779 = CARTESIAN_POINT('',(4.3250059758,0.449989891164,-1.E-02));
#2780 = CARTESIAN_POINT('',(4.1,0.449989891164,-1.E-02));
#2781 = ORIENTED_EDGE('',*,*,#2782,.F.);
#2782 = EDGE_CURVE('',#2783,#2773,#2785,.T.);
#2783 = VERTEX_POINT('',#2784);
#2784 = CARTESIAN_POINT('',(4.1,0.15,-1.05));
#2785 = B_SPLINE_CURVE_WITH_KNOTS('',6,(#2786,#2787,#2788,#2789,#2790,
    #2791,#2792,#2793,#2794,#2795,#2796,#2797,#2798,#2799,#2800,#2801,
    #2802,#2803,#2804,#2805,#2806,#2807,#2808,#2809,#2810,#2811,#2812,
    #2813,#2814,#2815,#2816,#2817,#2818,#2819,#2820,#2821,#2822,#2823,
    #2824,#2825,#2826,#2827,#2828,#2829,#2830,#2831,#2832,#2833,#2834,
    #2835,#2836,#2837,#2838,#2839,#2840,#2841,#2842,#2843,#2844,#2845,
    #2846,#2847,#2848,#2849,#2850,#2851,#2852,#2853,#2854,#2855,#2856,
    #2857,#2858,#2859,#2860,#2861,#2862,#2863,#2864,#2865,#2866,#2867,
    #2868,#2869,#2870,#2871,#2872,#2873,#2874,#2875,#2876,#2877),
  .UNSPECIFIED.,.F.,.F.,(7,5,5,5,5,5,5,5,5,5,5,5,5,5,5,5,5,5,7),(0.,
    7.380718256247E-02,0.172006813663,0.282922443914,0.342835559266,
    0.369042420631,0.595325666367,0.615338988999,0.650863428063,
    0.670013975975,0.716580646461,0.750553362484,0.820997552553,
    0.880601156414,0.915502465752,0.955662770906,0.977580161439,
    0.988121335589,1.),.UNSPECIFIED.);
#2786 = CARTESIAN_POINT('',(4.1,0.15,-1.05));
#2787 = CARTESIAN_POINT('',(4.1,0.15,-1.018355907042));
#2788 = CARTESIAN_POINT('',(4.1,0.150000000362,-0.987379401519));
#2789 = CARTESIAN_POINT('',(4.1,0.15000495167,-0.957146379394));
#2790 = CARTESIAN_POINT('',(4.1,0.150021301722,-0.927748503443));
#2791 = CARTESIAN_POINT('',(4.1,0.150057583859,-0.899287993107));
#2792 = CARTESIAN_POINT('',(4.1,0.150214708715,-0.835396293341));
#2793 = CARTESIAN_POINT('',(4.1,0.15035971617,-0.800762218269));
#2794 = CARTESIAN_POINT('',(4.1,0.150585655189,-0.768238690229));
#2795 = CARTESIAN_POINT('',(4.1,0.150928320422,-0.738102233187));
#2796 = CARTESIAN_POINT('',(4.1,0.151431391852,-0.710574806129));
#2797 = CARTESIAN_POINT('',(4.1,0.152949210578,-0.657734479833));
#2798 = CARTESIAN_POINT('',(4.1,0.154022053006,-0.633152025818));
#2799 = CARTESIAN_POINT('',(4.1,0.155432188053,-0.612189794744));
#2800 = CARTESIAN_POINT('',(4.1,0.15725601938,-0.594708196745));
#2801 = CARTESIAN_POINT('',(4.1,0.15956535455,-0.580284137375));
#2802 = CARTESIAN_POINT('',(4.1,0.163961723043,-0.561910313477));
#2803 = CARTESIAN_POINT('',(4.1,0.165663076603,-0.556192390942));
#2804 = CARTESIAN_POINT('',(4.1,0.167533970676,-0.551110238382));
#2805 = CARTESIAN_POINT('',(4.1,0.169583911359,-0.546562484293));
#2806 = CARTESIAN_POINT('',(4.1,0.171822061646,-0.54244123412));
#2807 = CARTESIAN_POINT('',(4.1,0.175322759951,-0.536972308286));
#2808 = CARTESIAN_POINT('',(4.1,0.176425859418,-0.535368106426));
#2809 = CARTESIAN_POINT('',(4.1,0.177567444359,-0.533815210771));
#2810 = CARTESIAN_POINT('',(4.1,0.178745938091,-0.532320603351));
#2811 = CARTESIAN_POINT('',(4.1,0.179961688049,-0.530877689198));
#2812 = CARTESIAN_POINT('',(4.1,0.192026787329,-0.517482870406));
#2813 = CARTESIAN_POINT('',(4.1,0.205565248103,-0.50937644344));
#2814 = CARTESIAN_POINT('',(4.1,0.221553201876,-0.504409438395));
#2815 = CARTESIAN_POINT('',(4.1,0.239685742817,-0.501756190284));
#2816 = CARTESIAN_POINT('',(4.1,0.259672571391,-0.50061313135));
#2817 = CARTESIAN_POINT('',(4.1,0.283157907114,-0.500157109408));
#2818 = CARTESIAN_POINT('',(4.1,0.285078671554,-0.500125718968));
#2819 = CARTESIAN_POINT('',(4.1,0.287011664584,-0.500099449094));
#2820 = CARTESIAN_POINT('',(4.1,0.288956699327,-0.500077756878));
#2821 = CARTESIAN_POINT('',(4.1,0.290913589724,-0.500060100477));
#2822 = CARTESIAN_POINT('',(4.1,0.296376423825,-0.50002080213));
#2823 = CARTESIAN_POINT('',(4.1,0.299907623512,-0.500007673661));
#2824 = CARTESIAN_POINT('',(4.1,0.30347410006,-0.499999603439));
#2825 = CARTESIAN_POINT('',(4.1,0.307075524819,-0.499998058229));
#2826 = CARTESIAN_POINT('',(4.1,0.310711248974,-0.500002422649));
#2827 = CARTESIAN_POINT('',(4.1,0.316355695222,-0.499997924455));
#2828 = CARTESIAN_POINT('',(4.1,0.318341643761,-0.499992376924));
#2829 = CARTESIAN_POINT('',(4.1,0.320335448093,-0.499976603658));
#2830 = CARTESIAN_POINT('',(4.1,0.322336041721,-0.499944357544));
#2831 = CARTESIAN_POINT('',(4.1,0.324342351676,-0.499889398106));
#2832 = CARTESIAN_POINT('',(4.1,0.331243137652,-0.499601463328));
#2833 = CARTESIAN_POINT('',(4.1,0.336160205144,-0.499226238043));
#2834 = CARTESIAN_POINT('',(4.1,0.34108931903,-0.498590408146));
#2835 = CARTESIAN_POINT('',(4.1,0.34601412079,-0.497604098534));
#2836 = CARTESIAN_POINT('',(4.1,0.350917217185,-0.496178668212));
#2837 = CARTESIAN_POINT('',(4.1,0.359328200455,-0.492805602514));
#2838 = CARTESIAN_POINT('',(4.1,0.362854738658,-0.491103752951));
#2839 = CARTESIAN_POINT('',(4.1,0.366352634491,-0.489089061892));
#2840 = CARTESIAN_POINT('',(4.1,0.369814320803,-0.486729974451));
#2841 = CARTESIAN_POINT('',(4.1,0.373231965514,-0.483997182264));
#2842 = CARTESIAN_POINT('',(4.1,0.383576023197,-0.474366026751));
#2843 = CARTESIAN_POINT('',(4.1,0.390333211946,-0.466144417563));
#2844 = CARTESIAN_POINT('',(4.1,0.396792097978,-0.455964711916));
#2845 = CARTESIAN_POINT('',(4.1,0.40288171416,-0.443667286573));
#2846 = CARTESIAN_POINT('',(4.1,0.408544929176,-0.429201724538));
#2847 = CARTESIAN_POINT('',(4.1,0.418147256597,-0.398666745822));
#2848 = CARTESIAN_POINT('',(4.1,0.42221919621,-0.38318089622));
#2849 = CARTESIAN_POINT('',(4.1,0.425941162618,-0.366253220257));
#2850 = CARTESIAN_POINT('',(4.1,0.429308475597,-0.347978753424));
#2851 = CARTESIAN_POINT('',(4.1,0.432327647039,-0.328478522268));
#2852 = CARTESIAN_POINT('',(4.1,0.436582710436,-0.29581792826));
#2853 = CARTESIAN_POINT('',(4.1,0.438039171303,-0.283378260075));
#2854 = CARTESIAN_POINT('',(4.1,0.439383523238,-0.270585548291));
#2855 = CARTESIAN_POINT('',(4.1,0.440619052586,-0.2574636928));
#2856 = CARTESIAN_POINT('',(4.1,0.441749477893,-0.24403564904));
#2857 = CARTESIAN_POINT('',(4.1,0.443963544712,-0.214545023357));
#2858 = CARTESIAN_POINT('',(4.1,0.445014332518,-0.198390163649));
#2859 = CARTESIAN_POINT('',(4.1,0.445937580138,-0.181891719196));
#2860 = CARTESIAN_POINT('',(4.1,0.446739492014,-0.165079546146));
#2861 = CARTESIAN_POINT('',(4.1,0.447426210208,-0.147980486478));
#2862 = CARTESIAN_POINT('',(4.1,0.448319040507,-0.121143033345));
#2863 = CARTESIAN_POINT('',(4.1,0.448601752165,-0.11158935825));
#2864 = CARTESIAN_POINT('',(4.1,0.448852917719,-0.101961204571));
#2865 = CARTESIAN_POINT('',(4.1,0.449073476232,-9.226218982588E-02));
#2866 = CARTESIAN_POINT('',(4.1,0.449264337482,-8.249568719046E-02));
#2867 = CARTESIAN_POINT('',(4.1,0.449504317294,-6.793667025E-02));
#2868 = CARTESIAN_POINT('',(4.1,0.449576031218,-6.31666641E-02));
#2869 = CARTESIAN_POINT('',(4.1,0.449641483217,-5.8354575525E-02));
#2870 = CARTESIAN_POINT('',(4.1,0.449700632775,-5.3500173E-02));
#2871 = CARTESIAN_POINT('',(4.1,0.449753439375,-4.8603225E-02));
#2872 = CARTESIAN_POINT('',(4.1,0.449852175906,-3.809701046779E-02));
#2873 = CARTESIAN_POINT('',(4.1,0.44989604437,-3.251263641718E-02));
#2874 = CARTESIAN_POINT('',(4.1,0.449931610781,-2.691020682751E-02));
#2875 = CARTESIAN_POINT('',(4.1,0.449959015668,-2.129002570361E-02));
#2876 = CARTESIAN_POINT('',(4.1,0.449978397194,-1.565287207583E-02));
#2877 = CARTESIAN_POINT('',(4.1,0.449989891164,-1.E-02));
#2878 = ORIENTED_EDGE('',*,*,#2879,.F.);
#2879 = EDGE_CURVE('',#2880,#2783,#2882,.T.);
#2880 = VERTEX_POINT('',#2881);
#2881 = CARTESIAN_POINT('',(3.6,0.15,-1.05));
#2882 = LINE('',#2883,#2884);
#2883 = CARTESIAN_POINT('',(-5.,0.15,-1.05));
#2884 = VECTOR('',#2885,1.);
#2885 = DIRECTION('',(1.,0.,0.));
#2886 = ORIENTED_EDGE('',*,*,#2887,.T.);
#2887 = EDGE_CURVE('',#2880,#2888,#2890,.T.);
#2888 = VERTEX_POINT('',#2889);
#2889 = CARTESIAN_POINT('',(3.6,0.449989891164,-1.E-02));
#2890 = B_SPLINE_CURVE_WITH_KNOTS('',6,(#2891,#2892,#2893,#2894,#2895,
    #2896,#2897,#2898,#2899,#2900,#2901,#2902,#2903,#2904,#2905,#2906,
    #2907,#2908,#2909,#2910,#2911,#2912,#2913,#2914,#2915,#2916,#2917,
    #2918,#2919,#2920,#2921,#2922,#2923,#2924,#2925,#2926,#2927,#2928,
    #2929,#2930,#2931,#2932,#2933,#2934,#2935,#2936,#2937,#2938,#2939,
    #2940,#2941,#2942,#2943,#2944,#2945,#2946,#2947,#2948,#2949,#2950,
    #2951,#2952,#2953,#2954,#2955,#2956,#2957,#2958,#2959,#2960,#2961,
    #2962,#2963,#2964,#2965,#2966,#2967,#2968,#2969,#2970,#2971,#2972,
    #2973,#2974,#2975,#2976,#2977,#2978,#2979,#2980,#2981,#2982),
  .UNSPECIFIED.,.F.,.F.,(7,5,5,5,5,5,5,5,5,5,5,5,5,5,5,5,5,5,7),(0.,
    7.38071825625E-02,0.172006813663,0.282922443914,0.342835559267,
    0.369042420631,0.595325666367,0.615338989,0.650863428064,
    0.670013975976,0.716580646461,0.750553362484,0.820997552553,
    0.880601156414,0.915502465752,0.955662770906,0.977580161439,
    0.988121335589,1.),.UNSPECIFIED.);
#2891 = CARTESIAN_POINT('',(3.6,0.15,-1.05));
#2892 = CARTESIAN_POINT('',(3.6,0.15,-1.018355907042));
#2893 = CARTESIAN_POINT('',(3.6,0.150000000362,-0.987379401519));
#2894 = CARTESIAN_POINT('',(3.6,0.15000495167,-0.957146379394));
#2895 = CARTESIAN_POINT('',(3.6,0.150021301722,-0.927748503443));
#2896 = CARTESIAN_POINT('',(3.6,0.150057583859,-0.899287993107));
#2897 = CARTESIAN_POINT('',(3.6,0.150214708715,-0.835396293341));
#2898 = CARTESIAN_POINT('',(3.6,0.15035971617,-0.800762218269));
#2899 = CARTESIAN_POINT('',(3.6,0.150585655189,-0.768238690229));
#2900 = CARTESIAN_POINT('',(3.6,0.150928320422,-0.738102233187));
#2901 = CARTESIAN_POINT('',(3.6,0.151431391852,-0.710574806129));
#2902 = CARTESIAN_POINT('',(3.6,0.152949210578,-0.657734479833));
#2903 = CARTESIAN_POINT('',(3.6,0.154022053006,-0.633152025818));
#2904 = CARTESIAN_POINT('',(3.6,0.155432188053,-0.612189794744));
#2905 = CARTESIAN_POINT('',(3.6,0.15725601938,-0.594708196745));
#2906 = CARTESIAN_POINT('',(3.6,0.15956535455,-0.580284137375));
#2907 = CARTESIAN_POINT('',(3.6,0.163961723043,-0.561910313477));
#2908 = CARTESIAN_POINT('',(3.6,0.165663076603,-0.556192390942));
#2909 = CARTESIAN_POINT('',(3.6,0.167533970676,-0.551110238382));
#2910 = CARTESIAN_POINT('',(3.6,0.169583911359,-0.546562484293));
#2911 = CARTESIAN_POINT('',(3.6,0.171822061646,-0.54244123412));
#2912 = CARTESIAN_POINT('',(3.6,0.175322759951,-0.536972308286));
#2913 = CARTESIAN_POINT('',(3.6,0.176425859418,-0.535368106426));
#2914 = CARTESIAN_POINT('',(3.6,0.177567444359,-0.533815210771));
#2915 = CARTESIAN_POINT('',(3.6,0.178745938091,-0.532320603351));
#2916 = CARTESIAN_POINT('',(3.6,0.179961688049,-0.530877689198));
#2917 = CARTESIAN_POINT('',(3.6,0.192026787329,-0.517482870406));
#2918 = CARTESIAN_POINT('',(3.6,0.205565248103,-0.50937644344));
#2919 = CARTESIAN_POINT('',(3.6,0.221553201876,-0.504409438395));
#2920 = CARTESIAN_POINT('',(3.6,0.239685742817,-0.501756190284));
#2921 = CARTESIAN_POINT('',(3.6,0.259672571391,-0.50061313135));
#2922 = CARTESIAN_POINT('',(3.6,0.283157907114,-0.500157109408));
#2923 = CARTESIAN_POINT('',(3.6,0.285078671554,-0.500125718968));
#2924 = CARTESIAN_POINT('',(3.6,0.287011664584,-0.500099449094));
#2925 = CARTESIAN_POINT('',(3.6,0.288956699327,-0.500077756878));
#2926 = CARTESIAN_POINT('',(3.6,0.290913589724,-0.500060100477));
#2927 = CARTESIAN_POINT('',(3.6,0.296376423825,-0.50002080213));
#2928 = CARTESIAN_POINT('',(3.6,0.299907623512,-0.500007673661));
#2929 = CARTESIAN_POINT('',(3.6,0.30347410006,-0.499999603439));
#2930 = CARTESIAN_POINT('',(3.6,0.307075524819,-0.499998058229));
#2931 = CARTESIAN_POINT('',(3.6,0.310711248974,-0.500002422649));
#2932 = CARTESIAN_POINT('',(3.6,0.316355695222,-0.499997924455));
#2933 = CARTESIAN_POINT('',(3.6,0.318341643761,-0.499992376924));
#2934 = CARTESIAN_POINT('',(3.6,0.320335448093,-0.499976603658));
#2935 = CARTESIAN_POINT('',(3.6,0.322336041721,-0.499944357544));
#2936 = CARTESIAN_POINT('',(3.6,0.324342351676,-0.499889398106));
#2937 = CARTESIAN_POINT('',(3.6,0.331243137652,-0.499601463328));
#2938 = CARTESIAN_POINT('',(3.6,0.336160205144,-0.499226238043));
#2939 = CARTESIAN_POINT('',(3.6,0.34108931903,-0.498590408146));
#2940 = CARTESIAN_POINT('',(3.6,0.34601412079,-0.497604098534));
#2941 = CARTESIAN_POINT('',(3.6,0.350917217185,-0.496178668212));
#2942 = CARTESIAN_POINT('',(3.6,0.359328200455,-0.492805602514));
#2943 = CARTESIAN_POINT('',(3.6,0.362854738658,-0.491103752951));
#2944 = CARTESIAN_POINT('',(3.6,0.366352634491,-0.489089061892));
#2945 = CARTESIAN_POINT('',(3.6,0.369814320803,-0.486729974451));
#2946 = CARTESIAN_POINT('',(3.6,0.373231965514,-0.483997182264));
#2947 = CARTESIAN_POINT('',(3.6,0.383576023197,-0.474366026751));
#2948 = CARTESIAN_POINT('',(3.6,0.390333211946,-0.466144417563));
#2949 = CARTESIAN_POINT('',(3.6,0.396792097978,-0.455964711916));
#2950 = CARTESIAN_POINT('',(3.6,0.40288171416,-0.443667286573));
#2951 = CARTESIAN_POINT('',(3.6,0.408544929176,-0.429201724538));
#2952 = CARTESIAN_POINT('',(3.6,0.418147256597,-0.398666745822));
#2953 = CARTESIAN_POINT('',(3.6,0.42221919621,-0.38318089622));
#2954 = CARTESIAN_POINT('',(3.6,0.425941162618,-0.366253220257));
#2955 = CARTESIAN_POINT('',(3.6,0.429308475597,-0.347978753424));
#2956 = CARTESIAN_POINT('',(3.6,0.432327647039,-0.328478522268));
#2957 = CARTESIAN_POINT('',(3.6,0.436582710436,-0.29581792826));
#2958 = CARTESIAN_POINT('',(3.6,0.438039171303,-0.283378260075));
#2959 = CARTESIAN_POINT('',(3.6,0.439383523238,-0.270585548291));
#2960 = CARTESIAN_POINT('',(3.6,0.440619052586,-0.2574636928));
#2961 = CARTESIAN_POINT('',(3.6,0.441749477893,-0.24403564904));
#2962 = CARTESIAN_POINT('',(3.6,0.443963544712,-0.214545023357));
#2963 = CARTESIAN_POINT('',(3.6,0.445014332518,-0.198390163649));
#2964 = CARTESIAN_POINT('',(3.6,0.445937580138,-0.181891719196));
#2965 = CARTESIAN_POINT('',(3.6,0.446739492014,-0.165079546146));
#2966 = CARTESIAN_POINT('',(3.6,0.447426210208,-0.147980486478));
#2967 = CARTESIAN_POINT('',(3.6,0.448319040507,-0.121143033345));
#2968 = CARTESIAN_POINT('',(3.6,0.448601752165,-0.11158935825));
#2969 = CARTESIAN_POINT('',(3.6,0.448852917719,-0.101961204571));
#2970 = CARTESIAN_POINT('',(3.6,0.449073476232,-9.226218982588E-02));
#2971 = CARTESIAN_POINT('',(3.6,0.449264337482,-8.249568719046E-02));
#2972 = CARTESIAN_POINT('',(3.6,0.449504317294,-6.793667025E-02));
#2973 = CARTESIAN_POINT('',(3.6,0.449576031218,-6.31666641E-02));
#2974 = CARTESIAN_POINT('',(3.6,0.449641483217,-5.8354575525E-02));
#2975 = CARTESIAN_POINT('',(3.6,0.449700632775,-5.3500173E-02));
#2976 = CARTESIAN_POINT('',(3.6,0.449753439375,-4.8603225E-02));
#2977 = CARTESIAN_POINT('',(3.6,0.449852175906,-3.809701046779E-02));
#2978 = CARTESIAN_POINT('',(3.6,0.44989604437,-3.251263641718E-02));
#2979 = CARTESIAN_POINT('',(3.6,0.449931610781,-2.691020682751E-02));
#2980 = CARTESIAN_POINT('',(3.6,0.449959015668,-2.129002570361E-02));
#2981 = CARTESIAN_POINT('',(3.6,0.449978397194,-1.565287207583E-02));
#2982 = CARTESIAN_POINT('',(3.6,0.449989891164,-1.E-02));
#2983 = ORIENTED_EDGE('',*,*,#2984,.T.);
#2984 = EDGE_CURVE('',#2888,#2985,#2987,.T.);
#2985 = VERTEX_POINT('',#2986);
#2986 = CARTESIAN_POINT('',(3.,0.449989891164,-1.E-02));
#2987 = B_SPLINE_CURVE_WITH_KNOTS('',4,(#2988,#2989,#2990,#2991,#2992),
  .UNSPECIFIED.,.F.,.F.,(5,5),(0.,1.),.PIECEWISE_BEZIER_KNOTS.);
#2988 = CARTESIAN_POINT('',(3.6,0.449989891164,-1.E-02));
#2989 = CARTESIAN_POINT('',(3.45,0.449989891164,-1.E-02));
#2990 = CARTESIAN_POINT('',(3.3,0.449989891164,-1.E-02));
#2991 = CARTESIAN_POINT('',(3.15,0.449989891164,-1.E-02));
#2992 = CARTESIAN_POINT('',(3.,0.449989891164,-1.E-02));
#2993 = ORIENTED_EDGE('',*,*,#2994,.F.);
#2994 = EDGE_CURVE('',#2995,#2985,#2997,.T.);
#2995 = VERTEX_POINT('',#2996);
#2996 = CARTESIAN_POINT('',(3.,0.15,-1.05));
#2997 = B_SPLINE_CURVE_WITH_KNOTS('',6,(#2998,#2999,#3000,#3001,#3002,
    #3003,#3004,#3005,#3006,#3007,#3008,#3009,#3010,#3011,#3012,#3013,
    #3014,#3015,#3016,#3017,#3018,#3019,#3020,#3021,#3022,#3023,#3024,
    #3025,#3026,#3027,#3028,#3029,#3030,#3031,#3032,#3033,#3034,#3035,
    #3036,#3037,#3038,#3039,#3040,#3041,#3042,#3043,#3044,#3045,#3046,
    #3047,#3048,#3049,#3050,#3051,#3052,#3053,#3054,#3055,#3056,#3057,
    #3058,#3059,#3060,#3061,#3062,#3063,#3064,#3065,#3066,#3067,#3068,
    #3069,#3070,#3071,#3072,#3073,#3074,#3075,#3076,#3077,#3078,#3079,
    #3080,#3081,#3082,#3083,#3084,#3085,#3086,#3087,#3088,#3089),
  .UNSPECIFIED.,.F.,.F.,(7,5,5,5,5,5,5,5,5,5,5,5,5,5,5,5,5,5,7),(0.,
    7.380718256247E-02,0.172006813663,0.282922443914,0.342835559266,
    0.369042420631,0.595325666367,0.615338988999,0.650863428063,
    0.670013975975,0.716580646461,0.750553362484,0.820997552553,
    0.880601156414,0.915502465752,0.955662770906,0.977580161439,
    0.988121335589,1.),.UNSPECIFIED.);
#2998 = CARTESIAN_POINT('',(3.,0.15,-1.05));
#2999 = CARTESIAN_POINT('',(3.,0.15,-1.018355907042));
#3000 = CARTESIAN_POINT('',(3.,0.150000000362,-0.987379401519));
#3001 = CARTESIAN_POINT('',(3.,0.15000495167,-0.957146379394));
#3002 = CARTESIAN_POINT('',(3.,0.150021301722,-0.927748503443));
#3003 = CARTESIAN_POINT('',(3.,0.150057583859,-0.899287993107));
#3004 = CARTESIAN_POINT('',(3.,0.150214708715,-0.835396293341));
#3005 = CARTESIAN_POINT('',(3.,0.15035971617,-0.800762218269));
#3006 = CARTESIAN_POINT('',(3.,0.150585655189,-0.768238690229));
#3007 = CARTESIAN_POINT('',(3.,0.150928320422,-0.738102233187));
#3008 = CARTESIAN_POINT('',(3.,0.151431391852,-0.710574806129));
#3009 = CARTESIAN_POINT('',(3.,0.152949210578,-0.657734479833));
#3010 = CARTESIAN_POINT('',(3.,0.154022053006,-0.633152025818));
#3011 = CARTESIAN_POINT('',(3.,0.155432188053,-0.612189794744));
#3012 = CARTESIAN_POINT('',(3.,0.15725601938,-0.594708196745));
#3013 = CARTESIAN_POINT('',(3.,0.15956535455,-0.580284137375));
#3014 = CARTESIAN_POINT('',(3.,0.163961723043,-0.561910313477));
#3015 = CARTESIAN_POINT('',(3.,0.165663076603,-0.556192390942));
#3016 = CARTESIAN_POINT('',(3.,0.167533970676,-0.551110238382));
#3017 = CARTESIAN_POINT('',(3.,0.169583911359,-0.546562484293));
#3018 = CARTESIAN_POINT('',(3.,0.171822061646,-0.54244123412));
#3019 = CARTESIAN_POINT('',(3.,0.175322759951,-0.536972308286));
#3020 = CARTESIAN_POINT('',(3.,0.176425859418,-0.535368106426));
#3021 = CARTESIAN_POINT('',(3.,0.177567444359,-0.533815210771));
#3022 = CARTESIAN_POINT('',(3.,0.178745938091,-0.532320603351));
#3023 = CARTESIAN_POINT('',(3.,0.179961688049,-0.530877689198));
#3024 = CARTESIAN_POINT('',(3.,0.192026787329,-0.517482870406));
#3025 = CARTESIAN_POINT('',(3.,0.205565248103,-0.50937644344));
#3026 = CARTESIAN_POINT('',(3.,0.221553201876,-0.504409438395));
#3027 = CARTESIAN_POINT('',(3.,0.239685742817,-0.501756190284));
#3028 = CARTESIAN_POINT('',(3.,0.259672571391,-0.50061313135));
#3029 = CARTESIAN_POINT('',(3.,0.283157907114,-0.500157109408));
#3030 = CARTESIAN_POINT('',(3.,0.285078671554,-0.500125718968));
#3031 = CARTESIAN_POINT('',(3.,0.287011664584,-0.500099449094));
#3032 = CARTESIAN_POINT('',(3.,0.288956699327,-0.500077756878));
#3033 = CARTESIAN_POINT('',(3.,0.290913589724,-0.500060100477));
#3034 = CARTESIAN_POINT('',(3.,0.296376423825,-0.50002080213));
#3035 = CARTESIAN_POINT('',(3.,0.299907623512,-0.500007673661));
#3036 = CARTESIAN_POINT('',(3.,0.30347410006,-0.499999603439));
#3037 = CARTESIAN_POINT('',(3.,0.307075524819,-0.499998058229));
#3038 = CARTESIAN_POINT('',(3.,0.310711248974,-0.500002422649));
#3039 = CARTESIAN_POINT('',(3.,0.316355695222,-0.499997924455));
#3040 = CARTESIAN_POINT('',(3.,0.318341643761,-0.499992376924));
#3041 = CARTESIAN_POINT('',(3.,0.320335448093,-0.499976603658));
#3042 = CARTESIAN_POINT('',(3.,0.322336041721,-0.499944357544));
#3043 = CARTESIAN_POINT('',(3.,0.324342351676,-0.499889398106));
#3044 = CARTESIAN_POINT('',(3.,0.331243137652,-0.499601463328));
#3045 = CARTESIAN_POINT('',(3.,0.336160205144,-0.499226238043));
#3046 = CARTESIAN_POINT('',(3.,0.34108931903,-0.498590408146));
#3047 = CARTESIAN_POINT('',(3.,0.34601412079,-0.497604098534));
#3048 = CARTESIAN_POINT('',(3.,0.350917217185,-0.496178668212));
#3049 = CARTESIAN_POINT('',(3.,0.359328200455,-0.492805602514));
#3050 = CARTESIAN_POINT('',(3.,0.362854738658,-0.491103752951));
#3051 = CARTESIAN_POINT('',(3.,0.366352634491,-0.489089061892));
#3052 = CARTESIAN_POINT('',(3.,0.369814320803,-0.486729974451));
#3053 = CARTESIAN_POINT('',(3.,0.373231965514,-0.483997182264));
#3054 = CARTESIAN_POINT('',(3.,0.383576023197,-0.474366026751));
#3055 = CARTESIAN_POINT('',(3.,0.390333211946,-0.466144417563));
#3056 = CARTESIAN_POINT('',(3.,0.396792097978,-0.455964711916));
#3057 = CARTESIAN_POINT('',(3.,0.40288171416,-0.443667286573));
#3058 = CARTESIAN_POINT('',(3.,0.408544929176,-0.429201724538));
#3059 = CARTESIAN_POINT('',(3.,0.418147256597,-0.398666745822));
#3060 = CARTESIAN_POINT('',(3.,0.42221919621,-0.38318089622));
#3061 = CARTESIAN_POINT('',(3.,0.425941162618,-0.366253220257));
#3062 = CARTESIAN_POINT('',(3.,0.429308475597,-0.347978753424));
#3063 = CARTESIAN_POINT('',(3.,0.432327647039,-0.328478522268));
#3064 = CARTESIAN_POINT('',(3.,0.436582710436,-0.29581792826));
#3065 = CARTESIAN_POINT('',(3.,0.438039171303,-0.283378260075));
#3066 = CARTESIAN_POINT('',(3.,0.439383523238,-0.270585548291));
#3067 = CARTESIAN_POINT('',(3.,0.440619052586,-0.2574636928));
#3068 = CARTESIAN_POINT('',(3.,0.441749477893,-0.24403564904));
#3069 = CARTESIAN_POINT('',(3.,0.443963544712,-0.214545023357));
#3070 = CARTESIAN_POINT('',(3.,0.445014332518,-0.198390163649));
#3071 = CARTESIAN_POINT('',(3.,0.445937580138,-0.181891719196));
#3072 = CARTESIAN_POINT('',(3.,0.446739492014,-0.165079546146));
#3073 = CARTESIAN_POINT('',(3.,0.447426210208,-0.147980486478));
#3074 = CARTESIAN_POINT('',(3.,0.448319040507,-0.121143033345));
#3075 = CARTESIAN_POINT('',(3.,0.448601752165,-0.11158935825));
#3076 = CARTESIAN_POINT('',(3.,0.448852917719,-0.101961204571));
#3077 = CARTESIAN_POINT('',(3.,0.449073476232,-9.226218982588E-02));
#3078 = CARTESIAN_POINT('',(3.,0.449264337482,-8.249568719046E-02));
#3079 = CARTESIAN_POINT('',(3.,0.449504317294,-6.793667025E-02));
#3080 = CARTESIAN_POINT('',(3.,0.449576031218,-6.31666641E-02));
#3081 = CARTESIAN_POINT('',(3.,0.449641483217,-5.8354575525E-02));
#3082 = CARTESIAN_POINT('',(3.,0.449700632775,-5.3500173E-02));
#3083 = CARTESIAN_POINT('',(3.,0.449753439375,-4.8603225E-02));
#3084 = CARTESIAN_POINT('',(3.,0.449852175906,-3.809701046779E-02));
#3085 = CARTESIAN_POINT('',(3.,0.44989604437,-3.251263641718E-02));
#3086 = CARTESIAN_POINT('',(3.,0.449931610781,-2.691020682751E-02));
#3087 = CARTESIAN_POINT('',(3.,0.449959015668,-2.129002570361E-02));
#3088 = CARTESIAN_POINT('',(3.,0.449978397194,-1.565287207583E-02));
#3089 = CARTESIAN_POINT('',(3.,0.449989891164,-1.E-02));
#3090 = ORIENTED_EDGE('',*,*,#3091,.F.);
#3091 = EDGE_CURVE('',#3092,#2995,#3094,.T.);
#3092 = VERTEX_POINT('',#3093);
#3093 = CARTESIAN_POINT('',(2.5,0.15,-1.05));
#3094 = LINE('',#3095,#3096);
#3095 = CARTESIAN_POINT('',(-5.,0.15,-1.05));
#3096 = VECTOR('',#3097,1.);
#3097 = DIRECTION('',(1.,0.,0.));
#3098 = ORIENTED_EDGE('',*,*,#3099,.T.);
#3099 = EDGE_CURVE('',#3092,#3100,#3102,.T.);
#3100 = VERTEX_POINT('',#3101);
#3101 = CARTESIAN_POINT('',(2.5,0.449989891164,-1.E-02));
#3102 = B_SPLINE_CURVE_WITH_KNOTS('',6,(#3103,#3104,#3105,#3106,#3107,
    #3108,#3109,#3110,#3111,#3112,#3113,#3114,#3115,#3116,#3117,#3118,
    #3119,#3120,#3121,#3122,#3123,#3124,#3125,#3126,#3127,#3128,#3129,
    #3130,#3131,#3132,#3133,#3134,#3135,#3136,#3137,#3138,#3139,#3140,
    #3141,#3142,#3143,#3144,#3145,#3146,#3147,#3148,#3149,#3150,#3151,
    #3152,#3153,#3154,#3155,#3156,#3157,#3158,#3159,#3160,#3161,#3162,
    #3163,#3164,#3165,#3166,#3167,#3168,#3169,#3170,#3171,#3172,#3173,
    #3174,#3175,#3176,#3177,#3178,#3179,#3180,#3181,#3182,#3183,#3184,
    #3185,#3186,#3187,#3188,#3189,#3190,#3191,#3192,#3193,#3194),
  .UNSPECIFIED.,.F.,.F.,(7,5,5,5,5,5,5,5,5,5,5,5,5,5,5,5,5,5,7),(0.,
    7.38071825625E-02,0.172006813663,0.282922443914,0.342835559267,
    0.369042420631,0.595325666367,0.615338989,0.650863428064,
    0.670013975976,0.716580646461,0.750553362484,0.820997552553,
    0.880601156414,0.915502465752,0.955662770906,0.977580161439,
    0.988121335589,1.),.UNSPECIFIED.);
#3103 = CARTESIAN_POINT('',(2.5,0.15,-1.05));
#3104 = CARTESIAN_POINT('',(2.5,0.15,-1.018355907042));
#3105 = CARTESIAN_POINT('',(2.5,0.150000000362,-0.987379401519));
#3106 = CARTESIAN_POINT('',(2.5,0.15000495167,-0.957146379394));
#3107 = CARTESIAN_POINT('',(2.5,0.150021301722,-0.927748503443));
#3108 = CARTESIAN_POINT('',(2.5,0.150057583859,-0.899287993107));
#3109 = CARTESIAN_POINT('',(2.5,0.150214708715,-0.835396293341));
#3110 = CARTESIAN_POINT('',(2.5,0.15035971617,-0.800762218269));
#3111 = CARTESIAN_POINT('',(2.5,0.150585655189,-0.768238690229));
#3112 = CARTESIAN_POINT('',(2.5,0.150928320422,-0.738102233187));
#3113 = CARTESIAN_POINT('',(2.5,0.151431391852,-0.710574806129));
#3114 = CARTESIAN_POINT('',(2.5,0.152949210578,-0.657734479833));
#3115 = CARTESIAN_POINT('',(2.5,0.154022053006,-0.633152025818));
#3116 = CARTESIAN_POINT('',(2.5,0.155432188053,-0.612189794744));
#3117 = CARTESIAN_POINT('',(2.5,0.15725601938,-0.594708196745));
#3118 = CARTESIAN_POINT('',(2.5,0.15956535455,-0.580284137375));
#3119 = CARTESIAN_POINT('',(2.5,0.163961723043,-0.561910313477));
#3120 = CARTESIAN_POINT('',(2.5,0.165663076603,-0.556192390942));
#3121 = CARTESIAN_POINT('',(2.5,0.167533970676,-0.551110238382));
#3122 = CARTESIAN_POINT('',(2.5,0.169583911359,-0.546562484293));
#3123 = CARTESIAN_POINT('',(2.5,0.171822061646,-0.54244123412));
#3124 = CARTESIAN_POINT('',(2.5,0.175322759951,-0.536972308286));
#3125 = CARTESIAN_POINT('',(2.5,0.176425859418,-0.535368106426));
#3126 = CARTESIAN_POINT('',(2.5,0.177567444359,-0.533815210771));
#3127 = CARTESIAN_POINT('',(2.5,0.178745938091,-0.532320603351));
#3128 = CARTESIAN_POINT('',(2.5,0.179961688049,-0.530877689198));
#3129 = CARTESIAN_POINT('',(2.5,0.192026787329,-0.517482870406));
#3130 = CARTESIAN_POINT('',(2.5,0.205565248103,-0.50937644344));
#3131 = CARTESIAN_POINT('',(2.5,0.221553201876,-0.504409438395));
#3132 = CARTESIAN_POINT('',(2.5,0.239685742817,-0.501756190284));
#3133 = CARTESIAN_POINT('',(2.5,0.259672571391,-0.50061313135));
#3134 = CARTESIAN_POINT('',(2.5,0.283157907114,-0.500157109408));
#3135 = CARTESIAN_POINT('',(2.5,0.285078671554,-0.500125718968));
#3136 = CARTESIAN_POINT('',(2.5,0.287011664584,-0.500099449094));
#3137 = CARTESIAN_POINT('',(2.5,0.288956699327,-0.500077756878));
#3138 = CARTESIAN_POINT('',(2.5,0.290913589724,-0.500060100477));
#3139 = CARTESIAN_POINT('',(2.5,0.296376423825,-0.50002080213));
#3140 = CARTESIAN_POINT('',(2.5,0.299907623512,-0.500007673661));
#3141 = CARTESIAN_POINT('',(2.5,0.30347410006,-0.499999603439));
#3142 = CARTESIAN_POINT('',(2.5,0.307075524819,-0.499998058229));
#3143 = CARTESIAN_POINT('',(2.5,0.310711248974,-0.500002422649));
#3144 = CARTESIAN_POINT('',(2.5,0.316355695222,-0.499997924455));
#3145 = CARTESIAN_POINT('',(2.5,0.318341643761,-0.499992376924));
#3146 = CARTESIAN_POINT('',(2.5,0.320335448093,-0.499976603658));
#3147 = CARTESIAN_POINT('',(2.5,0.322336041721,-0.499944357544));
#3148 = CARTESIAN_POINT('',(2.5,0.324342351676,-0.499889398106));
#3149 = CARTESIAN_POINT('',(2.5,0.331243137652,-0.499601463328));
#3150 = CARTESIAN_POINT('',(2.5,0.336160205144,-0.499226238043));
#3151 = CARTESIAN_POINT('',(2.5,0.34108931903,-0.498590408146));
#3152 = CARTESIAN_POINT('',(2.5,0.34601412079,-0.497604098534));
#3153 = CARTESIAN_POINT('',(2.5,0.350917217185,-0.496178668212));
#3154 = CARTESIAN_POINT('',(2.5,0.359328200455,-0.492805602514));
#3155 = CARTESIAN_POINT('',(2.5,0.362854738658,-0.491103752951));
#3156 = CARTESIAN_POINT('',(2.5,0.366352634491,-0.489089061892));
#3157 = CARTESIAN_POINT('',(2.5,0.369814320803,-0.486729974451));
#3158 = CARTESIAN_POINT('',(2.5,0.373231965514,-0.483997182264));
#3159 = CARTESIAN_POINT('',(2.5,0.383576023197,-0.474366026751));
#3160 = CARTESIAN_POINT('',(2.5,0.390333211946,-0.466144417563));
#3161 = CARTESIAN_POINT('',(2.5,0.396792097978,-0.455964711916));
#3162 = CARTESIAN_POINT('',(2.5,0.40288171416,-0.443667286573));
#3163 = CARTESIAN_POINT('',(2.5,0.408544929176,-0.429201724538));
#3164 = CARTESIAN_POINT('',(2.5,0.418147256597,-0.398666745822));
#3165 = CARTESIAN_POINT('',(2.5,0.42221919621,-0.38318089622));
#3166 = CARTESIAN_POINT('',(2.5,0.425941162618,-0.366253220257));
#3167 = CARTESIAN_POINT('',(2.5,0.429308475597,-0.347978753424));
#3168 = CARTESIAN_POINT('',(2.5,0.432327647039,-0.328478522268));
#3169 = CARTESIAN_POINT('',(2.5,0.436582710436,-0.29581792826));
#3170 = CARTESIAN_POINT('',(2.5,0.438039171303,-0.283378260075));
#3171 = CARTESIAN_POINT('',(2.5,0.439383523238,-0.270585548291));
#3172 = CARTESIAN_POINT('',(2.5,0.440619052586,-0.2574636928));
#3173 = CARTESIAN_POINT('',(2.5,0.441749477893,-0.24403564904));
#3174 = CARTESIAN_POINT('',(2.5,0.443963544712,-0.214545023357));
#3175 = CARTESIAN_POINT('',(2.5,0.445014332518,-0.198390163649));
#3176 = CARTESIAN_POINT('',(2.5,0.445937580138,-0.181891719196));
#3177 = CARTESIAN_POINT('',(2.5,0.446739492014,-0.165079546146));
#3178 = CARTESIAN_POINT('',(2.5,0.447426210208,-0.147980486478));
#3179 = CARTESIAN_POINT('',(2.5,0.448319040507,-0.121143033345));
#3180 = CARTESIAN_POINT('',(2.5,0.448601752165,-0.11158935825));
#3181 = CARTESIAN_POINT('',(2.5,0.448852917719,-0.101961204571));
#3182 = CARTESIAN_POINT('',(2.5,0.449073476232,-9.226218982588E-02));
#3183 = CARTESIAN_POINT('',(2.5,0.449264337482,-8.249568719046E-02));
#3184 = CARTESIAN_POINT('',(2.5,0.449504317294,-6.793667025E-02));
#3185 = CARTESIAN_POINT('',(2.5,0.449576031218,-6.31666641E-02));
#3186 = CARTESIAN_POINT('',(2.5,0.449641483217,-5.8354575525E-02));
#3187 = CARTESIAN_POINT('',(2.5,0.449700632775,-5.3500173E-02));
#3188 = CARTESIAN_POINT('',(2.5,0.449753439375,-4.8603225E-02));
#3189 = CARTESIAN_POINT('',(2.5,0.449852175906,-3.809701046779E-02));
#3190 = CARTESIAN_POINT('',(2.5,0.44989604437,-3.251263641718E-02));
#3191 = CARTESIAN_POINT('',(2.5,0.449931610781,-2.691020682751E-02));
#3192 = CARTESIAN_POINT('',(2.5,0.449959015668,-2.129002570361E-02));
#3193 = CARTESIAN_POINT('',(2.5,0.449978397194,-1.565287207583E-02));
#3194 = CARTESIAN_POINT('',(2.5,0.449989891164,-1.E-02));
#3195 = ORIENTED_EDGE('',*,*,#3196,.T.);
#3196 = EDGE_CURVE('',#3100,#3197,#3199,.T.);
#3197 = VERTEX_POINT('',#3198);
#3198 = CARTESIAN_POINT('',(1.9,0.449989891164,-1.E-02));
#3199 = B_SPLINE_CURVE_WITH_KNOTS('',4,(#3200,#3201,#3202,#3203,#3204),
  .UNSPECIFIED.,.F.,.F.,(5,5),(0.,1.),.PIECEWISE_BEZIER_KNOTS.);
#3200 = CARTESIAN_POINT('',(2.5,0.449989891164,-1.E-02));
#3201 = CARTESIAN_POINT('',(2.35,0.449989891164,-1.E-02));
#3202 = CARTESIAN_POINT('',(2.2,0.449989891164,-1.E-02));
#3203 = CARTESIAN_POINT('',(2.05,0.449989891164,-1.E-02));
#3204 = CARTESIAN_POINT('',(1.9,0.449989891164,-1.E-02));
#3205 = ORIENTED_EDGE('',*,*,#3206,.F.);
#3206 = EDGE_CURVE('',#3207,#3197,#3209,.T.);
#3207 = VERTEX_POINT('',#3208);
#3208 = CARTESIAN_POINT('',(1.9,0.15,-1.05));
#3209 = B_SPLINE_CURVE_WITH_KNOTS('',6,(#3210,#3211,#3212,#3213,#3214,
    #3215,#3216,#3217,#3218,#3219,#3220,#3221,#3222,#3223,#3224,#3225,
    #3226,#3227,#3228,#3229,#3230,#3231,#3232,#3233,#3234,#3235,#3236,
    #3237,#3238,#3239,#3240,#3241,#3242,#3243,#3244,#3245,#3246,#3247,
    #3248,#3249,#3250,#3251,#3252,#3253,#3254,#3255,#3256,#3257,#3258,
    #3259,#3260,#3261,#3262,#3263,#3264,#3265,#3266,#3267,#3268,#3269,
    #3270,#3271,#3272,#3273,#3274,#3275,#3276,#3277,#3278,#3279,#3280,
    #3281,#3282,#3283,#3284,#3285,#3286,#3287,#3288,#3289,#3290,#3291,
    #3292,#3293,#3294,#3295,#3296,#3297,#3298,#3299,#3300,#3301),
  .UNSPECIFIED.,.F.,.F.,(7,5,5,5,5,5,5,5,5,5,5,5,5,5,5,5,5,5,7),(0.,
    7.380718256247E-02,0.172006813663,0.282922443914,0.342835559266,
    0.369042420631,0.595325666367,0.615338988999,0.650863428063,
    0.670013975975,0.716580646461,0.750553362484,0.820997552553,
    0.880601156414,0.915502465752,0.955662770906,0.977580161439,
    0.988121335589,1.),.UNSPECIFIED.);
#3210 = CARTESIAN_POINT('',(1.9,0.15,-1.05));
#3211 = CARTESIAN_POINT('',(1.9,0.15,-1.018355907042));
#3212 = CARTESIAN_POINT('',(1.9,0.150000000362,-0.987379401519));
#3213 = CARTESIAN_POINT('',(1.9,0.15000495167,-0.957146379394));
#3214 = CARTESIAN_POINT('',(1.9,0.150021301722,-0.927748503443));
#3215 = CARTESIAN_POINT('',(1.9,0.150057583859,-0.899287993107));
#3216 = CARTESIAN_POINT('',(1.9,0.150214708715,-0.835396293341));
#3217 = CARTESIAN_POINT('',(1.9,0.15035971617,-0.800762218269));
#3218 = CARTESIAN_POINT('',(1.9,0.150585655189,-0.768238690229));
#3219 = CARTESIAN_POINT('',(1.9,0.150928320422,-0.738102233187));
#3220 = CARTESIAN_POINT('',(1.9,0.151431391852,-0.710574806129));
#3221 = CARTESIAN_POINT('',(1.9,0.152949210578,-0.657734479833));
#3222 = CARTESIAN_POINT('',(1.9,0.154022053006,-0.633152025818));
#3223 = CARTESIAN_POINT('',(1.9,0.155432188053,-0.612189794744));
#3224 = CARTESIAN_POINT('',(1.9,0.15725601938,-0.594708196745));
#3225 = CARTESIAN_POINT('',(1.9,0.15956535455,-0.580284137375));
#3226 = CARTESIAN_POINT('',(1.9,0.163961723043,-0.561910313477));
#3227 = CARTESIAN_POINT('',(1.9,0.165663076603,-0.556192390942));
#3228 = CARTESIAN_POINT('',(1.9,0.167533970676,-0.551110238382));
#3229 = CARTESIAN_POINT('',(1.9,0.169583911359,-0.546562484293));
#3230 = CARTESIAN_POINT('',(1.9,0.171822061646,-0.54244123412));
#3231 = CARTESIAN_POINT('',(1.9,0.175322759951,-0.536972308286));
#3232 = CARTESIAN_POINT('',(1.9,0.176425859418,-0.535368106426));
#3233 = CARTESIAN_POINT('',(1.9,0.177567444359,-0.533815210771));
#3234 = CARTESIAN_POINT('',(1.9,0.178745938091,-0.532320603351));
#3235 = CARTESIAN_POINT('',(1.9,0.179961688049,-0.530877689198));
#3236 = CARTESIAN_POINT('',(1.9,0.192026787329,-0.517482870406));
#3237 = CARTESIAN_POINT('',(1.9,0.205565248103,-0.50937644344));
#3238 = CARTESIAN_POINT('',(1.9,0.221553201876,-0.504409438395));
#3239 = CARTESIAN_POINT('',(1.9,0.239685742817,-0.501756190284));
#3240 = CARTESIAN_POINT('',(1.9,0.259672571391,-0.50061313135));
#3241 = CARTESIAN_POINT('',(1.9,0.283157907114,-0.500157109408));
#3242 = CARTESIAN_POINT('',(1.9,0.285078671554,-0.500125718968));
#3243 = CARTESIAN_POINT('',(1.9,0.287011664584,-0.500099449094));
#3244 = CARTESIAN_POINT('',(1.9,0.288956699327,-0.500077756878));
#3245 = CARTESIAN_POINT('',(1.9,0.290913589724,-0.500060100477));
#3246 = CARTESIAN_POINT('',(1.9,0.296376423825,-0.50002080213));
#3247 = CARTESIAN_POINT('',(1.9,0.299907623512,-0.500007673661));
#3248 = CARTESIAN_POINT('',(1.9,0.30347410006,-0.499999603439));
#3249 = CARTESIAN_POINT('',(1.9,0.307075524819,-0.499998058229));
#3250 = CARTESIAN_POINT('',(1.9,0.310711248974,-0.500002422649));
#3251 = CARTESIAN_POINT('',(1.9,0.316355695222,-0.499997924455));
#3252 = CARTESIAN_POINT('',(1.9,0.318341643761,-0.499992376924));
#3253 = CARTESIAN_POINT('',(1.9,0.320335448093,-0.499976603658));
#3254 = CARTESIAN_POINT('',(1.9,0.322336041721,-0.499944357544));
#3255 = CARTESIAN_POINT('',(1.9,0.324342351676,-0.499889398106));
#3256 = CARTESIAN_POINT('',(1.9,0.331243137652,-0.499601463328));
#3257 = CARTESIAN_POINT('',(1.9,0.336160205144,-0.499226238043));
#3258 = CARTESIAN_POINT('',(1.9,0.34108931903,-0.498590408146));
#3259 = CARTESIAN_POINT('',(1.9,0.34601412079,-0.497604098534));
#3260 = CARTESIAN_POINT('',(1.9,0.350917217185,-0.496178668212));
#3261 = CARTESIAN_POINT('',(1.9,0.359328200455,-0.492805602514));
#3262 = CARTESIAN_POINT('',(1.9,0.362854738658,-0.491103752951));
#3263 = CARTESIAN_POINT('',(1.9,0.366352634491,-0.489089061892));
#3264 = CARTESIAN_POINT('',(1.9,0.369814320803,-0.486729974451));
#3265 = CARTESIAN_POINT('',(1.9,0.373231965514,-0.483997182264));
#3266 = CARTESIAN_POINT('',(1.9,0.383576023197,-0.474366026751));
#3267 = CARTESIAN_POINT('',(1.9,0.390333211946,-0.466144417563));
#3268 = CARTESIAN_POINT('',(1.9,0.396792097978,-0.455964711916));
#3269 = CARTESIAN_POINT('',(1.9,0.40288171416,-0.443667286573));
#3270 = CARTESIAN_POINT('',(1.9,0.408544929176,-0.429201724538));
#3271 = CARTESIAN_POINT('',(1.9,0.418147256597,-0.398666745822));
#3272 = CARTESIAN_POINT('',(1.9,0.42221919621,-0.38318089622));
#3273 = CARTESIAN_POINT('',(1.9,0.425941162618,-0.366253220257));
#3274 = CARTESIAN_POINT('',(1.9,0.429308475597,-0.347978753424));
#3275 = CARTESIAN_POINT('',(1.9,0.432327647039,-0.328478522268));
#3276 = CARTESIAN_POINT('',(1.9,0.436582710436,-0.29581792826));
#3277 = CARTESIAN_POINT('',(1.9,0.438039171303,-0.283378260075));
#3278 = CARTESIAN_POINT('',(1.9,0.439383523238,-0.270585548291));
#3279 = CARTESIAN_POINT('',(1.9,0.440619052586,-0.2574636928));
#3280 = CARTESIAN_POINT('',(1.9,0.441749477893,-0.24403564904));
#3281 = CARTESIAN_POINT('',(1.9,0.443963544712,-0.214545023357));
#3282 = CARTESIAN_POINT('',(1.9,0.445014332518,-0.198390163649));
#3283 = CARTESIAN_POINT('',(1.9,0.445937580138,-0.181891719196));
#3284 = CARTESIAN_POINT('',(1.9,0.446739492014,-0.165079546146));
#3285 = CARTESIAN_POINT('',(1.9,0.447426210208,-0.147980486478));
#3286 = CARTESIAN_POINT('',(1.9,0.448319040507,-0.121143033345));
#3287 = CARTESIAN_POINT('',(1.9,0.448601752165,-0.11158935825));
#3288 = CARTESIAN_POINT('',(1.9,0.448852917719,-0.101961204571));
#3289 = CARTESIAN_POINT('',(1.9,0.449073476232,-9.226218982588E-02));
#3290 = CARTESIAN_POINT('',(1.9,0.449264337482,-8.249568719046E-02));
#3291 = CARTESIAN_POINT('',(1.9,0.449504317294,-6.793667025E-02));
#3292 = CARTESIAN_POINT('',(1.9,0.449576031218,-6.31666641E-02));
#3293 = CARTESIAN_POINT('',(1.9,0.449641483217,-5.8354575525E-02));
#3294 = CARTESIAN_POINT('',(1.9,0.449700632775,-5.3500173E-02));
#3295 = CARTESIAN_POINT('',(1.9,0.449753439375,-4.8603225E-02));
#3296 = CARTESIAN_POINT('',(1.9,0.449852175906,-3.809701046779E-02));
#3297 = CARTESIAN_POINT('',(1.9,0.44989604437,-3.251263641718E-02));
#3298 = CARTESIAN_POINT('',(1.9,0.449931610781,-2.691020682751E-02));
#3299 = CARTESIAN_POINT('',(1.9,0.449959015668,-2.129002570361E-02));
#3300 = CARTESIAN_POINT('',(1.9,0.449978397194,-1.565287207583E-02));
#3301 = CARTESIAN_POINT('',(1.9,0.449989891164,-1.E-02));
#3302 = ORIENTED_EDGE('',*,*,#3303,.F.);
#3303 = EDGE_CURVE('',#3304,#3207,#3306,.T.);
#3304 = VERTEX_POINT('',#3305);
#3305 = CARTESIAN_POINT('',(1.4,0.15,-1.05));
#3306 = LINE('',#3307,#3308);
#3307 = CARTESIAN_POINT('',(-5.,0.15,-1.05));
#3308 = VECTOR('',#3309,1.);
#3309 = DIRECTION('',(1.,0.,0.));
#3310 = ORIENTED_EDGE('',*,*,#3311,.T.);
#3311 = EDGE_CURVE('',#3304,#3312,#3314,.T.);
#3312 = VERTEX_POINT('',#3313);
#3313 = CARTESIAN_POINT('',(1.4,0.449989891164,-1.E-02));
#3314 = B_SPLINE_CURVE_WITH_KNOTS('',6,(#3315,#3316,#3317,#3318,#3319,
    #3320,#3321,#3322,#3323,#3324,#3325,#3326,#3327,#3328,#3329,#3330,
    #3331,#3332,#3333,#3334,#3335,#3336,#3337,#3338,#3339,#3340,#3341,
    #3342,#3343,#3344,#3345,#3346,#3347,#3348,#3349,#3350,#3351,#3352,
    #3353,#3354,#3355,#3356,#3357,#3358,#3359,#3360,#3361,#3362,#3363,
    #3364,#3365,#3366,#3367,#3368,#3369,#3370,#3371,#3372,#3373,#3374,
    #3375,#3376,#3377,#3378,#3379,#3380,#3381,#3382,#3383,#3384,#3385,
    #3386,#3387,#3388,#3389,#3390,#3391,#3392,#3393,#3394,#3395,#3396,
    #3397,#3398,#3399,#3400,#3401,#3402,#3403,#3404,#3405,#3406),
  .UNSPECIFIED.,.F.,.F.,(7,5,5,5,5,5,5,5,5,5,5,5,5,5,5,5,5,5,7),(0.,
    7.38071825625E-02,0.172006813663,0.282922443914,0.342835559267,
    0.369042420631,0.595325666367,0.615338989,0.650863428064,
    0.670013975976,0.716580646461,0.750553362484,0.820997552553,
    0.880601156414,0.915502465752,0.955662770906,0.977580161439,
    0.988121335589,1.),.UNSPECIFIED.);
#3315 = CARTESIAN_POINT('',(1.4,0.15,-1.05));
#3316 = CARTESIAN_POINT('',(1.4,0.15,-1.018355907042));
#3317 = CARTESIAN_POINT('',(1.4,0.150000000362,-0.987379401519));
#3318 = CARTESIAN_POINT('',(1.4,0.15000495167,-0.957146379394));
#3319 = CARTESIAN_POINT('',(1.4,0.150021301722,-0.927748503443));
#3320 = CARTESIAN_POINT('',(1.4,0.150057583859,-0.899287993107));
#3321 = CARTESIAN_POINT('',(1.4,0.150214708715,-0.835396293341));
#3322 = CARTESIAN_POINT('',(1.4,0.15035971617,-0.800762218269));
#3323 = CARTESIAN_POINT('',(1.4,0.150585655189,-0.768238690229));
#3324 = CARTESIAN_POINT('',(1.4,0.150928320422,-0.738102233187));
#3325 = CARTESIAN_POINT('',(1.4,0.151431391852,-0.710574806129));
#3326 = CARTESIAN_POINT('',(1.4,0.152949210578,-0.657734479833));
#3327 = CARTESIAN_POINT('',(1.4,0.154022053006,-0.633152025818));
#3328 = CARTESIAN_POINT('',(1.4,0.155432188053,-0.612189794744));
#3329 = CARTESIAN_POINT('',(1.4,0.15725601938,-0.594708196745));
#3330 = CARTESIAN_POINT('',(1.4,0.15956535455,-0.580284137375));
#3331 = CARTESIAN_POINT('',(1.4,0.163961723043,-0.561910313477));
#3332 = CARTESIAN_POINT('',(1.4,0.165663076603,-0.556192390942));
#3333 = CARTESIAN_POINT('',(1.4,0.167533970676,-0.551110238382));
#3334 = CARTESIAN_POINT('',(1.4,0.169583911359,-0.546562484293));
#3335 = CARTESIAN_POINT('',(1.4,0.171822061646,-0.54244123412));
#3336 = CARTESIAN_POINT('',(1.4,0.175322759951,-0.536972308286));
#3337 = CARTESIAN_POINT('',(1.4,0.176425859418,-0.535368106426));
#3338 = CARTESIAN_POINT('',(1.4,0.177567444359,-0.533815210771));
#3339 = CARTESIAN_POINT('',(1.4,0.178745938091,-0.532320603351));
#3340 = CARTESIAN_POINT('',(1.4,0.179961688049,-0.530877689198));
#3341 = CARTESIAN_POINT('',(1.4,0.192026787329,-0.517482870406));
#3342 = CARTESIAN_POINT('',(1.4,0.205565248103,-0.50937644344));
#3343 = CARTESIAN_POINT('',(1.4,0.221553201876,-0.504409438395));
#3344 = CARTESIAN_POINT('',(1.4,0.239685742817,-0.501756190284));
#3345 = CARTESIAN_POINT('',(1.4,0.259672571391,-0.50061313135));
#3346 = CARTESIAN_POINT('',(1.4,0.283157907114,-0.500157109408));
#3347 = CARTESIAN_POINT('',(1.4,0.285078671554,-0.500125718968));
#3348 = CARTESIAN_POINT('',(1.4,0.287011664584,-0.500099449094));
#3349 = CARTESIAN_POINT('',(1.4,0.288956699327,-0.500077756878));
#3350 = CARTESIAN_POINT('',(1.4,0.290913589724,-0.500060100477));
#3351 = CARTESIAN_POINT('',(1.4,0.296376423825,-0.50002080213));
#3352 = CARTESIAN_POINT('',(1.4,0.299907623512,-0.500007673661));
#3353 = CARTESIAN_POINT('',(1.4,0.30347410006,-0.499999603439));
#3354 = CARTESIAN_POINT('',(1.4,0.307075524819,-0.499998058229));
#3355 = CARTESIAN_POINT('',(1.4,0.310711248974,-0.500002422649));
#3356 = CARTESIAN_POINT('',(1.4,0.316355695222,-0.499997924455));
#3357 = CARTESIAN_POINT('',(1.4,0.318341643761,-0.499992376924));
#3358 = CARTESIAN_POINT('',(1.4,0.320335448093,-0.499976603658));
#3359 = CARTESIAN_POINT('',(1.4,0.322336041721,-0.499944357544));
#3360 = CARTESIAN_POINT('',(1.4,0.324342351676,-0.499889398106));
#3361 = CARTESIAN_POINT('',(1.4,0.331243137652,-0.499601463328));
#3362 = CARTESIAN_POINT('',(1.4,0.336160205144,-0.499226238043));
#3363 = CARTESIAN_POINT('',(1.4,0.34108931903,-0.498590408146));
#3364 = CARTESIAN_POINT('',(1.4,0.34601412079,-0.497604098534));
#3365 = CARTESIAN_POINT('',(1.4,0.350917217185,-0.496178668212));
#3366 = CARTESIAN_POINT('',(1.4,0.359328200455,-0.492805602514));
#3367 = CARTESIAN_POINT('',(1.4,0.362854738658,-0.491103752951));
#3368 = CARTESIAN_POINT('',(1.4,0.366352634491,-0.489089061892));
#3369 = CARTESIAN_POINT('',(1.4,0.369814320803,-0.486729974451));
#3370 = CARTESIAN_POINT('',(1.4,0.373231965514,-0.483997182264));
#3371 = CARTESIAN_POINT('',(1.4,0.383576023197,-0.474366026751));
#3372 = CARTESIAN_POINT('',(1.4,0.390333211946,-0.466144417563));
#3373 = CARTESIAN_POINT('',(1.4,0.396792097978,-0.455964711916));
#3374 = CARTESIAN_POINT('',(1.4,0.40288171416,-0.443667286573));
#3375 = CARTESIAN_POINT('',(1.4,0.408544929176,-0.429201724538));
#3376 = CARTESIAN_POINT('',(1.4,0.418147256597,-0.398666745822));
#3377 = CARTESIAN_POINT('',(1.4,0.42221919621,-0.38318089622));
#3378 = CARTESIAN_POINT('',(1.4,0.425941162618,-0.366253220257));
#3379 = CARTESIAN_POINT('',(1.4,0.429308475597,-0.347978753424));
#3380 = CARTESIAN_POINT('',(1.4,0.432327647039,-0.328478522268));
#3381 = CARTESIAN_POINT('',(1.4,0.436582710436,-0.29581792826));
#3382 = CARTESIAN_POINT('',(1.4,0.438039171303,-0.283378260075));
#3383 = CARTESIAN_POINT('',(1.4,0.439383523238,-0.270585548291));
#3384 = CARTESIAN_POINT('',(1.4,0.440619052586,-0.2574636928));
#3385 = CARTESIAN_POINT('',(1.4,0.441749477893,-0.24403564904));
#3386 = CARTESIAN_POINT('',(1.4,0.443963544712,-0.214545023357));
#3387 = CARTESIAN_POINT('',(1.4,0.445014332518,-0.198390163649));
#3388 = CARTESIAN_POINT('',(1.4,0.445937580138,-0.181891719196));
#3389 = CARTESIAN_POINT('',(1.4,0.446739492014,-0.165079546146));
#3390 = CARTESIAN_POINT('',(1.4,0.447426210208,-0.147980486478));
#3391 = CARTESIAN_POINT('',(1.4,0.448319040507,-0.121143033345));
#3392 = CARTESIAN_POINT('',(1.4,0.448601752165,-0.11158935825));
#3393 = CARTESIAN_POINT('',(1.4,0.448852917719,-0.101961204571));
#3394 = CARTESIAN_POINT('',(1.4,0.449073476232,-9.226218982588E-02));
#3395 = CARTESIAN_POINT('',(1.4,0.449264337482,-8.249568719046E-02));
#3396 = CARTESIAN_POINT('',(1.4,0.449504317294,-6.793667025E-02));
#3397 = CARTESIAN_POINT('',(1.4,0.449576031218,-6.31666641E-02));
#3398 = CARTESIAN_POINT('',(1.4,0.449641483217,-5.8354575525E-02));
#3399 = CARTESIAN_POINT('',(1.4,0.449700632775,-5.3500173E-02));
#3400 = CARTESIAN_POINT('',(1.4,0.449753439375,-4.8603225E-02));
#3401 = CARTESIAN_POINT('',(1.4,0.449852175906,-3.809701046779E-02));
#3402 = CARTESIAN_POINT('',(1.4,0.44989604437,-3.251263641718E-02));
#3403 = CARTESIAN_POINT('',(1.4,0.449931610781,-2.691020682751E-02));
#3404 = CARTESIAN_POINT('',(1.4,0.449959015668,-2.129002570361E-02));
#3405 = CARTESIAN_POINT('',(1.4,0.449978397194,-1.565287207583E-02));
#3406 = CARTESIAN_POINT('',(1.4,0.449989891164,-1.E-02));
#3407 = ORIENTED_EDGE('',*,*,#3408,.T.);
#3408 = EDGE_CURVE('',#3312,#3409,#3411,.T.);
#3409 = VERTEX_POINT('',#3410);
#3410 = CARTESIAN_POINT('',(0.8,0.449989891164,-1.E-02));
#3411 = B_SPLINE_CURVE_WITH_KNOTS('',4,(#3412,#3413,#3414,#3415,#3416),
  .UNSPECIFIED.,.F.,.F.,(5,5),(0.,1.),.PIECEWISE_BEZIER_KNOTS.);
#3412 = CARTESIAN_POINT('',(1.4,0.449989891164,-1.E-02));
#3413 = CARTESIAN_POINT('',(1.25,0.449989891164,-1.E-02));
#3414 = CARTESIAN_POINT('',(1.1,0.449989891164,-1.E-02));
#3415 = CARTESIAN_POINT('',(0.95,0.449989891164,-1.E-02));
#3416 = CARTESIAN_POINT('',(0.8,0.449989891164,-1.E-02));
#3417 = ORIENTED_EDGE('',*,*,#3418,.F.);
#3418 = EDGE_CURVE('',#3419,#3409,#3421,.T.);
#3419 = VERTEX_POINT('',#3420);
#3420 = CARTESIAN_POINT('',(0.8,0.15,-1.05));
#3421 = B_SPLINE_CURVE_WITH_KNOTS('',6,(#3422,#3423,#3424,#3425,#3426,
    #3427,#3428,#3429,#3430,#3431,#3432,#3433,#3434,#3435,#3436,#3437,
    #3438,#3439,#3440,#3441,#3442,#3443,#3444,#3445,#3446,#3447,#3448,
    #3449,#3450,#3451,#3452,#3453,#3454,#3455,#3456,#3457,#3458,#3459,
    #3460,#3461,#3462,#3463,#3464,#3465,#3466,#3467,#3468,#3469,#3470,
    #3471,#3472,#3473,#3474,#3475,#3476,#3477,#3478,#3479,#3480,#3481,
    #3482,#3483,#3484,#3485,#3486,#3487,#3488,#3489,#3490,#3491,#3492,
    #3493,#3494,#3495,#3496,#3497,#3498,#3499,#3500,#3501,#3502,#3503,
    #3504,#3505,#3506,#3507,#3508,#3509,#3510,#3511,#3512,#3513),
  .UNSPECIFIED.,.F.,.F.,(7,5,5,5,5,5,5,5,5,5,5,5,5,5,5,5,5,5,7),(0.,
    7.380718256247E-02,0.172006813663,0.282922443914,0.342835559266,
    0.369042420631,0.595325666367,0.615338988999,0.650863428063,
    0.670013975975,0.716580646461,0.750553362484,0.820997552553,
    0.880601156414,0.915502465752,0.955662770906,0.977580161439,
    0.988121335589,1.),.UNSPECIFIED.);
#3422 = CARTESIAN_POINT('',(0.8,0.15,-1.05));
#3423 = CARTESIAN_POINT('',(0.8,0.15,-1.018355907042));
#3424 = CARTESIAN_POINT('',(0.8,0.150000000362,-0.987379401519));
#3425 = CARTESIAN_POINT('',(0.8,0.15000495167,-0.957146379394));
#3426 = CARTESIAN_POINT('',(0.8,0.150021301722,-0.927748503443));
#3427 = CARTESIAN_POINT('',(0.8,0.150057583859,-0.899287993107));
#3428 = CARTESIAN_POINT('',(0.8,0.150214708715,-0.835396293341));
#3429 = CARTESIAN_POINT('',(0.8,0.15035971617,-0.800762218269));
#3430 = CARTESIAN_POINT('',(0.8,0.150585655189,-0.768238690229));
#3431 = CARTESIAN_POINT('',(0.8,0.150928320422,-0.738102233187));
#3432 = CARTESIAN_POINT('',(0.8,0.151431391852,-0.710574806129));
#3433 = CARTESIAN_POINT('',(0.8,0.152949210578,-0.657734479833));
#3434 = CARTESIAN_POINT('',(0.8,0.154022053006,-0.633152025818));
#3435 = CARTESIAN_POINT('',(0.8,0.155432188053,-0.612189794744));
#3436 = CARTESIAN_POINT('',(0.8,0.15725601938,-0.594708196745));
#3437 = CARTESIAN_POINT('',(0.8,0.15956535455,-0.580284137375));
#3438 = CARTESIAN_POINT('',(0.8,0.163961723043,-0.561910313477));
#3439 = CARTESIAN_POINT('',(0.8,0.165663076603,-0.556192390942));
#3440 = CARTESIAN_POINT('',(0.8,0.167533970676,-0.551110238382));
#3441 = CARTESIAN_POINT('',(0.8,0.169583911359,-0.546562484293));
#3442 = CARTESIAN_POINT('',(0.8,0.171822061646,-0.54244123412));
#3443 = CARTESIAN_POINT('',(0.8,0.175322759951,-0.536972308286));
#3444 = CARTESIAN_POINT('',(0.8,0.176425859418,-0.535368106426));
#3445 = CARTESIAN_POINT('',(0.8,0.177567444359,-0.533815210771));
#3446 = CARTESIAN_POINT('',(0.8,0.178745938091,-0.532320603351));
#3447 = CARTESIAN_POINT('',(0.8,0.179961688049,-0.530877689198));
#3448 = CARTESIAN_POINT('',(0.8,0.192026787329,-0.517482870406));
#3449 = CARTESIAN_POINT('',(0.8,0.205565248103,-0.50937644344));
#3450 = CARTESIAN_POINT('',(0.8,0.221553201876,-0.504409438395));
#3451 = CARTESIAN_POINT('',(0.8,0.239685742817,-0.501756190284));
#3452 = CARTESIAN_POINT('',(0.8,0.259672571391,-0.50061313135));
#3453 = CARTESIAN_POINT('',(0.8,0.283157907114,-0.500157109408));
#3454 = CARTESIAN_POINT('',(0.8,0.285078671554,-0.500125718968));
#3455 = CARTESIAN_POINT('',(0.8,0.287011664584,-0.500099449094));
#3456 = CARTESIAN_POINT('',(0.8,0.288956699327,-0.500077756878));
#3457 = CARTESIAN_POINT('',(0.8,0.290913589724,-0.500060100477));
#3458 = CARTESIAN_POINT('',(0.8,0.296376423825,-0.50002080213));
#3459 = CARTESIAN_POINT('',(0.8,0.299907623512,-0.500007673661));
#3460 = CARTESIAN_POINT('',(0.8,0.30347410006,-0.499999603439));
#3461 = CARTESIAN_POINT('',(0.8,0.307075524819,-0.499998058229));
#3462 = CARTESIAN_POINT('',(0.8,0.310711248974,-0.500002422649));
#3463 = CARTESIAN_POINT('',(0.8,0.316355695222,-0.499997924455));
#3464 = CARTESIAN_POINT('',(0.8,0.318341643761,-0.499992376924));
#3465 = CARTESIAN_POINT('',(0.8,0.320335448093,-0.499976603658));
#3466 = CARTESIAN_POINT('',(0.8,0.322336041721,-0.499944357544));
#3467 = CARTESIAN_POINT('',(0.8,0.324342351676,-0.499889398106));
#3468 = CARTESIAN_POINT('',(0.8,0.331243137652,-0.499601463328));
#3469 = CARTESIAN_POINT('',(0.8,0.336160205144,-0.499226238043));
#3470 = CARTESIAN_POINT('',(0.8,0.34108931903,-0.498590408146));
#3471 = CARTESIAN_POINT('',(0.8,0.34601412079,-0.497604098534));
#3472 = CARTESIAN_POINT('',(0.8,0.350917217185,-0.496178668212));
#3473 = CARTESIAN_POINT('',(0.8,0.359328200455,-0.492805602514));
#3474 = CARTESIAN_POINT('',(0.8,0.362854738658,-0.491103752951));
#3475 = CARTESIAN_POINT('',(0.8,0.366352634491,-0.489089061892));
#3476 = CARTESIAN_POINT('',(0.8,0.369814320803,-0.486729974451));
#3477 = CARTESIAN_POINT('',(0.8,0.373231965514,-0.483997182264));
#3478 = CARTESIAN_POINT('',(0.8,0.383576023197,-0.474366026751));
#3479 = CARTESIAN_POINT('',(0.8,0.390333211946,-0.466144417563));
#3480 = CARTESIAN_POINT('',(0.8,0.396792097978,-0.455964711916));
#3481 = CARTESIAN_POINT('',(0.8,0.40288171416,-0.443667286573));
#3482 = CARTESIAN_POINT('',(0.8,0.408544929176,-0.429201724538));
#3483 = CARTESIAN_POINT('',(0.8,0.418147256597,-0.398666745822));
#3484 = CARTESIAN_POINT('',(0.8,0.42221919621,-0.38318089622));
#3485 = CARTESIAN_POINT('',(0.8,0.425941162618,-0.366253220257));
#3486 = CARTESIAN_POINT('',(0.8,0.429308475597,-0.347978753424));
#3487 = CARTESIAN_POINT('',(0.8,0.432327647039,-0.328478522268));
#3488 = CARTESIAN_POINT('',(0.8,0.436582710436,-0.29581792826));
#3489 = CARTESIAN_POINT('',(0.8,0.438039171303,-0.283378260075));
#3490 = CARTESIAN_POINT('',(0.8,0.439383523238,-0.270585548291));
#3491 = CARTESIAN_POINT('',(0.8,0.440619052586,-0.2574636928));
#3492 = CARTESIAN_POINT('',(0.8,0.441749477893,-0.24403564904));
#3493 = CARTESIAN_POINT('',(0.8,0.443963544712,-0.214545023357));
#3494 = CARTESIAN_POINT('',(0.8,0.445014332518,-0.198390163649));
#3495 = CARTESIAN_POINT('',(0.8,0.445937580138,-0.181891719196));
#3496 = CARTESIAN_POINT('',(0.8,0.446739492014,-0.165079546146));
#3497 = CARTESIAN_POINT('',(0.8,0.447426210208,-0.147980486478));
#3498 = CARTESIAN_POINT('',(0.8,0.448319040507,-0.121143033345));
#3499 = CARTESIAN_POINT('',(0.8,0.448601752165,-0.11158935825));
#3500 = CARTESIAN_POINT('',(0.8,0.448852917719,-0.101961204571));
#3501 = CARTESIAN_POINT('',(0.8,0.449073476232,-9.226218982588E-02));
#3502 = CARTESIAN_POINT('',(0.8,0.449264337482,-8.249568719046E-02));
#3503 = CARTESIAN_POINT('',(0.8,0.449504317294,-6.793667025E-02));
#3504 = CARTESIAN_POINT('',(0.8,0.449576031218,-6.31666641E-02));
#3505 = CARTESIAN_POINT('',(0.8,0.449641483217,-5.8354575525E-02));
#3506 = CARTESIAN_POINT('',(0.8,0.449700632775,-5.3500173E-02));
#3507 = CARTESIAN_POINT('',(0.8,0.449753439375,-4.8603225E-02));
#3508 = CARTESIAN_POINT('',(0.8,0.449852175906,-3.809701046779E-02));
#3509 = CARTESIAN_POINT('',(0.8,0.44989604437,-3.251263641718E-02));
#3510 = CARTESIAN_POINT('',(0.8,0.449931610781,-2.691020682751E-02));
#3511 = CARTESIAN_POINT('',(0.8,0.449959015668,-2.129002570361E-02));
#3512 = CARTESIAN_POINT('',(0.8,0.449978397194,-1.565287207583E-02));
#3513 = CARTESIAN_POINT('',(0.8,0.449989891164,-1.E-02));
#3514 = ORIENTED_EDGE('',*,*,#3515,.F.);
#3515 = EDGE_CURVE('',#3516,#3419,#3518,.T.);
#3516 = VERTEX_POINT('',#3517);
#3517 = CARTESIAN_POINT('',(0.3,0.15,-1.05));
#3518 = LINE('',#3519,#3520);
#3519 = CARTESIAN_POINT('',(-5.,0.15,-1.05));
#3520 = VECTOR('',#3521,1.);
#3521 = DIRECTION('',(1.,0.,0.));
#3522 = ORIENTED_EDGE('',*,*,#3523,.T.);
#3523 = EDGE_CURVE('',#3516,#3524,#3526,.T.);
#3524 = VERTEX_POINT('',#3525);
#3525 = CARTESIAN_POINT('',(0.3,0.449989891164,-1.E-02));
#3526 = B_SPLINE_CURVE_WITH_KNOTS('',6,(#3527,#3528,#3529,#3530,#3531,
    #3532,#3533,#3534,#3535,#3536,#3537,#3538,#3539,#3540,#3541,#3542,
    #3543,#3544,#3545,#3546,#3547,#3548,#3549,#3550,#3551,#3552,#3553,
    #3554,#3555,#3556,#3557,#3558,#3559,#3560,#3561,#3562,#3563,#3564,
    #3565,#3566,#3567,#3568,#3569,#3570,#3571,#3572,#3573,#3574,#3575,
    #3576,#3577,#3578,#3579,#3580,#3581,#3582,#3583,#3584,#3585,#3586,
    #3587,#3588,#3589,#3590,#3591,#3592,#3593,#3594,#3595,#3596,#3597,
    #3598,#3599,#3600,#3601,#3602,#3603,#3604,#3605,#3606,#3607,#3608,
    #3609,#3610,#3611,#3612,#3613,#3614,#3615,#3616,#3617,#3618),
  .UNSPECIFIED.,.F.,.F.,(7,5,5,5,5,5,5,5,5,5,5,5,5,5,5,5,5,5,7),(0.,
    7.38071825625E-02,0.172006813663,0.282922443914,0.342835559267,
    0.369042420631,0.595325666367,0.615338989,0.650863428064,
    0.670013975976,0.716580646461,0.750553362484,0.820997552553,
    0.880601156414,0.915502465752,0.955662770906,0.977580161439,
    0.988121335589,1.),.UNSPECIFIED.);
#3527 = CARTESIAN_POINT('',(0.3,0.15,-1.05));
#3528 = CARTESIAN_POINT('',(0.3,0.15,-1.018355907042));
#3529 = CARTESIAN_POINT('',(0.3,0.150000000362,-0.987379401519));
#3530 = CARTESIAN_POINT('',(0.3,0.15000495167,-0.957146379394));
#3531 = CARTESIAN_POINT('',(0.3,0.150021301722,-0.927748503443));
#3532 = CARTESIAN_POINT('',(0.3,0.150057583859,-0.899287993107));
#3533 = CARTESIAN_POINT('',(0.3,0.150214708715,-0.835396293341));
#3534 = CARTESIAN_POINT('',(0.3,0.15035971617,-0.800762218269));
#3535 = CARTESIAN_POINT('',(0.3,0.150585655189,-0.768238690229));
#3536 = CARTESIAN_POINT('',(0.3,0.150928320422,-0.738102233187));
#3537 = CARTESIAN_POINT('',(0.3,0.151431391852,-0.710574806129));
#3538 = CARTESIAN_POINT('',(0.3,0.152949210578,-0.657734479833));
#3539 = CARTESIAN_POINT('',(0.3,0.154022053006,-0.633152025818));
#3540 = CARTESIAN_POINT('',(0.3,0.155432188053,-0.612189794744));
#3541 = CARTESIAN_POINT('',(0.3,0.15725601938,-0.594708196745));
#3542 = CARTESIAN_POINT('',(0.3,0.15956535455,-0.580284137375));
#3543 = CARTESIAN_POINT('',(0.3,0.163961723043,-0.561910313477));
#3544 = CARTESIAN_POINT('',(0.3,0.165663076603,-0.556192390942));
#3545 = CARTESIAN_POINT('',(0.3,0.167533970676,-0.551110238382));
#3546 = CARTESIAN_POINT('',(0.3,0.169583911359,-0.546562484293));
#3547 = CARTESIAN_POINT('',(0.3,0.171822061646,-0.54244123412));
#3548 = CARTESIAN_POINT('',(0.3,0.175322759951,-0.536972308286));
#3549 = CARTESIAN_POINT('',(0.3,0.176425859418,-0.535368106426));
#3550 = CARTESIAN_POINT('',(0.3,0.177567444359,-0.533815210771));
#3551 = CARTESIAN_POINT('',(0.3,0.178745938091,-0.532320603351));
#3552 = CARTESIAN_POINT('',(0.3,0.179961688049,-0.530877689198));
#3553 = CARTESIAN_POINT('',(0.3,0.192026787329,-0.517482870406));
#3554 = CARTESIAN_POINT('',(0.3,0.205565248103,-0.50937644344));
#3555 = CARTESIAN_POINT('',(0.3,0.221553201876,-0.504409438395));
#3556 = CARTESIAN_POINT('',(0.3,0.239685742817,-0.501756190284));
#3557 = CARTESIAN_POINT('',(0.3,0.259672571391,-0.50061313135));
#3558 = CARTESIAN_POINT('',(0.3,0.283157907114,-0.500157109408));
#3559 = CARTESIAN_POINT('',(0.3,0.285078671554,-0.500125718968));
#3560 = CARTESIAN_POINT('',(0.3,0.287011664584,-0.500099449094));
#3561 = CARTESIAN_POINT('',(0.3,0.288956699327,-0.500077756878));
#3562 = CARTESIAN_POINT('',(0.3,0.290913589724,-0.500060100477));
#3563 = CARTESIAN_POINT('',(0.3,0.296376423825,-0.50002080213));
#3564 = CARTESIAN_POINT('',(0.3,0.299907623512,-0.500007673661));
#3565 = CARTESIAN_POINT('',(0.3,0.30347410006,-0.499999603439));
#3566 = CARTESIAN_POINT('',(0.3,0.307075524819,-0.499998058229));
#3567 = CARTESIAN_POINT('',(0.3,0.310711248974,-0.500002422649));
#3568 = CARTESIAN_POINT('',(0.3,0.316355695222,-0.499997924455));
#3569 = CARTESIAN_POINT('',(0.3,0.318341643761,-0.499992376924));
#3570 = CARTESIAN_POINT('',(0.3,0.320335448093,-0.499976603658));
#3571 = CARTESIAN_POINT('',(0.3,0.322336041721,-0.499944357544));
#3572 = CARTESIAN_POINT('',(0.3,0.324342351676,-0.499889398106));
#3573 = CARTESIAN_POINT('',(0.3,0.331243137652,-0.499601463328));
#3574 = CARTESIAN_POINT('',(0.3,0.336160205144,-0.499226238043));
#3575 = CARTESIAN_POINT('',(0.3,0.34108931903,-0.498590408146));
#3576 = CARTESIAN_POINT('',(0.3,0.34601412079,-0.497604098534));
#3577 = CARTESIAN_POINT('',(0.3,0.350917217185,-0.496178668212));
#3578 = CARTESIAN_POINT('',(0.3,0.359328200455,-0.492805602514));
#3579 = CARTESIAN_POINT('',(0.3,0.362854738658,-0.491103752951));
#3580 = CARTESIAN_POINT('',(0.3,0.366352634491,-0.489089061892));
#3581 = CARTESIAN_POINT('',(0.3,0.369814320803,-0.486729974451));
#3582 = CARTESIAN_POINT('',(0.3,0.373231965514,-0.483997182264));
#3583 = CARTESIAN_POINT('',(0.3,0.383576023197,-0.474366026751));
#3584 = CARTESIAN_POINT('',(0.3,0.390333211946,-0.466144417563));
#3585 = CARTESIAN_POINT('',(0.3,0.396792097978,-0.455964711916));
#3586 = CARTESIAN_POINT('',(0.3,0.40288171416,-0.443667286573));
#3587 = CARTESIAN_POINT('',(0.3,0.408544929176,-0.429201724538));
#3588 = CARTESIAN_POINT('',(0.3,0.418147256597,-0.398666745822));
#3589 = CARTESIAN_POINT('',(0.3,0.42221919621,-0.38318089622));
#3590 = CARTESIAN_POINT('',(0.3,0.425941162618,-0.366253220257));
#3591 = CARTESIAN_POINT('',(0.3,0.429308475597,-0.347978753424));
#3592 = CARTESIAN_POINT('',(0.3,0.432327647039,-0.328478522268));
#3593 = CARTESIAN_POINT('',(0.3,0.436582710436,-0.29581792826));
#3594 = CARTESIAN_POINT('',(0.3,0.438039171303,-0.283378260075));
#3595 = CARTESIAN_POINT('',(0.3,0.439383523238,-0.270585548291));
#3596 = CARTESIAN_POINT('',(0.3,0.440619052586,-0.2574636928));
#3597 = CARTESIAN_POINT('',(0.3,0.441749477893,-0.24403564904));
#3598 = CARTESIAN_POINT('',(0.3,0.443963544712,-0.214545023357));
#3599 = CARTESIAN_POINT('',(0.3,0.445014332518,-0.198390163649));
#3600 = CARTESIAN_POINT('',(0.3,0.445937580138,-0.181891719196));
#3601 = CARTESIAN_POINT('',(0.3,0.446739492014,-0.165079546146));
#3602 = CARTESIAN_POINT('',(0.3,0.447426210208,-0.147980486478));
#3603 = CARTESIAN_POINT('',(0.3,0.448319040507,-0.121143033345));
#3604 = CARTESIAN_POINT('',(0.3,0.448601752165,-0.11158935825));
#3605 = CARTESIAN_POINT('',(0.3,0.448852917719,-0.101961204571));
#3606 = CARTESIAN_POINT('',(0.3,0.449073476232,-9.226218982588E-02));
#3607 = CARTESIAN_POINT('',(0.3,0.449264337482,-8.249568719046E-02));
#3608 = CARTESIAN_POINT('',(0.3,0.449504317294,-6.793667025E-02));
#3609 = CARTESIAN_POINT('',(0.3,0.449576031218,-6.31666641E-02));
#3610 = CARTESIAN_POINT('',(0.3,0.449641483217,-5.8354575525E-02));
#3611 = CARTESIAN_POINT('',(0.3,0.449700632775,-5.3500173E-02));
#3612 = CARTESIAN_POINT('',(0.3,0.449753439375,-4.8603225E-02));
#3613 = CARTESIAN_POINT('',(0.3,0.449852175906,-3.809701046779E-02));
#3614 = CARTESIAN_POINT('',(0.3,0.44989604437,-3.251263641718E-02));
#3615 = CARTESIAN_POINT('',(0.3,0.449931610781,-2.691020682751E-02));
#3616 = CARTESIAN_POINT('',(0.3,0.449959015668,-2.129002570361E-02));
#3617 = CARTESIAN_POINT('',(0.3,0.449978397194,-1.565287207583E-02));
#3618 = CARTESIAN_POINT('',(0.3,0.449989891164,-1.E-02));
#3619 = ORIENTED_EDGE('',*,*,#3620,.T.);
#3620 = EDGE_CURVE('',#3524,#3621,#3623,.T.);
#3621 = VERTEX_POINT('',#3622);
#3622 = CARTESIAN_POINT('',(5.E-02,0.449989891164,-1.E-02));
#3623 = B_SPLINE_CURVE_WITH_KNOTS('',1,(#3624,#3625),.UNSPECIFIED.,.F.,
  .F.,(2,2),(0.,1.),.PIECEWISE_BEZIER_KNOTS.);
#3624 = CARTESIAN_POINT('',(0.3,0.449989891164,-1.E-02));
#3625 = CARTESIAN_POINT('',(5.E-02,0.449989891164,-1.E-02));
#3626 = ORIENTED_EDGE('',*,*,#3627,.F.);
#3627 = EDGE_CURVE('',#3628,#3621,#3630,.T.);
#3628 = VERTEX_POINT('',#3629);
#3629 = CARTESIAN_POINT('',(5.E-02,0.15,-1.05));
#3630 = B_SPLINE_CURVE_WITH_KNOTS('',6,(#3631,#3632,#3633,#3634,#3635,
    #3636,#3637,#3638,#3639,#3640,#3641,#3642,#3643,#3644,#3645,#3646,
    #3647,#3648,#3649,#3650,#3651,#3652,#3653,#3654,#3655,#3656,#3657,
    #3658,#3659,#3660,#3661,#3662,#3663,#3664,#3665,#3666,#3667,#3668,
    #3669,#3670,#3671,#3672,#3673,#3674,#3675,#3676,#3677,#3678,#3679,
    #3680,#3681,#3682,#3683,#3684,#3685,#3686,#3687,#3688,#3689,#3690,
    #3691,#3692,#3693,#3694,#3695,#3696,#3697,#3698,#3699,#3700,#3701,
    #3702,#3703,#3704,#3705,#3706,#3707,#3708,#3709,#3710,#3711,#3712,
    #3713,#3714,#3715,#3716,#3717,#3718,#3719,#3720,#3721,#3722),
  .UNSPECIFIED.,.F.,.F.,(7,5,5,5,5,5,5,5,5,5,5,5,5,5,5,5,5,5,7),(0.,
    7.380718256247E-02,0.172006813663,0.282922443914,0.342835559266,
    0.369042420631,0.595325666367,0.615338988999,0.650863428063,
    0.670013975975,0.716580646461,0.750553362484,0.820997552553,
    0.880601156414,0.915502465752,0.955662770906,0.977580161439,
    0.988121335589,1.),.UNSPECIFIED.);
#3631 = CARTESIAN_POINT('',(5.E-02,0.15,-1.05));
#3632 = CARTESIAN_POINT('',(5.E-02,0.15,-1.018355907042));
#3633 = CARTESIAN_POINT('',(5.E-02,0.150000000362,-0.987379401519));
#3634 = CARTESIAN_POINT('',(5.E-02,0.15000495167,-0.957146379394));
#3635 = CARTESIAN_POINT('',(5.E-02,0.150021301722,-0.927748503443));
#3636 = CARTESIAN_POINT('',(5.E-02,0.150057583859,-0.899287993107));
#3637 = CARTESIAN_POINT('',(5.E-02,0.150214708715,-0.835396293341));
#3638 = CARTESIAN_POINT('',(5.E-02,0.15035971617,-0.800762218269));
#3639 = CARTESIAN_POINT('',(5.E-02,0.150585655189,-0.768238690229));
#3640 = CARTESIAN_POINT('',(5.E-02,0.150928320422,-0.738102233187));
#3641 = CARTESIAN_POINT('',(5.E-02,0.151431391852,-0.710574806129));
#3642 = CARTESIAN_POINT('',(5.E-02,0.152949210578,-0.657734479833));
#3643 = CARTESIAN_POINT('',(5.E-02,0.154022053006,-0.633152025818));
#3644 = CARTESIAN_POINT('',(5.E-02,0.155432188053,-0.612189794744));
#3645 = CARTESIAN_POINT('',(5.E-02,0.15725601938,-0.594708196745));
#3646 = CARTESIAN_POINT('',(5.E-02,0.15956535455,-0.580284137375));
#3647 = CARTESIAN_POINT('',(5.E-02,0.163961723043,-0.561910313477));
#3648 = CARTESIAN_POINT('',(5.E-02,0.165663076603,-0.556192390942));
#3649 = CARTESIAN_POINT('',(5.E-02,0.167533970676,-0.551110238382));
#3650 = CARTESIAN_POINT('',(5.E-02,0.169583911359,-0.546562484293));
#3651 = CARTESIAN_POINT('',(5.E-02,0.171822061646,-0.54244123412));
#3652 = CARTESIAN_POINT('',(5.E-02,0.175322759951,-0.536972308286));
#3653 = CARTESIAN_POINT('',(5.E-02,0.176425859418,-0.535368106426));
#3654 = CARTESIAN_POINT('',(5.E-02,0.177567444359,-0.533815210771));
#3655 = CARTESIAN_POINT('',(5.E-02,0.178745938091,-0.532320603351));
#3656 = CARTESIAN_POINT('',(5.E-02,0.179961688049,-0.530877689198));
#3657 = CARTESIAN_POINT('',(5.E-02,0.192026787329,-0.517482870406));
#3658 = CARTESIAN_POINT('',(5.E-02,0.205565248103,-0.50937644344));
#3659 = CARTESIAN_POINT('',(5.E-02,0.221553201876,-0.504409438395));
#3660 = CARTESIAN_POINT('',(5.E-02,0.239685742817,-0.501756190284));
#3661 = CARTESIAN_POINT('',(5.E-02,0.259672571391,-0.50061313135));
#3662 = CARTESIAN_POINT('',(5.E-02,0.283157907114,-0.500157109408));
#3663 = CARTESIAN_POINT('',(5.E-02,0.285078671554,-0.500125718968));
#3664 = CARTESIAN_POINT('',(5.E-02,0.287011664584,-0.500099449094));
#3665 = CARTESIAN_POINT('',(5.E-02,0.288956699327,-0.500077756878));
#3666 = CARTESIAN_POINT('',(5.E-02,0.290913589724,-0.500060100477));
#3667 = CARTESIAN_POINT('',(5.E-02,0.296376423825,-0.50002080213));
#3668 = CARTESIAN_POINT('',(5.E-02,0.299907623512,-0.500007673661));
#3669 = CARTESIAN_POINT('',(5.E-02,0.30347410006,-0.499999603439));
#3670 = CARTESIAN_POINT('',(5.E-02,0.307075524819,-0.499998058229));
#3671 = CARTESIAN_POINT('',(5.E-02,0.310711248974,-0.500002422649));
#3672 = CARTESIAN_POINT('',(5.E-02,0.316355695222,-0.499997924455));
#3673 = CARTESIAN_POINT('',(5.E-02,0.318341643761,-0.499992376924));
#3674 = CARTESIAN_POINT('',(5.E-02,0.320335448093,-0.499976603658));
#3675 = CARTESIAN_POINT('',(5.E-02,0.322336041721,-0.499944357544));
#3676 = CARTESIAN_POINT('',(5.E-02,0.324342351676,-0.499889398106));
#3677 = CARTESIAN_POINT('',(5.E-02,0.331243137652,-0.499601463328));
#3678 = CARTESIAN_POINT('',(5.E-02,0.336160205144,-0.499226238043));
#3679 = CARTESIAN_POINT('',(5.E-02,0.34108931903,-0.498590408146));
#3680 = CARTESIAN_POINT('',(5.E-02,0.34601412079,-0.497604098534));
#3681 = CARTESIAN_POINT('',(5.E-02,0.350917217185,-0.496178668212));
#3682 = CARTESIAN_POINT('',(5.E-02,0.359328200455,-0.492805602514));
#3683 = CARTESIAN_POINT('',(5.E-02,0.362854738658,-0.491103752951));
#3684 = CARTESIAN_POINT('',(5.E-02,0.366352634491,-0.489089061892));
#3685 = CARTESIAN_POINT('',(5.E-02,0.369814320803,-0.486729974451));
#3686 = CARTESIAN_POINT('',(5.E-02,0.373231965514,-0.483997182264));
#3687 = CARTESIAN_POINT('',(5.E-02,0.383576023197,-0.474366026751));
#3688 = CARTESIAN_POINT('',(5.E-02,0.390333211946,-0.466144417563));
#3689 = CARTESIAN_POINT('',(5.E-02,0.396792097978,-0.455964711916));
#3690 = CARTESIAN_POINT('',(5.E-02,0.40288171416,-0.443667286573));
#3691 = CARTESIAN_POINT('',(5.E-02,0.408544929176,-0.429201724538));
#3692 = CARTESIAN_POINT('',(5.E-02,0.418147256597,-0.398666745822));
#3693 = CARTESIAN_POINT('',(5.E-02,0.42221919621,-0.38318089622));
#3694 = CARTESIAN_POINT('',(5.E-02,0.425941162618,-0.366253220257));
#3695 = CARTESIAN_POINT('',(5.E-02,0.429308475597,-0.347978753424));
#3696 = CARTESIAN_POINT('',(5.E-02,0.432327647039,-0.328478522268));
#3697 = CARTESIAN_POINT('',(5.E-02,0.436582710436,-0.29581792826));
#3698 = CARTESIAN_POINT('',(5.E-02,0.438039171303,-0.283378260075));
#3699 = CARTESIAN_POINT('',(5.E-02,0.439383523238,-0.270585548291));
#3700 = CARTESIAN_POINT('',(5.E-02,0.440619052586,-0.2574636928));
#3701 = CARTESIAN_POINT('',(5.E-02,0.441749477893,-0.24403564904));
#3702 = CARTESIAN_POINT('',(5.E-02,0.443963544712,-0.214545023357));
#3703 = CARTESIAN_POINT('',(5.E-02,0.445014332518,-0.198390163649));
#3704 = CARTESIAN_POINT('',(5.E-02,0.445937580138,-0.181891719196));
#3705 = CARTESIAN_POINT('',(5.E-02,0.446739492014,-0.165079546146));
#3706 = CARTESIAN_POINT('',(5.E-02,0.447426210208,-0.147980486478));
#3707 = CARTESIAN_POINT('',(5.E-02,0.448319040507,-0.121143033345));
#3708 = CARTESIAN_POINT('',(5.E-02,0.448601752165,-0.11158935825));
#3709 = CARTESIAN_POINT('',(5.E-02,0.448852917719,-0.101961204571));
#3710 = CARTESIAN_POINT('',(5.E-02,0.449073476232,-9.226218982588E-02));
#3711 = CARTESIAN_POINT('',(5.E-02,0.449264337482,-8.249568719046E-02));
#3712 = CARTESIAN_POINT('',(5.E-02,0.449504317294,-6.793667025E-02));
#3713 = CARTESIAN_POINT('',(5.E-02,0.449576031218,-6.31666641E-02));
#3714 = CARTESIAN_POINT('',(5.E-02,0.449641483217,-5.8354575525E-02));
#3715 = CARTESIAN_POINT('',(5.E-02,0.449700632775,-5.3500173E-02));
#3716 = CARTESIAN_POINT('',(5.E-02,0.449753439375,-4.8603225E-02));
#3717 = CARTESIAN_POINT('',(5.E-02,0.449852175906,-3.809701046779E-02));
#3718 = CARTESIAN_POINT('',(5.E-02,0.44989604437,-3.251263641718E-02));
#3719 = CARTESIAN_POINT('',(5.E-02,0.449931610781,-2.691020682751E-02));
#3720 = CARTESIAN_POINT('',(5.E-02,0.449959015668,-2.129002570361E-02));
#3721 = CARTESIAN_POINT('',(5.E-02,0.449978397194,-1.565287207583E-02));
#3722 = CARTESIAN_POINT('',(5.E-02,0.449989891164,-1.E-02));
#3723 = ORIENTED_EDGE('',*,*,#3724,.F.);
#3724 = EDGE_CURVE('',#3725,#3628,#3727,.T.);
#3725 = VERTEX_POINT('',#3726);
#3726 = CARTESIAN_POINT('',(-0.45,0.15,-1.05));
#3727 = LINE('',#3728,#3729);
#3728 = CARTESIAN_POINT('',(-5.,0.15,-1.05));
#3729 = VECTOR('',#3730,1.);
#3730 = DIRECTION('',(1.,0.,0.));
#3731 = ORIENTED_EDGE('',*,*,#3732,.T.);
#3732 = EDGE_CURVE('',#3725,#3733,#3735,.T.);
#3733 = VERTEX_POINT('',#3734);
#3734 = CARTESIAN_POINT('',(-0.45,0.449989891164,-1.E-02));
#3735 = B_SPLINE_CURVE_WITH_KNOTS('',6,(#3736,#3737,#3738,#3739,#3740,
    #3741,#3742,#3743,#3744,#3745,#3746,#3747,#3748,#3749,#3750,#3751,
    #3752,#3753,#3754,#3755,#3756,#3757,#3758,#3759,#3760,#3761,#3762,
    #3763,#3764,#3765,#3766,#3767,#3768,#3769,#3770,#3771,#3772,#3773,
    #3774,#3775,#3776,#3777,#3778,#3779,#3780,#3781,#3782,#3783,#3784,
    #3785,#3786,#3787,#3788,#3789,#3790,#3791,#3792,#3793,#3794,#3795,
    #3796,#3797,#3798,#3799,#3800,#3801,#3802,#3803,#3804,#3805,#3806,
    #3807,#3808,#3809,#3810,#3811,#3812,#3813,#3814,#3815,#3816,#3817,
    #3818,#3819,#3820,#3821,#3822,#3823,#3824,#3825,#3826,#3827),
  .UNSPECIFIED.,.F.,.F.,(7,5,5,5,5,5,5,5,5,5,5,5,5,5,5,5,5,5,7),(0.,
    7.38071825625E-02,0.172006813663,0.282922443914,0.342835559267,
    0.369042420631,0.595325666367,0.615338989,0.650863428064,
    0.670013975976,0.716580646461,0.750553362484,0.820997552553,
    0.880601156414,0.915502465752,0.955662770906,0.977580161439,
    0.988121335589,1.),.UNSPECIFIED.);
#3736 = CARTESIAN_POINT('',(-0.45,0.15,-1.05));
#3737 = CARTESIAN_POINT('',(-0.45,0.15,-1.018355907042));
#3738 = CARTESIAN_POINT('',(-0.45,0.150000000362,-0.987379401519));
#3739 = CARTESIAN_POINT('',(-0.45,0.15000495167,-0.957146379394));
#3740 = CARTESIAN_POINT('',(-0.45,0.150021301722,-0.927748503443));
#3741 = CARTESIAN_POINT('',(-0.45,0.150057583859,-0.899287993107));
#3742 = CARTESIAN_POINT('',(-0.45,0.150214708715,-0.835396293341));
#3743 = CARTESIAN_POINT('',(-0.45,0.15035971617,-0.800762218269));
#3744 = CARTESIAN_POINT('',(-0.45,0.150585655189,-0.768238690229));
#3745 = CARTESIAN_POINT('',(-0.45,0.150928320422,-0.738102233187));
#3746 = CARTESIAN_POINT('',(-0.45,0.151431391852,-0.710574806129));
#3747 = CARTESIAN_POINT('',(-0.45,0.152949210578,-0.657734479833));
#3748 = CARTESIAN_POINT('',(-0.45,0.154022053006,-0.633152025818));
#3749 = CARTESIAN_POINT('',(-0.45,0.155432188053,-0.612189794744));
#3750 = CARTESIAN_POINT('',(-0.45,0.15725601938,-0.594708196745));
#3751 = CARTESIAN_POINT('',(-0.45,0.15956535455,-0.580284137375));
#3752 = CARTESIAN_POINT('',(-0.45,0.163961723043,-0.561910313477));
#3753 = CARTESIAN_POINT('',(-0.45,0.165663076603,-0.556192390942));
#3754 = CARTESIAN_POINT('',(-0.45,0.167533970676,-0.551110238382));
#3755 = CARTESIAN_POINT('',(-0.45,0.169583911359,-0.546562484293));
#3756 = CARTESIAN_POINT('',(-0.45,0.171822061646,-0.54244123412));
#3757 = CARTESIAN_POINT('',(-0.45,0.175322759951,-0.536972308286));
#3758 = CARTESIAN_POINT('',(-0.45,0.176425859418,-0.535368106426));
#3759 = CARTESIAN_POINT('',(-0.45,0.177567444359,-0.533815210771));
#3760 = CARTESIAN_POINT('',(-0.45,0.178745938091,-0.532320603351));
#3761 = CARTESIAN_POINT('',(-0.45,0.179961688049,-0.530877689198));
#3762 = CARTESIAN_POINT('',(-0.45,0.192026787329,-0.517482870406));
#3763 = CARTESIAN_POINT('',(-0.45,0.205565248103,-0.50937644344));
#3764 = CARTESIAN_POINT('',(-0.45,0.221553201876,-0.504409438395));
#3765 = CARTESIAN_POINT('',(-0.45,0.239685742817,-0.501756190284));
#3766 = CARTESIAN_POINT('',(-0.45,0.259672571391,-0.50061313135));
#3767 = CARTESIAN_POINT('',(-0.45,0.283157907114,-0.500157109408));
#3768 = CARTESIAN_POINT('',(-0.45,0.285078671554,-0.500125718968));
#3769 = CARTESIAN_POINT('',(-0.45,0.287011664584,-0.500099449094));
#3770 = CARTESIAN_POINT('',(-0.45,0.288956699327,-0.500077756878));
#3771 = CARTESIAN_POINT('',(-0.45,0.290913589724,-0.500060100477));
#3772 = CARTESIAN_POINT('',(-0.45,0.296376423825,-0.50002080213));
#3773 = CARTESIAN_POINT('',(-0.45,0.299907623512,-0.500007673661));
#3774 = CARTESIAN_POINT('',(-0.45,0.30347410006,-0.499999603439));
#3775 = CARTESIAN_POINT('',(-0.45,0.307075524819,-0.499998058229));
#3776 = CARTESIAN_POINT('',(-0.45,0.310711248974,-0.500002422649));
#3777 = CARTESIAN_POINT('',(-0.45,0.316355695222,-0.499997924455));
#3778 = CARTESIAN_POINT('',(-0.45,0.318341643761,-0.499992376924));
#3779 = CARTESIAN_POINT('',(-0.45,0.320335448093,-0.499976603658));
#3780 = CARTESIAN_POINT('',(-0.45,0.322336041721,-0.499944357544));
#3781 = CARTESIAN_POINT('',(-0.45,0.324342351676,-0.499889398106));
#3782 = CARTESIAN_POINT('',(-0.45,0.331243137652,-0.499601463328));
#3783 = CARTESIAN_POINT('',(-0.45,0.336160205144,-0.499226238043));
#3784 = CARTESIAN_POINT('',(-0.45,0.34108931903,-0.498590408146));
#3785 = CARTESIAN_POINT('',(-0.45,0.34601412079,-0.497604098534));
#3786 = CARTESIAN_POINT('',(-0.45,0.350917217185,-0.496178668212));
#3787 = CARTESIAN_POINT('',(-0.45,0.359328200455,-0.492805602514));
#3788 = CARTESIAN_POINT('',(-0.45,0.362854738658,-0.491103752951));
#3789 = CARTESIAN_POINT('',(-0.45,0.366352634491,-0.489089061892));
#3790 = CARTESIAN_POINT('',(-0.45,0.369814320803,-0.486729974451));
#3791 = CARTESIAN_POINT('',(-0.45,0.373231965514,-0.483997182264));
#3792 = CARTESIAN_POINT('',(-0.45,0.383576023197,-0.474366026751));
#3793 = CARTESIAN_POINT('',(-0.45,0.390333211946,-0.466144417563));
#3794 = CARTESIAN_POINT('',(-0.45,0.396792097978,-0.455964711916));
#3795 = CARTESIAN_POINT('',(-0.45,0.40288171416,-0.443667286573));
#3796 = CARTESIAN_POINT('',(-0.45,0.408544929176,-0.429201724538));
#3797 = CARTESIAN_POINT('',(-0.45,0.418147256597,-0.398666745822));
#3798 = CARTESIAN_POINT('',(-0.45,0.42221919621,-0.38318089622));
#3799 = CARTESIAN_POINT('',(-0.45,0.425941162618,-0.366253220257));
#3800 = CARTESIAN_POINT('',(-0.45,0.429308475597,-0.347978753424));
#3801 = CARTESIAN_POINT('',(-0.45,0.432327647039,-0.328478522268));
#3802 = CARTESIAN_POINT('',(-0.45,0.436582710436,-0.29581792826));
#3803 = CARTESIAN_POINT('',(-0.45,0.438039171303,-0.283378260075));
#3804 = CARTESIAN_POINT('',(-0.45,0.439383523238,-0.270585548291));
#3805 = CARTESIAN_POINT('',(-0.45,0.440619052586,-0.2574636928));
#3806 = CARTESIAN_POINT('',(-0.45,0.441749477893,-0.24403564904));
#3807 = CARTESIAN_POINT('',(-0.45,0.443963544712,-0.214545023357));
#3808 = CARTESIAN_POINT('',(-0.45,0.445014332518,-0.198390163649));
#3809 = CARTESIAN_POINT('',(-0.45,0.445937580138,-0.181891719196));
#3810 = CARTESIAN_POINT('',(-0.45,0.446739492014,-0.165079546146));
#3811 = CARTESIAN_POINT('',(-0.45,0.447426210208,-0.147980486478));
#3812 = CARTESIAN_POINT('',(-0.45,0.448319040507,-0.121143033345));
#3813 = CARTESIAN_POINT('',(-0.45,0.448601752165,-0.11158935825));
#3814 = CARTESIAN_POINT('',(-0.45,0.448852917719,-0.101961204571));
#3815 = CARTESIAN_POINT('',(-0.45,0.449073476232,-9.226218982588E-02));
#3816 = CARTESIAN_POINT('',(-0.45,0.449264337482,-8.249568719046E-02));
#3817 = CARTESIAN_POINT('',(-0.45,0.449504317294,-6.793667025E-02));
#3818 = CARTESIAN_POINT('',(-0.45,0.449576031218,-6.31666641E-02));
#3819 = CARTESIAN_POINT('',(-0.45,0.449641483217,-5.8354575525E-02));
#3820 = CARTESIAN_POINT('',(-0.45,0.449700632775,-5.3500173E-02));
#3821 = CARTESIAN_POINT('',(-0.45,0.449753439375,-4.8603225E-02));
#3822 = CARTESIAN_POINT('',(-0.45,0.449852175906,-3.809701046779E-02));
#3823 = CARTESIAN_POINT('',(-0.45,0.44989604437,-3.251263641718E-02));
#3824 = CARTESIAN_POINT('',(-0.45,0.449931610781,-2.691020682751E-02));
#3825 = CARTESIAN_POINT('',(-0.45,0.449959015668,-2.129002570361E-02));
#3826 = CARTESIAN_POINT('',(-0.45,0.449978397194,-1.565287207583E-02));
#3827 = CARTESIAN_POINT('',(-0.45,0.449989891164,-1.E-02));
#3828 = ORIENTED_EDGE('',*,*,#3829,.T.);
#3829 = EDGE_CURVE('',#3733,#3830,#3832,.T.);
#3830 = VERTEX_POINT('',#3831);
#3831 = CARTESIAN_POINT('',(-0.7,0.449989891164,-1.E-02));
#3832 = B_SPLINE_CURVE_WITH_KNOTS('',1,(#3833,#3834),.UNSPECIFIED.,.F.,
  .F.,(2,2),(0.,1.),.PIECEWISE_BEZIER_KNOTS.);
#3833 = CARTESIAN_POINT('',(-0.45,0.449989891164,-1.E-02));
#3834 = CARTESIAN_POINT('',(-0.7,0.449989891164,-1.E-02));
#3835 = ORIENTED_EDGE('',*,*,#3836,.F.);
#3836 = EDGE_CURVE('',#3837,#3830,#3839,.T.);
#3837 = VERTEX_POINT('',#3838);
#3838 = CARTESIAN_POINT('',(-0.7,0.15,-1.05));
#3839 = B_SPLINE_CURVE_WITH_KNOTS('',6,(#3840,#3841,#3842,#3843,#3844,
    #3845,#3846,#3847,#3848,#3849,#3850,#3851,#3852,#3853,#3854,#3855,
    #3856,#3857,#3858,#3859,#3860,#3861,#3862,#3863,#3864,#3865,#3866,
    #3867,#3868,#3869,#3870,#3871,#3872,#3873,#3874,#3875,#3876,#3877,
    #3878,#3879,#3880,#3881,#3882,#3883,#3884,#3885,#3886,#3887,#3888,
    #3889,#3890,#3891,#3892,#3893,#3894,#3895,#3896,#3897,#3898,#3899,
    #3900,#3901,#3902,#3903,#3904,#3905,#3906,#3907,#3908,#3909,#3910,
    #3911,#3912,#3913,#3914,#3915,#3916,#3917,#3918,#3919,#3920,#3921,
    #3922,#3923,#3924,#3925,#3926,#3927,#3928,#3929,#3930,#3931),
  .UNSPECIFIED.,.F.,.F.,(7,5,5,5,5,5,5,5,5,5,5,5,5,5,5,5,5,5,7),(0.,
    7.380718256247E-02,0.172006813663,0.282922443914,0.342835559266,
    0.369042420631,0.595325666367,0.615338988999,0.650863428063,
    0.670013975975,0.716580646461,0.750553362484,0.820997552553,
    0.880601156414,0.915502465752,0.955662770906,0.977580161439,
    0.988121335589,1.),.UNSPECIFIED.);
#3840 = CARTESIAN_POINT('',(-0.7,0.15,-1.05));
#3841 = CARTESIAN_POINT('',(-0.7,0.15,-1.018355907042));
#3842 = CARTESIAN_POINT('',(-0.7,0.150000000362,-0.987379401519));
#3843 = CARTESIAN_POINT('',(-0.7,0.15000495167,-0.957146379394));
#3844 = CARTESIAN_POINT('',(-0.7,0.150021301722,-0.927748503443));
#3845 = CARTESIAN_POINT('',(-0.7,0.150057583859,-0.899287993107));
#3846 = CARTESIAN_POINT('',(-0.7,0.150214708715,-0.835396293341));
#3847 = CARTESIAN_POINT('',(-0.7,0.15035971617,-0.800762218269));
#3848 = CARTESIAN_POINT('',(-0.7,0.150585655189,-0.768238690229));
#3849 = CARTESIAN_POINT('',(-0.7,0.150928320422,-0.738102233187));
#3850 = CARTESIAN_POINT('',(-0.7,0.151431391852,-0.710574806129));
#3851 = CARTESIAN_POINT('',(-0.7,0.152949210578,-0.657734479833));
#3852 = CARTESIAN_POINT('',(-0.7,0.154022053006,-0.633152025818));
#3853 = CARTESIAN_POINT('',(-0.7,0.155432188053,-0.612189794744));
#3854 = CARTESIAN_POINT('',(-0.7,0.15725601938,-0.594708196745));
#3855 = CARTESIAN_POINT('',(-0.7,0.15956535455,-0.580284137375));
#3856 = CARTESIAN_POINT('',(-0.7,0.163961723043,-0.561910313477));
#3857 = CARTESIAN_POINT('',(-0.7,0.165663076603,-0.556192390942));
#3858 = CARTESIAN_POINT('',(-0.7,0.167533970676,-0.551110238382));
#3859 = CARTESIAN_POINT('',(-0.7,0.169583911359,-0.546562484293));
#3860 = CARTESIAN_POINT('',(-0.7,0.171822061646,-0.54244123412));
#3861 = CARTESIAN_POINT('',(-0.7,0.175322759951,-0.536972308286));
#3862 = CARTESIAN_POINT('',(-0.7,0.176425859418,-0.535368106426));
#3863 = CARTESIAN_POINT('',(-0.7,0.177567444359,-0.533815210771));
#3864 = CARTESIAN_POINT('',(-0.7,0.178745938091,-0.532320603351));
#3865 = CARTESIAN_POINT('',(-0.7,0.179961688049,-0.530877689198));
#3866 = CARTESIAN_POINT('',(-0.7,0.192026787329,-0.517482870406));
#3867 = CARTESIAN_POINT('',(-0.7,0.205565248103,-0.50937644344));
#3868 = CARTESIAN_POINT('',(-0.7,0.221553201876,-0.504409438395));
#3869 = CARTESIAN_POINT('',(-0.7,0.239685742817,-0.501756190284));
#3870 = CARTESIAN_POINT('',(-0.7,0.259672571391,-0.50061313135));
#3871 = CARTESIAN_POINT('',(-0.7,0.283157907114,-0.500157109408));
#3872 = CARTESIAN_POINT('',(-0.7,0.285078671554,-0.500125718968));
#3873 = CARTESIAN_POINT('',(-0.7,0.287011664584,-0.500099449094));
#3874 = CARTESIAN_POINT('',(-0.7,0.288956699327,-0.500077756878));
#3875 = CARTESIAN_POINT('',(-0.7,0.290913589724,-0.500060100477));
#3876 = CARTESIAN_POINT('',(-0.7,0.296376423825,-0.50002080213));
#3877 = CARTESIAN_POINT('',(-0.7,0.299907623512,-0.500007673661));
#3878 = CARTESIAN_POINT('',(-0.7,0.30347410006,-0.499999603439));
#3879 = CARTESIAN_POINT('',(-0.7,0.307075524819,-0.499998058229));
#3880 = CARTESIAN_POINT('',(-0.7,0.310711248974,-0.500002422649));
#3881 = CARTESIAN_POINT('',(-0.7,0.316355695222,-0.499997924455));
#3882 = CARTESIAN_POINT('',(-0.7,0.318341643761,-0.499992376924));
#3883 = CARTESIAN_POINT('',(-0.7,0.320335448093,-0.499976603658));
#3884 = CARTESIAN_POINT('',(-0.7,0.322336041721,-0.499944357544));
#3885 = CARTESIAN_POINT('',(-0.7,0.324342351676,-0.499889398106));
#3886 = CARTESIAN_POINT('',(-0.7,0.331243137652,-0.499601463328));
#3887 = CARTESIAN_POINT('',(-0.7,0.336160205144,-0.499226238043));
#3888 = CARTESIAN_POINT('',(-0.7,0.34108931903,-0.498590408146));
#3889 = CARTESIAN_POINT('',(-0.7,0.34601412079,-0.497604098534));
#3890 = CARTESIAN_POINT('',(-0.7,0.350917217185,-0.496178668212));
#3891 = CARTESIAN_POINT('',(-0.7,0.359328200455,-0.492805602514));
#3892 = CARTESIAN_POINT('',(-0.7,0.362854738658,-0.491103752951));
#3893 = CARTESIAN_POINT('',(-0.7,0.366352634491,-0.489089061892));
#3894 = CARTESIAN_POINT('',(-0.7,0.369814320803,-0.486729974451));
#3895 = CARTESIAN_POINT('',(-0.7,0.373231965514,-0.483997182264));
#3896 = CARTESIAN_POINT('',(-0.7,0.383576023197,-0.474366026751));
#3897 = CARTESIAN_POINT('',(-0.7,0.390333211946,-0.466144417563));
#3898 = CARTESIAN_POINT('',(-0.7,0.396792097978,-0.455964711916));
#3899 = CARTESIAN_POINT('',(-0.7,0.40288171416,-0.443667286573));
#3900 = CARTESIAN_POINT('',(-0.7,0.408544929176,-0.429201724538));
#3901 = CARTESIAN_POINT('',(-0.7,0.418147256597,-0.398666745822));
#3902 = CARTESIAN_POINT('',(-0.7,0.42221919621,-0.38318089622));
#3903 = CARTESIAN_POINT('',(-0.7,0.425941162618,-0.366253220257));
#3904 = CARTESIAN_POINT('',(-0.7,0.429308475597,-0.347978753424));
#3905 = CARTESIAN_POINT('',(-0.7,0.432327647039,-0.328478522268));
#3906 = CARTESIAN_POINT('',(-0.7,0.436582710436,-0.29581792826));
#3907 = CARTESIAN_POINT('',(-0.7,0.438039171303,-0.283378260075));
#3908 = CARTESIAN_POINT('',(-0.7,0.439383523238,-0.270585548291));
#3909 = CARTESIAN_POINT('',(-0.7,0.440619052586,-0.2574636928));
#3910 = CARTESIAN_POINT('',(-0.7,0.441749477893,-0.24403564904));
#3911 = CARTESIAN_POINT('',(-0.7,0.443963544712,-0.214545023357));
#3912 = CARTESIAN_POINT('',(-0.7,0.445014332518,-0.198390163649));
#3913 = CARTESIAN_POINT('',(-0.7,0.445937580138,-0.181891719196));
#3914 = CARTESIAN_POINT('',(-0.7,0.446739492014,-0.165079546146));
#3915 = CARTESIAN_POINT('',(-0.7,0.447426210208,-0.147980486478));
#3916 = CARTESIAN_POINT('',(-0.7,0.448319040507,-0.121143033345));
#3917 = CARTESIAN_POINT('',(-0.7,0.448601752165,-0.11158935825));
#3918 = CARTESIAN_POINT('',(-0.7,0.448852917719,-0.101961204571));
#3919 = CARTESIAN_POINT('',(-0.7,0.449073476232,-9.226218982588E-02));
#3920 = CARTESIAN_POINT('',(-0.7,0.449264337482,-8.249568719046E-02));
#3921 = CARTESIAN_POINT('',(-0.7,0.449504317294,-6.793667025E-02));
#3922 = CARTESIAN_POINT('',(-0.7,0.449576031218,-6.31666641E-02));
#3923 = CARTESIAN_POINT('',(-0.7,0.449641483217,-5.8354575525E-02));
#3924 = CARTESIAN_POINT('',(-0.7,0.449700632775,-5.3500173E-02));
#3925 = CARTESIAN_POINT('',(-0.7,0.449753439375,-4.8603225E-02));
#3926 = CARTESIAN_POINT('',(-0.7,0.449852175906,-3.809701046779E-02));
#3927 = CARTESIAN_POINT('',(-0.7,0.44989604437,-3.251263641718E-02));
#3928 = CARTESIAN_POINT('',(-0.7,0.449931610781,-2.691020682751E-02));
#3929 = CARTESIAN_POINT('',(-0.7,0.449959015668,-2.129002570361E-02));
#3930 = CARTESIAN_POINT('',(-0.7,0.449978397194,-1.565287207583E-02));
#3931 = CARTESIAN_POINT('',(-0.7,0.449989891164,-1.E-02));
#3932 = ORIENTED_EDGE('',*,*,#3933,.F.);
#3933 = EDGE_CURVE('',#3934,#3837,#3936,.T.);
#3934 = VERTEX_POINT('',#3935);
#3935 = CARTESIAN_POINT('',(-1.2,0.15,-1.05));
#3936 = LINE('',#3937,#3938);
#3937 = CARTESIAN_POINT('',(-5.,0.15,-1.05));
#3938 = VECTOR('',#3939,1.);
#3939 = DIRECTION('',(1.,0.,0.));
#3940 = ORIENTED_EDGE('',*,*,#3941,.T.);
#3941 = EDGE_CURVE('',#3934,#3942,#3944,.T.);
#3942 = VERTEX_POINT('',#3943);
#3943 = CARTESIAN_POINT('',(-1.2,0.449989891164,-1.E-02));
#3944 = B_SPLINE_CURVE_WITH_KNOTS('',6,(#3945,#3946,#3947,#3948,#3949,
    #3950,#3951,#3952,#3953,#3954,#3955,#3956,#3957,#3958,#3959,#3960,
    #3961,#3962,#3963,#3964,#3965,#3966,#3967,#3968,#3969,#3970,#3971,
    #3972,#3973,#3974,#3975,#3976,#3977,#3978,#3979,#3980,#3981,#3982,
    #3983,#3984,#3985,#3986,#3987,#3988,#3989,#3990,#3991,#3992,#3993,
    #3994,#3995,#3996,#3997,#3998,#3999,#4000,#4001,#4002,#4003,#4004,
    #4005,#4006,#4007,#4008,#4009,#4010,#4011,#4012,#4013,#4014,#4015,
    #4016,#4017,#4018,#4019,#4020,#4021,#4022,#4023,#4024,#4025,#4026,
    #4027,#4028,#4029,#4030,#4031,#4032,#4033,#4034,#4035,#4036),
  .UNSPECIFIED.,.F.,.F.,(7,5,5,5,5,5,5,5,5,5,5,5,5,5,5,5,5,5,7),(0.,
    7.38071825625E-02,0.172006813663,0.282922443914,0.342835559267,
    0.369042420631,0.595325666367,0.615338989,0.650863428064,
    0.670013975976,0.716580646461,0.750553362484,0.820997552553,
    0.880601156414,0.915502465752,0.955662770906,0.977580161439,
    0.988121335589,1.),.UNSPECIFIED.);
#3945 = CARTESIAN_POINT('',(-1.2,0.15,-1.05));
#3946 = CARTESIAN_POINT('',(-1.2,0.15,-1.018355907042));
#3947 = CARTESIAN_POINT('',(-1.2,0.150000000362,-0.987379401519));
#3948 = CARTESIAN_POINT('',(-1.2,0.15000495167,-0.957146379394));
#3949 = CARTESIAN_POINT('',(-1.2,0.150021301722,-0.927748503443));
#3950 = CARTESIAN_POINT('',(-1.2,0.150057583859,-0.899287993107));
#3951 = CARTESIAN_POINT('',(-1.2,0.150214708715,-0.835396293341));
#3952 = CARTESIAN_POINT('',(-1.2,0.15035971617,-0.800762218269));
#3953 = CARTESIAN_POINT('',(-1.2,0.150585655189,-0.768238690229));
#3954 = CARTESIAN_POINT('',(-1.2,0.150928320422,-0.738102233187));
#3955 = CARTESIAN_POINT('',(-1.2,0.151431391852,-0.710574806129));
#3956 = CARTESIAN_POINT('',(-1.2,0.152949210578,-0.657734479833));
#3957 = CARTESIAN_POINT('',(-1.2,0.154022053006,-0.633152025818));
#3958 = CARTESIAN_POINT('',(-1.2,0.155432188053,-0.612189794744));
#3959 = CARTESIAN_POINT('',(-1.2,0.15725601938,-0.594708196745));
#3960 = CARTESIAN_POINT('',(-1.2,0.15956535455,-0.580284137375));
#3961 = CARTESIAN_POINT('',(-1.2,0.163961723043,-0.561910313477));
#3962 = CARTESIAN_POINT('',(-1.2,0.165663076603,-0.556192390942));
#3963 = CARTESIAN_POINT('',(-1.2,0.167533970676,-0.551110238382));
#3964 = CARTESIAN_POINT('',(-1.2,0.169583911359,-0.546562484293));
#3965 = CARTESIAN_POINT('',(-1.2,0.171822061646,-0.54244123412));
#3966 = CARTESIAN_POINT('',(-1.2,0.175322759951,-0.536972308286));
#3967 = CARTESIAN_POINT('',(-1.2,0.176425859418,-0.535368106426));
#3968 = CARTESIAN_POINT('',(-1.2,0.177567444359,-0.533815210771));
#3969 = CARTESIAN_POINT('',(-1.2,0.178745938091,-0.532320603351));
#3970 = CARTESIAN_POINT('',(-1.2,0.179961688049,-0.530877689198));
#3971 = CARTESIAN_POINT('',(-1.2,0.192026787329,-0.517482870406));
#3972 = CARTESIAN_POINT('',(-1.2,0.205565248103,-0.50937644344));
#3973 = CARTESIAN_POINT('',(-1.2,0.221553201876,-0.504409438395));
#3974 = CARTESIAN_POINT('',(-1.2,0.239685742817,-0.501756190284));
#3975 = CARTESIAN_POINT('',(-1.2,0.259672571391,-0.50061313135));
#3976 = CARTESIAN_POINT('',(-1.2,0.283157907114,-0.500157109408));
#3977 = CARTESIAN_POINT('',(-1.2,0.285078671554,-0.500125718968));
#3978 = CARTESIAN_POINT('',(-1.2,0.287011664584,-0.500099449094));
#3979 = CARTESIAN_POINT('',(-1.2,0.288956699327,-0.500077756878));
#3980 = CARTESIAN_POINT('',(-1.2,0.290913589724,-0.500060100477));
#3981 = CARTESIAN_POINT('',(-1.2,0.296376423825,-0.50002080213));
#3982 = CARTESIAN_POINT('',(-1.2,0.299907623512,-0.500007673661));
#3983 = CARTESIAN_POINT('',(-1.2,0.30347410006,-0.499999603439));
#3984 = CARTESIAN_POINT('',(-1.2,0.307075524819,-0.499998058229));
#3985 = CARTESIAN_POINT('',(-1.2,0.310711248974,-0.500002422649));
#3986 = CARTESIAN_POINT('',(-1.2,0.316355695222,-0.499997924455));
#3987 = CARTESIAN_POINT('',(-1.2,0.318341643761,-0.499992376924));
#3988 = CARTESIAN_POINT('',(-1.2,0.320335448093,-0.499976603658));
#3989 = CARTESIAN_POINT('',(-1.2,0.322336041721,-0.499944357544));
#3990 = CARTESIAN_POINT('',(-1.2,0.324342351676,-0.499889398106));
#3991 = CARTESIAN_POINT('',(-1.2,0.331243137652,-0.499601463328));
#3992 = CARTESIAN_POINT('',(-1.2,0.336160205144,-0.499226238043));
#3993 = CARTESIAN_POINT('',(-1.2,0.34108931903,-0.498590408146));
#3994 = CARTESIAN_POINT('',(-1.2,0.34601412079,-0.497604098534));
#3995 = CARTESIAN_POINT('',(-1.2,0.350917217185,-0.496178668212));
#3996 = CARTESIAN_POINT('',(-1.2,0.359328200455,-0.492805602514));
#3997 = CARTESIAN_POINT('',(-1.2,0.362854738658,-0.491103752951));
#3998 = CARTESIAN_POINT('',(-1.2,0.366352634491,-0.489089061892));
#3999 = CARTESIAN_POINT('',(-1.2,0.369814320803,-0.486729974451));
#4000 = CARTESIAN_POINT('',(-1.2,0.373231965514,-0.483997182264));
#4001 = CARTESIAN_POINT('',(-1.2,0.383576023197,-0.474366026751));
#4002 = CARTESIAN_POINT('',(-1.2,0.390333211946,-0.466144417563));
#4003 = CARTESIAN_POINT('',(-1.2,0.396792097978,-0.455964711916));
#4004 = CARTESIAN_POINT('',(-1.2,0.40288171416,-0.443667286573));
#4005 = CARTESIAN_POINT('',(-1.2,0.408544929176,-0.429201724538));
#4006 = CARTESIAN_POINT('',(-1.2,0.418147256597,-0.398666745822));
#4007 = CARTESIAN_POINT('',(-1.2,0.42221919621,-0.38318089622));
#4008 = CARTESIAN_POINT('',(-1.2,0.425941162618,-0.366253220257));
#4009 = CARTESIAN_POINT('',(-1.2,0.429308475597,-0.347978753424));
#4010 = CARTESIAN_POINT('',(-1.2,0.432327647039,-0.328478522268));
#4011 = CARTESIAN_POINT('',(-1.2,0.436582710436,-0.29581792826));
#4012 = CARTESIAN_POINT('',(-1.2,0.438039171303,-0.283378260075));
#4013 = CARTESIAN_POINT('',(-1.2,0.439383523238,-0.270585548291));
#4014 = CARTESIAN_POINT('',(-1.2,0.440619052586,-0.2574636928));
#4015 = CARTESIAN_POINT('',(-1.2,0.441749477893,-0.24403564904));
#4016 = CARTESIAN_POINT('',(-1.2,0.443963544712,-0.214545023357));
#4017 = CARTESIAN_POINT('',(-1.2,0.445014332518,-0.198390163649));
#4018 = CARTESIAN_POINT('',(-1.2,0.445937580138,-0.181891719196));
#4019 = CARTESIAN_POINT('',(-1.2,0.446739492014,-0.165079546146));
#4020 = CARTESIAN_POINT('',(-1.2,0.447426210208,-0.147980486478));
#4021 = CARTESIAN_POINT('',(-1.2,0.448319040507,-0.121143033345));
#4022 = CARTESIAN_POINT('',(-1.2,0.448601752165,-0.11158935825));
#4023 = CARTESIAN_POINT('',(-1.2,0.448852917719,-0.101961204571));
#4024 = CARTESIAN_POINT('',(-1.2,0.449073476232,-9.226218982588E-02));
#4025 = CARTESIAN_POINT('',(-1.2,0.449264337482,-8.249568719046E-02));
#4026 = CARTESIAN_POINT('',(-1.2,0.449504317294,-6.793667025E-02));
#4027 = CARTESIAN_POINT('',(-1.2,0.449576031218,-6.31666641E-02));
#4028 = CARTESIAN_POINT('',(-1.2,0.449641483217,-5.8354575525E-02));
#4029 = CARTESIAN_POINT('',(-1.2,0.449700632775,-5.3500173E-02));
#4030 = CARTESIAN_POINT('',(-1.2,0.449753439375,-4.8603225E-02));
#4031 = CARTESIAN_POINT('',(-1.2,0.449852175906,-3.809701046779E-02));
#4032 = CARTESIAN_POINT('',(-1.2,0.44989604437,-3.251263641718E-02));
#4033 = CARTESIAN_POINT('',(-1.2,0.449931610781,-2.691020682751E-02));
#4034 = CARTESIAN_POINT('',(-1.2,0.449959015668,-2.129002570361E-02));
#4035 = CARTESIAN_POINT('',(-1.2,0.449978397194,-1.565287207583E-02));
#4036 = CARTESIAN_POINT('',(-1.2,0.449989891164,-1.E-02));
#4037 = ORIENTED_EDGE('',*,*,#4038,.T.);
#4038 = EDGE_CURVE('',#3942,#4039,#4041,.T.);
#4039 = VERTEX_POINT('',#4040);
#4040 = CARTESIAN_POINT('',(-1.4,0.449989891164,-1.E-02));
#4041 = B_SPLINE_CURVE_WITH_KNOTS('',1,(#4042,#4043),.UNSPECIFIED.,.F.,
  .F.,(2,2),(0.,1.),.PIECEWISE_BEZIER_KNOTS.);
#4042 = CARTESIAN_POINT('',(-1.2,0.449989891164,-1.E-02));
#4043 = CARTESIAN_POINT('',(-1.4,0.449989891164,-1.E-02));
#4044 = ORIENTED_EDGE('',*,*,#4045,.F.);
#4045 = EDGE_CURVE('',#4046,#4039,#4048,.T.);
#4046 = VERTEX_POINT('',#4047);
#4047 = CARTESIAN_POINT('',(-1.4,0.15,-1.05));
#4048 = B_SPLINE_CURVE_WITH_KNOTS('',6,(#4049,#4050,#4051,#4052,#4053,
    #4054,#4055,#4056,#4057,#4058,#4059,#4060,#4061,#4062,#4063,#4064,
    #4065,#4066,#4067,#4068,#4069,#4070,#4071,#4072,#4073,#4074,#4075,
    #4076,#4077,#4078,#4079,#4080,#4081,#4082,#4083,#4084,#4085,#4086,
    #4087,#4088,#4089,#4090,#4091,#4092,#4093,#4094,#4095,#4096,#4097,
    #4098,#4099,#4100,#4101,#4102,#4103,#4104,#4105,#4106,#4107,#4108,
    #4109,#4110,#4111,#4112,#4113,#4114,#4115,#4116,#4117,#4118,#4119,
    #4120,#4121,#4122,#4123,#4124,#4125,#4126,#4127,#4128,#4129,#4130,
    #4131,#4132,#4133,#4134,#4135,#4136,#4137,#4138,#4139,#4140),
  .UNSPECIFIED.,.F.,.F.,(7,5,5,5,5,5,5,5,5,5,5,5,5,5,5,5,5,5,7),(0.,
    7.380718256247E-02,0.172006813663,0.282922443914,0.342835559266,
    0.369042420631,0.595325666367,0.615338988999,0.650863428063,
    0.670013975975,0.716580646461,0.750553362484,0.820997552553,
    0.880601156414,0.915502465752,0.955662770906,0.977580161439,
    0.988121335589,1.),.UNSPECIFIED.);
#4049 = CARTESIAN_POINT('',(-1.4,0.15,-1.05));
#4050 = CARTESIAN_POINT('',(-1.4,0.15,-1.018355907042));
#4051 = CARTESIAN_POINT('',(-1.4,0.150000000362,-0.987379401519));
#4052 = CARTESIAN_POINT('',(-1.4,0.15000495167,-0.957146379394));
#4053 = CARTESIAN_POINT('',(-1.4,0.150021301722,-0.927748503443));
#4054 = CARTESIAN_POINT('',(-1.4,0.150057583859,-0.899287993107));
#4055 = CARTESIAN_POINT('',(-1.4,0.150214708715,-0.835396293341));
#4056 = CARTESIAN_POINT('',(-1.4,0.15035971617,-0.800762218269));
#4057 = CARTESIAN_POINT('',(-1.4,0.150585655189,-0.768238690229));
#4058 = CARTESIAN_POINT('',(-1.4,0.150928320422,-0.738102233187));
#4059 = CARTESIAN_POINT('',(-1.4,0.151431391852,-0.710574806129));
#4060 = CARTESIAN_POINT('',(-1.4,0.152949210578,-0.657734479833));
#4061 = CARTESIAN_POINT('',(-1.4,0.154022053006,-0.633152025818));
#4062 = CARTESIAN_POINT('',(-1.4,0.155432188053,-0.612189794744));
#4063 = CARTESIAN_POINT('',(-1.4,0.15725601938,-0.594708196745));
#4064 = CARTESIAN_POINT('',(-1.4,0.15956535455,-0.580284137375));
#4065 = CARTESIAN_POINT('',(-1.4,0.163961723043,-0.561910313477));
#4066 = CARTESIAN_POINT('',(-1.4,0.165663076603,-0.556192390942));
#4067 = CARTESIAN_POINT('',(-1.4,0.167533970676,-0.551110238382));
#4068 = CARTESIAN_POINT('',(-1.4,0.169583911359,-0.546562484293));
#4069 = CARTESIAN_POINT('',(-1.4,0.171822061646,-0.54244123412));
#4070 = CARTESIAN_POINT('',(-1.4,0.175322759951,-0.536972308286));
#4071 = CARTESIAN_POINT('',(-1.4,0.176425859418,-0.535368106426));
#4072 = CARTESIAN_POINT('',(-1.4,0.177567444359,-0.533815210771));
#4073 = CARTESIAN_POINT('',(-1.4,0.178745938091,-0.532320603351));
#4074 = CARTESIAN_POINT('',(-1.4,0.179961688049,-0.530877689198));
#4075 = CARTESIAN_POINT('',(-1.4,0.192026787329,-0.517482870406));
#4076 = CARTESIAN_POINT('',(-1.4,0.205565248103,-0.50937644344));
#4077 = CARTESIAN_POINT('',(-1.4,0.221553201876,-0.504409438395));
#4078 = CARTESIAN_POINT('',(-1.4,0.239685742817,-0.501756190284));
#4079 = CARTESIAN_POINT('',(-1.4,0.259672571391,-0.50061313135));
#4080 = CARTESIAN_POINT('',(-1.4,0.283157907114,-0.500157109408));
#4081 = CARTESIAN_POINT('',(-1.4,0.285078671554,-0.500125718968));
#4082 = CARTESIAN_POINT('',(-1.4,0.287011664584,-0.500099449094));
#4083 = CARTESIAN_POINT('',(-1.4,0.288956699327,-0.500077756878));
#4084 = CARTESIAN_POINT('',(-1.4,0.290913589724,-0.500060100477));
#4085 = CARTESIAN_POINT('',(-1.4,0.296376423825,-0.50002080213));
#4086 = CARTESIAN_POINT('',(-1.4,0.299907623512,-0.500007673661));
#4087 = CARTESIAN_POINT('',(-1.4,0.30347410006,-0.499999603439));
#4088 = CARTESIAN_POINT('',(-1.4,0.307075524819,-0.499998058229));
#4089 = CARTESIAN_POINT('',(-1.4,0.310711248974,-0.500002422649));
#4090 = CARTESIAN_POINT('',(-1.4,0.316355695222,-0.499997924455));
#4091 = CARTESIAN_POINT('',(-1.4,0.318341643761,-0.499992376924));
#4092 = CARTESIAN_POINT('',(-1.4,0.320335448093,-0.499976603658));
#4093 = CARTESIAN_POINT('',(-1.4,0.322336041721,-0.499944357544));
#4094 = CARTESIAN_POINT('',(-1.4,0.324342351676,-0.499889398106));
#4095 = CARTESIAN_POINT('',(-1.4,0.331243137652,-0.499601463328));
#4096 = CARTESIAN_POINT('',(-1.4,0.336160205144,-0.499226238043));
#4097 = CARTESIAN_POINT('',(-1.4,0.34108931903,-0.498590408146));
#4098 = CARTESIAN_POINT('',(-1.4,0.34601412079,-0.497604098534));
#4099 = CARTESIAN_POINT('',(-1.4,0.350917217185,-0.496178668212));
#4100 = CARTESIAN_POINT('',(-1.4,0.359328200455,-0.492805602514));
#4101 = CARTESIAN_POINT('',(-1.4,0.362854738658,-0.491103752951));
#4102 = CARTESIAN_POINT('',(-1.4,0.366352634491,-0.489089061892));
#4103 = CARTESIAN_POINT('',(-1.4,0.369814320803,-0.486729974451));
#4104 = CARTESIAN_POINT('',(-1.4,0.373231965514,-0.483997182264));
#4105 = CARTESIAN_POINT('',(-1.4,0.383576023197,-0.474366026751));
#4106 = CARTESIAN_POINT('',(-1.4,0.390333211946,-0.466144417563));
#4107 = CARTESIAN_POINT('',(-1.4,0.396792097978,-0.455964711916));
#4108 = CARTESIAN_POINT('',(-1.4,0.40288171416,-0.443667286573));
#4109 = CARTESIAN_POINT('',(-1.4,0.408544929176,-0.429201724538));
#4110 = CARTESIAN_POINT('',(-1.4,0.418147256597,-0.398666745822));
#4111 = CARTESIAN_POINT('',(-1.4,0.42221919621,-0.38318089622));
#4112 = CARTESIAN_POINT('',(-1.4,0.425941162618,-0.366253220257));
#4113 = CARTESIAN_POINT('',(-1.4,0.429308475597,-0.347978753424));
#4114 = CARTESIAN_POINT('',(-1.4,0.432327647039,-0.328478522268));
#4115 = CARTESIAN_POINT('',(-1.4,0.436582710436,-0.29581792826));
#4116 = CARTESIAN_POINT('',(-1.4,0.438039171303,-0.283378260075));
#4117 = CARTESIAN_POINT('',(-1.4,0.439383523238,-0.270585548291));
#4118 = CARTESIAN_POINT('',(-1.4,0.440619052586,-0.2574636928));
#4119 = CARTESIAN_POINT('',(-1.4,0.441749477893,-0.24403564904));
#4120 = CARTESIAN_POINT('',(-1.4,0.443963544712,-0.214545023357));
#4121 = CARTESIAN_POINT('',(-1.4,0.445014332518,-0.198390163649));
#4122 = CARTESIAN_POINT('',(-1.4,0.445937580138,-0.181891719196));
#4123 = CARTESIAN_POINT('',(-1.4,0.446739492014,-0.165079546146));
#4124 = CARTESIAN_POINT('',(-1.4,0.447426210208,-0.147980486478));
#4125 = CARTESIAN_POINT('',(-1.4,0.448319040507,-0.121143033345));
#4126 = CARTESIAN_POINT('',(-1.4,0.448601752165,-0.11158935825));
#4127 = CARTESIAN_POINT('',(-1.4,0.448852917719,-0.101961204571));
#4128 = CARTESIAN_POINT('',(-1.4,0.449073476232,-9.226218982588E-02));
#4129 = CARTESIAN_POINT('',(-1.4,0.449264337482,-8.249568719046E-02));
#4130 = CARTESIAN_POINT('',(-1.4,0.449504317294,-6.793667025E-02));
#4131 = CARTESIAN_POINT('',(-1.4,0.449576031218,-6.31666641E-02));
#4132 = CARTESIAN_POINT('',(-1.4,0.449641483217,-5.8354575525E-02));
#4133 = CARTESIAN_POINT('',(-1.4,0.449700632775,-5.3500173E-02));
#4134 = CARTESIAN_POINT('',(-1.4,0.449753439375,-4.8603225E-02));
#4135 = CARTESIAN_POINT('',(-1.4,0.449852175906,-3.809701046779E-02));
#4136 = CARTESIAN_POINT('',(-1.4,0.44989604437,-3.251263641718E-02));
#4137 = CARTESIAN_POINT('',(-1.4,0.449931610781,-2.691020682751E-02));
#4138 = CARTESIAN_POINT('',(-1.4,0.449959015668,-2.129002570361E-02));
#4139 = CARTESIAN_POINT('',(-1.4,0.449978397194,-1.565287207583E-02));
#4140 = CARTESIAN_POINT('',(-1.4,0.449989891164,-1.E-02));
#4141 = ORIENTED_EDGE('',*,*,#4142,.F.);
#4142 = EDGE_CURVE('',#4143,#4046,#4145,.T.);
#4143 = VERTEX_POINT('',#4144);
#4144 = CARTESIAN_POINT('',(-1.9,0.15,-1.05));
#4145 = LINE('',#4146,#4147);
#4146 = CARTESIAN_POINT('',(-5.,0.15,-1.05));
#4147 = VECTOR('',#4148,1.);
#4148 = DIRECTION('',(1.,0.,0.));
#4149 = ORIENTED_EDGE('',*,*,#4150,.T.);
#4150 = EDGE_CURVE('',#4143,#4151,#4153,.T.);
#4151 = VERTEX_POINT('',#4152);
#4152 = CARTESIAN_POINT('',(-1.9,0.449989891164,-1.E-02));
#4153 = B_SPLINE_CURVE_WITH_KNOTS('',6,(#4154,#4155,#4156,#4157,#4158,
    #4159,#4160,#4161,#4162,#4163,#4164,#4165,#4166,#4167,#4168,#4169,
    #4170,#4171,#4172,#4173,#4174,#4175,#4176,#4177,#4178,#4179,#4180,
    #4181,#4182,#4183,#4184,#4185,#4186,#4187,#4188,#4189,#4190,#4191,
    #4192,#4193,#4194,#4195,#4196,#4197,#4198,#4199,#4200,#4201,#4202,
    #4203,#4204,#4205,#4206,#4207,#4208,#4209,#4210,#4211,#4212,#4213,
    #4214,#4215,#4216,#4217,#4218,#4219,#4220,#4221,#4222,#4223,#4224,
    #4225,#4226,#4227,#4228,#4229,#4230,#4231,#4232,#4233,#4234,#4235,
    #4236,#4237,#4238,#4239,#4240,#4241,#4242,#4243,#4244,#4245),
  .UNSPECIFIED.,.F.,.F.,(7,5,5,5,5,5,5,5,5,5,5,5,5,5,5,5,5,5,7),(0.,
    7.38071825625E-02,0.172006813663,0.282922443914,0.342835559267,
    0.369042420631,0.595325666367,0.615338989,0.650863428064,
    0.670013975976,0.716580646461,0.750553362484,0.820997552553,
    0.880601156414,0.915502465752,0.955662770906,0.977580161439,
    0.988121335589,1.),.UNSPECIFIED.);
#4154 = CARTESIAN_POINT('',(-1.9,0.15,-1.05));
#4155 = CARTESIAN_POINT('',(-1.9,0.15,-1.018355907042));
#4156 = CARTESIAN_POINT('',(-1.9,0.150000000362,-0.987379401519));
#4157 = CARTESIAN_POINT('',(-1.9,0.15000495167,-0.957146379394));
#4158 = CARTESIAN_POINT('',(-1.9,0.150021301722,-0.927748503443));
#4159 = CARTESIAN_POINT('',(-1.9,0.150057583859,-0.899287993107));
#4160 = CARTESIAN_POINT('',(-1.9,0.150214708715,-0.835396293341));
#4161 = CARTESIAN_POINT('',(-1.9,0.15035971617,-0.800762218269));
#4162 = CARTESIAN_POINT('',(-1.9,0.150585655189,-0.768238690229));
#4163 = CARTESIAN_POINT('',(-1.9,0.150928320422,-0.738102233187));
#4164 = CARTESIAN_POINT('',(-1.9,0.151431391852,-0.710574806129));
#4165 = CARTESIAN_POINT('',(-1.9,0.152949210578,-0.657734479833));
#4166 = CARTESIAN_POINT('',(-1.9,0.154022053006,-0.633152025818));
#4167 = CARTESIAN_POINT('',(-1.9,0.155432188053,-0.612189794744));
#4168 = CARTESIAN_POINT('',(-1.9,0.15725601938,-0.594708196745));
#4169 = CARTESIAN_POINT('',(-1.9,0.15956535455,-0.580284137375));
#4170 = CARTESIAN_POINT('',(-1.9,0.163961723043,-0.561910313477));
#4171 = CARTESIAN_POINT('',(-1.9,0.165663076603,-0.556192390942));
#4172 = CARTESIAN_POINT('',(-1.9,0.167533970676,-0.551110238382));
#4173 = CARTESIAN_POINT('',(-1.9,0.169583911359,-0.546562484293));
#4174 = CARTESIAN_POINT('',(-1.9,0.171822061646,-0.54244123412));
#4175 = CARTESIAN_POINT('',(-1.9,0.175322759951,-0.536972308286));
#4176 = CARTESIAN_POINT('',(-1.9,0.176425859418,-0.535368106426));
#4177 = CARTESIAN_POINT('',(-1.9,0.177567444359,-0.533815210771));
#4178 = CARTESIAN_POINT('',(-1.9,0.178745938091,-0.532320603351));
#4179 = CARTESIAN_POINT('',(-1.9,0.179961688049,-0.530877689198));
#4180 = CARTESIAN_POINT('',(-1.9,0.192026787329,-0.517482870406));
#4181 = CARTESIAN_POINT('',(-1.9,0.205565248103,-0.50937644344));
#4182 = CARTESIAN_POINT('',(-1.9,0.221553201876,-0.504409438395));
#4183 = CARTESIAN_POINT('',(-1.9,0.239685742817,-0.501756190284));
#4184 = CARTESIAN_POINT('',(-1.9,0.259672571391,-0.50061313135));
#4185 = CARTESIAN_POINT('',(-1.9,0.283157907114,-0.500157109408));
#4186 = CARTESIAN_POINT('',(-1.9,0.285078671554,-0.500125718968));
#4187 = CARTESIAN_POINT('',(-1.9,0.287011664584,-0.500099449094));
#4188 = CARTESIAN_POINT('',(-1.9,0.288956699327,-0.500077756878));
#4189 = CARTESIAN_POINT('',(-1.9,0.290913589724,-0.500060100477));
#4190 = CARTESIAN_POINT('',(-1.9,0.296376423825,-0.50002080213));
#4191 = CARTESIAN_POINT('',(-1.9,0.299907623512,-0.500007673661));
#4192 = CARTESIAN_POINT('',(-1.9,0.30347410006,-0.499999603439));
#4193 = CARTESIAN_POINT('',(-1.9,0.307075524819,-0.499998058229));
#4194 = CARTESIAN_POINT('',(-1.9,0.310711248974,-0.500002422649));
#4195 = CARTESIAN_POINT('',(-1.9,0.316355695222,-0.499997924455));
#4196 = CARTESIAN_POINT('',(-1.9,0.318341643761,-0.499992376924));
#4197 = CARTESIAN_POINT('',(-1.9,0.320335448093,-0.499976603658));
#4198 = CARTESIAN_POINT('',(-1.9,0.322336041721,-0.499944357544));
#4199 = CARTESIAN_POINT('',(-1.9,0.324342351676,-0.499889398106));
#4200 = CARTESIAN_POINT('',(-1.9,0.331243137652,-0.499601463328));
#4201 = CARTESIAN_POINT('',(-1.9,0.336160205144,-0.499226238043));
#4202 = CARTESIAN_POINT('',(-1.9,0.34108931903,-0.498590408146));
#4203 = CARTESIAN_POINT('',(-1.9,0.34601412079,-0.497604098534));
#4204 = CARTESIAN_POINT('',(-1.9,0.350917217185,-0.496178668212));
#4205 = CARTESIAN_POINT('',(-1.9,0.359328200455,-0.492805602514));
#4206 = CARTESIAN_POINT('',(-1.9,0.362854738658,-0.491103752951));
#4207 = CARTESIAN_POINT('',(-1.9,0.366352634491,-0.489089061892));
#4208 = CARTESIAN_POINT('',(-1.9,0.369814320803,-0.486729974451));
#4209 = CARTESIAN_POINT('',(-1.9,0.373231965514,-0.483997182264));
#4210 = CARTESIAN_POINT('',(-1.9,0.383576023197,-0.474366026751));
#4211 = CARTESIAN_POINT('',(-1.9,0.390333211946,-0.466144417563));
#4212 = CARTESIAN_POINT('',(-1.9,0.396792097978,-0.455964711916));
#4213 = CARTESIAN_POINT('',(-1.9,0.40288171416,-0.443667286573));
#4214 = CARTESIAN_POINT('',(-1.9,0.408544929176,-0.429201724538));
#4215 = CARTESIAN_POINT('',(-1.9,0.418147256597,-0.398666745822));
#4216 = CARTESIAN_POINT('',(-1.9,0.42221919621,-0.38318089622));
#4217 = CARTESIAN_POINT('',(-1.9,0.425941162618,-0.366253220257));
#4218 = CARTESIAN_POINT('',(-1.9,0.429308475597,-0.347978753424));
#4219 = CARTESIAN_POINT('',(-1.9,0.432327647039,-0.328478522268));
#4220 = CARTESIAN_POINT('',(-1.9,0.436582710436,-0.29581792826));
#4221 = CARTESIAN_POINT('',(-1.9,0.438039171303,-0.283378260075));
#4222 = CARTESIAN_POINT('',(-1.9,0.439383523238,-0.270585548291));
#4223 = CARTESIAN_POINT('',(-1.9,0.440619052586,-0.2574636928));
#4224 = CARTESIAN_POINT('',(-1.9,0.441749477893,-0.24403564904));
#4225 = CARTESIAN_POINT('',(-1.9,0.443963544712,-0.214545023357));
#4226 = CARTESIAN_POINT('',(-1.9,0.445014332518,-0.198390163649));
#4227 = CARTESIAN_POINT('',(-1.9,0.445937580138,-0.181891719196));
#4228 = CARTESIAN_POINT('',(-1.9,0.446739492014,-0.165079546146));
#4229 = CARTESIAN_POINT('',(-1.9,0.447426210208,-0.147980486478));
#4230 = CARTESIAN_POINT('',(-1.9,0.448319040507,-0.121143033345));
#4231 = CARTESIAN_POINT('',(-1.9,0.448601752165,-0.11158935825));
#4232 = CARTESIAN_POINT('',(-1.9,0.448852917719,-0.101961204571));
#4233 = CARTESIAN_POINT('',(-1.9,0.449073476232,-9.226218982588E-02));
#4234 = CARTESIAN_POINT('',(-1.9,0.449264337482,-8.249568719046E-02));
#4235 = CARTESIAN_POINT('',(-1.9,0.449504317294,-6.793667025E-02));
#4236 = CARTESIAN_POINT('',(-1.9,0.449576031218,-6.31666641E-02));
#4237 = CARTESIAN_POINT('',(-1.9,0.449641483217,-5.8354575525E-02));
#4238 = CARTESIAN_POINT('',(-1.9,0.449700632775,-5.3500173E-02));
#4239 = CARTESIAN_POINT('',(-1.9,0.449753439375,-4.8603225E-02));
#4240 = CARTESIAN_POINT('',(-1.9,0.449852175906,-3.809701046779E-02));
#4241 = CARTESIAN_POINT('',(-1.9,0.44989604437,-3.251263641718E-02));
#4242 = CARTESIAN_POINT('',(-1.9,0.449931610781,-2.691020682751E-02));
#4243 = CARTESIAN_POINT('',(-1.9,0.449959015668,-2.129002570361E-02));
#4244 = CARTESIAN_POINT('',(-1.9,0.449978397194,-1.565287207583E-02));
#4245 = CARTESIAN_POINT('',(-1.9,0.449989891164,-1.E-02));
#4246 = ORIENTED_EDGE('',*,*,#4247,.T.);
#4247 = EDGE_CURVE('',#4151,#4248,#4250,.T.);
#4248 = VERTEX_POINT('',#4249);
#4249 = CARTESIAN_POINT('',(-2.5,0.449989891164,-1.E-02));
#4250 = B_SPLINE_CURVE_WITH_KNOTS('',4,(#4251,#4252,#4253,#4254,#4255),
  .UNSPECIFIED.,.F.,.F.,(5,5),(0.,1.),.PIECEWISE_BEZIER_KNOTS.);
#4251 = CARTESIAN_POINT('',(-1.9,0.449989891164,-1.E-02));
#4252 = CARTESIAN_POINT('',(-2.05,0.449989891164,-1.E-02));
#4253 = CARTESIAN_POINT('',(-2.2,0.449989891164,-1.E-02));
#4254 = CARTESIAN_POINT('',(-2.35,0.449989891164,-1.E-02));
#4255 = CARTESIAN_POINT('',(-2.5,0.449989891164,-1.E-02));
#4256 = ORIENTED_EDGE('',*,*,#4257,.F.);
#4257 = EDGE_CURVE('',#4258,#4248,#4260,.T.);
#4258 = VERTEX_POINT('',#4259);
#4259 = CARTESIAN_POINT('',(-2.5,0.15,-1.05));
#4260 = B_SPLINE_CURVE_WITH_KNOTS('',6,(#4261,#4262,#4263,#4264,#4265,
    #4266,#4267,#4268,#4269,#4270,#4271,#4272,#4273,#4274,#4275,#4276,
    #4277,#4278,#4279,#4280,#4281,#4282,#4283,#4284,#4285,#4286,#4287,
    #4288,#4289,#4290,#4291,#4292,#4293,#4294,#4295,#4296,#4297,#4298,
    #4299,#4300,#4301,#4302,#4303,#4304,#4305,#4306,#4307,#4308,#4309,
    #4310,#4311,#4312,#4313,#4314,#4315,#4316,#4317,#4318,#4319,#4320,
    #4321,#4322,#4323,#4324,#4325,#4326,#4327,#4328,#4329,#4330,#4331,
    #4332,#4333,#4334,#4335,#4336,#4337,#4338,#4339,#4340,#4341,#4342,
    #4343,#4344,#4345,#4346,#4347,#4348,#4349,#4350,#4351,#4352),
  .UNSPECIFIED.,.F.,.F.,(7,5,5,5,5,5,5,5,5,5,5,5,5,5,5,5,5,5,7),(0.,
    7.380718256247E-02,0.172006813663,0.282922443914,0.342835559266,
    0.369042420631,0.595325666367,0.615338988999,0.650863428063,
    0.670013975975,0.716580646461,0.750553362484,0.820997552553,
    0.880601156414,0.915502465752,0.955662770906,0.977580161439,
    0.988121335589,1.),.UNSPECIFIED.);
#4261 = CARTESIAN_POINT('',(-2.5,0.15,-1.05));
#4262 = CARTESIAN_POINT('',(-2.5,0.15,-1.018355907042));
#4263 = CARTESIAN_POINT('',(-2.5,0.150000000362,-0.987379401519));
#4264 = CARTESIAN_POINT('',(-2.5,0.15000495167,-0.957146379394));
#4265 = CARTESIAN_POINT('',(-2.5,0.150021301722,-0.927748503443));
#4266 = CARTESIAN_POINT('',(-2.5,0.150057583859,-0.899287993107));
#4267 = CARTESIAN_POINT('',(-2.5,0.150214708715,-0.835396293341));
#4268 = CARTESIAN_POINT('',(-2.5,0.15035971617,-0.800762218269));
#4269 = CARTESIAN_POINT('',(-2.5,0.150585655189,-0.768238690229));
#4270 = CARTESIAN_POINT('',(-2.5,0.150928320422,-0.738102233187));
#4271 = CARTESIAN_POINT('',(-2.5,0.151431391852,-0.710574806129));
#4272 = CARTESIAN_POINT('',(-2.5,0.152949210578,-0.657734479833));
#4273 = CARTESIAN_POINT('',(-2.5,0.154022053006,-0.633152025818));
#4274 = CARTESIAN_POINT('',(-2.5,0.155432188053,-0.612189794744));
#4275 = CARTESIAN_POINT('',(-2.5,0.15725601938,-0.594708196745));
#4276 = CARTESIAN_POINT('',(-2.5,0.15956535455,-0.580284137375));
#4277 = CARTESIAN_POINT('',(-2.5,0.163961723043,-0.561910313477));
#4278 = CARTESIAN_POINT('',(-2.5,0.165663076603,-0.556192390942));
#4279 = CARTESIAN_POINT('',(-2.5,0.167533970676,-0.551110238382));
#4280 = CARTESIAN_POINT('',(-2.5,0.169583911359,-0.546562484293));
#4281 = CARTESIAN_POINT('',(-2.5,0.171822061646,-0.54244123412));
#4282 = CARTESIAN_POINT('',(-2.5,0.175322759951,-0.536972308286));
#4283 = CARTESIAN_POINT('',(-2.5,0.176425859418,-0.535368106426));
#4284 = CARTESIAN_POINT('',(-2.5,0.177567444359,-0.533815210771));
#4285 = CARTESIAN_POINT('',(-2.5,0.178745938091,-0.532320603351));
#4286 = CARTESIAN_POINT('',(-2.5,0.179961688049,-0.530877689198));
#4287 = CARTESIAN_POINT('',(-2.5,0.192026787329,-0.517482870406));
#4288 = CARTESIAN_POINT('',(-2.5,0.205565248103,-0.50937644344));
#4289 = CARTESIAN_POINT('',(-2.5,0.221553201876,-0.504409438395));
#4290 = CARTESIAN_POINT('',(-2.5,0.239685742817,-0.501756190284));
#4291 = CARTESIAN_POINT('',(-2.5,0.259672571391,-0.50061313135));
#4292 = CARTESIAN_POINT('',(-2.5,0.283157907114,-0.500157109408));
#4293 = CARTESIAN_POINT('',(-2.5,0.285078671554,-0.500125718968));
#4294 = CARTESIAN_POINT('',(-2.5,0.287011664584,-0.500099449094));
#4295 = CARTESIAN_POINT('',(-2.5,0.288956699327,-0.500077756878));
#4296 = CARTESIAN_POINT('',(-2.5,0.290913589724,-0.500060100477));
#4297 = CARTESIAN_POINT('',(-2.5,0.296376423825,-0.50002080213));
#4298 = CARTESIAN_POINT('',(-2.5,0.299907623512,-0.500007673661));
#4299 = CARTESIAN_POINT('',(-2.5,0.30347410006,-0.499999603439));
#4300 = CARTESIAN_POINT('',(-2.5,0.307075524819,-0.499998058229));
#4301 = CARTESIAN_POINT('',(-2.5,0.310711248974,-0.500002422649));
#4302 = CARTESIAN_POINT('',(-2.5,0.316355695222,-0.499997924455));
#4303 = CARTESIAN_POINT('',(-2.5,0.318341643761,-0.499992376924));
#4304 = CARTESIAN_POINT('',(-2.5,0.320335448093,-0.499976603658));
#4305 = CARTESIAN_POINT('',(-2.5,0.322336041721,-0.499944357544));
#4306 = CARTESIAN_POINT('',(-2.5,0.324342351676,-0.499889398106));
#4307 = CARTESIAN_POINT('',(-2.5,0.331243137652,-0.499601463328));
#4308 = CARTESIAN_POINT('',(-2.5,0.336160205144,-0.499226238043));
#4309 = CARTESIAN_POINT('',(-2.5,0.34108931903,-0.498590408146));
#4310 = CARTESIAN_POINT('',(-2.5,0.34601412079,-0.497604098534));
#4311 = CARTESIAN_POINT('',(-2.5,0.350917217185,-0.496178668212));
#4312 = CARTESIAN_POINT('',(-2.5,0.359328200455,-0.492805602514));
#4313 = CARTESIAN_POINT('',(-2.5,0.362854738658,-0.491103752951));
#4314 = CARTESIAN_POINT('',(-2.5,0.366352634491,-0.489089061892));
#4315 = CARTESIAN_POINT('',(-2.5,0.369814320803,-0.486729974451));
#4316 = CARTESIAN_POINT('',(-2.5,0.373231965514,-0.483997182264));
#4317 = CARTESIAN_POINT('',(-2.5,0.383576023197,-0.474366026751));
#4318 = CARTESIAN_POINT('',(-2.5,0.390333211946,-0.466144417563));
#4319 = CARTESIAN_POINT('',(-2.5,0.396792097978,-0.455964711916));
#4320 = CARTESIAN_POINT('',(-2.5,0.40288171416,-0.443667286573));
#4321 = CARTESIAN_POINT('',(-2.5,0.408544929176,-0.429201724538));
#4322 = CARTESIAN_POINT('',(-2.5,0.418147256597,-0.398666745822));
#4323 = CARTESIAN_POINT('',(-2.5,0.42221919621,-0.38318089622));
#4324 = CARTESIAN_POINT('',(-2.5,0.425941162618,-0.366253220257));
#4325 = CARTESIAN_POINT('',(-2.5,0.429308475597,-0.347978753424));
#4326 = CARTESIAN_POINT('',(-2.5,0.432327647039,-0.328478522268));
#4327 = CARTESIAN_POINT('',(-2.5,0.436582710436,-0.29581792826));
#4328 = CARTESIAN_POINT('',(-2.5,0.438039171303,-0.283378260075));
#4329 = CARTESIAN_POINT('',(-2.5,0.439383523238,-0.270585548291));
#4330 = CARTESIAN_POINT('',(-2.5,0.440619052586,-0.2574636928));
#4331 = CARTESIAN_POINT('',(-2.5,0.441749477893,-0.24403564904));
#4332 = CARTESIAN_POINT('',(-2.5,0.443963544712,-0.214545023357));
#4333 = CARTESIAN_POINT('',(-2.5,0.445014332518,-0.198390163649));
#4334 = CARTESIAN_POINT('',(-2.5,0.445937580138,-0.181891719196));
#4335 = CARTESIAN_POINT('',(-2.5,0.446739492014,-0.165079546146));
#4336 = CARTESIAN_POINT('',(-2.5,0.447426210208,-0.147980486478));
#4337 = CARTESIAN_POINT('',(-2.5,0.448319040507,-0.121143033345));
#4338 = CARTESIAN_POINT('',(-2.5,0.448601752165,-0.11158935825));
#4339 = CARTESIAN_POINT('',(-2.5,0.448852917719,-0.101961204571));
#4340 = CARTESIAN_POINT('',(-2.5,0.449073476232,-9.226218982588E-02));
#4341 = CARTESIAN_POINT('',(-2.5,0.449264337482,-8.249568719046E-02));
#4342 = CARTESIAN_POINT('',(-2.5,0.449504317294,-6.793667025E-02));
#4343 = CARTESIAN_POINT('',(-2.5,0.449576031218,-6.31666641E-02));
#4344 = CARTESIAN_POINT('',(-2.5,0.449641483217,-5.8354575525E-02));
#4345 = CARTESIAN_POINT('',(-2.5,0.449700632775,-5.3500173E-02));
#4346 = CARTESIAN_POINT('',(-2.5,0.449753439375,-4.8603225E-02));
#4347 = CARTESIAN_POINT('',(-2.5,0.449852175906,-3.809701046779E-02));
#4348 = CARTESIAN_POINT('',(-2.5,0.44989604437,-3.251263641718E-02));
#4349 = CARTESIAN_POINT('',(-2.5,0.449931610781,-2.691020682751E-02));
#4350 = CARTESIAN_POINT('',(-2.5,0.449959015668,-2.129002570361E-02));
#4351 = CARTESIAN_POINT('',(-2.5,0.449978397194,-1.565287207583E-02));
#4352 = CARTESIAN_POINT('',(-2.5,0.449989891164,-1.E-02));
#4353 = ORIENTED_EDGE('',*,*,#4354,.F.);
#4354 = EDGE_CURVE('',#4355,#4258,#4357,.T.);
#4355 = VERTEX_POINT('',#4356);
#4356 = CARTESIAN_POINT('',(-3.,0.15,-1.05));
#4357 = LINE('',#4358,#4359);
#4358 = CARTESIAN_POINT('',(-5.,0.15,-1.05));
#4359 = VECTOR('',#4360,1.);
#4360 = DIRECTION('',(1.,0.,0.));
#4361 = ORIENTED_EDGE('',*,*,#4362,.T.);
#4362 = EDGE_CURVE('',#4355,#4363,#4365,.T.);
#4363 = VERTEX_POINT('',#4364);
#4364 = CARTESIAN_POINT('',(-3.,0.449989891164,-1.E-02));
#4365 = B_SPLINE_CURVE_WITH_KNOTS('',6,(#4366,#4367,#4368,#4369,#4370,
    #4371,#4372,#4373,#4374,#4375,#4376,#4377,#4378,#4379,#4380,#4381,
    #4382,#4383,#4384,#4385,#4386,#4387,#4388,#4389,#4390,#4391,#4392,
    #4393,#4394,#4395,#4396,#4397,#4398,#4399,#4400,#4401,#4402,#4403,
    #4404,#4405,#4406,#4407,#4408,#4409,#4410,#4411,#4412,#4413,#4414,
    #4415,#4416,#4417,#4418,#4419,#4420,#4421,#4422,#4423,#4424,#4425,
    #4426,#4427,#4428,#4429,#4430,#4431,#4432,#4433,#4434,#4435,#4436,
    #4437,#4438,#4439,#4440,#4441,#4442,#4443,#4444,#4445,#4446,#4447,
    #4448,#4449,#4450,#4451,#4452,#4453,#4454,#4455,#4456,#4457),
  .UNSPECIFIED.,.F.,.F.,(7,5,5,5,5,5,5,5,5,5,5,5,5,5,5,5,5,5,7),(0.,
    7.38071825625E-02,0.172006813663,0.282922443914,0.342835559267,
    0.369042420631,0.595325666367,0.615338989,0.650863428064,
    0.670013975976,0.716580646461,0.750553362484,0.820997552553,
    0.880601156414,0.915502465752,0.955662770906,0.977580161439,
    0.988121335589,1.),.UNSPECIFIED.);
#4366 = CARTESIAN_POINT('',(-3.,0.15,-1.05));
#4367 = CARTESIAN_POINT('',(-3.,0.15,-1.018355907042));
#4368 = CARTESIAN_POINT('',(-3.,0.150000000362,-0.987379401519));
#4369 = CARTESIAN_POINT('',(-3.,0.15000495167,-0.957146379394));
#4370 = CARTESIAN_POINT('',(-3.,0.150021301722,-0.927748503443));
#4371 = CARTESIAN_POINT('',(-3.,0.150057583859,-0.899287993107));
#4372 = CARTESIAN_POINT('',(-3.,0.150214708715,-0.835396293341));
#4373 = CARTESIAN_POINT('',(-3.,0.15035971617,-0.800762218269));
#4374 = CARTESIAN_POINT('',(-3.,0.150585655189,-0.768238690229));
#4375 = CARTESIAN_POINT('',(-3.,0.150928320422,-0.738102233187));
#4376 = CARTESIAN_POINT('',(-3.,0.151431391852,-0.710574806129));
#4377 = CARTESIAN_POINT('',(-3.,0.152949210578,-0.657734479833));
#4378 = CARTESIAN_POINT('',(-3.,0.154022053006,-0.633152025818));
#4379 = CARTESIAN_POINT('',(-3.,0.155432188053,-0.612189794744));
#4380 = CARTESIAN_POINT('',(-3.,0.15725601938,-0.594708196745));
#4381 = CARTESIAN_POINT('',(-3.,0.15956535455,-0.580284137375));
#4382 = CARTESIAN_POINT('',(-3.,0.163961723043,-0.561910313477));
#4383 = CARTESIAN_POINT('',(-3.,0.165663076603,-0.556192390942));
#4384 = CARTESIAN_POINT('',(-3.,0.167533970676,-0.551110238382));
#4385 = CARTESIAN_POINT('',(-3.,0.169583911359,-0.546562484293));
#4386 = CARTESIAN_POINT('',(-3.,0.171822061646,-0.54244123412));
#4387 = CARTESIAN_POINT('',(-3.,0.175322759951,-0.536972308286));
#4388 = CARTESIAN_POINT('',(-3.,0.176425859418,-0.535368106426));
#4389 = CARTESIAN_POINT('',(-3.,0.177567444359,-0.533815210771));
#4390 = CARTESIAN_POINT('',(-3.,0.178745938091,-0.532320603351));
#4391 = CARTESIAN_POINT('',(-3.,0.179961688049,-0.530877689198));
#4392 = CARTESIAN_POINT('',(-3.,0.192026787329,-0.517482870406));
#4393 = CARTESIAN_POINT('',(-3.,0.205565248103,-0.50937644344));
#4394 = CARTESIAN_POINT('',(-3.,0.221553201876,-0.504409438395));
#4395 = CARTESIAN_POINT('',(-3.,0.239685742817,-0.501756190284));
#4396 = CARTESIAN_POINT('',(-3.,0.259672571391,-0.50061313135));
#4397 = CARTESIAN_POINT('',(-3.,0.283157907114,-0.500157109408));
#4398 = CARTESIAN_POINT('',(-3.,0.285078671554,-0.500125718968));
#4399 = CARTESIAN_POINT('',(-3.,0.287011664584,-0.500099449094));
#4400 = CARTESIAN_POINT('',(-3.,0.288956699327,-0.500077756878));
#4401 = CARTESIAN_POINT('',(-3.,0.290913589724,-0.500060100477));
#4402 = CARTESIAN_POINT('',(-3.,0.296376423825,-0.50002080213));
#4403 = CARTESIAN_POINT('',(-3.,0.299907623512,-0.500007673661));
#4404 = CARTESIAN_POINT('',(-3.,0.30347410006,-0.499999603439));
#4405 = CARTESIAN_POINT('',(-3.,0.307075524819,-0.499998058229));
#4406 = CARTESIAN_POINT('',(-3.,0.310711248974,-0.500002422649));
#4407 = CARTESIAN_POINT('',(-3.,0.316355695222,-0.499997924455));
#4408 = CARTESIAN_POINT('',(-3.,0.318341643761,-0.499992376924));
#4409 = CARTESIAN_POINT('',(-3.,0.320335448093,-0.499976603658));
#4410 = CARTESIAN_POINT('',(-3.,0.322336041721,-0.499944357544));
#4411 = CARTESIAN_POINT('',(-3.,0.324342351676,-0.499889398106));
#4412 = CARTESIAN_POINT('',(-3.,0.331243137652,-0.499601463328));
#4413 = CARTESIAN_POINT('',(-3.,0.336160205144,-0.499226238043));
#4414 = CARTESIAN_POINT('',(-3.,0.34108931903,-0.498590408146));
#4415 = CARTESIAN_POINT('',(-3.,0.34601412079,-0.497604098534));
#4416 = CARTESIAN_POINT('',(-3.,0.350917217185,-0.496178668212));
#4417 = CARTESIAN_POINT('',(-3.,0.359328200455,-0.492805602514));
#4418 = CARTESIAN_POINT('',(-3.,0.362854738658,-0.491103752951));
#4419 = CARTESIAN_POINT('',(-3.,0.366352634491,-0.489089061892));
#4420 = CARTESIAN_POINT('',(-3.,0.369814320803,-0.486729974451));
#4421 = CARTESIAN_POINT('',(-3.,0.373231965514,-0.483997182264));
#4422 = CARTESIAN_POINT('',(-3.,0.383576023197,-0.474366026751));
#4423 = CARTESIAN_POINT('',(-3.,0.390333211946,-0.466144417563));
#4424 = CARTESIAN_POINT('',(-3.,0.396792097978,-0.455964711916));
#4425 = CARTESIAN_POINT('',(-3.,0.40288171416,-0.443667286573));
#4426 = CARTESIAN_POINT('',(-3.,0.408544929176,-0.429201724538));
#4427 = CARTESIAN_POINT('',(-3.,0.418147256597,-0.398666745822));
#4428 = CARTESIAN_POINT('',(-3.,0.42221919621,-0.38318089622));
#4429 = CARTESIAN_POINT('',(-3.,0.425941162618,-0.366253220257));
#4430 = CARTESIAN_POINT('',(-3.,0.429308475597,-0.347978753424));
#4431 = CARTESIAN_POINT('',(-3.,0.432327647039,-0.328478522268));
#4432 = CARTESIAN_POINT('',(-3.,0.436582710436,-0.29581792826));
#4433 = CARTESIAN_POINT('',(-3.,0.438039171303,-0.283378260075));
#4434 = CARTESIAN_POINT('',(-3.,0.439383523238,-0.270585548291));
#4435 = CARTESIAN_POINT('',(-3.,0.440619052586,-0.2574636928));
#4436 = CARTESIAN_POINT('',(-3.,0.441749477893,-0.24403564904));
#4437 = CARTESIAN_POINT('',(-3.,0.443963544712,-0.214545023357));
#4438 = CARTESIAN_POINT('',(-3.,0.445014332518,-0.198390163649));
#4439 = CARTESIAN_POINT('',(-3.,0.445937580138,-0.181891719196));
#4440 = CARTESIAN_POINT('',(-3.,0.446739492014,-0.165079546146));
#4441 = CARTESIAN_POINT('',(-3.,0.447426210208,-0.147980486478));
#4442 = CARTESIAN_POINT('',(-3.,0.448319040507,-0.121143033345));
#4443 = CARTESIAN_POINT('',(-3.,0.448601752165,-0.11158935825));
#4444 = CARTESIAN_POINT('',(-3.,0.448852917719,-0.101961204571));
#4445 = CARTESIAN_POINT('',(-3.,0.449073476232,-9.226218982588E-02));
#4446 = CARTESIAN_POINT('',(-3.,0.449264337482,-8.249568719046E-02));
#4447 = CARTESIAN_POINT('',(-3.,0.449504317294,-6.793667025E-02));
#4448 = CARTESIAN_POINT('',(-3.,0.449576031218,-6.31666641E-02));
#4449 = CARTESIAN_POINT('',(-3.,0.449641483217,-5.8354575525E-02));
#4450 = CARTESIAN_POINT('',(-3.,0.449700632775,-5.3500173E-02));
#4451 = CARTESIAN_POINT('',(-3.,0.449753439375,-4.8603225E-02));
#4452 = CARTESIAN_POINT('',(-3.,0.449852175906,-3.809701046779E-02));
#4453 = CARTESIAN_POINT('',(-3.,0.44989604437,-3.251263641718E-02));
#4454 = CARTESIAN_POINT('',(-3.,0.449931610781,-2.691020682751E-02));
#4455 = CARTESIAN_POINT('',(-3.,0.449959015668,-2.129002570361E-02));
#4456 = CARTESIAN_POINT('',(-3.,0.449978397194,-1.565287207583E-02));
#4457 = CARTESIAN_POINT('',(-3.,0.449989891164,-1.E-02));
#4458 = ORIENTED_EDGE('',*,*,#4459,.T.);
#4459 = EDGE_CURVE('',#4363,#4460,#4462,.T.);
#4460 = VERTEX_POINT('',#4461);
#4461 = CARTESIAN_POINT('',(-3.6,0.449989891164,-1.E-02));
#4462 = B_SPLINE_CURVE_WITH_KNOTS('',5,(#4463,#4464,#4465,#4466,#4467,
    #4468),.UNSPECIFIED.,.F.,.F.,(6,6),(0.,1.),
  .PIECEWISE_BEZIER_KNOTS.);
#4463 = CARTESIAN_POINT('',(-3.,0.449989891164,-1.E-02));
#4464 = CARTESIAN_POINT('',(-3.034245111582,0.449989891164,-1.E-02));
#4465 = CARTESIAN_POINT('',(-3.1307990893,0.449989891164,-1.E-02));
#4466 = CARTESIAN_POINT('',(-3.321375022525,0.449989891164,-1.E-02));
#4467 = CARTESIAN_POINT('',(-3.536543455585,0.449989891164,-1.E-02));
#4468 = CARTESIAN_POINT('',(-3.6,0.449989891164,-1.E-02));
#4469 = ORIENTED_EDGE('',*,*,#4470,.F.);
#4470 = EDGE_CURVE('',#4471,#4460,#4473,.T.);
#4471 = VERTEX_POINT('',#4472);
#4472 = CARTESIAN_POINT('',(-3.6,0.15,-1.05));
#4473 = B_SPLINE_CURVE_WITH_KNOTS('',6,(#4474,#4475,#4476,#4477,#4478,
    #4479,#4480,#4481,#4482,#4483,#4484,#4485,#4486,#4487,#4488,#4489,
    #4490,#4491,#4492,#4493,#4494,#4495,#4496,#4497,#4498,#4499,#4500,
    #4501,#4502,#4503,#4504,#4505,#4506,#4507,#4508,#4509,#4510,#4511,
    #4512,#4513,#4514,#4515,#4516,#4517,#4518,#4519,#4520,#4521,#4522,
    #4523,#4524,#4525,#4526,#4527,#4528,#4529,#4530,#4531,#4532,#4533,
    #4534,#4535,#4536,#4537,#4538,#4539,#4540,#4541,#4542,#4543,#4544,
    #4545,#4546,#4547,#4548,#4549,#4550,#4551,#4552,#4553,#4554,#4555,
    #4556,#4557,#4558,#4559,#4560,#4561,#4562,#4563,#4564,#4565),
  .UNSPECIFIED.,.F.,.F.,(7,5,5,5,5,5,5,5,5,5,5,5,5,5,5,5,5,5,7),(0.,
    7.380718256247E-02,0.172006813663,0.282922443914,0.342835559266,
    0.369042420631,0.595325666367,0.615338988999,0.650863428063,
    0.670013975975,0.716580646461,0.750553362484,0.820997552553,
    0.880601156414,0.915502465752,0.955662770906,0.977580161439,
    0.988121335589,1.),.UNSPECIFIED.);
#4474 = CARTESIAN_POINT('',(-3.6,0.15,-1.05));
#4475 = CARTESIAN_POINT('',(-3.6,0.15,-1.018355907042));
#4476 = CARTESIAN_POINT('',(-3.6,0.150000000362,-0.987379401519));
#4477 = CARTESIAN_POINT('',(-3.6,0.15000495167,-0.957146379394));
#4478 = CARTESIAN_POINT('',(-3.6,0.150021301722,-0.927748503443));
#4479 = CARTESIAN_POINT('',(-3.6,0.150057583859,-0.899287993107));
#4480 = CARTESIAN_POINT('',(-3.6,0.150214708715,-0.835396293341));
#4481 = CARTESIAN_POINT('',(-3.6,0.15035971617,-0.800762218269));
#4482 = CARTESIAN_POINT('',(-3.6,0.150585655189,-0.768238690229));
#4483 = CARTESIAN_POINT('',(-3.6,0.150928320422,-0.738102233187));
#4484 = CARTESIAN_POINT('',(-3.6,0.151431391852,-0.710574806129));
#4485 = CARTESIAN_POINT('',(-3.6,0.152949210578,-0.657734479833));
#4486 = CARTESIAN_POINT('',(-3.6,0.154022053006,-0.633152025818));
#4487 = CARTESIAN_POINT('',(-3.6,0.155432188053,-0.612189794744));
#4488 = CARTESIAN_POINT('',(-3.6,0.15725601938,-0.594708196745));
#4489 = CARTESIAN_POINT('',(-3.6,0.15956535455,-0.580284137375));
#4490 = CARTESIAN_POINT('',(-3.6,0.163961723043,-0.561910313477));
#4491 = CARTESIAN_POINT('',(-3.6,0.165663076603,-0.556192390942));
#4492 = CARTESIAN_POINT('',(-3.6,0.167533970676,-0.551110238382));
#4493 = CARTESIAN_POINT('',(-3.6,0.169583911359,-0.546562484293));
#4494 = CARTESIAN_POINT('',(-3.6,0.171822061646,-0.54244123412));
#4495 = CARTESIAN_POINT('',(-3.6,0.175322759951,-0.536972308286));
#4496 = CARTESIAN_POINT('',(-3.6,0.176425859418,-0.535368106426));
#4497 = CARTESIAN_POINT('',(-3.6,0.177567444359,-0.533815210771));
#4498 = CARTESIAN_POINT('',(-3.6,0.178745938091,-0.532320603351));
#4499 = CARTESIAN_POINT('',(-3.6,0.179961688049,-0.530877689198));
#4500 = CARTESIAN_POINT('',(-3.6,0.192026787329,-0.517482870406));
#4501 = CARTESIAN_POINT('',(-3.6,0.205565248103,-0.50937644344));
#4502 = CARTESIAN_POINT('',(-3.6,0.221553201876,-0.504409438395));
#4503 = CARTESIAN_POINT('',(-3.6,0.239685742817,-0.501756190284));
#4504 = CARTESIAN_POINT('',(-3.6,0.259672571391,-0.50061313135));
#4505 = CARTESIAN_POINT('',(-3.6,0.283157907114,-0.500157109408));
#4506 = CARTESIAN_POINT('',(-3.6,0.285078671554,-0.500125718968));
#4507 = CARTESIAN_POINT('',(-3.6,0.287011664584,-0.500099449094));
#4508 = CARTESIAN_POINT('',(-3.6,0.288956699327,-0.500077756878));
#4509 = CARTESIAN_POINT('',(-3.6,0.290913589724,-0.500060100477));
#4510 = CARTESIAN_POINT('',(-3.6,0.296376423825,-0.50002080213));
#4511 = CARTESIAN_POINT('',(-3.6,0.299907623512,-0.500007673661));
#4512 = CARTESIAN_POINT('',(-3.6,0.30347410006,-0.499999603439));
#4513 = CARTESIAN_POINT('',(-3.6,0.307075524819,-0.499998058229));
#4514 = CARTESIAN_POINT('',(-3.6,0.310711248974,-0.500002422649));
#4515 = CARTESIAN_POINT('',(-3.6,0.316355695222,-0.499997924455));
#4516 = CARTESIAN_POINT('',(-3.6,0.318341643761,-0.499992376924));
#4517 = CARTESIAN_POINT('',(-3.6,0.320335448093,-0.499976603658));
#4518 = CARTESIAN_POINT('',(-3.6,0.322336041721,-0.499944357544));
#4519 = CARTESIAN_POINT('',(-3.6,0.324342351676,-0.499889398106));
#4520 = CARTESIAN_POINT('',(-3.6,0.331243137652,-0.499601463328));
#4521 = CARTESIAN_POINT('',(-3.6,0.336160205144,-0.499226238043));
#4522 = CARTESIAN_POINT('',(-3.6,0.34108931903,-0.498590408146));
#4523 = CARTESIAN_POINT('',(-3.6,0.34601412079,-0.497604098534));
#4524 = CARTESIAN_POINT('',(-3.6,0.350917217185,-0.496178668212));
#4525 = CARTESIAN_POINT('',(-3.6,0.359328200455,-0.492805602514));
#4526 = CARTESIAN_POINT('',(-3.6,0.362854738658,-0.491103752951));
#4527 = CARTESIAN_POINT('',(-3.6,0.366352634491,-0.489089061892));
#4528 = CARTESIAN_POINT('',(-3.6,0.369814320803,-0.486729974451));
#4529 = CARTESIAN_POINT('',(-3.6,0.373231965514,-0.483997182264));
#4530 = CARTESIAN_POINT('',(-3.6,0.383576023197,-0.474366026751));
#4531 = CARTESIAN_POINT('',(-3.6,0.390333211946,-0.466144417563));
#4532 = CARTESIAN_POINT('',(-3.6,0.396792097978,-0.455964711916));
#4533 = CARTESIAN_POINT('',(-3.6,0.40288171416,-0.443667286573));
#4534 = CARTESIAN_POINT('',(-3.6,0.408544929176,-0.429201724538));
#4535 = CARTESIAN_POINT('',(-3.6,0.418147256597,-0.398666745822));
#4536 = CARTESIAN_POINT('',(-3.6,0.42221919621,-0.38318089622));
#4537 = CARTESIAN_POINT('',(-3.6,0.425941162618,-0.366253220257));
#4538 = CARTESIAN_POINT('',(-3.6,0.429308475597,-0.347978753424));
#4539 = CARTESIAN_POINT('',(-3.6,0.432327647039,-0.328478522268));
#4540 = CARTESIAN_POINT('',(-3.6,0.436582710436,-0.29581792826));
#4541 = CARTESIAN_POINT('',(-3.6,0.438039171303,-0.283378260075));
#4542 = CARTESIAN_POINT('',(-3.6,0.439383523238,-0.270585548291));
#4543 = CARTESIAN_POINT('',(-3.6,0.440619052586,-0.2574636928));
#4544 = CARTESIAN_POINT('',(-3.6,0.441749477893,-0.24403564904));
#4545 = CARTESIAN_POINT('',(-3.6,0.443963544712,-0.214545023357));
#4546 = CARTESIAN_POINT('',(-3.6,0.445014332518,-0.198390163649));
#4547 = CARTESIAN_POINT('',(-3.6,0.445937580138,-0.181891719196));
#4548 = CARTESIAN_POINT('',(-3.6,0.446739492014,-0.165079546146));
#4549 = CARTESIAN_POINT('',(-3.6,0.447426210208,-0.147980486478));
#4550 = CARTESIAN_POINT('',(-3.6,0.448319040507,-0.121143033345));
#4551 = CARTESIAN_POINT('',(-3.6,0.448601752165,-0.11158935825));
#4552 = CARTESIAN_POINT('',(-3.6,0.448852917719,-0.101961204571));
#4553 = CARTESIAN_POINT('',(-3.6,0.449073476232,-9.226218982588E-02));
#4554 = CARTESIAN_POINT('',(-3.6,0.449264337482,-8.249568719046E-02));
#4555 = CARTESIAN_POINT('',(-3.6,0.449504317294,-6.793667025E-02));
#4556 = CARTESIAN_POINT('',(-3.6,0.449576031218,-6.31666641E-02));
#4557 = CARTESIAN_POINT('',(-3.6,0.449641483217,-5.8354575525E-02));
#4558 = CARTESIAN_POINT('',(-3.6,0.449700632775,-5.3500173E-02));
#4559 = CARTESIAN_POINT('',(-3.6,0.449753439375,-4.8603225E-02));
#4560 = CARTESIAN_POINT('',(-3.6,0.449852175906,-3.809701046779E-02));
#4561 = CARTESIAN_POINT('',(-3.6,0.44989604437,-3.251263641718E-02));
#4562 = CARTESIAN_POINT('',(-3.6,0.449931610781,-2.691020682751E-02));
#4563 = CARTESIAN_POINT('',(-3.6,0.449959015668,-2.129002570361E-02));
#4564 = CARTESIAN_POINT('',(-3.6,0.449978397194,-1.565287207583E-02));
#4565 = CARTESIAN_POINT('',(-3.6,0.449989891164,-1.E-02));
#4566 = ORIENTED_EDGE('',*,*,#4567,.F.);
#4567 = EDGE_CURVE('',#4568,#4471,#4570,.T.);
#4568 = VERTEX_POINT('',#4569);
#4569 = CARTESIAN_POINT('',(-4.1,0.15,-1.05));
#4570 = LINE('',#4571,#4572);
#4571 = CARTESIAN_POINT('',(-5.,0.15,-1.05));
#4572 = VECTOR('',#4573,1.);
#4573 = DIRECTION('',(1.,0.,0.));
#4574 = ORIENTED_EDGE('',*,*,#4575,.T.);
#4575 = EDGE_CURVE('',#4568,#4576,#4578,.T.);
#4576 = VERTEX_POINT('',#4577);
#4577 = CARTESIAN_POINT('',(-4.1,0.449989891164,-1.E-02));
#4578 = B_SPLINE_CURVE_WITH_KNOTS('',6,(#4579,#4580,#4581,#4582,#4583,
    #4584,#4585,#4586,#4587,#4588,#4589,#4590,#4591,#4592,#4593,#4594,
    #4595,#4596,#4597,#4598,#4599,#4600,#4601,#4602,#4603,#4604,#4605,
    #4606,#4607,#4608,#4609,#4610,#4611,#4612,#4613,#4614,#4615,#4616,
    #4617,#4618,#4619,#4620,#4621,#4622,#4623,#4624,#4625,#4626,#4627,
    #4628,#4629,#4630,#4631,#4632,#4633,#4634,#4635,#4636,#4637,#4638,
    #4639,#4640,#4641,#4642,#4643,#4644,#4645,#4646,#4647,#4648,#4649,
    #4650,#4651,#4652,#4653,#4654,#4655,#4656,#4657,#4658,#4659,#4660,
    #4661,#4662,#4663,#4664,#4665,#4666,#4667,#4668,#4669,#4670),
  .UNSPECIFIED.,.F.,.F.,(7,5,5,5,5,5,5,5,5,5,5,5,5,5,5,5,5,5,7),(0.,
    7.38071825625E-02,0.172006813663,0.282922443914,0.342835559267,
    0.369042420631,0.595325666367,0.615338989,0.650863428064,
    0.670013975976,0.716580646461,0.750553362484,0.820997552553,
    0.880601156414,0.915502465752,0.955662770906,0.977580161439,
    0.988121335589,1.),.UNSPECIFIED.);
#4579 = CARTESIAN_POINT('',(-4.1,0.15,-1.05));
#4580 = CARTESIAN_POINT('',(-4.1,0.15,-1.018355907042));
#4581 = CARTESIAN_POINT('',(-4.1,0.150000000362,-0.987379401519));
#4582 = CARTESIAN_POINT('',(-4.1,0.15000495167,-0.957146379394));
#4583 = CARTESIAN_POINT('',(-4.1,0.150021301722,-0.927748503443));
#4584 = CARTESIAN_POINT('',(-4.1,0.150057583859,-0.899287993107));
#4585 = CARTESIAN_POINT('',(-4.1,0.150214708715,-0.835396293341));
#4586 = CARTESIAN_POINT('',(-4.1,0.15035971617,-0.800762218269));
#4587 = CARTESIAN_POINT('',(-4.1,0.150585655189,-0.768238690229));
#4588 = CARTESIAN_POINT('',(-4.1,0.150928320422,-0.738102233187));
#4589 = CARTESIAN_POINT('',(-4.1,0.151431391852,-0.710574806129));
#4590 = CARTESIAN_POINT('',(-4.1,0.152949210578,-0.657734479833));
#4591 = CARTESIAN_POINT('',(-4.1,0.154022053006,-0.633152025818));
#4592 = CARTESIAN_POINT('',(-4.1,0.155432188053,-0.612189794744));
#4593 = CARTESIAN_POINT('',(-4.1,0.15725601938,-0.594708196745));
#4594 = CARTESIAN_POINT('',(-4.1,0.15956535455,-0.580284137375));
#4595 = CARTESIAN_POINT('',(-4.1,0.163961723043,-0.561910313477));
#4596 = CARTESIAN_POINT('',(-4.1,0.165663076603,-0.556192390942));
#4597 = CARTESIAN_POINT('',(-4.1,0.167533970676,-0.551110238382));
#4598 = CARTESIAN_POINT('',(-4.1,0.169583911359,-0.546562484293));
#4599 = CARTESIAN_POINT('',(-4.1,0.171822061646,-0.54244123412));
#4600 = CARTESIAN_POINT('',(-4.1,0.175322759951,-0.536972308286));
#4601 = CARTESIAN_POINT('',(-4.1,0.176425859418,-0.535368106426));
#4602 = CARTESIAN_POINT('',(-4.1,0.177567444359,-0.533815210771));
#4603 = CARTESIAN_POINT('',(-4.1,0.178745938091,-0.532320603351));
#4604 = CARTESIAN_POINT('',(-4.1,0.179961688049,-0.530877689198));
#4605 = CARTESIAN_POINT('',(-4.1,0.192026787329,-0.517482870406));
#4606 = CARTESIAN_POINT('',(-4.1,0.205565248103,-0.50937644344));
#4607 = CARTESIAN_POINT('',(-4.1,0.221553201876,-0.504409438395));
#4608 = CARTESIAN_POINT('',(-4.1,0.239685742817,-0.501756190284));
#4609 = CARTESIAN_POINT('',(-4.1,0.259672571391,-0.50061313135));
#4610 = CARTESIAN_POINT('',(-4.1,0.283157907114,-0.500157109408));
#4611 = CARTESIAN_POINT('',(-4.1,0.285078671554,-0.500125718968));
#4612 = CARTESIAN_POINT('',(-4.1,0.287011664584,-0.500099449094));
#4613 = CARTESIAN_POINT('',(-4.1,0.288956699327,-0.500077756878));
#4614 = CARTESIAN_POINT('',(-4.1,0.290913589724,-0.500060100477));
#4615 = CARTESIAN_POINT('',(-4.1,0.296376423825,-0.50002080213));
#4616 = CARTESIAN_POINT('',(-4.1,0.299907623512,-0.500007673661));
#4617 = CARTESIAN_POINT('',(-4.1,0.30347410006,-0.499999603439));
#4618 = CARTESIAN_POINT('',(-4.1,0.307075524819,-0.499998058229));
#4619 = CARTESIAN_POINT('',(-4.1,0.310711248974,-0.500002422649));
#4620 = CARTESIAN_POINT('',(-4.1,0.316355695222,-0.499997924455));
#4621 = CARTESIAN_POINT('',(-4.1,0.318341643761,-0.499992376924));
#4622 = CARTESIAN_POINT('',(-4.1,0.320335448093,-0.499976603658));
#4623 = CARTESIAN_POINT('',(-4.1,0.322336041721,-0.499944357544));
#4624 = CARTESIAN_POINT('',(-4.1,0.324342351676,-0.499889398106));
#4625 = CARTESIAN_POINT('',(-4.1,0.331243137652,-0.499601463328));
#4626 = CARTESIAN_POINT('',(-4.1,0.336160205144,-0.499226238043));
#4627 = CARTESIAN_POINT('',(-4.1,0.34108931903,-0.498590408146));
#4628 = CARTESIAN_POINT('',(-4.1,0.34601412079,-0.497604098534));
#4629 = CARTESIAN_POINT('',(-4.1,0.350917217185,-0.496178668212));
#4630 = CARTESIAN_POINT('',(-4.1,0.359328200455,-0.492805602514));
#4631 = CARTESIAN_POINT('',(-4.1,0.362854738658,-0.491103752951));
#4632 = CARTESIAN_POINT('',(-4.1,0.366352634491,-0.489089061892));
#4633 = CARTESIAN_POINT('',(-4.1,0.369814320803,-0.486729974451));
#4634 = CARTESIAN_POINT('',(-4.1,0.373231965514,-0.483997182264));
#4635 = CARTESIAN_POINT('',(-4.1,0.383576023197,-0.474366026751));
#4636 = CARTESIAN_POINT('',(-4.1,0.390333211946,-0.466144417563));
#4637 = CARTESIAN_POINT('',(-4.1,0.396792097978,-0.455964711916));
#4638 = CARTESIAN_POINT('',(-4.1,0.40288171416,-0.443667286573));
#4639 = CARTESIAN_POINT('',(-4.1,0.408544929176,-0.429201724538));
#4640 = CARTESIAN_POINT('',(-4.1,0.418147256597,-0.398666745822));
#4641 = CARTESIAN_POINT('',(-4.1,0.42221919621,-0.38318089622));
#4642 = CARTESIAN_POINT('',(-4.1,0.425941162618,-0.366253220257));
#4643 = CARTESIAN_POINT('',(-4.1,0.429308475597,-0.347978753424));
#4644 = CARTESIAN_POINT('',(-4.1,0.432327647039,-0.328478522268));
#4645 = CARTESIAN_POINT('',(-4.1,0.436582710436,-0.29581792826));
#4646 = CARTESIAN_POINT('',(-4.1,0.438039171303,-0.283378260075));
#4647 = CARTESIAN_POINT('',(-4.1,0.439383523238,-0.270585548291));
#4648 = CARTESIAN_POINT('',(-4.1,0.440619052586,-0.2574636928));
#4649 = CARTESIAN_POINT('',(-4.1,0.441749477893,-0.24403564904));
#4650 = CARTESIAN_POINT('',(-4.1,0.443963544712,-0.214545023357));
#4651 = CARTESIAN_POINT('',(-4.1,0.445014332518,-0.198390163649));
#4652 = CARTESIAN_POINT('',(-4.1,0.445937580138,-0.181891719196));
#4653 = CARTESIAN_POINT('',(-4.1,0.446739492014,-0.165079546146));
#4654 = CARTESIAN_POINT('',(-4.1,0.447426210208,-0.147980486478));
#4655 = CARTESIAN_POINT('',(-4.1,0.448319040507,-0.121143033345));
#4656 = CARTESIAN_POINT('',(-4.1,0.448601752165,-0.11158935825));
#4657 = CARTESIAN_POINT('',(-4.1,0.448852917719,-0.101961204571));
#4658 = CARTESIAN_POINT('',(-4.1,0.449073476232,-9.226218982588E-02));
#4659 = CARTESIAN_POINT('',(-4.1,0.449264337482,-8.249568719046E-02));
#4660 = CARTESIAN_POINT('',(-4.1,0.449504317294,-6.793667025E-02));
#4661 = CARTESIAN_POINT('',(-4.1,0.449576031218,-6.31666641E-02));
#4662 = CARTESIAN_POINT('',(-4.1,0.449641483217,-5.8354575525E-02));
#4663 = CARTESIAN_POINT('',(-4.1,0.449700632775,-5.3500173E-02));
#4664 = CARTESIAN_POINT('',(-4.1,0.449753439375,-4.8603225E-02));
#4665 = CARTESIAN_POINT('',(-4.1,0.449852175906,-3.809701046779E-02));
#4666 = CARTESIAN_POINT('',(-4.1,0.44989604437,-3.251263641718E-02));
#4667 = CARTESIAN_POINT('',(-4.1,0.449931610781,-2.691020682751E-02));
#4668 = CARTESIAN_POINT('',(-4.1,0.449959015668,-2.129002570361E-02));
#4669 = CARTESIAN_POINT('',(-4.1,0.449978397194,-1.565287207583E-02));
#4670 = CARTESIAN_POINT('',(-4.1,0.449989891164,-1.E-02));
#4671 = ORIENTED_EDGE('',*,*,#4672,.T.);
#4672 = EDGE_CURVE('',#4576,#2750,#4673,.T.);
#4673 = B_SPLINE_CURVE_WITH_KNOTS('',5,(#4674,#4675,#4676,#4677,#4678,
    #4679),.UNSPECIFIED.,.F.,.F.,(6,6),(0.,1.),
  .PIECEWISE_BEZIER_KNOTS.);
#4674 = CARTESIAN_POINT('',(-4.1,0.449989891164,-1.E-02));
#4675 = CARTESIAN_POINT('',(-4.19819920475,0.449989891164,-1.E-02));
#4676 = CARTESIAN_POINT('',(-4.337331690728,0.449989891164,-1.E-02));
#4677 = CARTESIAN_POINT('',(-4.556947911525,0.449989891164,-1.E-02));
#4678 = CARTESIAN_POINT('',(-4.82397681791,0.449989891164,-1.E-02));
#4679 = CARTESIAN_POINT('',(-5.0000239032,0.449989891164,-1.E-02));
#4680 = SURFACE_OF_LINEAR_EXTRUSION('',#4681,#4688);
#4681 = B_SPLINE_CURVE_WITH_KNOTS('',3,(#4682,#4683,#4684,#4685,#4686,
    #4687),.UNSPECIFIED.,.F.,.F.,(4,1,1,4),(0.,1.,2.,3.),
  .QUASI_UNIFORM_KNOTS.);
#4682 = CARTESIAN_POINT('',(-5.,0.45,0.));
#4683 = CARTESIAN_POINT('',(-5.,0.45,-0.5));
#4684 = CARTESIAN_POINT('',(-5.,0.3,-0.5));
#4685 = CARTESIAN_POINT('',(-5.,0.15,-0.5));
#4686 = CARTESIAN_POINT('',(-5.,0.15,-0.65));
#4687 = CARTESIAN_POINT('',(-5.,0.15,-1.05));
#4688 = VECTOR('',#4689,1.);
#4689 = DIRECTION('',(-1.,-0.,-0.));
#4690 = ADVANCED_FACE('',(#4691),#4702,.F.);
#4691 = FACE_BOUND('',#4692,.F.);
#4692 = EDGE_LOOP('',(#4693,#4694,#4695,#4701));
#4693 = ORIENTED_EDGE('',*,*,#520,.F.);
#4694 = ORIENTED_EDGE('',*,*,#534,.T.);
#4695 = ORIENTED_EDGE('',*,*,#4696,.F.);
#4696 = EDGE_CURVE('',#2750,#535,#4697,.T.);
#4697 = LINE('',#4698,#4699);
#4698 = CARTESIAN_POINT('',(-5.,0.101556121306,-1.E-02));
#4699 = VECTOR('',#4700,1.);
#4700 = DIRECTION('',(0.,-1.,2.2E-16));
#4701 = ORIENTED_EDGE('',*,*,#2749,.F.);
#4702 = PLANE('',#4703);
#4703 = AXIS2_PLACEMENT_3D('',#4704,#4705,#4706);
#4704 = CARTESIAN_POINT('',(-5.,0.203112242613,-0.515520408748));
#4705 = DIRECTION('',(1.,0.,0.));
#4706 = DIRECTION('',(0.,0.,1.));
#4707 = ADVANCED_FACE('',(#4708),#4719,.T.);
#4708 = FACE_BOUND('',#4709,.T.);
#4709 = EDGE_LOOP('',(#4710,#4711,#4712,#4718));
#4710 = ORIENTED_EDGE('',*,*,#504,.F.);
#4711 = ORIENTED_EDGE('',*,*,#546,.T.);
#4712 = ORIENTED_EDGE('',*,*,#4713,.F.);
#4713 = EDGE_CURVE('',#2762,#547,#4714,.T.);
#4714 = LINE('',#4715,#4716);
#4715 = CARTESIAN_POINT('',(5.,0.101556121306,-1.E-02));
#4716 = VECTOR('',#4717,1.);
#4717 = DIRECTION('',(0.,-1.,2.2E-16));
#4718 = ORIENTED_EDGE('',*,*,#2761,.F.);
#4719 = PLANE('',#4720);
#4720 = AXIS2_PLACEMENT_3D('',#4721,#4722,#4723);
#4721 = CARTESIAN_POINT('',(5.,0.203112242613,-0.515520408748));
#4722 = DIRECTION('',(1.,0.,0.));
#4723 = DIRECTION('',(0.,0.,1.));
#4724 = ADVANCED_FACE('',(#4725),#4736,.F.);
#4725 = FACE_BOUND('',#4726,.F.);
#4726 = EDGE_LOOP('',(#4727,#4728,#4734,#4735));
#4727 = ORIENTED_EDGE('',*,*,#2727,.F.);
#4728 = ORIENTED_EDGE('',*,*,#4729,.T.);
#4729 = EDGE_CURVE('',#2616,#4576,#4730,.T.);
#4730 = LINE('',#4731,#4732);
#4731 = CARTESIAN_POINT('',(-4.1,-0.,-1.E-02));
#4732 = VECTOR('',#4733,1.);
#4733 = DIRECTION('',(0.,1.,-2.2E-16));
#4734 = ORIENTED_EDGE('',*,*,#4672,.T.);
#4735 = ORIENTED_EDGE('',*,*,#4696,.T.);
#4736 = PLANE('',#4737);
#4737 = AXIS2_PLACEMENT_3D('',#4738,#4739,#4740);
#4738 = CARTESIAN_POINT('',(-4.1,-0.,-1.E-02));
#4739 = DIRECTION('',(0.,2.2E-16,1.));
#4740 = DIRECTION('',(-1.,0.,0.));
#4741 = ADVANCED_FACE('',(#4742),#4753,.F.);
#4742 = FACE_BOUND('',#4743,.F.);
#4743 = EDGE_LOOP('',(#4744,#4745,#4751,#4752));
#4744 = ORIENTED_EDGE('',*,*,#2615,.F.);
#4745 = ORIENTED_EDGE('',*,*,#4746,.T.);
#4746 = EDGE_CURVE('',#2608,#4568,#4747,.T.);
#4747 = LINE('',#4748,#4749);
#4748 = CARTESIAN_POINT('',(-4.1,-3.3E-16,-1.05));
#4749 = VECTOR('',#4750,1.);
#4750 = DIRECTION('',(0.,1.,0.));
#4751 = ORIENTED_EDGE('',*,*,#4575,.T.);
#4752 = ORIENTED_EDGE('',*,*,#4729,.F.);
#4753 = PLANE('',#4754);
#4754 = AXIS2_PLACEMENT_3D('',#4755,#4756,#4757);
#4755 = CARTESIAN_POINT('',(-4.1,-6.7E-16,-3.01));
#4756 = DIRECTION('',(1.,0.,0.));
#4757 = DIRECTION('',(-0.,2.2E-16,1.));
#4758 = ADVANCED_FACE('',(#4759),#4770,.F.);
#4759 = FACE_BOUND('',#4760,.F.);
#4760 = EDGE_LOOP('',(#4761,#4762,#4763,#4769));
#4761 = ORIENTED_EDGE('',*,*,#4746,.F.);
#4762 = ORIENTED_EDGE('',*,*,#2607,.T.);
#4763 = ORIENTED_EDGE('',*,*,#4764,.F.);
#4764 = EDGE_CURVE('',#4471,#2496,#4765,.T.);
#4765 = LINE('',#4766,#4767);
#4766 = CARTESIAN_POINT('',(-3.6,-0.,-1.05));
#4767 = VECTOR('',#4768,1.);
#4768 = DIRECTION('',(0.,-1.,0.));
#4769 = ORIENTED_EDGE('',*,*,#4567,.F.);
#4770 = PLANE('',#4771);
#4771 = AXIS2_PLACEMENT_3D('',#4772,#4773,#4774);
#4772 = CARTESIAN_POINT('',(-5.,0.,-1.05));
#4773 = DIRECTION('',(0.,0.,1.));
#4774 = DIRECTION('',(0.,1.,0.));
#4775 = ADVANCED_FACE('',(#4776),#4787,.F.);
#4776 = FACE_BOUND('',#4777,.F.);
#4777 = EDGE_LOOP('',(#4778,#4779,#4785,#4786));
#4778 = ORIENTED_EDGE('',*,*,#2495,.T.);
#4779 = ORIENTED_EDGE('',*,*,#4780,.T.);
#4780 = EDGE_CURVE('',#2485,#4460,#4781,.T.);
#4781 = LINE('',#4782,#4783);
#4782 = CARTESIAN_POINT('',(-3.6,-0.,-1.E-02));
#4783 = VECTOR('',#4784,1.);
#4784 = DIRECTION('',(0.,1.,-2.2E-16));
#4785 = ORIENTED_EDGE('',*,*,#4470,.F.);
#4786 = ORIENTED_EDGE('',*,*,#4764,.T.);
#4787 = PLANE('',#4788);
#4788 = AXIS2_PLACEMENT_3D('',#4789,#4790,#4791);
#4789 = CARTESIAN_POINT('',(-3.6,-0.,-1.E-02));
#4790 = DIRECTION('',(-1.,0.,0.));
#4791 = DIRECTION('',(-0.,-2.2E-16,-1.));
#4792 = ADVANCED_FACE('',(#4793),#4804,.F.);
#4793 = FACE_BOUND('',#4794,.F.);
#4794 = EDGE_LOOP('',(#4795,#4796,#4802,#4803));
#4795 = ORIENTED_EDGE('',*,*,#2484,.F.);
#4796 = ORIENTED_EDGE('',*,*,#4797,.T.);
#4797 = EDGE_CURVE('',#2373,#4363,#4798,.T.);
#4798 = LINE('',#4799,#4800);
#4799 = CARTESIAN_POINT('',(-3.,-0.,-1.E-02));
#4800 = VECTOR('',#4801,1.);
#4801 = DIRECTION('',(0.,1.,-2.2E-16));
#4802 = ORIENTED_EDGE('',*,*,#4459,.T.);
#4803 = ORIENTED_EDGE('',*,*,#4780,.F.);
#4804 = PLANE('',#4805);
#4805 = AXIS2_PLACEMENT_3D('',#4806,#4807,#4808);
#4806 = CARTESIAN_POINT('',(-3.,-0.,-1.E-02));
#4807 = DIRECTION('',(0.,2.2E-16,1.));
#4808 = DIRECTION('',(-1.,0.,0.));
#4809 = ADVANCED_FACE('',(#4810),#4821,.F.);
#4810 = FACE_BOUND('',#4811,.F.);
#4811 = EDGE_LOOP('',(#4812,#4813,#4819,#4820));
#4812 = ORIENTED_EDGE('',*,*,#2372,.F.);
#4813 = ORIENTED_EDGE('',*,*,#4814,.T.);
#4814 = EDGE_CURVE('',#2365,#4355,#4815,.T.);
#4815 = LINE('',#4816,#4817);
#4816 = CARTESIAN_POINT('',(-3.,-3.3E-16,-1.05));
#4817 = VECTOR('',#4818,1.);
#4818 = DIRECTION('',(0.,1.,0.));
#4819 = ORIENTED_EDGE('',*,*,#4362,.T.);
#4820 = ORIENTED_EDGE('',*,*,#4797,.F.);
#4821 = PLANE('',#4822);
#4822 = AXIS2_PLACEMENT_3D('',#4823,#4824,#4825);
#4823 = CARTESIAN_POINT('',(-3.,-6.7E-16,-3.01));
#4824 = DIRECTION('',(1.,0.,0.));
#4825 = DIRECTION('',(-0.,2.2E-16,1.));
#4826 = ADVANCED_FACE('',(#4827),#4838,.F.);
#4827 = FACE_BOUND('',#4828,.F.);
#4828 = EDGE_LOOP('',(#4829,#4830,#4831,#4837));
#4829 = ORIENTED_EDGE('',*,*,#4814,.F.);
#4830 = ORIENTED_EDGE('',*,*,#2364,.T.);
#4831 = ORIENTED_EDGE('',*,*,#4832,.F.);
#4832 = EDGE_CURVE('',#4258,#2253,#4833,.T.);
#4833 = LINE('',#4834,#4835);
#4834 = CARTESIAN_POINT('',(-2.5,-0.,-1.05));
#4835 = VECTOR('',#4836,1.);
#4836 = DIRECTION('',(0.,-1.,0.));
#4837 = ORIENTED_EDGE('',*,*,#4354,.F.);
#4838 = PLANE('',#4839);
#4839 = AXIS2_PLACEMENT_3D('',#4840,#4841,#4842);
#4840 = CARTESIAN_POINT('',(-5.,0.,-1.05));
#4841 = DIRECTION('',(0.,0.,1.));
#4842 = DIRECTION('',(0.,1.,0.));
#4843 = ADVANCED_FACE('',(#4844),#4855,.F.);
#4844 = FACE_BOUND('',#4845,.F.);
#4845 = EDGE_LOOP('',(#4846,#4847,#4853,#4854));
#4846 = ORIENTED_EDGE('',*,*,#2252,.T.);
#4847 = ORIENTED_EDGE('',*,*,#4848,.T.);
#4848 = EDGE_CURVE('',#2243,#4248,#4849,.T.);
#4849 = LINE('',#4850,#4851);
#4850 = CARTESIAN_POINT('',(-2.5,-0.,-1.E-02));
#4851 = VECTOR('',#4852,1.);
#4852 = DIRECTION('',(0.,1.,-2.2E-16));
#4853 = ORIENTED_EDGE('',*,*,#4257,.F.);
#4854 = ORIENTED_EDGE('',*,*,#4832,.T.);
#4855 = PLANE('',#4856);
#4856 = AXIS2_PLACEMENT_3D('',#4857,#4858,#4859);
#4857 = CARTESIAN_POINT('',(-2.5,-0.,-1.E-02));
#4858 = DIRECTION('',(-1.,0.,0.));
#4859 = DIRECTION('',(-0.,-2.2E-16,-1.));
#4860 = ADVANCED_FACE('',(#4861),#4872,.F.);
#4861 = FACE_BOUND('',#4862,.F.);
#4862 = EDGE_LOOP('',(#4863,#4864,#4870,#4871));
#4863 = ORIENTED_EDGE('',*,*,#2242,.F.);
#4864 = ORIENTED_EDGE('',*,*,#4865,.T.);
#4865 = EDGE_CURVE('',#2131,#4151,#4866,.T.);
#4866 = LINE('',#4867,#4868);
#4867 = CARTESIAN_POINT('',(-1.9,-0.,-1.E-02));
#4868 = VECTOR('',#4869,1.);
#4869 = DIRECTION('',(0.,1.,-2.2E-16));
#4870 = ORIENTED_EDGE('',*,*,#4247,.T.);
#4871 = ORIENTED_EDGE('',*,*,#4848,.F.);
#4872 = PLANE('',#4873);
#4873 = AXIS2_PLACEMENT_3D('',#4874,#4875,#4876);
#4874 = CARTESIAN_POINT('',(-1.9,-0.,-1.E-02));
#4875 = DIRECTION('',(0.,2.2E-16,1.));
#4876 = DIRECTION('',(-1.,0.,0.));
#4877 = ADVANCED_FACE('',(#4878),#4889,.F.);
#4878 = FACE_BOUND('',#4879,.F.);
#4879 = EDGE_LOOP('',(#4880,#4881,#4887,#4888));
#4880 = ORIENTED_EDGE('',*,*,#2130,.F.);
#4881 = ORIENTED_EDGE('',*,*,#4882,.T.);
#4882 = EDGE_CURVE('',#2123,#4143,#4883,.T.);
#4883 = LINE('',#4884,#4885);
#4884 = CARTESIAN_POINT('',(-1.9,-3.3E-16,-1.05));
#4885 = VECTOR('',#4886,1.);
#4886 = DIRECTION('',(0.,1.,0.));
#4887 = ORIENTED_EDGE('',*,*,#4150,.T.);
#4888 = ORIENTED_EDGE('',*,*,#4865,.F.);
#4889 = PLANE('',#4890);
#4890 = AXIS2_PLACEMENT_3D('',#4891,#4892,#4893);
#4891 = CARTESIAN_POINT('',(-1.9,-6.7E-16,-3.01));
#4892 = DIRECTION('',(1.,0.,0.));
#4893 = DIRECTION('',(-0.,2.2E-16,1.));
#4894 = ADVANCED_FACE('',(#4895),#4906,.F.);
#4895 = FACE_BOUND('',#4896,.F.);
#4896 = EDGE_LOOP('',(#4897,#4898,#4899,#4905));
#4897 = ORIENTED_EDGE('',*,*,#4882,.F.);
#4898 = ORIENTED_EDGE('',*,*,#2122,.T.);
#4899 = ORIENTED_EDGE('',*,*,#4900,.F.);
#4900 = EDGE_CURVE('',#4046,#2011,#4901,.T.);
#4901 = LINE('',#4902,#4903);
#4902 = CARTESIAN_POINT('',(-1.4,-0.,-1.05));
#4903 = VECTOR('',#4904,1.);
#4904 = DIRECTION('',(0.,-1.,0.));
#4905 = ORIENTED_EDGE('',*,*,#4142,.F.);
#4906 = PLANE('',#4907);
#4907 = AXIS2_PLACEMENT_3D('',#4908,#4909,#4910);
#4908 = CARTESIAN_POINT('',(-5.,0.,-1.05));
#4909 = DIRECTION('',(0.,0.,1.));
#4910 = DIRECTION('',(0.,1.,0.));
#4911 = ADVANCED_FACE('',(#4912),#4923,.F.);
#4912 = FACE_BOUND('',#4913,.F.);
#4913 = EDGE_LOOP('',(#4914,#4915,#4921,#4922));
#4914 = ORIENTED_EDGE('',*,*,#2010,.T.);
#4915 = ORIENTED_EDGE('',*,*,#4916,.T.);
#4916 = EDGE_CURVE('',#2004,#4039,#4917,.T.);
#4917 = LINE('',#4918,#4919);
#4918 = CARTESIAN_POINT('',(-1.4,-0.,-1.E-02));
#4919 = VECTOR('',#4920,1.);
#4920 = DIRECTION('',(0.,1.,-2.2E-16));
#4921 = ORIENTED_EDGE('',*,*,#4045,.F.);
#4922 = ORIENTED_EDGE('',*,*,#4900,.T.);
#4923 = PLANE('',#4924);
#4924 = AXIS2_PLACEMENT_3D('',#4925,#4926,#4927);
#4925 = CARTESIAN_POINT('',(-1.4,-0.,-1.E-02));
#4926 = DIRECTION('',(-1.,0.,0.));
#4927 = DIRECTION('',(-0.,-2.2E-16,-1.));
#4928 = ADVANCED_FACE('',(#4929),#4940,.F.);
#4929 = FACE_BOUND('',#4930,.F.);
#4930 = EDGE_LOOP('',(#4931,#4932,#4938,#4939));
#4931 = ORIENTED_EDGE('',*,*,#2003,.F.);
#4932 = ORIENTED_EDGE('',*,*,#4933,.T.);
#4933 = EDGE_CURVE('',#1892,#3942,#4934,.T.);
#4934 = LINE('',#4935,#4936);
#4935 = CARTESIAN_POINT('',(-1.2,-0.,-1.E-02));
#4936 = VECTOR('',#4937,1.);
#4937 = DIRECTION('',(0.,1.,-2.2E-16));
#4938 = ORIENTED_EDGE('',*,*,#4038,.T.);
#4939 = ORIENTED_EDGE('',*,*,#4916,.F.);
#4940 = PLANE('',#4941);
#4941 = AXIS2_PLACEMENT_3D('',#4942,#4943,#4944);
#4942 = CARTESIAN_POINT('',(-1.2,-0.,-1.E-02));
#4943 = DIRECTION('',(0.,2.2E-16,1.));
#4944 = DIRECTION('',(-1.,0.,0.));
#4945 = ADVANCED_FACE('',(#4946),#4957,.F.);
#4946 = FACE_BOUND('',#4947,.F.);
#4947 = EDGE_LOOP('',(#4948,#4949,#4955,#4956));
#4948 = ORIENTED_EDGE('',*,*,#1891,.F.);
#4949 = ORIENTED_EDGE('',*,*,#4950,.T.);
#4950 = EDGE_CURVE('',#1884,#3934,#4951,.T.);
#4951 = LINE('',#4952,#4953);
#4952 = CARTESIAN_POINT('',(-1.2,-3.3E-16,-1.05));
#4953 = VECTOR('',#4954,1.);
#4954 = DIRECTION('',(0.,1.,0.));
#4955 = ORIENTED_EDGE('',*,*,#3941,.T.);
#4956 = ORIENTED_EDGE('',*,*,#4933,.F.);
#4957 = PLANE('',#4958);
#4958 = AXIS2_PLACEMENT_3D('',#4959,#4960,#4961);
#4959 = CARTESIAN_POINT('',(-1.2,-6.7E-16,-3.01));
#4960 = DIRECTION('',(1.,0.,0.));
#4961 = DIRECTION('',(-0.,2.2E-16,1.));
#4962 = ADVANCED_FACE('',(#4963),#4974,.F.);
#4963 = FACE_BOUND('',#4964,.F.);
#4964 = EDGE_LOOP('',(#4965,#4966,#4967,#4973));
#4965 = ORIENTED_EDGE('',*,*,#4950,.F.);
#4966 = ORIENTED_EDGE('',*,*,#1883,.T.);
#4967 = ORIENTED_EDGE('',*,*,#4968,.F.);
#4968 = EDGE_CURVE('',#3837,#1772,#4969,.T.);
#4969 = LINE('',#4970,#4971);
#4970 = CARTESIAN_POINT('',(-0.7,-0.,-1.05));
#4971 = VECTOR('',#4972,1.);
#4972 = DIRECTION('',(0.,-1.,0.));
#4973 = ORIENTED_EDGE('',*,*,#3933,.F.);
#4974 = PLANE('',#4975);
#4975 = AXIS2_PLACEMENT_3D('',#4976,#4977,#4978);
#4976 = CARTESIAN_POINT('',(-5.,0.,-1.05));
#4977 = DIRECTION('',(0.,0.,1.));
#4978 = DIRECTION('',(0.,1.,0.));
#4979 = ADVANCED_FACE('',(#4980),#4991,.F.);
#4980 = FACE_BOUND('',#4981,.F.);
#4981 = EDGE_LOOP('',(#4982,#4983,#4989,#4990));
#4982 = ORIENTED_EDGE('',*,*,#1771,.T.);
#4983 = ORIENTED_EDGE('',*,*,#4984,.T.);
#4984 = EDGE_CURVE('',#1765,#3830,#4985,.T.);
#4985 = LINE('',#4986,#4987);
#4986 = CARTESIAN_POINT('',(-0.7,-0.,-1.E-02));
#4987 = VECTOR('',#4988,1.);
#4988 = DIRECTION('',(0.,1.,-2.2E-16));
#4989 = ORIENTED_EDGE('',*,*,#3836,.F.);
#4990 = ORIENTED_EDGE('',*,*,#4968,.T.);
#4991 = PLANE('',#4992);
#4992 = AXIS2_PLACEMENT_3D('',#4993,#4994,#4995);
#4993 = CARTESIAN_POINT('',(-0.7,-0.,-1.E-02));
#4994 = DIRECTION('',(-1.,0.,0.));
#4995 = DIRECTION('',(-0.,-2.2E-16,-1.));
#4996 = ADVANCED_FACE('',(#4997),#5008,.F.);
#4997 = FACE_BOUND('',#4998,.F.);
#4998 = EDGE_LOOP('',(#4999,#5000,#5006,#5007));
#4999 = ORIENTED_EDGE('',*,*,#1764,.F.);
#5000 = ORIENTED_EDGE('',*,*,#5001,.T.);
#5001 = EDGE_CURVE('',#1653,#3733,#5002,.T.);
#5002 = LINE('',#5003,#5004);
#5003 = CARTESIAN_POINT('',(-0.45,-0.,-1.E-02));
#5004 = VECTOR('',#5005,1.);
#5005 = DIRECTION('',(0.,1.,-2.2E-16));
#5006 = ORIENTED_EDGE('',*,*,#3829,.T.);
#5007 = ORIENTED_EDGE('',*,*,#4984,.F.);
#5008 = PLANE('',#5009);
#5009 = AXIS2_PLACEMENT_3D('',#5010,#5011,#5012);
#5010 = CARTESIAN_POINT('',(-0.45,-0.,-1.E-02));
#5011 = DIRECTION('',(0.,2.2E-16,1.));
#5012 = DIRECTION('',(-1.,0.,0.));
#5013 = ADVANCED_FACE('',(#5014),#5025,.F.);
#5014 = FACE_BOUND('',#5015,.F.);
#5015 = EDGE_LOOP('',(#5016,#5017,#5023,#5024));
#5016 = ORIENTED_EDGE('',*,*,#1652,.F.);
#5017 = ORIENTED_EDGE('',*,*,#5018,.T.);
#5018 = EDGE_CURVE('',#1645,#3725,#5019,.T.);
#5019 = LINE('',#5020,#5021);
#5020 = CARTESIAN_POINT('',(-0.45,-3.3E-16,-1.05));
#5021 = VECTOR('',#5022,1.);
#5022 = DIRECTION('',(0.,1.,0.));
#5023 = ORIENTED_EDGE('',*,*,#3732,.T.);
#5024 = ORIENTED_EDGE('',*,*,#5001,.F.);
#5025 = PLANE('',#5026);
#5026 = AXIS2_PLACEMENT_3D('',#5027,#5028,#5029);
#5027 = CARTESIAN_POINT('',(-0.45,-6.7E-16,-3.01));
#5028 = DIRECTION('',(1.,0.,0.));
#5029 = DIRECTION('',(-0.,2.2E-16,1.));
#5030 = ADVANCED_FACE('',(#5031),#5042,.F.);
#5031 = FACE_BOUND('',#5032,.F.);
#5032 = EDGE_LOOP('',(#5033,#5034,#5035,#5041));
#5033 = ORIENTED_EDGE('',*,*,#5018,.F.);
#5034 = ORIENTED_EDGE('',*,*,#1644,.T.);
#5035 = ORIENTED_EDGE('',*,*,#5036,.F.);
#5036 = EDGE_CURVE('',#3628,#1533,#5037,.T.);
#5037 = LINE('',#5038,#5039);
#5038 = CARTESIAN_POINT('',(5.E-02,-0.,-1.05));
#5039 = VECTOR('',#5040,1.);
#5040 = DIRECTION('',(0.,-1.,0.));
#5041 = ORIENTED_EDGE('',*,*,#3724,.F.);
#5042 = PLANE('',#5043);
#5043 = AXIS2_PLACEMENT_3D('',#5044,#5045,#5046);
#5044 = CARTESIAN_POINT('',(-5.,0.,-1.05));
#5045 = DIRECTION('',(0.,0.,1.));
#5046 = DIRECTION('',(0.,1.,0.));
#5047 = ADVANCED_FACE('',(#5048),#5059,.F.);
#5048 = FACE_BOUND('',#5049,.F.);
#5049 = EDGE_LOOP('',(#5050,#5051,#5057,#5058));
#5050 = ORIENTED_EDGE('',*,*,#1532,.T.);
#5051 = ORIENTED_EDGE('',*,*,#5052,.T.);
#5052 = EDGE_CURVE('',#1526,#3621,#5053,.T.);
#5053 = LINE('',#5054,#5055);
#5054 = CARTESIAN_POINT('',(5.E-02,-0.,-1.E-02));
#5055 = VECTOR('',#5056,1.);
#5056 = DIRECTION('',(0.,1.,-2.2E-16));
#5057 = ORIENTED_EDGE('',*,*,#3627,.F.);
#5058 = ORIENTED_EDGE('',*,*,#5036,.T.);
#5059 = PLANE('',#5060);
#5060 = AXIS2_PLACEMENT_3D('',#5061,#5062,#5063);
#5061 = CARTESIAN_POINT('',(5.E-02,-0.,-1.E-02));
#5062 = DIRECTION('',(-1.,0.,0.));
#5063 = DIRECTION('',(-0.,-2.2E-16,-1.));
#5064 = ADVANCED_FACE('',(#5065),#5076,.F.);
#5065 = FACE_BOUND('',#5066,.F.);
#5066 = EDGE_LOOP('',(#5067,#5068,#5074,#5075));
#5067 = ORIENTED_EDGE('',*,*,#1525,.F.);
#5068 = ORIENTED_EDGE('',*,*,#5069,.T.);
#5069 = EDGE_CURVE('',#1414,#3524,#5070,.T.);
#5070 = LINE('',#5071,#5072);
#5071 = CARTESIAN_POINT('',(0.3,-0.,-1.E-02));
#5072 = VECTOR('',#5073,1.);
#5073 = DIRECTION('',(0.,1.,-2.2E-16));
#5074 = ORIENTED_EDGE('',*,*,#3620,.T.);
#5075 = ORIENTED_EDGE('',*,*,#5052,.F.);
#5076 = PLANE('',#5077);
#5077 = AXIS2_PLACEMENT_3D('',#5078,#5079,#5080);
#5078 = CARTESIAN_POINT('',(0.3,-0.,-1.E-02));
#5079 = DIRECTION('',(0.,2.2E-16,1.));
#5080 = DIRECTION('',(-1.,0.,0.));
#5081 = ADVANCED_FACE('',(#5082),#5093,.F.);
#5082 = FACE_BOUND('',#5083,.F.);
#5083 = EDGE_LOOP('',(#5084,#5085,#5091,#5092));
#5084 = ORIENTED_EDGE('',*,*,#1413,.F.);
#5085 = ORIENTED_EDGE('',*,*,#5086,.T.);
#5086 = EDGE_CURVE('',#1406,#3516,#5087,.T.);
#5087 = LINE('',#5088,#5089);
#5088 = CARTESIAN_POINT('',(0.3,-3.3E-16,-1.05));
#5089 = VECTOR('',#5090,1.);
#5090 = DIRECTION('',(0.,1.,0.));
#5091 = ORIENTED_EDGE('',*,*,#3523,.T.);
#5092 = ORIENTED_EDGE('',*,*,#5069,.F.);
#5093 = PLANE('',#5094);
#5094 = AXIS2_PLACEMENT_3D('',#5095,#5096,#5097);
#5095 = CARTESIAN_POINT('',(0.3,-6.7E-16,-3.01));
#5096 = DIRECTION('',(1.,0.,0.));
#5097 = DIRECTION('',(-0.,2.2E-16,1.));
#5098 = ADVANCED_FACE('',(#5099),#5110,.F.);
#5099 = FACE_BOUND('',#5100,.F.);
#5100 = EDGE_LOOP('',(#5101,#5102,#5103,#5109));
#5101 = ORIENTED_EDGE('',*,*,#5086,.F.);
#5102 = ORIENTED_EDGE('',*,*,#1405,.T.);
#5103 = ORIENTED_EDGE('',*,*,#5104,.F.);
#5104 = EDGE_CURVE('',#3419,#1294,#5105,.T.);
#5105 = LINE('',#5106,#5107);
#5106 = CARTESIAN_POINT('',(0.8,-0.,-1.05));
#5107 = VECTOR('',#5108,1.);
#5108 = DIRECTION('',(0.,-1.,0.));
#5109 = ORIENTED_EDGE('',*,*,#3515,.F.);
#5110 = PLANE('',#5111);
#5111 = AXIS2_PLACEMENT_3D('',#5112,#5113,#5114);
#5112 = CARTESIAN_POINT('',(-5.,0.,-1.05));
#5113 = DIRECTION('',(0.,0.,1.));
#5114 = DIRECTION('',(0.,1.,0.));
#5115 = ADVANCED_FACE('',(#5116),#5127,.F.);
#5116 = FACE_BOUND('',#5117,.F.);
#5117 = EDGE_LOOP('',(#5118,#5119,#5125,#5126));
#5118 = ORIENTED_EDGE('',*,*,#1293,.T.);
#5119 = ORIENTED_EDGE('',*,*,#5120,.T.);
#5120 = EDGE_CURVE('',#1284,#3409,#5121,.T.);
#5121 = LINE('',#5122,#5123);
#5122 = CARTESIAN_POINT('',(0.8,-0.,-1.E-02));
#5123 = VECTOR('',#5124,1.);
#5124 = DIRECTION('',(0.,1.,-2.2E-16));
#5125 = ORIENTED_EDGE('',*,*,#3418,.F.);
#5126 = ORIENTED_EDGE('',*,*,#5104,.T.);
#5127 = PLANE('',#5128);
#5128 = AXIS2_PLACEMENT_3D('',#5129,#5130,#5131);
#5129 = CARTESIAN_POINT('',(0.8,-0.,-1.E-02));
#5130 = DIRECTION('',(-1.,0.,0.));
#5131 = DIRECTION('',(-0.,-2.2E-16,-1.));
#5132 = ADVANCED_FACE('',(#5133),#5144,.F.);
#5133 = FACE_BOUND('',#5134,.F.);
#5134 = EDGE_LOOP('',(#5135,#5136,#5142,#5143));
#5135 = ORIENTED_EDGE('',*,*,#1283,.F.);
#5136 = ORIENTED_EDGE('',*,*,#5137,.T.);
#5137 = EDGE_CURVE('',#1172,#3312,#5138,.T.);
#5138 = LINE('',#5139,#5140);
#5139 = CARTESIAN_POINT('',(1.4,-0.,-1.E-02));
#5140 = VECTOR('',#5141,1.);
#5141 = DIRECTION('',(0.,1.,-2.2E-16));
#5142 = ORIENTED_EDGE('',*,*,#3408,.T.);
#5143 = ORIENTED_EDGE('',*,*,#5120,.F.);
#5144 = PLANE('',#5145);
#5145 = AXIS2_PLACEMENT_3D('',#5146,#5147,#5148);
#5146 = CARTESIAN_POINT('',(1.4,-0.,-1.E-02));
#5147 = DIRECTION('',(0.,2.2E-16,1.));
#5148 = DIRECTION('',(-1.,0.,0.));
#5149 = ADVANCED_FACE('',(#5150),#5161,.F.);
#5150 = FACE_BOUND('',#5151,.F.);
#5151 = EDGE_LOOP('',(#5152,#5153,#5159,#5160));
#5152 = ORIENTED_EDGE('',*,*,#1171,.F.);
#5153 = ORIENTED_EDGE('',*,*,#5154,.T.);
#5154 = EDGE_CURVE('',#1164,#3304,#5155,.T.);
#5155 = LINE('',#5156,#5157);
#5156 = CARTESIAN_POINT('',(1.4,-3.3E-16,-1.05));
#5157 = VECTOR('',#5158,1.);
#5158 = DIRECTION('',(0.,1.,0.));
#5159 = ORIENTED_EDGE('',*,*,#3311,.T.);
#5160 = ORIENTED_EDGE('',*,*,#5137,.F.);
#5161 = PLANE('',#5162);
#5162 = AXIS2_PLACEMENT_3D('',#5163,#5164,#5165);
#5163 = CARTESIAN_POINT('',(1.4,-6.7E-16,-3.01));
#5164 = DIRECTION('',(1.,0.,0.));
#5165 = DIRECTION('',(-0.,2.2E-16,1.));
#5166 = ADVANCED_FACE('',(#5167),#5178,.F.);
#5167 = FACE_BOUND('',#5168,.F.);
#5168 = EDGE_LOOP('',(#5169,#5170,#5171,#5177));
#5169 = ORIENTED_EDGE('',*,*,#5154,.F.);
#5170 = ORIENTED_EDGE('',*,*,#1163,.T.);
#5171 = ORIENTED_EDGE('',*,*,#5172,.F.);
#5172 = EDGE_CURVE('',#3207,#1052,#5173,.T.);
#5173 = LINE('',#5174,#5175);
#5174 = CARTESIAN_POINT('',(1.9,-0.,-1.05));
#5175 = VECTOR('',#5176,1.);
#5176 = DIRECTION('',(0.,-1.,0.));
#5177 = ORIENTED_EDGE('',*,*,#3303,.F.);
#5178 = PLANE('',#5179);
#5179 = AXIS2_PLACEMENT_3D('',#5180,#5181,#5182);
#5180 = CARTESIAN_POINT('',(-5.,0.,-1.05));
#5181 = DIRECTION('',(0.,0.,1.));
#5182 = DIRECTION('',(0.,1.,0.));
#5183 = ADVANCED_FACE('',(#5184),#5195,.F.);
#5184 = FACE_BOUND('',#5185,.F.);
#5185 = EDGE_LOOP('',(#5186,#5187,#5193,#5194));
#5186 = ORIENTED_EDGE('',*,*,#1051,.T.);
#5187 = ORIENTED_EDGE('',*,*,#5188,.T.);
#5188 = EDGE_CURVE('',#1042,#3197,#5189,.T.);
#5189 = LINE('',#5190,#5191);
#5190 = CARTESIAN_POINT('',(1.9,-0.,-1.E-02));
#5191 = VECTOR('',#5192,1.);
#5192 = DIRECTION('',(0.,1.,-2.2E-16));
#5193 = ORIENTED_EDGE('',*,*,#3206,.F.);
#5194 = ORIENTED_EDGE('',*,*,#5172,.T.);
#5195 = PLANE('',#5196);
#5196 = AXIS2_PLACEMENT_3D('',#5197,#5198,#5199);
#5197 = CARTESIAN_POINT('',(1.9,-0.,-1.E-02));
#5198 = DIRECTION('',(-1.,0.,0.));
#5199 = DIRECTION('',(-0.,-2.2E-16,-1.));
#5200 = ADVANCED_FACE('',(#5201),#5212,.F.);
#5201 = FACE_BOUND('',#5202,.F.);
#5202 = EDGE_LOOP('',(#5203,#5204,#5210,#5211));
#5203 = ORIENTED_EDGE('',*,*,#1041,.F.);
#5204 = ORIENTED_EDGE('',*,*,#5205,.T.);
#5205 = EDGE_CURVE('',#930,#3100,#5206,.T.);
#5206 = LINE('',#5207,#5208);
#5207 = CARTESIAN_POINT('',(2.5,-0.,-1.E-02));
#5208 = VECTOR('',#5209,1.);
#5209 = DIRECTION('',(0.,1.,-2.2E-16));
#5210 = ORIENTED_EDGE('',*,*,#3196,.T.);
#5211 = ORIENTED_EDGE('',*,*,#5188,.F.);
#5212 = PLANE('',#5213);
#5213 = AXIS2_PLACEMENT_3D('',#5214,#5215,#5216);
#5214 = CARTESIAN_POINT('',(2.5,-0.,-1.E-02));
#5215 = DIRECTION('',(0.,2.2E-16,1.));
#5216 = DIRECTION('',(-1.,0.,0.));
#5217 = ADVANCED_FACE('',(#5218),#5229,.F.);
#5218 = FACE_BOUND('',#5219,.F.);
#5219 = EDGE_LOOP('',(#5220,#5221,#5227,#5228));
#5220 = ORIENTED_EDGE('',*,*,#929,.F.);
#5221 = ORIENTED_EDGE('',*,*,#5222,.T.);
#5222 = EDGE_CURVE('',#922,#3092,#5223,.T.);
#5223 = LINE('',#5224,#5225);
#5224 = CARTESIAN_POINT('',(2.5,-3.3E-16,-1.05));
#5225 = VECTOR('',#5226,1.);
#5226 = DIRECTION('',(0.,1.,0.));
#5227 = ORIENTED_EDGE('',*,*,#3099,.T.);
#5228 = ORIENTED_EDGE('',*,*,#5205,.F.);
#5229 = PLANE('',#5230);
#5230 = AXIS2_PLACEMENT_3D('',#5231,#5232,#5233);
#5231 = CARTESIAN_POINT('',(2.5,-6.7E-16,-3.01));
#5232 = DIRECTION('',(1.,0.,0.));
#5233 = DIRECTION('',(-0.,2.2E-16,1.));
#5234 = ADVANCED_FACE('',(#5235),#5246,.F.);
#5235 = FACE_BOUND('',#5236,.F.);
#5236 = EDGE_LOOP('',(#5237,#5238,#5239,#5245));
#5237 = ORIENTED_EDGE('',*,*,#5222,.F.);
#5238 = ORIENTED_EDGE('',*,*,#921,.T.);
#5239 = ORIENTED_EDGE('',*,*,#5240,.F.);
#5240 = EDGE_CURVE('',#2995,#810,#5241,.T.);
#5241 = LINE('',#5242,#5243);
#5242 = CARTESIAN_POINT('',(3.,-0.,-1.05));
#5243 = VECTOR('',#5244,1.);
#5244 = DIRECTION('',(0.,-1.,0.));
#5245 = ORIENTED_EDGE('',*,*,#3091,.F.);
#5246 = PLANE('',#5247);
#5247 = AXIS2_PLACEMENT_3D('',#5248,#5249,#5250);
#5248 = CARTESIAN_POINT('',(-5.,0.,-1.05));
#5249 = DIRECTION('',(0.,0.,1.));
#5250 = DIRECTION('',(0.,1.,0.));
#5251 = ADVANCED_FACE('',(#5252),#5263,.F.);
#5252 = FACE_BOUND('',#5253,.F.);
#5253 = EDGE_LOOP('',(#5254,#5255,#5261,#5262));
#5254 = ORIENTED_EDGE('',*,*,#809,.T.);
#5255 = ORIENTED_EDGE('',*,*,#5256,.T.);
#5256 = EDGE_CURVE('',#800,#2985,#5257,.T.);
#5257 = LINE('',#5258,#5259);
#5258 = CARTESIAN_POINT('',(3.,-0.,-1.E-02));
#5259 = VECTOR('',#5260,1.);
#5260 = DIRECTION('',(0.,1.,-2.2E-16));
#5261 = ORIENTED_EDGE('',*,*,#2994,.F.);
#5262 = ORIENTED_EDGE('',*,*,#5240,.T.);
#5263 = PLANE('',#5264);
#5264 = AXIS2_PLACEMENT_3D('',#5265,#5266,#5267);
#5265 = CARTESIAN_POINT('',(3.,-0.,-1.E-02));
#5266 = DIRECTION('',(-1.,0.,0.));
#5267 = DIRECTION('',(-0.,-2.2E-16,-1.));
#5268 = ADVANCED_FACE('',(#5269),#5280,.F.);
#5269 = FACE_BOUND('',#5270,.F.);
#5270 = EDGE_LOOP('',(#5271,#5272,#5278,#5279));
#5271 = ORIENTED_EDGE('',*,*,#799,.F.);
#5272 = ORIENTED_EDGE('',*,*,#5273,.T.);
#5273 = EDGE_CURVE('',#688,#2888,#5274,.T.);
#5274 = LINE('',#5275,#5276);
#5275 = CARTESIAN_POINT('',(3.6,-0.,-1.E-02));
#5276 = VECTOR('',#5277,1.);
#5277 = DIRECTION('',(0.,1.,-2.2E-16));
#5278 = ORIENTED_EDGE('',*,*,#2984,.T.);
#5279 = ORIENTED_EDGE('',*,*,#5256,.F.);
#5280 = PLANE('',#5281);
#5281 = AXIS2_PLACEMENT_3D('',#5282,#5283,#5284);
#5282 = CARTESIAN_POINT('',(3.6,-0.,-1.E-02));
#5283 = DIRECTION('',(0.,2.2E-16,1.));
#5284 = DIRECTION('',(-1.,0.,0.));
#5285 = ADVANCED_FACE('',(#5286),#5297,.F.);
#5286 = FACE_BOUND('',#5287,.F.);
#5287 = EDGE_LOOP('',(#5288,#5289,#5295,#5296));
#5288 = ORIENTED_EDGE('',*,*,#687,.F.);
#5289 = ORIENTED_EDGE('',*,*,#5290,.T.);
#5290 = EDGE_CURVE('',#680,#2880,#5291,.T.);
#5291 = LINE('',#5292,#5293);
#5292 = CARTESIAN_POINT('',(3.6,-3.3E-16,-1.05));
#5293 = VECTOR('',#5294,1.);
#5294 = DIRECTION('',(0.,1.,0.));
#5295 = ORIENTED_EDGE('',*,*,#2887,.T.);
#5296 = ORIENTED_EDGE('',*,*,#5273,.F.);
#5297 = PLANE('',#5298);
#5298 = AXIS2_PLACEMENT_3D('',#5299,#5300,#5301);
#5299 = CARTESIAN_POINT('',(3.6,-6.7E-16,-3.01));
#5300 = DIRECTION('',(1.,0.,0.));
#5301 = DIRECTION('',(-0.,2.2E-16,1.));
#5302 = ADVANCED_FACE('',(#5303),#5314,.F.);
#5303 = FACE_BOUND('',#5304,.F.);
#5304 = EDGE_LOOP('',(#5305,#5306,#5307,#5313));
#5305 = ORIENTED_EDGE('',*,*,#5290,.F.);
#5306 = ORIENTED_EDGE('',*,*,#679,.T.);
#5307 = ORIENTED_EDGE('',*,*,#5308,.F.);
#5308 = EDGE_CURVE('',#2783,#568,#5309,.T.);
#5309 = LINE('',#5310,#5311);
#5310 = CARTESIAN_POINT('',(4.1,-0.,-1.05));
#5311 = VECTOR('',#5312,1.);
#5312 = DIRECTION('',(0.,-1.,0.));
#5313 = ORIENTED_EDGE('',*,*,#2879,.F.);
#5314 = PLANE('',#5315);
#5315 = AXIS2_PLACEMENT_3D('',#5316,#5317,#5318);
#5316 = CARTESIAN_POINT('',(-5.,0.,-1.05));
#5317 = DIRECTION('',(0.,0.,1.));
#5318 = DIRECTION('',(0.,1.,0.));
#5319 = ADVANCED_FACE('',(#5320),#5331,.F.);
#5320 = FACE_BOUND('',#5321,.F.);
#5321 = EDGE_LOOP('',(#5322,#5323,#5329,#5330));
#5322 = ORIENTED_EDGE('',*,*,#567,.T.);
#5323 = ORIENTED_EDGE('',*,*,#5324,.T.);
#5324 = EDGE_CURVE('',#558,#2773,#5325,.T.);
#5325 = LINE('',#5326,#5327);
#5326 = CARTESIAN_POINT('',(4.1,-0.,-1.E-02));
#5327 = VECTOR('',#5328,1.);
#5328 = DIRECTION('',(0.,1.,-2.2E-16));
#5329 = ORIENTED_EDGE('',*,*,#2782,.F.);
#5330 = ORIENTED_EDGE('',*,*,#5308,.T.);
#5331 = PLANE('',#5332);
#5332 = AXIS2_PLACEMENT_3D('',#5333,#5334,#5335);
#5333 = CARTESIAN_POINT('',(4.1,-0.,-1.E-02));
#5334 = DIRECTION('',(-1.,0.,0.));
#5335 = DIRECTION('',(-0.,-2.2E-16,-1.));
#5336 = ADVANCED_FACE('',(#5337),#5343,.F.);
#5337 = FACE_BOUND('',#5338,.F.);
#5338 = EDGE_LOOP('',(#5339,#5340,#5341,#5342));
#5339 = ORIENTED_EDGE('',*,*,#5324,.F.);
#5340 = ORIENTED_EDGE('',*,*,#557,.F.);
#5341 = ORIENTED_EDGE('',*,*,#4713,.F.);
#5342 = ORIENTED_EDGE('',*,*,#2772,.T.);
#5343 = PLANE('',#5344);
#5344 = AXIS2_PLACEMENT_3D('',#5345,#5346,#5347);
#5345 = CARTESIAN_POINT('',(5.1,-0.,-1.E-02));
#5346 = DIRECTION('',(0.,2.2E-16,1.));
#5347 = DIRECTION('',(-1.,0.,0.));
#5348 = ( GEOMETRIC_REPRESENTATION_CONTEXT(3) 
GLOBAL_UNCERTAINTY_ASSIGNED_CONTEXT((#5352)) 
GLOBAL_UNIT_ASSIGNED_CONTEXT((#5349,#5350,#5351)) REPRESENTATION_CONTEXT
('Context #1','3D Context with UNIT and UNCERTAINTY') );
#5349 = ( LENGTH_UNIT() NAMED_UNIT(*) SI_UNIT(.MILLI.,.METRE.) );
#5350 = ( NAMED_UNIT(*) PLANE_ANGLE_UNIT() SI_UNIT($,.RADIAN.) );
#5351 = ( NAMED_UNIT(*) SI_UNIT($,.STERADIAN.) SOLID_ANGLE_UNIT() );
#5352 = UNCERTAINTY_MEASURE_WITH_UNIT(LENGTH_MEASURE(5.E-06),#5349,
  'distance_accuracy_value','confusion accuracy');
#5353 = CONTEXT_DEPENDENT_SHAPE_REPRESENTATION(#5354,#5356);
#5354 = ( REPRESENTATION_RELATIONSHIP('','',#487,#10) 
REPRESENTATION_RELATIONSHIP_WITH_TRANSFORMATION(#5355) 
SHAPE_REPRESENTATION_RELATIONSHIP() );
#5355 = ITEM_DEFINED_TRANSFORMATION('','',#11,#19);
#5356 = PRODUCT_DEFINITION_SHAPE('Placement','Placement of an item',
  #5357);
#5357 = NEXT_ASSEMBLY_USAGE_OCCURRENCE('8','Body001','',#5,#482,$);
#5358 = PRODUCT_RELATED_PRODUCT_CATEGORY('part',$,(#484));
#5359 = MECHANICAL_DESIGN_GEOMETRIC_PRESENTATION_REPRESENTATION('',(
    #5360),#469);
#5360 = STYLED_ITEM('color',(#5361),#37);
#5361 = PRESENTATION_STYLE_ASSIGNMENT((#5362,#5368));
#5362 = SURFACE_STYLE_USAGE(.BOTH.,#5363);
#5363 = SURFACE_SIDE_STYLE('',(#5364));
#5364 = SURFACE_STYLE_FILL_AREA(#5365);
#5365 = FILL_AREA_STYLE('',(#5366));
#5366 = FILL_AREA_STYLE_COLOUR('',#5367);
#5367 = COLOUR_RGB('',0.466666661095,0.462745104622,0.482352940689);
#5368 = CURVE_STYLE('',#5369,POSITIVE_LENGTH_MEASURE(0.1),#5370);
#5369 = DRAUGHTING_PRE_DEFINED_CURVE_FONT('continuous');
#5370 = COLOUR_RGB('',9.803921802644E-02,9.803921802644E-02,
  9.803921802644E-02);
#5371 = MECHANICAL_DESIGN_GEOMETRIC_PRESENTATION_REPRESENTATION('',(
    #5372),#5348);
#5372 = STYLED_ITEM('color',(#5373),#488);
#5373 = PRESENTATION_STYLE_ASSIGNMENT((#5374,#5380));
#5374 = SURFACE_STYLE_USAGE(.BOTH.,#5375);
#5375 = SURFACE_SIDE_STYLE('',(#5376));
#5376 = SURFACE_STYLE_FILL_AREA(#5377);
#5377 = FILL_AREA_STYLE('',(#5378));
#5378 = FILL_AREA_STYLE_COLOUR('',#5379);
#5379 = COLOUR_RGB('',0.60392159809,0.600000020288,0.588235317929);
#5380 = CURVE_STYLE('',#5381,POSITIVE_LENGTH_MEASURE(0.1),#5370);
#5381 = DRAUGHTING_PRE_DEFINED_CURVE_FONT('continuous');
ENDSEC;
END-ISO-10303-21;
