#VRML V2.0 utf8
WorldInfo
{
	info ["Generated by TraceParts CAD VRML Translator"]
	title "TraceParts Part"
}
DEF TraceParts_Part Group
{
	children
	[
		Shape
		{
			appearance Appearance
			{
				material Material
				{
					diffuseColor 0.812 0.812 0.812
				}
			}
			geometry IndexedFaceSet
			{
				creaseAngle 0.5
				solid TRUE
				coord Coordinate
				{
					point
					[
						2.296 1.450 -0.105,
						2.175 1.378 -0.072,
						2.310 1.450 0.000,
						2.185 1.378 0.000,
						2.296 1.450 0.105,
						2.175 1.378 0.072,
						2.147 1.378 0.140,
						2.256 1.450 -0.203,
						2.147 1.378 -0.140,
						2.191 1.450 -0.286,
						2.103 1.378 -0.198,
						2.045 1.378 -0.242,
						2.108 1.450 -0.351,
						1.977 1.378 -0.270,
						2.010 1.450 -0.391,
						1.905 1.450 -0.405,
						1.905 1.378 -0.280,
						1.800 1.450 -0.391,
						1.833 1.378 -0.270,
						1.765 1.378 -0.242,
						1.702 1.450 -0.351,
						1.707 1.378 -0.198,
						1.619 1.450 -0.286,
						1.554 1.450 -0.203,
						1.663 1.378 -0.140,
						1.514 1.450 -0.105,
						1.635 1.378 -0.072,
						1.625 1.378 -0.000,
						1.500 1.450 -0.000,
						1.635 1.378 0.072,
						1.514 1.450 0.105,
						1.554 1.450 0.203,
						1.663 1.378 0.140,
						1.619 1.450 0.286,
						1.707 1.378 0.198,
						1.765 1.378 0.242,
						1.702 1.450 0.351,
						1.833 1.378 0.270,
						1.800 1.450 0.391,
						1.905 1.450 0.405,
						1.905 1.378 0.280,
						2.010 1.450 0.391,
						1.977 1.378 0.270,
						2.045 1.378 0.242,
						2.108 1.450 0.351,
						2.103 1.378 0.198,
						2.191 1.450 0.286,
						2.256 1.450 0.203
					]
				}
				coordIndex
				[
					0, 1, 2, -1,
					2, 1, 3, -1,
					2, 3, 4, -1,
					4, 3, 5, -1,
					4, 5, 6, -1,
					0, 7, 1, -1,
					1, 7, 8, -1,
					7, 9, 8, -1,
					8, 9, 10, -1,
					10, 9, 11, -1,
					11, 9, 12, -1,
					11, 12, 13, -1,
					13, 12, 14, -1,
					13, 14, 15, -1,
					13, 15, 16, -1,
					16, 15, 17, -1,
					16, 17, 18, -1,
					18, 17, 19, -1,
					17, 20, 19, -1,
					19, 20, 21, -1,
					20, 22, 21, -1,
					21, 22, 23, -1,
					21, 23, 24, -1,
					24, 23, 25, -1,
					24, 25, 26, -1,
					26, 25, 27, -1,
					25, 28, 27, -1,
					27, 28, 29, -1,
					28, 30, 29, -1,
					29, 30, 31, -1,
					29, 31, 32, -1,
					32, 31, 33, -1,
					32, 33, 34, -1,
					34, 33, 35, -1,
					33, 36, 35, -1,
					35, 36, 37, -1,
					36, 38, 37, -1,
					37, 38, 39, -1,
					37, 39, 40, -1,
					40, 39, 41, -1,
					40, 41, 42, -1,
					42, 41, 43, -1,
					41, 44, 43, -1,
					43, 44, 45, -1,
					44, 46, 45, -1,
					45, 46, 47, -1,
					45, 47, 6, -1,
					6, 47, 4, -1
				]
				normal Normal
				{
					vector
					[
						-0.483 0.866 0.129,
						-0.500 0.866 0.000,
						-0.483 0.866 -0.129,
						-0.433 0.866 -0.250,
						-0.433 0.866 0.250,
						-0.354 0.866 0.354,
						-0.250 0.866 0.433,
						-0.129 0.866 0.483,
						-0.000 0.866 0.500,
						0.129 0.866 0.483,
						0.250 0.866 0.433,
						0.354 0.866 0.354,
						0.433 0.866 0.250,
						0.483 0.866 0.129,
						0.500 0.866 0.000,
						0.483 0.866 -0.129,
						0.433 0.866 -0.250,
						0.354 0.866 -0.354,
						0.250 0.866 -0.433,
						0.129 0.866 -0.483,
						-0.000 0.866 -0.500,
						-0.129 0.866 -0.483,
						-0.250 0.866 -0.433,
						-0.354 0.866 -0.354
					]
				}
				normalIndex
				[
					0, 0, 1, -1,
					1, 0, 1, -1,
					1, 1, 2, -1,
					2, 1, 2, -1,
					2, 2, 3, -1,
					0, 4, 0, -1,
					0, 4, 4, -1,
					4, 5, 4, -1,
					4, 5, 5, -1,
					5, 5, 6, -1,
					6, 5, 6, -1,
					6, 6, 7, -1,
					7, 6, 7, -1,
					7, 7, 8, -1,
					7, 8, 8, -1,
					8, 8, 9, -1,
					8, 9, 9, -1,
					9, 9, 10, -1,
					9, 10, 10, -1,
					10, 10, 11, -1,
					10, 11, 11, -1,
					11, 11, 12, -1,
					11, 12, 12, -1,
					12, 12, 13, -1,
					12, 13, 13, -1,
					13, 13, 14, -1,
					13, 14, 14, -1,
					14, 14, 15, -1,
					14, 15, 15, -1,
					15, 15, 16, -1,
					15, 16, 16, -1,
					16, 16, 17, -1,
					16, 17, 17, -1,
					17, 17, 18, -1,
					17, 18, 18, -1,
					18, 18, 19, -1,
					18, 19, 19, -1,
					19, 19, 20, -1,
					19, 20, 20, -1,
					20, 20, 21, -1,
					20, 21, 21, -1,
					21, 21, 22, -1,
					21, 22, 22, -1,
					22, 22, 23, -1,
					22, 23, 23, -1,
					23, 23, 3, -1,
					23, 3, 3, -1,
					3, 3, 2, -1
				]
			}
		}
		Shape
		{
			appearance Appearance
			{
				material Material
				{
					diffuseColor 0.812 0.812 0.812
				}
			}
			geometry IndexedFaceSet
			{
				creaseAngle 0.5
				solid TRUE
				coord Coordinate
				{
					point
					[
						2.256 1.450 -0.203,
						2.296 1.450 -0.105,
						2.296 3.196 -0.105,
						2.310 1.450 0.000,
						2.310 3.196 0.000,
						2.296 1.450 0.105,
						2.296 3.196 0.105,
						2.256 3.196 0.203,
						2.256 3.196 -0.203,
						2.191 3.196 -0.286,
						2.191 1.450 -0.286,
						2.108 3.196 -0.351,
						2.108 1.450 -0.351,
						2.010 3.196 -0.391,
						2.010 1.450 -0.391,
						1.905 1.450 -0.405,
						1.905 3.196 -0.405,
						1.800 3.196 -0.391,
						1.800 1.450 -0.391,
						1.702 3.196 -0.351,
						1.702 1.450 -0.351,
						1.619 1.450 -0.286,
						1.619 3.196 -0.286,
						1.554 3.196 -0.203,
						1.554 1.450 -0.203,
						1.514 3.196 -0.105,
						1.514 1.450 -0.105,
						1.500 1.450 -0.000,
						1.500 3.196 -0.000,
						1.514 1.450 0.105,
						1.514 3.196 0.105,
						1.554 3.196 0.203,
						1.554 1.450 0.203,
						1.619 3.196 0.286,
						1.619 1.450 0.286,
						1.702 1.450 0.351,
						1.702 3.196 0.351,
						1.800 3.196 0.391,
						1.800 1.450 0.391,
						1.905 3.196 0.405,
						1.905 1.450 0.405,
						2.010 1.450 0.391,
						2.010 3.196 0.391,
						2.108 3.196 0.351,
						2.108 1.450 0.351,
						2.191 3.196 0.286,
						2.191 1.450 0.286,
						2.256 1.450 0.203
					]
				}
				coordIndex
				[
					0, 1, 2, -1,
					2, 1, 3, -1,
					2, 3, 4, -1,
					4, 3, 5, -1,
					4, 5, 6, -1,
					6, 5, 7, -1,
					2, 8, 0, -1,
					0, 8, 9, -1,
					0, 9, 10, -1,
					10, 9, 11, -1,
					10, 11, 12, -1,
					12, 11, 13, -1,
					12, 13, 14, -1,
					14, 13, 15, -1,
					13, 16, 15, -1,
					15, 16, 17, -1,
					15, 17, 18, -1,
					18, 17, 19, -1,
					18, 19, 20, -1,
					20, 19, 21, -1,
					19, 22, 21, -1,
					21, 22, 23, -1,
					21, 23, 24, -1,
					24, 23, 25, -1,
					24, 25, 26, -1,
					26, 25, 27, -1,
					25, 28, 27, -1,
					27, 28, 29, -1,
					28, 30, 29, -1,
					29, 30, 31, -1,
					29, 31, 32, -1,
					32, 31, 33, -1,
					32, 33, 34, -1,
					34, 33, 35, -1,
					33, 36, 35, -1,
					35, 36, 37, -1,
					35, 37, 38, -1,
					38, 37, 39, -1,
					38, 39, 40, -1,
					40, 39, 41, -1,
					39, 42, 41, -1,
					41, 42, 43, -1,
					41, 43, 44, -1,
					44, 43, 45, -1,
					44, 45, 46, -1,
					46, 45, 7, -1,
					46, 7, 47, -1,
					47, 7, 5, -1
				]
				normal Normal
				{
					vector
					[
						-0.866 -0.000 0.500,
						-0.966 -0.000 0.259,
						-1.000 -0.000 -0.000,
						-0.966 -0.000 -0.259,
						-0.866 -0.000 -0.500,
						-0.707 -0.000 0.707,
						-0.500 -0.000 0.866,
						-0.259 -0.000 0.966,
						-0.000 -0.000 1.000,
						0.259 -0.000 0.966,
						0.500 -0.000 0.866,
						0.707 -0.000 0.707,
						0.866 -0.000 0.500,
						0.966 -0.000 0.259,
						1.000 -0.000 0.000,
						0.966 -0.000 -0.259,
						0.866 -0.000 -0.500,
						0.707 -0.000 -0.707,
						0.500 -0.000 -0.866,
						0.259 -0.000 -0.966,
						-0.000 -0.000 -1.000,
						-0.259 -0.000 -0.966,
						-0.500 -0.000 -0.866,
						-0.707 -0.000 -0.707
					]
				}
				normalIndex
				[
					0, 1, 1, -1,
					1, 1, 2, -1,
					1, 2, 2, -1,
					2, 2, 3, -1,
					2, 3, 3, -1,
					3, 3, 4, -1,
					1, 0, 0, -1,
					0, 0, 5, -1,
					0, 5, 5, -1,
					5, 5, 6, -1,
					5, 6, 6, -1,
					6, 6, 7, -1,
					6, 7, 7, -1,
					7, 7, 8, -1,
					7, 8, 8, -1,
					8, 8, 9, -1,
					8, 9, 9, -1,
					9, 9, 10, -1,
					9, 10, 10, -1,
					10, 10, 11, -1,
					10, 11, 11, -1,
					11, 11, 12, -1,
					11, 12, 12, -1,
					12, 12, 13, -1,
					12, 13, 13, -1,
					13, 13, 14, -1,
					13, 14, 14, -1,
					14, 14, 15, -1,
					14, 15, 15, -1,
					15, 15, 16, -1,
					15, 16, 16, -1,
					16, 16, 17, -1,
					16, 17, 17, -1,
					17, 17, 18, -1,
					17, 18, 18, -1,
					18, 18, 19, -1,
					18, 19, 19, -1,
					19, 19, 20, -1,
					19, 20, 20, -1,
					20, 20, 21, -1,
					20, 21, 21, -1,
					21, 21, 22, -1,
					21, 22, 22, -1,
					22, 22, 23, -1,
					22, 23, 23, -1,
					23, 23, 4, -1,
					23, 4, 4, -1,
					4, 4, 3, -1
				]
			}
		}
		Shape
		{
			appearance Appearance
			{
				material Material
				{
					diffuseColor 0.812 0.812 0.812
				}
			}
			geometry IndexedFaceSet
			{
				creaseAngle 0.5
				solid TRUE
				coord Coordinate
				{
					point
					[
						2.256 3.196 -0.203,
						2.296 3.196 -0.105,
						2.161 1.600 -0.069,
						2.310 3.196 0.000,
						2.170 1.600 0.000,
						2.296 3.196 0.105,
						2.161 1.600 0.069,
						2.135 1.600 0.133,
						2.135 1.600 -0.133,
						2.093 1.600 -0.188,
						2.191 3.196 -0.286,
						2.038 1.600 -0.230,
						2.108 3.196 -0.351,
						1.974 1.600 -0.256,
						2.010 3.196 -0.391,
						1.905 3.196 -0.405,
						1.905 1.600 -0.265,
						1.836 1.600 -0.256,
						1.800 3.196 -0.391,
						1.772 1.600 -0.230,
						1.702 3.196 -0.351,
						1.619 3.196 -0.286,
						1.717 1.600 -0.188,
						1.675 1.600 -0.133,
						1.554 3.196 -0.203,
						1.649 1.600 -0.069,
						1.514 3.196 -0.105,
						1.500 3.196 -0.000,
						1.640 1.600 -0.000,
						1.514 3.196 0.105,
						1.649 1.600 0.069,
						1.675 1.600 0.133,
						1.554 3.196 0.203,
						1.717 1.600 0.188,
						1.619 3.196 0.286,
						1.702 3.196 0.351,
						1.772 1.600 0.230,
						1.836 1.600 0.256,
						1.800 3.196 0.391,
						1.905 1.600 0.265,
						1.905 3.196 0.405,
						2.010 3.196 0.391,
						1.974 1.600 0.256,
						2.038 1.600 0.230,
						2.108 3.196 0.351,
						2.093 1.600 0.188,
						2.191 3.196 0.286,
						2.256 3.196 0.203
					]
				}
				coordIndex
				[
					0, 1, 2, -1,
					2, 1, 3, -1,
					2, 3, 4, -1,
					4, 3, 5, -1,
					4, 5, 6, -1,
					6, 5, 7, -1,
					2, 8, 0, -1,
					0, 8, 9, -1,
					0, 9, 10, -1,
					10, 9, 11, -1,
					10, 11, 12, -1,
					12, 11, 13, -1,
					12, 13, 14, -1,
					14, 13, 15, -1,
					13, 16, 15, -1,
					15, 16, 17, -1,
					15, 17, 18, -1,
					18, 17, 19, -1,
					18, 19, 20, -1,
					20, 19, 21, -1,
					19, 22, 21, -1,
					21, 22, 23, -1,
					21, 23, 24, -1,
					24, 23, 25, -1,
					24, 25, 26, -1,
					26, 25, 27, -1,
					25, 28, 27, -1,
					27, 28, 29, -1,
					28, 30, 29, -1,
					29, 30, 31, -1,
					29, 31, 32, -1,
					32, 31, 33, -1,
					32, 33, 34, -1,
					34, 33, 35, -1,
					33, 36, 35, -1,
					35, 36, 37, -1,
					35, 37, 38, -1,
					38, 37, 39, -1,
					38, 39, 40, -1,
					40, 39, 41, -1,
					39, 42, 41, -1,
					41, 42, 43, -1,
					41, 43, 44, -1,
					44, 43, 45, -1,
					44, 45, 46, -1,
					46, 45, 7, -1,
					46, 7, 47, -1,
					47, 7, 5, -1
				]
				normal Normal
				{
					vector
					[
						0.863 -0.087 -0.498,
						0.962 -0.087 -0.258,
						0.996 -0.087 -0.000,
						0.962 -0.087 0.258,
						0.863 -0.087 0.498,
						0.704 -0.087 -0.704,
						0.498 -0.087 -0.863,
						0.258 -0.087 -0.962,
						0.000 -0.087 -0.996,
						-0.258 -0.087 -0.962,
						-0.498 -0.087 -0.863,
						-0.704 -0.087 -0.704,
						-0.863 -0.087 -0.498,
						-0.962 -0.087 -0.258,
						-0.996 -0.087 -0.000,
						-0.962 -0.087 0.258,
						-0.863 -0.087 0.498,
						-0.704 -0.087 0.704,
						-0.498 -0.087 0.863,
						-0.258 -0.087 0.962,
						0.000 -0.087 0.996,
						0.258 -0.087 0.962,
						0.498 -0.087 0.863,
						0.704 -0.087 0.704
					]
				}
				normalIndex
				[
					0, 1, 1, -1,
					1, 1, 2, -1,
					1, 2, 2, -1,
					2, 2, 3, -1,
					2, 3, 3, -1,
					3, 3, 4, -1,
					1, 0, 0, -1,
					0, 0, 5, -1,
					0, 5, 5, -1,
					5, 5, 6, -1,
					5, 6, 6, -1,
					6, 6, 7, -1,
					6, 7, 7, -1,
					7, 7, 8, -1,
					7, 8, 8, -1,
					8, 8, 9, -1,
					8, 9, 9, -1,
					9, 9, 10, -1,
					9, 10, 10, -1,
					10, 10, 11, -1,
					10, 11, 11, -1,
					11, 11, 12, -1,
					11, 12, 12, -1,
					12, 12, 13, -1,
					12, 13, 13, -1,
					13, 13, 14, -1,
					13, 14, 14, -1,
					14, 14, 15, -1,
					14, 15, 15, -1,
					15, 15, 16, -1,
					15, 16, 16, -1,
					16, 16, 17, -1,
					16, 17, 17, -1,
					17, 17, 18, -1,
					17, 18, 18, -1,
					18, 18, 19, -1,
					18, 19, 19, -1,
					19, 19, 20, -1,
					19, 20, 20, -1,
					20, 20, 21, -1,
					20, 21, 21, -1,
					21, 21, 22, -1,
					21, 22, 22, -1,
					22, 22, 23, -1,
					22, 23, 23, -1,
					23, 23, 4, -1,
					23, 4, 4, -1,
					4, 4, 3, -1
				]
			}
		}
		Shape
		{
			appearance Appearance
			{
				material Material
				{
					diffuseColor 0.812 0.812 0.812
				}
			}
			geometry IndexedFaceSet
			{
				creaseAngle 0.5
				solid TRUE
				coord Coordinate
				{
					point
					[
						2.147 0.650 -0.140,
						1.905 0.488 0.000,
						2.175 0.650 -0.072,
						2.103 0.650 -0.198,
						2.045 0.650 -0.242,
						1.977 0.650 -0.270,
						1.905 0.650 -0.280,
						1.833 0.650 -0.270,
						1.765 0.650 -0.242,
						1.707 0.650 -0.198,
						1.663 0.650 -0.140,
						1.635 0.650 -0.072,
						1.625 0.650 -0.000,
						1.635 0.650 0.072,
						1.663 0.650 0.140,
						1.707 0.650 0.198,
						1.765 0.650 0.242,
						1.833 0.650 0.270,
						1.905 0.650 0.280,
						1.977 0.650 0.270,
						2.045 0.650 0.242,
						2.147 0.650 0.140,
						2.103 0.650 0.198,
						2.175 0.650 0.072,
						2.185 0.650 0.000
					]
				}
				coordIndex
				[
					0, 1, 2, -1,
					0, 3, 1, -1,
					3, 4, 1, -1,
					4, 5, 1, -1,
					1, 5, 6, -1,
					6, 7, 1, -1,
					7, 8, 1, -1,
					1, 8, 9, -1,
					9, 10, 1, -1,
					10, 11, 1, -1,
					11, 12, 1, -1,
					1, 12, 13, -1,
					13, 14, 1, -1,
					14, 15, 1, -1,
					1, 15, 16, -1,
					16, 17, 1, -1,
					17, 18, 1, -1,
					18, 19, 1, -1,
					1, 19, 20, -1,
					21, 1, 22, -1,
					21, 23, 1, -1,
					23, 24, 1, -1,
					1, 24, 2, -1,
					1, 20, 22, -1
				]
				normal Normal
				{
					vector
					[
						-0.433 0.866 0.250,
						-0.462 0.866 0.191,
						-0.483 0.866 0.129,
						-0.354 0.866 0.354,
						-0.250 0.866 0.433,
						-0.304 0.866 0.397,
						-0.129 0.866 0.483,
						-0.191 0.866 0.462,
						-0.000 0.866 0.500,
						0.129 0.866 0.483,
						0.065 0.866 0.496,
						0.250 0.866 0.433,
						0.191 0.866 0.462,
						0.354 0.866 0.354,
						0.433 0.866 0.250,
						0.397 0.866 0.304,
						0.483 0.866 0.129,
						0.462 0.866 0.191,
						0.500 0.866 0.000,
						0.496 0.866 0.065,
						0.483 0.866 -0.129,
						0.433 0.866 -0.250,
						0.462 0.866 -0.191,
						0.354 0.866 -0.354,
						0.397 0.866 -0.304,
						0.250 0.866 -0.433,
						0.129 0.866 -0.483,
						0.191 0.866 -0.462,
						-0.000 0.866 -0.500,
						0.065 0.866 -0.496,
						-0.129 0.866 -0.483,
						-0.065 0.866 -0.496,
						-0.250 0.866 -0.433,
						-0.433 0.866 -0.250,
						-0.397 0.866 -0.304,
						-0.354 0.866 -0.354,
						-0.483 0.866 -0.129,
						-0.500 0.866 0.000,
						-0.496 0.866 -0.065,
						-0.496 0.866 0.065,
						-0.304 0.866 -0.397
					]
				}
				normalIndex
				[
					0, 1, 2, -1,
					0, 3, 1, -1,
					3, 4, 5, -1,
					4, 6, 7, -1,
					7, 6, 8, -1,
					8, 9, 10, -1,
					9, 11, 12, -1,
					12, 11, 13, -1,
					13, 14, 15, -1,
					14, 16, 17, -1,
					16, 18, 19, -1,
					19, 18, 20, -1,
					20, 21, 22, -1,
					21, 23, 24, -1,
					24, 23, 25, -1,
					25, 26, 27, -1,
					26, 28, 29, -1,
					28, 30, 31, -1,
					31, 30, 32, -1,
					33, 34, 35, -1,
					33, 36, 34, -1,
					36, 37, 38, -1,
					39, 37, 2, -1,
					40, 32, 35, -1
				]
			}
		}
		Shape
		{
			appearance Appearance
			{
				material Material
				{
					diffuseColor 0.812 0.812 0.812
				}
			}
			geometry IndexedFaceSet
			{
				creaseAngle 0.5
				solid TRUE
				coord Coordinate
				{
					point
					[
						2.147 0.650 -0.140,
						2.175 0.650 -0.072,
						2.175 1.378 -0.072,
						2.185 0.650 0.000,
						2.185 1.378 0.000,
						2.175 0.650 0.072,
						2.175 1.378 0.072,
						2.147 1.378 0.140,
						2.147 1.378 -0.140,
						2.103 1.378 -0.198,
						2.103 0.650 -0.198,
						2.045 1.378 -0.242,
						2.045 0.650 -0.242,
						1.977 1.378 -0.270,
						1.977 0.650 -0.270,
						1.905 0.650 -0.280,
						1.905 1.378 -0.280,
						1.833 1.378 -0.270,
						1.833 0.650 -0.270,
						1.765 1.378 -0.242,
						1.765 0.650 -0.242,
						1.707 0.650 -0.198,
						1.707 1.378 -0.198,
						1.663 1.378 -0.140,
						1.663 0.650 -0.140,
						1.635 1.378 -0.072,
						1.635 0.650 -0.072,
						1.625 0.650 -0.000,
						1.625 1.378 -0.000,
						1.635 0.650 0.072,
						1.635 1.378 0.072,
						1.663 1.378 0.140,
						1.663 0.650 0.140,
						1.707 1.378 0.198,
						1.707 0.650 0.198,
						1.765 0.650 0.242,
						1.765 1.378 0.242,
						1.833 1.378 0.270,
						1.833 0.650 0.270,
						1.905 1.378 0.280,
						1.905 0.650 0.280,
						1.977 0.650 0.270,
						1.977 1.378 0.270,
						2.045 1.378 0.242,
						2.045 0.650 0.242,
						2.103 1.378 0.198,
						2.103 0.650 0.198,
						2.147 0.650 0.140
					]
				}
				coordIndex
				[
					0, 1, 2, -1,
					2, 1, 3, -1,
					2, 3, 4, -1,
					4, 3, 5, -1,
					4, 5, 6, -1,
					6, 5, 7, -1,
					2, 8, 0, -1,
					0, 8, 9, -1,
					0, 9, 10, -1,
					10, 9, 11, -1,
					10, 11, 12, -1,
					12, 11, 13, -1,
					12, 13, 14, -1,
					14, 13, 15, -1,
					13, 16, 15, -1,
					15, 16, 17, -1,
					15, 17, 18, -1,
					18, 17, 19, -1,
					18, 19, 20, -1,
					20, 19, 21, -1,
					19, 22, 21, -1,
					21, 22, 23, -1,
					21, 23, 24, -1,
					24, 23, 25, -1,
					24, 25, 26, -1,
					26, 25, 27, -1,
					25, 28, 27, -1,
					27, 28, 29, -1,
					28, 30, 29, -1,
					29, 30, 31, -1,
					29, 31, 32, -1,
					32, 31, 33, -1,
					32, 33, 34, -1,
					34, 33, 35, -1,
					33, 36, 35, -1,
					35, 36, 37, -1,
					35, 37, 38, -1,
					38, 37, 39, -1,
					38, 39, 40, -1,
					40, 39, 41, -1,
					39, 42, 41, -1,
					41, 42, 43, -1,
					41, 43, 44, -1,
					44, 43, 45, -1,
					44, 45, 46, -1,
					46, 45, 7, -1,
					46, 7, 47, -1,
					47, 7, 5, -1
				]
				normal Normal
				{
					vector
					[
						-0.866 -0.000 0.500,
						-0.966 -0.000 0.259,
						-1.000 -0.000 -0.000,
						-0.966 -0.000 -0.259,
						-0.866 -0.000 -0.500,
						-0.707 -0.000 0.707,
						-0.500 -0.000 0.866,
						-0.259 -0.000 0.966,
						-0.000 -0.000 1.000,
						0.259 -0.000 0.966,
						0.500 -0.000 0.866,
						0.707 -0.000 0.707,
						0.866 -0.000 0.500,
						0.966 -0.000 0.259,
						1.000 -0.000 0.000,
						0.966 -0.000 -0.259,
						0.866 -0.000 -0.500,
						0.707 -0.000 -0.707,
						0.500 -0.000 -0.866,
						0.259 -0.000 -0.966,
						-0.000 -0.000 -1.000,
						-0.259 -0.000 -0.966,
						-0.500 -0.000 -0.866,
						-0.707 -0.000 -0.707
					]
				}
				normalIndex
				[
					0, 1, 1, -1,
					1, 1, 2, -1,
					1, 2, 2, -1,
					2, 2, 3, -1,
					2, 3, 3, -1,
					3, 3, 4, -1,
					1, 0, 0, -1,
					0, 0, 5, -1,
					0, 5, 5, -1,
					5, 5, 6, -1,
					5, 6, 6, -1,
					6, 6, 7, -1,
					6, 7, 7, -1,
					7, 7, 8, -1,
					7, 8, 8, -1,
					8, 8, 9, -1,
					8, 9, 9, -1,
					9, 9, 10, -1,
					9, 10, 10, -1,
					10, 10, 11, -1,
					10, 11, 11, -1,
					11, 11, 12, -1,
					11, 12, 12, -1,
					12, 12, 13, -1,
					12, 13, 13, -1,
					13, 13, 14, -1,
					13, 14, 14, -1,
					14, 14, 15, -1,
					14, 15, 15, -1,
					15, 15, 16, -1,
					15, 16, 16, -1,
					16, 16, 17, -1,
					16, 17, 17, -1,
					17, 17, 18, -1,
					17, 18, 18, -1,
					18, 18, 19, -1,
					18, 19, 19, -1,
					19, 19, 20, -1,
					19, 20, 20, -1,
					20, 20, 21, -1,
					20, 21, 21, -1,
					21, 21, 22, -1,
					21, 22, 22, -1,
					22, 22, 23, -1,
					22, 23, 23, -1,
					23, 23, 4, -1,
					23, 4, 4, -1,
					4, 4, 3, -1
				]
			}
		}
		Shape
		{
			appearance Appearance
			{
				material Material
				{
					diffuseColor 0.000 0.000 0.000
				}
			}
			geometry IndexedFaceSet
			{
				creaseAngle 0.5
				solid TRUE
				coord Coordinate
				{
					point
					[
						2.036 1.612 -0.075,
						2.051 1.612 -0.039,
						2.188 3.200 -0.076,
						2.056 1.612 0.000,
						2.197 3.200 0.000,
						2.051 1.612 0.039,
						2.188 3.200 0.076,
						2.158 3.200 0.146,
						2.158 3.200 -0.146,
						2.112 3.200 -0.207,
						2.012 1.612 -0.107,
						2.051 3.200 -0.253,
						1.980 1.612 -0.131,
						1.981 3.200 -0.283,
						1.944 1.612 -0.146,
						1.905 1.612 -0.151,
						1.905 3.200 -0.292,
						1.829 3.200 -0.283,
						1.866 1.612 -0.146,
						1.759 3.200 -0.253,
						1.830 1.612 -0.131,
						1.798 1.612 -0.107,
						1.698 3.200 -0.207,
						1.652 3.200 -0.146,
						1.774 1.612 -0.075,
						1.622 3.200 -0.076,
						1.759 1.612 -0.039,
						1.754 1.612 -0.000,
						1.612 3.200 -0.000,
						1.759 1.612 0.039,
						1.622 3.200 0.076,
						1.652 3.200 0.146,
						1.774 1.612 0.075,
						1.698 3.200 0.207,
						1.798 1.612 0.107,
						1.830 1.612 0.131,
						1.759 3.200 0.253,
						1.829 3.200 0.283,
						1.866 1.612 0.146,
						1.905 3.200 0.292,
						1.905 1.612 0.151,
						1.944 1.612 0.146,
						1.981 3.200 0.283,
						2.051 3.200 0.253,
						1.980 1.612 0.131,
						2.112 3.200 0.207,
						2.012 1.612 0.107,
						2.036 1.612 0.075
					]
				}
				coordIndex
				[
					0, 1, 2, -1,
					2, 1, 3, -1,
					2, 3, 4, -1,
					4, 3, 5, -1,
					4, 5, 6, -1,
					6, 5, 7, -1,
					2, 8, 0, -1,
					0, 8, 9, -1,
					0, 9, 10, -1,
					10, 9, 11, -1,
					10, 11, 12, -1,
					12, 11, 13, -1,
					12, 13, 14, -1,
					14, 13, 15, -1,
					13, 16, 15, -1,
					15, 16, 17, -1,
					15, 17, 18, -1,
					18, 17, 19, -1,
					18, 19, 20, -1,
					20, 19, 21, -1,
					19, 22, 21, -1,
					21, 22, 23, -1,
					21, 23, 24, -1,
					24, 23, 25, -1,
					24, 25, 26, -1,
					26, 25, 27, -1,
					25, 28, 27, -1,
					27, 28, 29, -1,
					28, 30, 29, -1,
					29, 30, 31, -1,
					29, 31, 32, -1,
					32, 31, 33, -1,
					32, 33, 34, -1,
					34, 33, 35, -1,
					33, 36, 35, -1,
					35, 36, 37, -1,
					35, 37, 38, -1,
					38, 37, 39, -1,
					38, 39, 40, -1,
					40, 39, 41, -1,
					39, 42, 41, -1,
					41, 42, 43, -1,
					41, 43, 44, -1,
					44, 43, 45, -1,
					44, 45, 46, -1,
					46, 45, 7, -1,
					46, 7, 47, -1,
					47, 7, 5, -1
				]
				normal Normal
				{
					vector
					[
						-0.863 0.089 0.498,
						-0.962 0.089 0.258,
						-0.996 0.089 0.000,
						-0.962 0.089 -0.258,
						-0.863 0.089 -0.498,
						-0.704 0.089 0.704,
						-0.498 0.089 0.863,
						-0.258 0.089 0.962,
						-0.000 0.089 0.996,
						0.258 0.089 0.962,
						0.498 0.089 0.863,
						0.704 0.089 0.704,
						0.863 0.089 0.498,
						0.962 0.089 0.258,
						0.996 0.089 0.000,
						0.962 0.089 -0.258,
						0.863 0.089 -0.498,
						0.704 0.089 -0.704,
						0.498 0.089 -0.863,
						0.258 0.089 -0.962,
						-0.000 0.089 -0.996,
						-0.258 0.089 -0.962,
						-0.498 0.089 -0.863,
						-0.704 0.089 -0.704
					]
				}
				normalIndex
				[
					0, 1, 1, -1,
					1, 1, 2, -1,
					1, 2, 2, -1,
					2, 2, 3, -1,
					2, 3, 3, -1,
					3, 3, 4, -1,
					1, 0, 0, -1,
					0, 0, 5, -1,
					0, 5, 5, -1,
					5, 5, 6, -1,
					5, 6, 6, -1,
					6, 6, 7, -1,
					6, 7, 7, -1,
					7, 7, 8, -1,
					7, 8, 8, -1,
					8, 8, 9, -1,
					8, 9, 9, -1,
					9, 9, 10, -1,
					9, 10, 10, -1,
					10, 10, 11, -1,
					10, 11, 11, -1,
					11, 11, 12, -1,
					11, 12, 12, -1,
					12, 12, 13, -1,
					12, 13, 13, -1,
					13, 13, 14, -1,
					13, 14, 14, -1,
					14, 14, 15, -1,
					14, 15, 15, -1,
					15, 15, 16, -1,
					15, 16, 16, -1,
					16, 16, 17, -1,
					16, 17, 17, -1,
					17, 17, 18, -1,
					17, 18, 18, -1,
					18, 18, 19, -1,
					18, 19, 19, -1,
					19, 19, 20, -1,
					19, 20, 20, -1,
					20, 20, 21, -1,
					20, 21, 21, -1,
					21, 21, 22, -1,
					21, 22, 22, -1,
					22, 22, 23, -1,
					22, 23, 23, -1,
					23, 23, 4, -1,
					23, 4, 4, -1,
					4, 4, 3, -1
				]
			}
		}
		Shape
		{
			appearance Appearance
			{
				material Material
				{
					diffuseColor 0.000 0.000 0.000
				}
			}
			geometry IndexedFaceSet
			{
				creaseAngle 0.5
				solid TRUE
				coord Coordinate
				{
					point
					[
						2.158 3.200 -0.146,
						2.188 3.200 -0.076,
						2.188 3.635 -0.076,
						2.197 3.200 0.000,
						2.197 3.635 0.000,
						2.188 3.200 0.076,
						2.188 3.635 0.076,
						2.158 3.635 0.146,
						2.158 3.635 -0.146,
						2.112 3.635 -0.207,
						2.112 3.200 -0.207,
						2.051 3.635 -0.253,
						2.051 3.200 -0.253,
						1.981 3.635 -0.283,
						1.981 3.200 -0.283,
						1.905 3.200 -0.292,
						1.905 3.635 -0.292,
						1.829 3.635 -0.283,
						1.829 3.200 -0.283,
						1.759 3.635 -0.253,
						1.759 3.200 -0.253,
						1.698 3.200 -0.207,
						1.698 3.635 -0.207,
						1.652 3.635 -0.146,
						1.652 3.200 -0.146,
						1.622 3.635 -0.076,
						1.622 3.200 -0.076,
						1.612 3.200 -0.000,
						1.612 3.635 -0.000,
						1.622 3.200 0.076,
						1.622 3.635 0.076,
						1.652 3.635 0.146,
						1.652 3.200 0.146,
						1.698 3.635 0.207,
						1.698 3.200 0.207,
						1.759 3.200 0.253,
						1.759 3.635 0.253,
						1.829 3.635 0.283,
						1.829 3.200 0.283,
						1.905 3.635 0.292,
						1.905 3.200 0.292,
						1.981 3.200 0.283,
						1.981 3.635 0.283,
						2.051 3.635 0.253,
						2.051 3.200 0.253,
						2.112 3.635 0.207,
						2.112 3.200 0.207,
						2.158 3.200 0.146
					]
				}
				coordIndex
				[
					0, 1, 2, -1,
					2, 1, 3, -1,
					2, 3, 4, -1,
					4, 3, 5, -1,
					4, 5, 6, -1,
					6, 5, 7, -1,
					2, 8, 0, -1,
					0, 8, 9, -1,
					0, 9, 10, -1,
					10, 9, 11, -1,
					10, 11, 12, -1,
					12, 11, 13, -1,
					12, 13, 14, -1,
					14, 13, 15, -1,
					13, 16, 15, -1,
					15, 16, 17, -1,
					15, 17, 18, -1,
					18, 17, 19, -1,
					18, 19, 20, -1,
					20, 19, 21, -1,
					19, 22, 21, -1,
					21, 22, 23, -1,
					21, 23, 24, -1,
					24, 23, 25, -1,
					24, 25, 26, -1,
					26, 25, 27, -1,
					25, 28, 27, -1,
					27, 28, 29, -1,
					28, 30, 29, -1,
					29, 30, 31, -1,
					29, 31, 32, -1,
					32, 31, 33, -1,
					32, 33, 34, -1,
					34, 33, 35, -1,
					33, 36, 35, -1,
					35, 36, 37, -1,
					35, 37, 38, -1,
					38, 37, 39, -1,
					38, 39, 40, -1,
					40, 39, 41, -1,
					39, 42, 41, -1,
					41, 42, 43, -1,
					41, 43, 44, -1,
					44, 43, 45, -1,
					44, 45, 46, -1,
					46, 45, 7, -1,
					46, 7, 47, -1,
					47, 7, 5, -1
				]
				normal Normal
				{
					vector
					[
						-0.866 -0.000 0.500,
						-0.966 -0.000 0.259,
						-1.000 -0.000 -0.000,
						-0.966 -0.000 -0.259,
						-0.866 -0.000 -0.500,
						-0.707 -0.000 0.707,
						-0.500 -0.000 0.866,
						-0.259 -0.000 0.966,
						-0.000 -0.000 1.000,
						0.259 -0.000 0.966,
						0.500 -0.000 0.866,
						0.707 -0.000 0.707,
						0.866 -0.000 0.500,
						0.966 -0.000 0.259,
						1.000 -0.000 0.000,
						0.966 -0.000 -0.259,
						0.866 -0.000 -0.500,
						0.707 -0.000 -0.707,
						0.500 -0.000 -0.866,
						0.259 -0.000 -0.966,
						-0.000 -0.000 -1.000,
						-0.259 -0.000 -0.966,
						-0.500 -0.000 -0.866,
						-0.707 -0.000 -0.707
					]
				}
				normalIndex
				[
					0, 1, 1, -1,
					1, 1, 2, -1,
					1, 2, 2, -1,
					2, 2, 3, -1,
					2, 3, 3, -1,
					3, 3, 4, -1,
					1, 0, 0, -1,
					0, 0, 5, -1,
					0, 5, 5, -1,
					5, 5, 6, -1,
					5, 6, 6, -1,
					6, 6, 7, -1,
					6, 7, 7, -1,
					7, 7, 8, -1,
					7, 8, 8, -1,
					8, 8, 9, -1,
					8, 9, 9, -1,
					9, 9, 10, -1,
					9, 10, 10, -1,
					10, 10, 11, -1,
					10, 11, 11, -1,
					11, 11, 12, -1,
					11, 12, 12, -1,
					12, 12, 13, -1,
					12, 13, 13, -1,
					13, 13, 14, -1,
					13, 14, 14, -1,
					14, 14, 15, -1,
					14, 15, 15, -1,
					15, 15, 16, -1,
					15, 16, 16, -1,
					16, 16, 17, -1,
					16, 17, 17, -1,
					17, 17, 18, -1,
					17, 18, 18, -1,
					18, 18, 19, -1,
					18, 19, 19, -1,
					19, 19, 20, -1,
					19, 20, 20, -1,
					20, 20, 21, -1,
					20, 21, 21, -1,
					21, 21, 22, -1,
					21, 22, 22, -1,
					22, 22, 23, -1,
					22, 23, 23, -1,
					23, 23, 4, -1,
					23, 4, 4, -1,
					4, 4, 3, -1
				]
			}
		}
		Shape
		{
			appearance Appearance
			{
				material Material
				{
					diffuseColor 0.000 0.000 0.000
				}
			}
			geometry IndexedFaceSet
			{
				creaseAngle 0.5
				solid TRUE
				coord Coordinate
				{
					point
					[
						2.158 3.635 -0.146,
						2.188 3.635 -0.076,
						2.238 3.700 -0.089,
						2.197 3.635 0.000,
						2.250 3.700 0.000,
						2.188 3.635 0.076,
						2.238 3.700 0.089,
						2.204 3.700 0.172,
						2.204 3.700 -0.172,
						2.149 3.700 -0.244,
						2.112 3.635 -0.207,
						2.078 3.700 -0.299,
						2.051 3.635 -0.253,
						1.994 3.700 -0.333,
						1.981 3.635 -0.283,
						1.905 3.635 -0.292,
						1.905 3.700 -0.345,
						1.816 3.700 -0.333,
						1.829 3.635 -0.283,
						1.732 3.700 -0.299,
						1.759 3.635 -0.253,
						1.698 3.635 -0.207,
						1.661 3.700 -0.244,
						1.606 3.700 -0.172,
						1.652 3.635 -0.146,
						1.572 3.700 -0.089,
						1.622 3.635 -0.076,
						1.612 3.635 -0.000,
						1.560 3.700 -0.000,
						1.622 3.635 0.076,
						1.572 3.700 0.089,
						1.606 3.700 0.172,
						1.652 3.635 0.146,
						1.661 3.700 0.244,
						1.698 3.635 0.207,
						1.759 3.635 0.253,
						1.732 3.700 0.299,
						1.816 3.700 0.333,
						1.829 3.635 0.283,
						1.905 3.700 0.345,
						1.905 3.635 0.292,
						1.981 3.635 0.283,
						1.994 3.700 0.333,
						2.078 3.700 0.299,
						2.051 3.635 0.253,
						2.149 3.700 0.244,
						2.112 3.635 0.207,
						2.158 3.635 0.146
					]
				}
				coordIndex
				[
					0, 1, 2, -1,
					2, 1, 3, -1,
					2, 3, 4, -1,
					4, 3, 5, -1,
					4, 5, 6, -1,
					6, 5, 7, -1,
					2, 8, 0, -1,
					0, 8, 9, -1,
					0, 9, 10, -1,
					10, 9, 11, -1,
					10, 11, 12, -1,
					12, 11, 13, -1,
					12, 13, 14, -1,
					14, 13, 15, -1,
					13, 16, 15, -1,
					15, 16, 17, -1,
					15, 17, 18, -1,
					18, 17, 19, -1,
					18, 19, 20, -1,
					20, 19, 21, -1,
					19, 22, 21, -1,
					21, 22, 23, -1,
					21, 23, 24, -1,
					24, 23, 25, -1,
					24, 25, 26, -1,
					26, 25, 27, -1,
					25, 28, 27, -1,
					27, 28, 29, -1,
					28, 30, 29, -1,
					29, 30, 31, -1,
					29, 31, 32, -1,
					32, 31, 33, -1,
					32, 33, 34, -1,
					34, 33, 35, -1,
					33, 36, 35, -1,
					35, 36, 37, -1,
					35, 37, 38, -1,
					38, 37, 39, -1,
					38, 39, 40, -1,
					40, 39, 41, -1,
					39, 42, 41, -1,
					41, 42, 43, -1,
					41, 43, 44, -1,
					44, 43, 45, -1,
					44, 45, 46, -1,
					46, 45, 7, -1,
					46, 7, 47, -1,
					47, 7, 5, -1
				]
				normal Normal
				{
					vector
					[
						-0.674 0.628 0.389,
						-0.751 0.628 0.201,
						-0.778 0.628 0.000,
						-0.751 0.628 -0.201,
						-0.674 0.628 -0.389,
						-0.550 0.628 0.550,
						-0.389 0.628 0.674,
						-0.201 0.628 0.751,
						-0.000 0.628 0.778,
						0.201 0.628 0.751,
						0.389 0.628 0.674,
						0.550 0.628 0.550,
						0.674 0.628 0.389,
						0.751 0.628 0.201,
						0.778 0.628 0.000,
						0.751 0.628 -0.201,
						0.674 0.628 -0.389,
						0.550 0.628 -0.550,
						0.389 0.628 -0.674,
						0.201 0.628 -0.751,
						-0.000 0.628 -0.778,
						-0.201 0.628 -0.751,
						-0.389 0.628 -0.674,
						-0.550 0.628 -0.550
					]
				}
				normalIndex
				[
					0, 1, 1, -1,
					1, 1, 2, -1,
					1, 2, 2, -1,
					2, 2, 3, -1,
					2, 3, 3, -1,
					3, 3, 4, -1,
					1, 0, 0, -1,
					0, 0, 5, -1,
					0, 5, 5, -1,
					5, 5, 6, -1,
					5, 6, 6, -1,
					6, 6, 7, -1,
					6, 7, 7, -1,
					7, 7, 8, -1,
					7, 8, 8, -1,
					8, 8, 9, -1,
					8, 9, 9, -1,
					9, 9, 10, -1,
					9, 10, 10, -1,
					10, 10, 11, -1,
					10, 11, 11, -1,
					11, 11, 12, -1,
					11, 12, 12, -1,
					12, 12, 13, -1,
					12, 13, 13, -1,
					13, 13, 14, -1,
					13, 14, 14, -1,
					14, 14, 15, -1,
					14, 15, 15, -1,
					15, 15, 16, -1,
					15, 16, 16, -1,
					16, 16, 17, -1,
					16, 17, 17, -1,
					17, 17, 18, -1,
					17, 18, 18, -1,
					18, 18, 19, -1,
					18, 19, 19, -1,
					19, 19, 20, -1,
					19, 20, 20, -1,
					20, 20, 21, -1,
					20, 21, 21, -1,
					21, 21, 22, -1,
					21, 22, 22, -1,
					22, 22, 23, -1,
					22, 23, 23, -1,
					23, 23, 4, -1,
					23, 4, 4, -1,
					4, 4, 3, -1
				]
			}
		}
		Shape
		{
			appearance Appearance
			{
				material Material
				{
					diffuseColor 0.000 0.000 0.000
				}
			}
			geometry IndexedFaceSet
			{
				creaseAngle 0.5
				solid TRUE
				coord Coordinate
				{
					point
					[
						1.905 3.700 -0.385,
						1.905 3.700 -0.345,
						2.005 3.700 -0.372,
						1.994 3.700 -0.333,
						2.098 3.700 -0.333,
						2.078 3.700 -0.299,
						2.177 3.700 -0.272,
						2.149 3.700 -0.244,
						2.238 3.700 -0.192,
						2.204 3.700 -0.172,
						2.277 3.700 -0.100,
						2.238 3.700 -0.089,
						2.290 3.700 0.000,
						2.250 3.700 0.000,
						2.277 3.700 0.100,
						2.238 3.700 0.089,
						2.204 3.700 0.172,
						1.805 3.700 -0.372,
						1.816 3.700 -0.333,
						1.712 3.700 -0.333,
						1.732 3.700 -0.299,
						1.633 3.700 -0.272,
						1.661 3.700 -0.244,
						1.572 3.700 -0.192,
						1.606 3.700 -0.172,
						1.533 3.700 -0.100,
						1.572 3.700 -0.089,
						1.520 3.700 -0.000,
						1.560 3.700 -0.000,
						1.572 3.700 0.089,
						1.533 3.700 0.100,
						1.606 3.700 0.172,
						1.572 3.700 0.192,
						1.661 3.700 0.244,
						1.633 3.700 0.272,
						1.732 3.700 0.299,
						1.712 3.700 0.333,
						1.816 3.700 0.333,
						1.805 3.700 0.372,
						1.905 3.700 0.345,
						1.905 3.700 0.385,
						2.005 3.700 0.372,
						1.994 3.700 0.333,
						2.098 3.700 0.333,
						2.078 3.700 0.299,
						2.177 3.700 0.272,
						2.149 3.700 0.244,
						2.238 3.700 0.192
					]
				}
				coordIndex
				[
					0, 1, 2, -1,
					2, 1, 3, -1,
					2, 3, 4, -1,
					4, 3, 5, -1,
					4, 5, 6, -1,
					6, 5, 7, -1,
					6, 7, 8, -1,
					8, 7, 9, -1,
					8, 9, 10, -1,
					10, 9, 11, -1,
					10, 11, 12, -1,
					12, 11, 13, -1,
					12, 13, 14, -1,
					14, 13, 15, -1,
					14, 15, 16, -1,
					0, 17, 1, -1,
					1, 17, 18, -1,
					17, 19, 18, -1,
					18, 19, 20, -1,
					19, 21, 20, -1,
					20, 21, 22, -1,
					21, 23, 22, -1,
					22, 23, 24, -1,
					23, 25, 24, -1,
					24, 25, 26, -1,
					25, 27, 26, -1,
					26, 27, 28, -1,
					28, 27, 29, -1,
					29, 27, 30, -1,
					29, 30, 31, -1,
					31, 30, 32, -1,
					31, 32, 33, -1,
					33, 32, 34, -1,
					33, 34, 35, -1,
					35, 34, 36, -1,
					35, 36, 37, -1,
					37, 36, 38, -1,
					37, 38, 39, -1,
					39, 38, 40, -1,
					39, 40, 41, -1,
					39, 41, 42, -1,
					42, 41, 43, -1,
					42, 43, 44, -1,
					44, 43, 45, -1,
					44, 45, 46, -1,
					46, 45, 47, -1,
					46, 47, 16, -1,
					16, 47, 14, -1
				]
				normal Normal
				{
					vector
					[
						0.000 1.000 0.000
					]
				}
				normalIndex
				[
					0, 0, 0, -1,
					0, 0, 0, -1,
					0, 0, 0, -1,
					0, 0, 0, -1,
					0, 0, 0, -1,
					0, 0, 0, -1,
					0, 0, 0, -1,
					0, 0, 0, -1,
					0, 0, 0, -1,
					0, 0, 0, -1,
					0, 0, 0, -1,
					0, 0, 0, -1,
					0, 0, 0, -1,
					0, 0, 0, -1,
					0, 0, 0, -1,
					0, 0, 0, -1,
					0, 0, 0, -1,
					0, 0, 0, -1,
					0, 0, 0, -1,
					0, 0, 0, -1,
					0, 0, 0, -1,
					0, 0, 0, -1,
					0, 0, 0, -1,
					0, 0, 0, -1,
					0, 0, 0, -1,
					0, 0, 0, -1,
					0, 0, 0, -1,
					0, 0, 0, -1,
					0, 0, 0, -1,
					0, 0, 0, -1,
					0, 0, 0, -1,
					0, 0, 0, -1,
					0, 0, 0, -1,
					0, 0, 0, -1,
					0, 0, 0, -1,
					0, 0, 0, -1,
					0, 0, 0, -1,
					0, 0, 0, -1,
					0, 0, 0, -1,
					0, 0, 0, -1,
					0, 0, 0, -1,
					0, 0, 0, -1,
					0, 0, 0, -1,
					0, 0, 0, -1,
					0, 0, 0, -1,
					0, 0, 0, -1,
					0, 0, 0, -1,
					0, 0, 0, -1
				]
			}
		}
		Shape
		{
			appearance Appearance
			{
				material Material
				{
					diffuseColor 0.000 0.000 0.000
				}
			}
			geometry IndexedFaceSet
			{
				creaseAngle 0.5
				solid TRUE
				coord Coordinate
				{
					point
					[
						2.238 3.700 -0.192,
						2.277 3.700 -0.100,
						2.277 3.784 -0.100,
						2.290 3.700 0.000,
						2.290 3.784 0.000,
						2.277 3.700 0.100,
						2.277 3.784 0.100,
						2.238 3.784 0.192,
						2.238 3.784 -0.192,
						2.177 3.784 -0.272,
						2.177 3.700 -0.272,
						2.098 3.784 -0.333,
						2.098 3.700 -0.333,
						2.005 3.784 -0.372,
						2.005 3.700 -0.372,
						1.905 3.700 -0.385,
						1.905 3.784 -0.385,
						1.805 3.784 -0.372,
						1.805 3.700 -0.372,
						1.712 3.784 -0.333,
						1.712 3.700 -0.333,
						1.633 3.700 -0.272,
						1.633 3.784 -0.272,
						1.572 3.784 -0.192,
						1.572 3.700 -0.192,
						1.533 3.784 -0.100,
						1.533 3.700 -0.100,
						1.520 3.700 -0.000,
						1.520 3.784 -0.000,
						1.533 3.700 0.100,
						1.533 3.784 0.100,
						1.572 3.784 0.192,
						1.572 3.700 0.192,
						1.633 3.784 0.272,
						1.633 3.700 0.272,
						1.712 3.700 0.333,
						1.712 3.784 0.333,
						1.805 3.784 0.372,
						1.805 3.700 0.372,
						1.905 3.784 0.385,
						1.905 3.700 0.385,
						2.005 3.700 0.372,
						2.005 3.784 0.372,
						2.098 3.784 0.333,
						2.098 3.700 0.333,
						2.177 3.784 0.272,
						2.177 3.700 0.272,
						2.238 3.700 0.192
					]
				}
				coordIndex
				[
					0, 1, 2, -1,
					2, 1, 3, -1,
					2, 3, 4, -1,
					4, 3, 5, -1,
					4, 5, 6, -1,
					6, 5, 7, -1,
					2, 8, 0, -1,
					0, 8, 9, -1,
					0, 9, 10, -1,
					10, 9, 11, -1,
					10, 11, 12, -1,
					12, 11, 13, -1,
					12, 13, 14, -1,
					14, 13, 15, -1,
					13, 16, 15, -1,
					15, 16, 17, -1,
					15, 17, 18, -1,
					18, 17, 19, -1,
					18, 19, 20, -1,
					20, 19, 21, -1,
					19, 22, 21, -1,
					21, 22, 23, -1,
					21, 23, 24, -1,
					24, 23, 25, -1,
					24, 25, 26, -1,
					26, 25, 27, -1,
					25, 28, 27, -1,
					27, 28, 29, -1,
					28, 30, 29, -1,
					29, 30, 31, -1,
					29, 31, 32, -1,
					32, 31, 33, -1,
					32, 33, 34, -1,
					34, 33, 35, -1,
					33, 36, 35, -1,
					35, 36, 37, -1,
					35, 37, 38, -1,
					38, 37, 39, -1,
					38, 39, 40, -1,
					40, 39, 41, -1,
					39, 42, 41, -1,
					41, 42, 43, -1,
					41, 43, 44, -1,
					44, 43, 45, -1,
					44, 45, 46, -1,
					46, 45, 7, -1,
					46, 7, 47, -1,
					47, 7, 5, -1
				]
				normal Normal
				{
					vector
					[
						-0.866 -0.000 0.500,
						-0.966 -0.000 0.259,
						-1.000 -0.000 -0.000,
						-0.966 -0.000 -0.259,
						-0.866 -0.000 -0.500,
						-0.707 -0.000 0.707,
						-0.500 -0.000 0.866,
						-0.259 -0.000 0.966,
						-0.000 -0.000 1.000,
						0.259 -0.000 0.966,
						0.500 -0.000 0.866,
						0.707 -0.000 0.707,
						0.866 -0.000 0.500,
						0.966 -0.000 0.259,
						1.000 -0.000 0.000,
						0.966 -0.000 -0.259,
						0.866 -0.000 -0.500,
						0.707 -0.000 -0.707,
						0.500 -0.000 -0.866,
						0.259 -0.000 -0.966,
						-0.000 -0.000 -1.000,
						-0.259 -0.000 -0.966,
						-0.500 -0.000 -0.866,
						-0.707 -0.000 -0.707
					]
				}
				normalIndex
				[
					0, 1, 1, -1,
					1, 1, 2, -1,
					1, 2, 2, -1,
					2, 2, 3, -1,
					2, 3, 3, -1,
					3, 3, 4, -1,
					1, 0, 0, -1,
					0, 0, 5, -1,
					0, 5, 5, -1,
					5, 5, 6, -1,
					5, 6, 6, -1,
					6, 6, 7, -1,
					6, 7, 7, -1,
					7, 7, 8, -1,
					7, 8, 8, -1,
					8, 8, 9, -1,
					8, 9, 9, -1,
					9, 9, 10, -1,
					9, 10, 10, -1,
					10, 10, 11, -1,
					10, 11, 11, -1,
					11, 11, 12, -1,
					11, 12, 12, -1,
					12, 12, 13, -1,
					12, 13, 13, -1,
					13, 13, 14, -1,
					13, 14, 14, -1,
					14, 14, 15, -1,
					14, 15, 15, -1,
					15, 15, 16, -1,
					15, 16, 16, -1,
					16, 16, 17, -1,
					16, 17, 17, -1,
					17, 17, 18, -1,
					17, 18, 18, -1,
					18, 18, 19, -1,
					18, 19, 19, -1,
					19, 19, 20, -1,
					19, 20, 20, -1,
					20, 20, 21, -1,
					20, 21, 21, -1,
					21, 21, 22, -1,
					21, 22, 22, -1,
					22, 22, 23, -1,
					22, 23, 23, -1,
					23, 23, 4, -1,
					23, 4, 4, -1,
					4, 4, 3, -1
				]
			}
		}
		Shape
		{
			appearance Appearance
			{
				material Material
				{
					diffuseColor 0.000 0.000 0.000
				}
			}
			geometry IndexedFaceSet
			{
				creaseAngle 0.5
				solid TRUE
				coord Coordinate
				{
					point
					[
						2.238 3.784 -0.192,
						2.277 3.784 -0.100,
						2.388 4.100 -0.129,
						2.290 3.784 0.000,
						2.405 4.100 0.000,
						2.277 3.784 0.100,
						2.388 4.100 0.129,
						2.338 4.100 0.250,
						2.338 4.100 -0.250,
						2.259 4.100 -0.354,
						2.177 3.784 -0.272,
						2.155 4.100 -0.433,
						2.098 3.784 -0.333,
						2.034 4.100 -0.483,
						2.005 3.784 -0.372,
						1.905 3.784 -0.385,
						1.905 4.100 -0.500,
						1.776 4.100 -0.483,
						1.805 3.784 -0.372,
						1.655 4.100 -0.433,
						1.712 3.784 -0.333,
						1.633 3.784 -0.272,
						1.551 4.100 -0.354,
						1.472 4.100 -0.250,
						1.572 3.784 -0.192,
						1.422 4.100 -0.129,
						1.533 3.784 -0.100,
						1.520 3.784 -0.000,
						1.405 4.100 0.000,
						1.533 3.784 0.100,
						1.422 4.100 0.129,
						1.472 4.100 0.250,
						1.572 3.784 0.192,
						1.551 4.100 0.354,
						1.633 3.784 0.272,
						1.712 3.784 0.333,
						1.655 4.100 0.433,
						1.776 4.100 0.483,
						1.805 3.784 0.372,
						1.905 4.100 0.500,
						1.905 3.784 0.385,
						2.005 3.784 0.372,
						2.034 4.100 0.483,
						2.155 4.100 0.433,
						2.098 3.784 0.333,
						2.259 4.100 0.354,
						2.177 3.784 0.272,
						2.238 3.784 0.192
					]
				}
				coordIndex
				[
					0, 1, 2, -1,
					2, 1, 3, -1,
					2, 3, 4, -1,
					4, 3, 5, -1,
					4, 5, 6, -1,
					6, 5, 7, -1,
					2, 8, 0, -1,
					0, 8, 9, -1,
					0, 9, 10, -1,
					10, 9, 11, -1,
					10, 11, 12, -1,
					12, 11, 13, -1,
					12, 13, 14, -1,
					14, 13, 15, -1,
					13, 16, 15, -1,
					15, 16, 17, -1,
					15, 17, 18, -1,
					18, 17, 19, -1,
					18, 19, 20, -1,
					20, 19, 21, -1,
					19, 22, 21, -1,
					21, 22, 23, -1,
					21, 23, 24, -1,
					24, 23, 25, -1,
					24, 25, 26, -1,
					26, 25, 27, -1,
					25, 28, 27, -1,
					27, 28, 29, -1,
					28, 30, 29, -1,
					29, 30, 31, -1,
					29, 31, 32, -1,
					32, 31, 33, -1,
					32, 33, 34, -1,
					34, 33, 35, -1,
					33, 36, 35, -1,
					35, 36, 37, -1,
					35, 37, 38, -1,
					38, 37, 39, -1,
					38, 39, 40, -1,
					40, 39, 41, -1,
					39, 42, 41, -1,
					41, 42, 43, -1,
					41, 43, 44, -1,
					44, 43, 45, -1,
					44, 45, 46, -1,
					46, 45, 7, -1,
					46, 7, 47, -1,
					47, 7, 5, -1
				]
				normal Normal
				{
					vector
					[
						-0.814 0.342 0.470,
						-0.908 0.342 0.243,
						-0.940 0.342 0.000,
						-0.908 0.342 -0.243,
						-0.814 0.342 -0.470,
						-0.664 0.342 0.664,
						-0.470 0.342 0.814,
						-0.243 0.342 0.908,
						-0.000 0.342 0.940,
						0.243 0.342 0.908,
						0.470 0.342 0.814,
						0.664 0.342 0.664,
						0.814 0.342 0.470,
						0.908 0.342 0.243,
						0.940 0.342 0.000,
						0.908 0.342 -0.243,
						0.814 0.342 -0.470,
						0.664 0.342 -0.664,
						0.470 0.342 -0.814,
						0.243 0.342 -0.908,
						-0.000 0.342 -0.940,
						-0.243 0.342 -0.908,
						-0.470 0.342 -0.814,
						-0.664 0.342 -0.664
					]
				}
				normalIndex
				[
					0, 1, 1, -1,
					1, 1, 2, -1,
					1, 2, 2, -1,
					2, 2, 3, -1,
					2, 3, 3, -1,
					3, 3, 4, -1,
					1, 0, 0, -1,
					0, 0, 5, -1,
					0, 5, 5, -1,
					5, 5, 6, -1,
					5, 6, 6, -1,
					6, 6, 7, -1,
					6, 7, 7, -1,
					7, 7, 8, -1,
					7, 8, 8, -1,
					8, 8, 9, -1,
					8, 9, 9, -1,
					9, 9, 10, -1,
					9, 10, 10, -1,
					10, 10, 11, -1,
					10, 11, 11, -1,
					11, 11, 12, -1,
					11, 12, 12, -1,
					12, 12, 13, -1,
					12, 13, 13, -1,
					13, 13, 14, -1,
					13, 14, 14, -1,
					14, 14, 15, -1,
					14, 15, 15, -1,
					15, 15, 16, -1,
					15, 16, 16, -1,
					16, 16, 17, -1,
					16, 17, 17, -1,
					17, 17, 18, -1,
					17, 18, 18, -1,
					18, 18, 19, -1,
					18, 19, 19, -1,
					19, 19, 20, -1,
					19, 20, 20, -1,
					20, 20, 21, -1,
					20, 21, 21, -1,
					21, 21, 22, -1,
					21, 22, 22, -1,
					22, 22, 23, -1,
					22, 23, 23, -1,
					23, 23, 4, -1,
					23, 4, 4, -1,
					4, 4, 3, -1
				]
			}
		}
		Shape
		{
			appearance Appearance
			{
				material Material
				{
					diffuseColor 0.000 0.000 0.000
				}
			}
			geometry IndexedFaceSet
			{
				creaseAngle 0.5
				solid TRUE
				coord Coordinate
				{
					point
					[
						2.135 1.600 -0.133,
						2.161 1.600 -0.069,
						2.051 1.612 -0.039,
						2.170 1.600 0.000,
						2.056 1.612 0.000,
						2.161 1.600 0.069,
						2.051 1.612 0.039,
						2.036 1.612 0.075,
						2.036 1.612 -0.075,
						2.012 1.612 -0.107,
						2.093 1.600 -0.188,
						1.980 1.612 -0.131,
						2.038 1.600 -0.230,
						1.944 1.612 -0.146,
						1.974 1.600 -0.256,
						1.905 1.600 -0.265,
						1.905 1.612 -0.151,
						1.866 1.612 -0.146,
						1.836 1.600 -0.256,
						1.830 1.612 -0.131,
						1.772 1.600 -0.230,
						1.717 1.600 -0.188,
						1.798 1.612 -0.107,
						1.774 1.612 -0.075,
						1.675 1.600 -0.133,
						1.759 1.612 -0.039,
						1.649 1.600 -0.069,
						1.640 1.600 -0.000,
						1.754 1.612 -0.000,
						1.649 1.600 0.069,
						1.759 1.612 0.039,
						1.774 1.612 0.075,
						1.675 1.600 0.133,
						1.798 1.612 0.107,
						1.717 1.600 0.188,
						1.772 1.600 0.230,
						1.830 1.612 0.131,
						1.866 1.612 0.146,
						1.836 1.600 0.256,
						1.905 1.612 0.151,
						1.905 1.600 0.265,
						1.974 1.600 0.256,
						1.944 1.612 0.146,
						1.980 1.612 0.131,
						2.038 1.600 0.230,
						2.012 1.612 0.107,
						2.093 1.600 0.188,
						2.135 1.600 0.133
					]
				}
				coordIndex
				[
					0, 1, 2, -1,
					2, 1, 3, -1,
					2, 3, 4, -1,
					4, 3, 5, -1,
					4, 5, 6, -1,
					6, 5, 7, -1,
					2, 8, 0, -1,
					0, 8, 9, -1,
					0, 9, 10, -1,
					10, 9, 11, -1,
					10, 11, 12, -1,
					12, 11, 13, -1,
					12, 13, 14, -1,
					14, 13, 15, -1,
					13, 16, 15, -1,
					15, 16, 17, -1,
					15, 17, 18, -1,
					18, 17, 19, -1,
					18, 19, 20, -1,
					20, 19, 21, -1,
					19, 22, 21, -1,
					21, 22, 23, -1,
					21, 23, 24, -1,
					24, 23, 25, -1,
					24, 25, 26, -1,
					26, 25, 27, -1,
					25, 28, 27, -1,
					27, 28, 29, -1,
					28, 30, 29, -1,
					29, 30, 31, -1,
					29, 31, 32, -1,
					32, 31, 33, -1,
					32, 33, 34, -1,
					34, 33, 35, -1,
					33, 36, 35, -1,
					35, 36, 37, -1,
					35, 37, 38, -1,
					38, 37, 39, -1,
					38, 39, 40, -1,
					40, 39, 41, -1,
					39, 42, 41, -1,
					41, 42, 43, -1,
					41, 43, 44, -1,
					44, 43, 45, -1,
					44, 45, 46, -1,
					46, 45, 7, -1,
					46, 7, 47, -1,
					47, 7, 5, -1
				]
				normal Normal
				{
					vector
					[
						-0.088 -0.995 0.051,
						-0.098 -0.995 0.026,
						-0.101 -0.995 -0.000,
						-0.098 -0.995 -0.026,
						-0.088 -0.995 -0.051,
						-0.072 -0.995 0.072,
						-0.051 -0.995 0.088,
						-0.026 -0.995 0.098,
						-0.000 -0.995 0.101,
						0.026 -0.995 0.098,
						0.051 -0.995 0.088,
						0.072 -0.995 0.072,
						0.088 -0.995 0.051,
						0.098 -0.995 0.026,
						0.101 -0.995 0.000,
						0.098 -0.995 -0.026,
						0.088 -0.995 -0.051,
						0.072 -0.995 -0.072,
						0.051 -0.995 -0.088,
						0.026 -0.995 -0.098,
						-0.000 -0.995 -0.101,
						-0.026 -0.995 -0.098,
						-0.051 -0.995 -0.088,
						-0.072 -0.995 -0.072
					]
				}
				normalIndex
				[
					0, 1, 1, -1,
					1, 1, 2, -1,
					1, 2, 2, -1,
					2, 2, 3, -1,
					2, 3, 3, -1,
					3, 3, 4, -1,
					1, 0, 0, -1,
					0, 0, 5, -1,
					0, 5, 5, -1,
					5, 5, 6, -1,
					5, 6, 6, -1,
					6, 6, 7, -1,
					6, 7, 7, -1,
					7, 7, 8, -1,
					7, 8, 8, -1,
					8, 8, 9, -1,
					8, 9, 9, -1,
					9, 9, 10, -1,
					9, 10, 10, -1,
					10, 10, 11, -1,
					10, 11, 11, -1,
					11, 11, 12, -1,
					11, 12, 12, -1,
					12, 12, 13, -1,
					12, 13, 13, -1,
					13, 13, 14, -1,
					13, 14, 14, -1,
					14, 14, 15, -1,
					14, 15, 15, -1,
					15, 15, 16, -1,
					15, 16, 16, -1,
					16, 16, 17, -1,
					16, 17, 17, -1,
					17, 17, 18, -1,
					17, 18, 18, -1,
					18, 18, 19, -1,
					18, 19, 19, -1,
					19, 19, 20, -1,
					19, 20, 20, -1,
					20, 20, 21, -1,
					20, 21, 21, -1,
					21, 21, 22, -1,
					21, 22, 22, -1,
					22, 22, 23, -1,
					22, 23, 23, -1,
					23, 23, 4, -1,
					23, 4, 4, -1,
					4, 4, 3, -1
				]
			}
		}
		Shape
		{
			appearance Appearance
			{
				material Material
				{
					diffuseColor 0.812 0.812 0.812
				}
			}
			geometry IndexedFaceSet
			{
				creaseAngle 0.5
				solid TRUE
				coord Coordinate
				{
					point
					[
						1.026 1.450 -0.105,
						0.905 1.378 -0.072,
						1.040 1.450 0.000,
						0.915 1.378 0.000,
						1.026 1.450 0.105,
						0.905 1.378 0.072,
						0.877 1.378 0.140,
						0.986 1.450 -0.203,
						0.877 1.378 -0.140,
						0.921 1.450 -0.286,
						0.833 1.378 -0.198,
						0.775 1.378 -0.242,
						0.837 1.450 -0.351,
						0.707 1.378 -0.270,
						0.740 1.450 -0.391,
						0.635 1.450 -0.405,
						0.635 1.378 -0.280,
						0.530 1.450 -0.391,
						0.563 1.378 -0.270,
						0.495 1.378 -0.242,
						0.433 1.450 -0.351,
						0.437 1.378 -0.198,
						0.349 1.450 -0.286,
						0.284 1.450 -0.203,
						0.393 1.378 -0.140,
						0.244 1.450 -0.105,
						0.365 1.378 -0.072,
						0.355 1.378 -0.000,
						0.230 1.450 -0.000,
						0.365 1.378 0.072,
						0.244 1.450 0.105,
						0.284 1.450 0.203,
						0.393 1.378 0.140,
						0.349 1.450 0.286,
						0.437 1.378 0.198,
						0.495 1.378 0.242,
						0.433 1.450 0.351,
						0.563 1.378 0.270,
						0.530 1.450 0.391,
						0.635 1.450 0.405,
						0.635 1.378 0.280,
						0.740 1.450 0.391,
						0.707 1.378 0.270,
						0.775 1.378 0.242,
						0.837 1.450 0.351,
						0.833 1.378 0.198,
						0.921 1.450 0.286,
						0.986 1.450 0.203
					]
				}
				coordIndex
				[
					0, 1, 2, -1,
					2, 1, 3, -1,
					2, 3, 4, -1,
					4, 3, 5, -1,
					4, 5, 6, -1,
					0, 7, 1, -1,
					1, 7, 8, -1,
					7, 9, 8, -1,
					8, 9, 10, -1,
					10, 9, 11, -1,
					11, 9, 12, -1,
					11, 12, 13, -1,
					13, 12, 14, -1,
					13, 14, 15, -1,
					13, 15, 16, -1,
					16, 15, 17, -1,
					16, 17, 18, -1,
					18, 17, 19, -1,
					17, 20, 19, -1,
					19, 20, 21, -1,
					20, 22, 21, -1,
					21, 22, 23, -1,
					21, 23, 24, -1,
					24, 23, 25, -1,
					24, 25, 26, -1,
					26, 25, 27, -1,
					25, 28, 27, -1,
					27, 28, 29, -1,
					28, 30, 29, -1,
					29, 30, 31, -1,
					29, 31, 32, -1,
					32, 31, 33, -1,
					32, 33, 34, -1,
					34, 33, 35, -1,
					33, 36, 35, -1,
					35, 36, 37, -1,
					36, 38, 37, -1,
					37, 38, 39, -1,
					37, 39, 40, -1,
					40, 39, 41, -1,
					40, 41, 42, -1,
					42, 41, 43, -1,
					41, 44, 43, -1,
					43, 44, 45, -1,
					44, 46, 45, -1,
					45, 46, 47, -1,
					45, 47, 6, -1,
					6, 47, 4, -1
				]
				normal Normal
				{
					vector
					[
						-0.483 0.866 0.129,
						-0.500 0.866 0.000,
						-0.483 0.866 -0.129,
						-0.433 0.866 -0.250,
						-0.433 0.866 0.250,
						-0.354 0.866 0.354,
						-0.250 0.866 0.433,
						-0.129 0.866 0.483,
						-0.000 0.866 0.500,
						0.129 0.866 0.483,
						0.250 0.866 0.433,
						0.354 0.866 0.354,
						0.433 0.866 0.250,
						0.483 0.866 0.129,
						0.500 0.866 0.000,
						0.483 0.866 -0.129,
						0.433 0.866 -0.250,
						0.354 0.866 -0.354,
						0.250 0.866 -0.433,
						0.129 0.866 -0.483,
						0.000 0.866 -0.500,
						-0.000 0.866 -0.500,
						-0.129 0.866 -0.483,
						-0.250 0.866 -0.433,
						-0.354 0.866 -0.354
					]
				}
				normalIndex
				[
					0, 0, 1, -1,
					1, 0, 1, -1,
					1, 1, 2, -1,
					2, 1, 2, -1,
					2, 2, 3, -1,
					0, 4, 0, -1,
					0, 4, 4, -1,
					4, 5, 4, -1,
					4, 5, 5, -1,
					5, 5, 6, -1,
					6, 5, 6, -1,
					6, 6, 7, -1,
					7, 6, 7, -1,
					7, 7, 8, -1,
					7, 8, 8, -1,
					8, 8, 9, -1,
					8, 9, 9, -1,
					9, 9, 10, -1,
					9, 10, 10, -1,
					10, 10, 11, -1,
					10, 11, 11, -1,
					11, 11, 12, -1,
					11, 12, 12, -1,
					12, 12, 13, -1,
					12, 13, 13, -1,
					13, 13, 14, -1,
					13, 14, 14, -1,
					14, 14, 15, -1,
					14, 15, 15, -1,
					15, 15, 16, -1,
					15, 16, 16, -1,
					16, 16, 17, -1,
					16, 17, 17, -1,
					17, 17, 18, -1,
					17, 18, 18, -1,
					18, 18, 19, -1,
					18, 19, 19, -1,
					19, 19, 20, -1,
					19, 20, 21, -1,
					21, 20, 22, -1,
					21, 22, 22, -1,
					22, 22, 23, -1,
					22, 23, 23, -1,
					23, 23, 24, -1,
					23, 24, 24, -1,
					24, 24, 3, -1,
					24, 3, 3, -1,
					3, 3, 2, -1
				]
			}
		}
		Shape
		{
			appearance Appearance
			{
				material Material
				{
					diffuseColor 0.812 0.812 0.812
				}
			}
			geometry IndexedFaceSet
			{
				creaseAngle 0.5
				solid TRUE
				coord Coordinate
				{
					point
					[
						0.986 1.450 -0.203,
						1.026 1.450 -0.105,
						1.026 3.196 -0.105,
						1.040 1.450 0.000,
						1.040 3.196 0.000,
						1.026 1.450 0.105,
						1.026 3.196 0.105,
						0.986 3.196 0.203,
						0.986 3.196 -0.203,
						0.921 3.196 -0.286,
						0.921 1.450 -0.286,
						0.837 3.196 -0.351,
						0.837 1.450 -0.351,
						0.740 3.196 -0.391,
						0.740 1.450 -0.391,
						0.635 1.450 -0.405,
						0.635 3.196 -0.405,
						0.530 3.196 -0.391,
						0.530 1.450 -0.391,
						0.433 3.196 -0.351,
						0.433 1.450 -0.351,
						0.349 1.450 -0.286,
						0.349 3.196 -0.286,
						0.284 3.196 -0.203,
						0.284 1.450 -0.203,
						0.244 3.196 -0.105,
						0.244 1.450 -0.105,
						0.230 1.450 -0.000,
						0.230 3.196 -0.000,
						0.244 1.450 0.105,
						0.244 3.196 0.105,
						0.284 3.196 0.203,
						0.284 1.450 0.203,
						0.349 3.196 0.286,
						0.349 1.450 0.286,
						0.433 1.450 0.351,
						0.433 3.196 0.351,
						0.530 3.196 0.391,
						0.530 1.450 0.391,
						0.635 3.196 0.405,
						0.635 1.450 0.405,
						0.740 1.450 0.391,
						0.740 3.196 0.391,
						0.837 3.196 0.351,
						0.837 1.450 0.351,
						0.921 3.196 0.286,
						0.921 1.450 0.286,
						0.986 1.450 0.203
					]
				}
				coordIndex
				[
					0, 1, 2, -1,
					2, 1, 3, -1,
					2, 3, 4, -1,
					4, 3, 5, -1,
					4, 5, 6, -1,
					6, 5, 7, -1,
					2, 8, 0, -1,
					0, 8, 9, -1,
					0, 9, 10, -1,
					10, 9, 11, -1,
					10, 11, 12, -1,
					12, 11, 13, -1,
					12, 13, 14, -1,
					14, 13, 15, -1,
					13, 16, 15, -1,
					15, 16, 17, -1,
					15, 17, 18, -1,
					18, 17, 19, -1,
					18, 19, 20, -1,
					20, 19, 21, -1,
					19, 22, 21, -1,
					21, 22, 23, -1,
					21, 23, 24, -1,
					24, 23, 25, -1,
					24, 25, 26, -1,
					26, 25, 27, -1,
					25, 28, 27, -1,
					27, 28, 29, -1,
					28, 30, 29, -1,
					29, 30, 31, -1,
					29, 31, 32, -1,
					32, 31, 33, -1,
					32, 33, 34, -1,
					34, 33, 35, -1,
					33, 36, 35, -1,
					35, 36, 37, -1,
					35, 37, 38, -1,
					38, 37, 39, -1,
					38, 39, 40, -1,
					40, 39, 41, -1,
					39, 42, 41, -1,
					41, 42, 43, -1,
					41, 43, 44, -1,
					44, 43, 45, -1,
					44, 45, 46, -1,
					46, 45, 7, -1,
					46, 7, 47, -1,
					47, 7, 5, -1
				]
				normal Normal
				{
					vector
					[
						-0.866 -0.000 0.500,
						-0.966 -0.000 0.259,
						-1.000 -0.000 -0.000,
						-0.966 -0.000 -0.259,
						-0.866 -0.000 -0.500,
						-0.707 -0.000 0.707,
						-0.500 -0.000 0.866,
						-0.259 -0.000 0.966,
						-0.000 -0.000 1.000,
						0.259 -0.000 0.966,
						0.500 -0.000 0.866,
						0.707 -0.000 0.707,
						0.866 -0.000 0.500,
						0.966 -0.000 0.259,
						1.000 -0.000 0.000,
						0.966 -0.000 -0.259,
						0.866 -0.000 -0.500,
						0.707 -0.000 -0.707,
						0.500 -0.000 -0.866,
						0.259 -0.000 -0.966,
						0.000 -0.000 -1.000,
						-0.259 -0.000 -0.966,
						-0.500 -0.000 -0.866,
						-0.707 -0.000 -0.707
					]
				}
				normalIndex
				[
					0, 1, 1, -1,
					1, 1, 2, -1,
					1, 2, 2, -1,
					2, 2, 3, -1,
					2, 3, 3, -1,
					3, 3, 4, -1,
					1, 0, 0, -1,
					0, 0, 5, -1,
					0, 5, 5, -1,
					5, 5, 6, -1,
					5, 6, 6, -1,
					6, 6, 7, -1,
					6, 7, 7, -1,
					7, 7, 8, -1,
					7, 8, 8, -1,
					8, 8, 9, -1,
					8, 9, 9, -1,
					9, 9, 10, -1,
					9, 10, 10, -1,
					10, 10, 11, -1,
					10, 11, 11, -1,
					11, 11, 12, -1,
					11, 12, 12, -1,
					12, 12, 13, -1,
					12, 13, 13, -1,
					13, 13, 14, -1,
					13, 14, 14, -1,
					14, 14, 15, -1,
					14, 15, 15, -1,
					15, 15, 16, -1,
					15, 16, 16, -1,
					16, 16, 17, -1,
					16, 17, 17, -1,
					17, 17, 18, -1,
					17, 18, 18, -1,
					18, 18, 19, -1,
					18, 19, 19, -1,
					19, 19, 20, -1,
					19, 20, 20, -1,
					20, 20, 21, -1,
					20, 21, 21, -1,
					21, 21, 22, -1,
					21, 22, 22, -1,
					22, 22, 23, -1,
					22, 23, 23, -1,
					23, 23, 4, -1,
					23, 4, 4, -1,
					4, 4, 3, -1
				]
			}
		}
		Shape
		{
			appearance Appearance
			{
				material Material
				{
					diffuseColor 0.812 0.812 0.812
				}
			}
			geometry IndexedFaceSet
			{
				creaseAngle 0.5
				solid TRUE
				coord Coordinate
				{
					point
					[
						0.986 3.196 -0.203,
						1.026 3.196 -0.105,
						0.891 1.600 -0.069,
						1.040 3.196 0.000,
						0.900 1.600 0.000,
						1.026 3.196 0.105,
						0.891 1.600 0.069,
						0.865 1.600 0.133,
						0.865 1.600 -0.133,
						0.823 1.600 -0.188,
						0.921 3.196 -0.286,
						0.768 1.600 -0.230,
						0.837 3.196 -0.351,
						0.704 1.600 -0.256,
						0.740 3.196 -0.391,
						0.635 3.196 -0.405,
						0.635 1.600 -0.265,
						0.566 1.600 -0.256,
						0.530 3.196 -0.391,
						0.502 1.600 -0.230,
						0.433 3.196 -0.351,
						0.349 3.196 -0.286,
						0.447 1.600 -0.188,
						0.405 1.600 -0.133,
						0.284 3.196 -0.203,
						0.379 1.600 -0.069,
						0.244 3.196 -0.105,
						0.230 3.196 -0.000,
						0.370 1.600 -0.000,
						0.244 3.196 0.105,
						0.379 1.600 0.069,
						0.405 1.600 0.133,
						0.284 3.196 0.203,
						0.447 1.600 0.188,
						0.349 3.196 0.286,
						0.433 3.196 0.351,
						0.502 1.600 0.230,
						0.566 1.600 0.256,
						0.530 3.196 0.391,
						0.635 1.600 0.265,
						0.635 3.196 0.405,
						0.740 3.196 0.391,
						0.704 1.600 0.256,
						0.768 1.600 0.230,
						0.837 3.196 0.351,
						0.823 1.600 0.188,
						0.921 3.196 0.286,
						0.986 3.196 0.203
					]
				}
				coordIndex
				[
					0, 1, 2, -1,
					2, 1, 3, -1,
					2, 3, 4, -1,
					4, 3, 5, -1,
					4, 5, 6, -1,
					6, 5, 7, -1,
					2, 8, 0, -1,
					0, 8, 9, -1,
					0, 9, 10, -1,
					10, 9, 11, -1,
					10, 11, 12, -1,
					12, 11, 13, -1,
					12, 13, 14, -1,
					14, 13, 15, -1,
					13, 16, 15, -1,
					15, 16, 17, -1,
					15, 17, 18, -1,
					18, 17, 19, -1,
					18, 19, 20, -1,
					20, 19, 21, -1,
					19, 22, 21, -1,
					21, 22, 23, -1,
					21, 23, 24, -1,
					24, 23, 25, -1,
					24, 25, 26, -1,
					26, 25, 27, -1,
					25, 28, 27, -1,
					27, 28, 29, -1,
					28, 30, 29, -1,
					29, 30, 31, -1,
					29, 31, 32, -1,
					32, 31, 33, -1,
					32, 33, 34, -1,
					34, 33, 35, -1,
					33, 36, 35, -1,
					35, 36, 37, -1,
					35, 37, 38, -1,
					38, 37, 39, -1,
					38, 39, 40, -1,
					40, 39, 41, -1,
					39, 42, 41, -1,
					41, 42, 43, -1,
					41, 43, 44, -1,
					44, 43, 45, -1,
					44, 45, 46, -1,
					46, 45, 7, -1,
					46, 7, 47, -1,
					47, 7, 5, -1
				]
				normal Normal
				{
					vector
					[
						0.863 -0.087 -0.498,
						0.962 -0.087 -0.258,
						0.996 -0.087 -0.000,
						0.962 -0.087 0.258,
						0.863 -0.087 0.498,
						0.704 -0.087 -0.704,
						0.498 -0.087 -0.863,
						0.258 -0.087 -0.962,
						0.000 -0.087 -0.996,
						-0.258 -0.087 -0.962,
						-0.498 -0.087 -0.863,
						-0.704 -0.087 -0.704,
						-0.863 -0.087 -0.498,
						-0.962 -0.087 -0.258,
						-0.996 -0.087 -0.000,
						-0.962 -0.087 0.258,
						-0.863 -0.087 0.498,
						-0.704 -0.087 0.704,
						-0.498 -0.087 0.863,
						-0.258 -0.087 0.962,
						0.000 -0.087 0.996,
						-0.000 -0.087 0.996,
						0.258 -0.087 0.962,
						0.498 -0.087 0.863,
						0.704 -0.087 0.704
					]
				}
				normalIndex
				[
					0, 1, 1, -1,
					1, 1, 2, -1,
					1, 2, 2, -1,
					2, 2, 3, -1,
					2, 3, 3, -1,
					3, 3, 4, -1,
					1, 0, 0, -1,
					0, 0, 5, -1,
					0, 5, 5, -1,
					5, 5, 6, -1,
					5, 6, 6, -1,
					6, 6, 7, -1,
					6, 7, 7, -1,
					7, 7, 8, -1,
					7, 8, 8, -1,
					8, 8, 9, -1,
					8, 9, 9, -1,
					9, 9, 10, -1,
					9, 10, 10, -1,
					10, 10, 11, -1,
					10, 11, 11, -1,
					11, 11, 12, -1,
					11, 12, 12, -1,
					12, 12, 13, -1,
					12, 13, 13, -1,
					13, 13, 14, -1,
					13, 14, 14, -1,
					14, 14, 15, -1,
					14, 15, 15, -1,
					15, 15, 16, -1,
					15, 16, 16, -1,
					16, 16, 17, -1,
					16, 17, 17, -1,
					17, 17, 18, -1,
					17, 18, 18, -1,
					18, 18, 19, -1,
					18, 19, 19, -1,
					19, 19, 20, -1,
					19, 20, 21, -1,
					21, 20, 22, -1,
					20, 22, 22, -1,
					22, 22, 23, -1,
					22, 23, 23, -1,
					23, 23, 24, -1,
					23, 24, 24, -1,
					24, 24, 4, -1,
					24, 4, 4, -1,
					4, 4, 3, -1
				]
			}
		}
		Shape
		{
			appearance Appearance
			{
				material Material
				{
					diffuseColor 0.812 0.812 0.812
				}
			}
			geometry IndexedFaceSet
			{
				creaseAngle 0.5
				solid TRUE
				coord Coordinate
				{
					point
					[
						0.877 0.650 -0.140,
						0.635 0.488 0.000,
						0.905 0.650 -0.072,
						0.833 0.650 -0.198,
						0.775 0.650 -0.242,
						0.707 0.650 -0.270,
						0.635 0.650 -0.280,
						0.563 0.650 -0.270,
						0.495 0.650 -0.242,
						0.437 0.650 -0.198,
						0.393 0.650 -0.140,
						0.365 0.650 -0.072,
						0.355 0.650 -0.000,
						0.365 0.650 0.072,
						0.393 0.650 0.140,
						0.437 0.650 0.198,
						0.495 0.650 0.242,
						0.563 0.650 0.270,
						0.635 0.650 0.280,
						0.707 0.650 0.270,
						0.775 0.650 0.242,
						0.877 0.650 0.140,
						0.833 0.650 0.198,
						0.905 0.650 0.072,
						0.915 0.650 0.000
					]
				}
				coordIndex
				[
					0, 1, 2, -1,
					0, 3, 1, -1,
					3, 4, 1, -1,
					4, 5, 1, -1,
					1, 5, 6, -1,
					6, 7, 1, -1,
					7, 8, 1, -1,
					1, 8, 9, -1,
					9, 10, 1, -1,
					10, 11, 1, -1,
					11, 12, 1, -1,
					1, 12, 13, -1,
					13, 14, 1, -1,
					14, 15, 1, -1,
					1, 15, 16, -1,
					16, 17, 1, -1,
					17, 18, 1, -1,
					18, 19, 1, -1,
					1, 19, 20, -1,
					21, 1, 22, -1,
					21, 23, 1, -1,
					23, 24, 1, -1,
					1, 24, 2, -1,
					1, 20, 22, -1
				]
				normal Normal
				{
					vector
					[
						-0.433 0.866 0.250,
						-0.462 0.866 0.191,
						-0.483 0.866 0.129,
						-0.354 0.866 0.354,
						-0.250 0.866 0.433,
						-0.304 0.866 0.397,
						-0.129 0.866 0.483,
						-0.191 0.866 0.462,
						-0.000 0.866 0.500,
						0.129 0.866 0.483,
						0.065 0.866 0.496,
						0.250 0.866 0.433,
						0.191 0.866 0.462,
						0.354 0.866 0.354,
						0.433 0.866 0.250,
						0.397 0.866 0.304,
						0.483 0.866 0.129,
						0.462 0.866 0.191,
						0.500 0.866 0.000,
						0.496 0.866 0.065,
						0.483 0.866 -0.129,
						0.433 0.866 -0.250,
						0.462 0.866 -0.191,
						0.354 0.866 -0.354,
						0.397 0.866 -0.304,
						0.250 0.866 -0.433,
						0.129 0.866 -0.483,
						0.191 0.866 -0.462,
						-0.000 0.866 -0.500,
						0.065 0.866 -0.496,
						-0.129 0.866 -0.483,
						-0.065 0.866 -0.496,
						-0.250 0.866 -0.433,
						-0.433 0.866 -0.250,
						-0.397 0.866 -0.304,
						-0.354 0.866 -0.354,
						-0.483 0.866 -0.129,
						-0.500 0.866 0.000,
						-0.496 0.866 -0.065,
						-0.496 0.866 0.065,
						-0.304 0.866 -0.397
					]
				}
				normalIndex
				[
					0, 1, 2, -1,
					0, 3, 1, -1,
					3, 4, 5, -1,
					4, 6, 7, -1,
					7, 6, 8, -1,
					8, 9, 10, -1,
					9, 11, 12, -1,
					12, 11, 13, -1,
					13, 14, 15, -1,
					14, 16, 17, -1,
					16, 18, 19, -1,
					19, 18, 20, -1,
					20, 21, 22, -1,
					21, 23, 24, -1,
					24, 23, 25, -1,
					25, 26, 27, -1,
					26, 28, 29, -1,
					28, 30, 31, -1,
					31, 30, 32, -1,
					33, 34, 35, -1,
					33, 36, 34, -1,
					36, 37, 38, -1,
					39, 37, 2, -1,
					40, 32, 35, -1
				]
			}
		}
		Shape
		{
			appearance Appearance
			{
				material Material
				{
					diffuseColor 0.812 0.812 0.812
				}
			}
			geometry IndexedFaceSet
			{
				creaseAngle 0.5
				solid TRUE
				coord Coordinate
				{
					point
					[
						0.877 0.650 -0.140,
						0.905 0.650 -0.072,
						0.905 1.378 -0.072,
						0.915 0.650 0.000,
						0.915 1.378 0.000,
						0.905 0.650 0.072,
						0.905 1.378 0.072,
						0.877 1.378 0.140,
						0.877 1.378 -0.140,
						0.833 1.378 -0.198,
						0.833 0.650 -0.198,
						0.775 1.378 -0.242,
						0.775 0.650 -0.242,
						0.707 1.378 -0.270,
						0.707 0.650 -0.270,
						0.635 0.650 -0.280,
						0.635 1.378 -0.280,
						0.563 1.378 -0.270,
						0.563 0.650 -0.270,
						0.495 1.378 -0.242,
						0.495 0.650 -0.242,
						0.437 0.650 -0.198,
						0.437 1.378 -0.198,
						0.393 1.378 -0.140,
						0.393 0.650 -0.140,
						0.365 1.378 -0.072,
						0.365 0.650 -0.072,
						0.355 0.650 -0.000,
						0.355 1.378 -0.000,
						0.365 0.650 0.072,
						0.365 1.378 0.072,
						0.393 1.378 0.140,
						0.393 0.650 0.140,
						0.437 1.378 0.198,
						0.437 0.650 0.198,
						0.495 0.650 0.242,
						0.495 1.378 0.242,
						0.563 1.378 0.270,
						0.563 0.650 0.270,
						0.635 1.378 0.280,
						0.635 0.650 0.280,
						0.707 0.650 0.270,
						0.707 1.378 0.270,
						0.775 1.378 0.242,
						0.775 0.650 0.242,
						0.833 1.378 0.198,
						0.833 0.650 0.198,
						0.877 0.650 0.140
					]
				}
				coordIndex
				[
					0, 1, 2, -1,
					2, 1, 3, -1,
					2, 3, 4, -1,
					4, 3, 5, -1,
					4, 5, 6, -1,
					6, 5, 7, -1,
					2, 8, 0, -1,
					0, 8, 9, -1,
					0, 9, 10, -1,
					10, 9, 11, -1,
					10, 11, 12, -1,
					12, 11, 13, -1,
					12, 13, 14, -1,
					14, 13, 15, -1,
					13, 16, 15, -1,
					15, 16, 17, -1,
					15, 17, 18, -1,
					18, 17, 19, -1,
					18, 19, 20, -1,
					20, 19, 21, -1,
					19, 22, 21, -1,
					21, 22, 23, -1,
					21, 23, 24, -1,
					24, 23, 25, -1,
					24, 25, 26, -1,
					26, 25, 27, -1,
					25, 28, 27, -1,
					27, 28, 29, -1,
					28, 30, 29, -1,
					29, 30, 31, -1,
					29, 31, 32, -1,
					32, 31, 33, -1,
					32, 33, 34, -1,
					34, 33, 35, -1,
					33, 36, 35, -1,
					35, 36, 37, -1,
					35, 37, 38, -1,
					38, 37, 39, -1,
					38, 39, 40, -1,
					40, 39, 41, -1,
					39, 42, 41, -1,
					41, 42, 43, -1,
					41, 43, 44, -1,
					44, 43, 45, -1,
					44, 45, 46, -1,
					46, 45, 7, -1,
					46, 7, 47, -1,
					47, 7, 5, -1
				]
				normal Normal
				{
					vector
					[
						-0.866 -0.000 0.500,
						-0.966 -0.000 0.259,
						-1.000 -0.000 -0.000,
						-0.966 -0.000 -0.259,
						-0.866 -0.000 -0.500,
						-0.707 -0.000 0.707,
						-0.500 -0.000 0.866,
						-0.259 -0.000 0.966,
						-0.000 -0.000 1.000,
						0.259 -0.000 0.966,
						0.500 -0.000 0.866,
						0.707 -0.000 0.707,
						0.866 -0.000 0.500,
						0.966 -0.000 0.259,
						1.000 -0.000 0.000,
						0.966 -0.000 -0.259,
						0.866 -0.000 -0.500,
						0.707 -0.000 -0.707,
						0.500 -0.000 -0.866,
						0.259 -0.000 -0.966,
						-0.000 -0.000 -1.000,
						-0.259 -0.000 -0.966,
						-0.500 -0.000 -0.866,
						-0.707 -0.000 -0.707
					]
				}
				normalIndex
				[
					0, 1, 1, -1,
					1, 1, 2, -1,
					1, 2, 2, -1,
					2, 2, 3, -1,
					2, 3, 3, -1,
					3, 3, 4, -1,
					1, 0, 0, -1,
					0, 0, 5, -1,
					0, 5, 5, -1,
					5, 5, 6, -1,
					5, 6, 6, -1,
					6, 6, 7, -1,
					6, 7, 7, -1,
					7, 7, 8, -1,
					7, 8, 8, -1,
					8, 8, 9, -1,
					8, 9, 9, -1,
					9, 9, 10, -1,
					9, 10, 10, -1,
					10, 10, 11, -1,
					10, 11, 11, -1,
					11, 11, 12, -1,
					11, 12, 12, -1,
					12, 12, 13, -1,
					12, 13, 13, -1,
					13, 13, 14, -1,
					13, 14, 14, -1,
					14, 14, 15, -1,
					14, 15, 15, -1,
					15, 15, 16, -1,
					15, 16, 16, -1,
					16, 16, 17, -1,
					16, 17, 17, -1,
					17, 17, 18, -1,
					17, 18, 18, -1,
					18, 18, 19, -1,
					18, 19, 19, -1,
					19, 19, 20, -1,
					19, 20, 20, -1,
					20, 20, 21, -1,
					20, 21, 21, -1,
					21, 21, 22, -1,
					21, 22, 22, -1,
					22, 22, 23, -1,
					22, 23, 23, -1,
					23, 23, 4, -1,
					23, 4, 4, -1,
					4, 4, 3, -1
				]
			}
		}
		Shape
		{
			appearance Appearance
			{
				material Material
				{
					diffuseColor 0.000 0.000 0.000
				}
			}
			geometry IndexedFaceSet
			{
				creaseAngle 0.5
				solid TRUE
				coord Coordinate
				{
					point
					[
						0.766 1.612 -0.075,
						0.781 1.612 -0.039,
						0.918 3.200 -0.076,
						0.786 1.612 0.000,
						0.928 3.200 0.000,
						0.781 1.612 0.039,
						0.918 3.200 0.076,
						0.888 3.200 0.146,
						0.888 3.200 -0.146,
						0.842 3.200 -0.207,
						0.742 1.612 -0.107,
						0.781 3.200 -0.253,
						0.710 1.612 -0.131,
						0.711 3.200 -0.283,
						0.674 1.612 -0.146,
						0.635 1.612 -0.151,
						0.635 3.200 -0.292,
						0.559 3.200 -0.283,
						0.596 1.612 -0.146,
						0.489 3.200 -0.253,
						0.560 1.612 -0.131,
						0.528 1.612 -0.107,
						0.428 3.200 -0.207,
						0.382 3.200 -0.146,
						0.504 1.612 -0.075,
						0.352 3.200 -0.076,
						0.489 1.612 -0.039,
						0.484 1.612 -0.000,
						0.343 3.200 -0.000,
						0.489 1.612 0.039,
						0.352 3.200 0.076,
						0.382 3.200 0.146,
						0.504 1.612 0.075,
						0.428 3.200 0.207,
						0.528 1.612 0.107,
						0.560 1.612 0.131,
						0.489 3.200 0.253,
						0.559 3.200 0.283,
						0.596 1.612 0.146,
						0.635 3.200 0.292,
						0.635 1.612 0.151,
						0.674 1.612 0.146,
						0.711 3.200 0.283,
						0.781 3.200 0.253,
						0.710 1.612 0.131,
						0.842 3.200 0.207,
						0.742 1.612 0.107,
						0.766 1.612 0.075
					]
				}
				coordIndex
				[
					0, 1, 2, -1,
					2, 1, 3, -1,
					2, 3, 4, -1,
					4, 3, 5, -1,
					4, 5, 6, -1,
					6, 5, 7, -1,
					2, 8, 0, -1,
					0, 8, 9, -1,
					0, 9, 10, -1,
					10, 9, 11, -1,
					10, 11, 12, -1,
					12, 11, 13, -1,
					12, 13, 14, -1,
					14, 13, 15, -1,
					13, 16, 15, -1,
					15, 16, 17, -1,
					15, 17, 18, -1,
					18, 17, 19, -1,
					18, 19, 20, -1,
					20, 19, 21, -1,
					19, 22, 21, -1,
					21, 22, 23, -1,
					21, 23, 24, -1,
					24, 23, 25, -1,
					24, 25, 26, -1,
					26, 25, 27, -1,
					25, 28, 27, -1,
					27, 28, 29, -1,
					28, 30, 29, -1,
					29, 30, 31, -1,
					29, 31, 32, -1,
					32, 31, 33, -1,
					32, 33, 34, -1,
					34, 33, 35, -1,
					33, 36, 35, -1,
					35, 36, 37, -1,
					35, 37, 38, -1,
					38, 37, 39, -1,
					38, 39, 40, -1,
					40, 39, 41, -1,
					39, 42, 41, -1,
					41, 42, 43, -1,
					41, 43, 44, -1,
					44, 43, 45, -1,
					44, 45, 46, -1,
					46, 45, 7, -1,
					46, 7, 47, -1,
					47, 7, 5, -1
				]
				normal Normal
				{
					vector
					[
						-0.863 0.089 0.498,
						-0.962 0.089 0.258,
						-0.996 0.089 0.000,
						-0.962 0.089 -0.258,
						-0.863 0.089 -0.498,
						-0.704 0.089 0.704,
						-0.498 0.089 0.863,
						-0.258 0.089 0.962,
						-0.000 0.089 0.996,
						0.258 0.089 0.962,
						0.498 0.089 0.863,
						0.704 0.089 0.704,
						0.863 0.089 0.498,
						0.962 0.089 0.258,
						0.996 0.089 0.000,
						0.962 0.089 -0.258,
						0.863 0.089 -0.498,
						0.704 0.089 -0.704,
						0.498 0.089 -0.863,
						0.258 0.089 -0.962,
						-0.000 0.089 -0.996,
						-0.258 0.089 -0.962,
						-0.498 0.089 -0.863,
						-0.704 0.089 -0.704
					]
				}
				normalIndex
				[
					0, 1, 1, -1,
					1, 1, 2, -1,
					1, 2, 2, -1,
					2, 2, 3, -1,
					2, 3, 3, -1,
					3, 3, 4, -1,
					1, 0, 0, -1,
					0, 0, 5, -1,
					0, 5, 5, -1,
					5, 5, 6, -1,
					5, 6, 6, -1,
					6, 6, 7, -1,
					6, 7, 7, -1,
					7, 7, 8, -1,
					7, 8, 8, -1,
					8, 8, 9, -1,
					8, 9, 9, -1,
					9, 9, 10, -1,
					9, 10, 10, -1,
					10, 10, 11, -1,
					10, 11, 11, -1,
					11, 11, 12, -1,
					11, 12, 12, -1,
					12, 12, 13, -1,
					12, 13, 13, -1,
					13, 13, 14, -1,
					13, 14, 14, -1,
					14, 14, 15, -1,
					14, 15, 15, -1,
					15, 15, 16, -1,
					15, 16, 16, -1,
					16, 16, 17, -1,
					16, 17, 17, -1,
					17, 17, 18, -1,
					17, 18, 18, -1,
					18, 18, 19, -1,
					18, 19, 19, -1,
					19, 19, 20, -1,
					19, 20, 20, -1,
					20, 20, 21, -1,
					20, 21, 21, -1,
					21, 21, 22, -1,
					21, 22, 22, -1,
					22, 22, 23, -1,
					22, 23, 23, -1,
					23, 23, 4, -1,
					23, 4, 4, -1,
					4, 4, 3, -1
				]
			}
		}
		Shape
		{
			appearance Appearance
			{
				material Material
				{
					diffuseColor 0.000 0.000 0.000
				}
			}
			geometry IndexedFaceSet
			{
				creaseAngle 0.5
				solid TRUE
				coord Coordinate
				{
					point
					[
						0.888 3.200 -0.146,
						0.918 3.200 -0.076,
						0.918 3.635 -0.076,
						0.928 3.200 0.000,
						0.928 3.635 0.000,
						0.918 3.200 0.076,
						0.918 3.635 0.076,
						0.888 3.635 0.146,
						0.888 3.635 -0.146,
						0.842 3.635 -0.207,
						0.842 3.200 -0.207,
						0.781 3.635 -0.253,
						0.781 3.200 -0.253,
						0.711 3.635 -0.283,
						0.711 3.200 -0.283,
						0.635 3.200 -0.292,
						0.635 3.635 -0.292,
						0.559 3.635 -0.283,
						0.559 3.200 -0.283,
						0.489 3.635 -0.253,
						0.489 3.200 -0.253,
						0.428 3.200 -0.207,
						0.428 3.635 -0.207,
						0.382 3.635 -0.146,
						0.382 3.200 -0.146,
						0.352 3.635 -0.076,
						0.352 3.200 -0.076,
						0.343 3.200 -0.000,
						0.343 3.635 -0.000,
						0.352 3.200 0.076,
						0.352 3.635 0.076,
						0.382 3.635 0.146,
						0.382 3.200 0.146,
						0.428 3.635 0.207,
						0.428 3.200 0.207,
						0.489 3.200 0.253,
						0.489 3.635 0.253,
						0.559 3.635 0.283,
						0.559 3.200 0.283,
						0.635 3.635 0.292,
						0.635 3.200 0.292,
						0.711 3.200 0.283,
						0.711 3.635 0.283,
						0.781 3.635 0.253,
						0.781 3.200 0.253,
						0.842 3.635 0.207,
						0.842 3.200 0.207,
						0.888 3.200 0.146
					]
				}
				coordIndex
				[
					0, 1, 2, -1,
					2, 1, 3, -1,
					2, 3, 4, -1,
					4, 3, 5, -1,
					4, 5, 6, -1,
					6, 5, 7, -1,
					2, 8, 0, -1,
					0, 8, 9, -1,
					0, 9, 10, -1,
					10, 9, 11, -1,
					10, 11, 12, -1,
					12, 11, 13, -1,
					12, 13, 14, -1,
					14, 13, 15, -1,
					13, 16, 15, -1,
					15, 16, 17, -1,
					15, 17, 18, -1,
					18, 17, 19, -1,
					18, 19, 20, -1,
					20, 19, 21, -1,
					19, 22, 21, -1,
					21, 22, 23, -1,
					21, 23, 24, -1,
					24, 23, 25, -1,
					24, 25, 26, -1,
					26, 25, 27, -1,
					25, 28, 27, -1,
					27, 28, 29, -1,
					28, 30, 29, -1,
					29, 30, 31, -1,
					29, 31, 32, -1,
					32, 31, 33, -1,
					32, 33, 34, -1,
					34, 33, 35, -1,
					33, 36, 35, -1,
					35, 36, 37, -1,
					35, 37, 38, -1,
					38, 37, 39, -1,
					38, 39, 40, -1,
					40, 39, 41, -1,
					39, 42, 41, -1,
					41, 42, 43, -1,
					41, 43, 44, -1,
					44, 43, 45, -1,
					44, 45, 46, -1,
					46, 45, 7, -1,
					46, 7, 47, -1,
					47, 7, 5, -1
				]
				normal Normal
				{
					vector
					[
						-0.866 -0.000 0.500,
						-0.966 -0.000 0.259,
						-1.000 -0.000 -0.000,
						-0.966 -0.000 -0.259,
						-0.866 -0.000 -0.500,
						-0.707 -0.000 0.707,
						-0.500 -0.000 0.866,
						-0.259 -0.000 0.966,
						-0.000 -0.000 1.000,
						0.259 -0.000 0.966,
						0.500 -0.000 0.866,
						0.707 -0.000 0.707,
						0.866 -0.000 0.500,
						0.966 -0.000 0.259,
						1.000 -0.000 0.000,
						0.966 -0.000 -0.259,
						0.866 -0.000 -0.500,
						0.707 -0.000 -0.707,
						0.500 -0.000 -0.866,
						0.259 -0.000 -0.966,
						-0.000 -0.000 -1.000,
						-0.259 -0.000 -0.966,
						-0.500 -0.000 -0.866,
						-0.707 -0.000 -0.707
					]
				}
				normalIndex
				[
					0, 1, 1, -1,
					1, 1, 2, -1,
					1, 2, 2, -1,
					2, 2, 3, -1,
					2, 3, 3, -1,
					3, 3, 4, -1,
					1, 0, 0, -1,
					0, 0, 5, -1,
					0, 5, 5, -1,
					5, 5, 6, -1,
					5, 6, 6, -1,
					6, 6, 7, -1,
					6, 7, 7, -1,
					7, 7, 8, -1,
					7, 8, 8, -1,
					8, 8, 9, -1,
					8, 9, 9, -1,
					9, 9, 10, -1,
					9, 10, 10, -1,
					10, 10, 11, -1,
					10, 11, 11, -1,
					11, 11, 12, -1,
					11, 12, 12, -1,
					12, 12, 13, -1,
					12, 13, 13, -1,
					13, 13, 14, -1,
					13, 14, 14, -1,
					14, 14, 15, -1,
					14, 15, 15, -1,
					15, 15, 16, -1,
					15, 16, 16, -1,
					16, 16, 17, -1,
					16, 17, 17, -1,
					17, 17, 18, -1,
					17, 18, 18, -1,
					18, 18, 19, -1,
					18, 19, 19, -1,
					19, 19, 20, -1,
					19, 20, 20, -1,
					20, 20, 21, -1,
					20, 21, 21, -1,
					21, 21, 22, -1,
					21, 22, 22, -1,
					22, 22, 23, -1,
					22, 23, 23, -1,
					23, 23, 4, -1,
					23, 4, 4, -1,
					4, 4, 3, -1
				]
			}
		}
		Shape
		{
			appearance Appearance
			{
				material Material
				{
					diffuseColor 0.000 0.000 0.000
				}
			}
			geometry IndexedFaceSet
			{
				creaseAngle 0.5
				solid TRUE
				coord Coordinate
				{
					point
					[
						0.888 3.635 -0.146,
						0.918 3.635 -0.076,
						0.968 3.700 -0.089,
						0.928 3.635 0.000,
						0.980 3.700 0.000,
						0.918 3.635 0.076,
						0.968 3.700 0.089,
						0.934 3.700 0.172,
						0.934 3.700 -0.172,
						0.879 3.700 -0.244,
						0.842 3.635 -0.207,
						0.808 3.700 -0.299,
						0.781 3.635 -0.253,
						0.724 3.700 -0.333,
						0.711 3.635 -0.283,
						0.635 3.635 -0.292,
						0.635 3.700 -0.345,
						0.546 3.700 -0.333,
						0.559 3.635 -0.283,
						0.463 3.700 -0.299,
						0.489 3.635 -0.253,
						0.428 3.635 -0.207,
						0.391 3.700 -0.244,
						0.336 3.700 -0.172,
						0.382 3.635 -0.146,
						0.302 3.700 -0.089,
						0.352 3.635 -0.076,
						0.343 3.635 -0.000,
						0.290 3.700 -0.000,
						0.352 3.635 0.076,
						0.302 3.700 0.089,
						0.336 3.700 0.172,
						0.382 3.635 0.146,
						0.391 3.700 0.244,
						0.428 3.635 0.207,
						0.489 3.635 0.253,
						0.463 3.700 0.299,
						0.546 3.700 0.333,
						0.559 3.635 0.283,
						0.635 3.700 0.345,
						0.635 3.635 0.292,
						0.711 3.635 0.283,
						0.724 3.700 0.333,
						0.808 3.700 0.299,
						0.781 3.635 0.253,
						0.879 3.700 0.244,
						0.842 3.635 0.207,
						0.888 3.635 0.146
					]
				}
				coordIndex
				[
					0, 1, 2, -1,
					2, 1, 3, -1,
					2, 3, 4, -1,
					4, 3, 5, -1,
					4, 5, 6, -1,
					6, 5, 7, -1,
					2, 8, 0, -1,
					0, 8, 9, -1,
					0, 9, 10, -1,
					10, 9, 11, -1,
					10, 11, 12, -1,
					12, 11, 13, -1,
					12, 13, 14, -1,
					14, 13, 15, -1,
					13, 16, 15, -1,
					15, 16, 17, -1,
					15, 17, 18, -1,
					18, 17, 19, -1,
					18, 19, 20, -1,
					20, 19, 21, -1,
					19, 22, 21, -1,
					21, 22, 23, -1,
					21, 23, 24, -1,
					24, 23, 25, -1,
					24, 25, 26, -1,
					26, 25, 27, -1,
					25, 28, 27, -1,
					27, 28, 29, -1,
					28, 30, 29, -1,
					29, 30, 31, -1,
					29, 31, 32, -1,
					32, 31, 33, -1,
					32, 33, 34, -1,
					34, 33, 35, -1,
					33, 36, 35, -1,
					35, 36, 37, -1,
					35, 37, 38, -1,
					38, 37, 39, -1,
					38, 39, 40, -1,
					40, 39, 41, -1,
					39, 42, 41, -1,
					41, 42, 43, -1,
					41, 43, 44, -1,
					44, 43, 45, -1,
					44, 45, 46, -1,
					46, 45, 7, -1,
					46, 7, 47, -1,
					47, 7, 5, -1
				]
				normal Normal
				{
					vector
					[
						-0.674 0.628 0.389,
						-0.751 0.628 0.201,
						-0.778 0.628 0.000,
						-0.751 0.628 -0.201,
						-0.674 0.628 -0.389,
						-0.550 0.628 0.550,
						-0.389 0.628 0.674,
						-0.201 0.628 0.751,
						-0.000 0.628 0.778,
						0.201 0.628 0.751,
						0.389 0.628 0.674,
						0.550 0.628 0.550,
						0.674 0.628 0.389,
						0.751 0.628 0.201,
						0.778 0.628 0.000,
						0.751 0.628 -0.201,
						0.674 0.628 -0.389,
						0.550 0.628 -0.550,
						0.389 0.628 -0.674,
						0.201 0.628 -0.751,
						0.000 0.628 -0.778,
						-0.000 0.628 -0.778,
						-0.201 0.628 -0.751,
						-0.389 0.628 -0.674,
						-0.550 0.628 -0.550
					]
				}
				normalIndex
				[
					0, 1, 1, -1,
					1, 1, 2, -1,
					1, 2, 2, -1,
					2, 2, 3, -1,
					2, 3, 3, -1,
					3, 3, 4, -1,
					1, 0, 0, -1,
					0, 0, 5, -1,
					0, 5, 5, -1,
					5, 5, 6, -1,
					5, 6, 6, -1,
					6, 6, 7, -1,
					6, 7, 7, -1,
					7, 7, 8, -1,
					7, 8, 8, -1,
					8, 8, 9, -1,
					8, 9, 9, -1,
					9, 9, 10, -1,
					9, 10, 10, -1,
					10, 10, 11, -1,
					10, 11, 11, -1,
					11, 11, 12, -1,
					11, 12, 12, -1,
					12, 12, 13, -1,
					12, 13, 13, -1,
					13, 13, 14, -1,
					13, 14, 14, -1,
					14, 14, 15, -1,
					14, 15, 15, -1,
					15, 15, 16, -1,
					15, 16, 16, -1,
					16, 16, 17, -1,
					16, 17, 17, -1,
					17, 17, 18, -1,
					17, 18, 18, -1,
					18, 18, 19, -1,
					18, 19, 19, -1,
					19, 19, 20, -1,
					19, 20, 21, -1,
					21, 20, 22, -1,
					20, 22, 22, -1,
					22, 22, 23, -1,
					22, 23, 23, -1,
					23, 23, 24, -1,
					23, 24, 24, -1,
					24, 24, 4, -1,
					24, 4, 4, -1,
					4, 4, 3, -1
				]
			}
		}
		Shape
		{
			appearance Appearance
			{
				material Material
				{
					diffuseColor 0.000 0.000 0.000
				}
			}
			geometry IndexedFaceSet
			{
				creaseAngle 0.5
				solid TRUE
				coord Coordinate
				{
					point
					[
						0.635 3.700 -0.385,
						0.635 3.700 -0.345,
						0.735 3.700 -0.372,
						0.724 3.700 -0.333,
						0.827 3.700 -0.333,
						0.808 3.700 -0.299,
						0.907 3.700 -0.272,
						0.879 3.700 -0.244,
						0.968 3.700 -0.192,
						0.934 3.700 -0.172,
						1.007 3.700 -0.100,
						0.968 3.700 -0.089,
						1.020 3.700 0.000,
						0.980 3.700 0.000,
						1.007 3.700 0.100,
						0.968 3.700 0.089,
						0.934 3.700 0.172,
						0.535 3.700 -0.372,
						0.546 3.700 -0.333,
						0.442 3.700 -0.333,
						0.463 3.700 -0.299,
						0.363 3.700 -0.272,
						0.391 3.700 -0.244,
						0.302 3.700 -0.192,
						0.336 3.700 -0.172,
						0.263 3.700 -0.100,
						0.302 3.700 -0.089,
						0.250 3.700 -0.000,
						0.290 3.700 -0.000,
						0.302 3.700 0.089,
						0.263 3.700 0.100,
						0.336 3.700 0.172,
						0.302 3.700 0.192,
						0.391 3.700 0.244,
						0.363 3.700 0.272,
						0.463 3.700 0.299,
						0.442 3.700 0.333,
						0.546 3.700 0.333,
						0.535 3.700 0.372,
						0.635 3.700 0.345,
						0.635 3.700 0.385,
						0.735 3.700 0.372,
						0.724 3.700 0.333,
						0.827 3.700 0.333,
						0.808 3.700 0.299,
						0.907 3.700 0.272,
						0.879 3.700 0.244,
						0.968 3.700 0.192
					]
				}
				coordIndex
				[
					0, 1, 2, -1,
					2, 1, 3, -1,
					2, 3, 4, -1,
					4, 3, 5, -1,
					4, 5, 6, -1,
					6, 5, 7, -1,
					6, 7, 8, -1,
					8, 7, 9, -1,
					8, 9, 10, -1,
					10, 9, 11, -1,
					10, 11, 12, -1,
					12, 11, 13, -1,
					12, 13, 14, -1,
					14, 13, 15, -1,
					14, 15, 16, -1,
					0, 17, 1, -1,
					1, 17, 18, -1,
					17, 19, 18, -1,
					18, 19, 20, -1,
					19, 21, 20, -1,
					20, 21, 22, -1,
					21, 23, 22, -1,
					22, 23, 24, -1,
					23, 25, 24, -1,
					24, 25, 26, -1,
					25, 27, 26, -1,
					26, 27, 28, -1,
					28, 27, 29, -1,
					29, 27, 30, -1,
					29, 30, 31, -1,
					31, 30, 32, -1,
					31, 32, 33, -1,
					33, 32, 34, -1,
					33, 34, 35, -1,
					35, 34, 36, -1,
					35, 36, 37, -1,
					37, 36, 38, -1,
					37, 38, 39, -1,
					39, 38, 40, -1,
					39, 40, 41, -1,
					39, 41, 42, -1,
					42, 41, 43, -1,
					42, 43, 44, -1,
					44, 43, 45, -1,
					44, 45, 46, -1,
					46, 45, 47, -1,
					46, 47, 16, -1,
					16, 47, 14, -1
				]
				normal Normal
				{
					vector
					[
						0.000 1.000 0.000
					]
				}
				normalIndex
				[
					0, 0, 0, -1,
					0, 0, 0, -1,
					0, 0, 0, -1,
					0, 0, 0, -1,
					0, 0, 0, -1,
					0, 0, 0, -1,
					0, 0, 0, -1,
					0, 0, 0, -1,
					0, 0, 0, -1,
					0, 0, 0, -1,
					0, 0, 0, -1,
					0, 0, 0, -1,
					0, 0, 0, -1,
					0, 0, 0, -1,
					0, 0, 0, -1,
					0, 0, 0, -1,
					0, 0, 0, -1,
					0, 0, 0, -1,
					0, 0, 0, -1,
					0, 0, 0, -1,
					0, 0, 0, -1,
					0, 0, 0, -1,
					0, 0, 0, -1,
					0, 0, 0, -1,
					0, 0, 0, -1,
					0, 0, 0, -1,
					0, 0, 0, -1,
					0, 0, 0, -1,
					0, 0, 0, -1,
					0, 0, 0, -1,
					0, 0, 0, -1,
					0, 0, 0, -1,
					0, 0, 0, -1,
					0, 0, 0, -1,
					0, 0, 0, -1,
					0, 0, 0, -1,
					0, 0, 0, -1,
					0, 0, 0, -1,
					0, 0, 0, -1,
					0, 0, 0, -1,
					0, 0, 0, -1,
					0, 0, 0, -1,
					0, 0, 0, -1,
					0, 0, 0, -1,
					0, 0, 0, -1,
					0, 0, 0, -1,
					0, 0, 0, -1,
					0, 0, 0, -1
				]
			}
		}
		Shape
		{
			appearance Appearance
			{
				material Material
				{
					diffuseColor 0.000 0.000 0.000
				}
			}
			geometry IndexedFaceSet
			{
				creaseAngle 0.5
				solid TRUE
				coord Coordinate
				{
					point
					[
						0.968 3.700 -0.192,
						1.007 3.700 -0.100,
						1.007 3.784 -0.100,
						1.020 3.700 0.000,
						1.020 3.784 0.000,
						1.007 3.700 0.100,
						1.007 3.784 0.100,
						0.968 3.784 0.192,
						0.968 3.784 -0.192,
						0.907 3.784 -0.272,
						0.907 3.700 -0.272,
						0.827 3.784 -0.333,
						0.827 3.700 -0.333,
						0.735 3.784 -0.372,
						0.735 3.700 -0.372,
						0.635 3.700 -0.385,
						0.635 3.784 -0.385,
						0.535 3.784 -0.372,
						0.535 3.700 -0.372,
						0.442 3.784 -0.333,
						0.442 3.700 -0.333,
						0.363 3.700 -0.272,
						0.363 3.784 -0.272,
						0.302 3.784 -0.192,
						0.302 3.700 -0.192,
						0.263 3.784 -0.100,
						0.263 3.700 -0.100,
						0.250 3.700 -0.000,
						0.250 3.784 -0.000,
						0.263 3.700 0.100,
						0.263 3.784 0.100,
						0.302 3.784 0.192,
						0.302 3.700 0.192,
						0.363 3.784 0.272,
						0.363 3.700 0.272,
						0.442 3.700 0.333,
						0.442 3.784 0.333,
						0.535 3.784 0.372,
						0.535 3.700 0.372,
						0.635 3.784 0.385,
						0.635 3.700 0.385,
						0.735 3.700 0.372,
						0.735 3.784 0.372,
						0.827 3.784 0.333,
						0.827 3.700 0.333,
						0.907 3.784 0.272,
						0.907 3.700 0.272,
						0.968 3.700 0.192
					]
				}
				coordIndex
				[
					0, 1, 2, -1,
					2, 1, 3, -1,
					2, 3, 4, -1,
					4, 3, 5, -1,
					4, 5, 6, -1,
					6, 5, 7, -1,
					2, 8, 0, -1,
					0, 8, 9, -1,
					0, 9, 10, -1,
					10, 9, 11, -1,
					10, 11, 12, -1,
					12, 11, 13, -1,
					12, 13, 14, -1,
					14, 13, 15, -1,
					13, 16, 15, -1,
					15, 16, 17, -1,
					15, 17, 18, -1,
					18, 17, 19, -1,
					18, 19, 20, -1,
					20, 19, 21, -1,
					19, 22, 21, -1,
					21, 22, 23, -1,
					21, 23, 24, -1,
					24, 23, 25, -1,
					24, 25, 26, -1,
					26, 25, 27, -1,
					25, 28, 27, -1,
					27, 28, 29, -1,
					28, 30, 29, -1,
					29, 30, 31, -1,
					29, 31, 32, -1,
					32, 31, 33, -1,
					32, 33, 34, -1,
					34, 33, 35, -1,
					33, 36, 35, -1,
					35, 36, 37, -1,
					35, 37, 38, -1,
					38, 37, 39, -1,
					38, 39, 40, -1,
					40, 39, 41, -1,
					39, 42, 41, -1,
					41, 42, 43, -1,
					41, 43, 44, -1,
					44, 43, 45, -1,
					44, 45, 46, -1,
					46, 45, 7, -1,
					46, 7, 47, -1,
					47, 7, 5, -1
				]
				normal Normal
				{
					vector
					[
						-0.866 -0.000 0.500,
						-0.966 -0.000 0.259,
						-1.000 -0.000 -0.000,
						-0.966 -0.000 -0.259,
						-0.866 -0.000 -0.500,
						-0.707 -0.000 0.707,
						-0.500 -0.000 0.866,
						-0.259 -0.000 0.966,
						-0.000 -0.000 1.000,
						0.259 -0.000 0.966,
						0.500 -0.000 0.866,
						0.707 -0.000 0.707,
						0.866 -0.000 0.500,
						0.966 -0.000 0.259,
						1.000 -0.000 0.000,
						0.966 -0.000 -0.259,
						0.866 -0.000 -0.500,
						0.707 -0.000 -0.707,
						0.500 -0.000 -0.866,
						0.259 -0.000 -0.966,
						0.000 -0.000 -1.000,
						-0.259 -0.000 -0.966,
						-0.500 -0.000 -0.866,
						-0.707 -0.000 -0.707
					]
				}
				normalIndex
				[
					0, 1, 1, -1,
					1, 1, 2, -1,
					1, 2, 2, -1,
					2, 2, 3, -1,
					2, 3, 3, -1,
					3, 3, 4, -1,
					1, 0, 0, -1,
					0, 0, 5, -1,
					0, 5, 5, -1,
					5, 5, 6, -1,
					5, 6, 6, -1,
					6, 6, 7, -1,
					6, 7, 7, -1,
					7, 7, 8, -1,
					7, 8, 8, -1,
					8, 8, 9, -1,
					8, 9, 9, -1,
					9, 9, 10, -1,
					9, 10, 10, -1,
					10, 10, 11, -1,
					10, 11, 11, -1,
					11, 11, 12, -1,
					11, 12, 12, -1,
					12, 12, 13, -1,
					12, 13, 13, -1,
					13, 13, 14, -1,
					13, 14, 14, -1,
					14, 14, 15, -1,
					14, 15, 15, -1,
					15, 15, 16, -1,
					15, 16, 16, -1,
					16, 16, 17, -1,
					16, 17, 17, -1,
					17, 17, 18, -1,
					17, 18, 18, -1,
					18, 18, 19, -1,
					18, 19, 19, -1,
					19, 19, 20, -1,
					19, 20, 20, -1,
					20, 20, 21, -1,
					20, 21, 21, -1,
					21, 21, 22, -1,
					21, 22, 22, -1,
					22, 22, 23, -1,
					22, 23, 23, -1,
					23, 23, 4, -1,
					23, 4, 4, -1,
					4, 4, 3, -1
				]
			}
		}
		Shape
		{
			appearance Appearance
			{
				material Material
				{
					diffuseColor 0.000 0.000 0.000
				}
			}
			geometry IndexedFaceSet
			{
				creaseAngle 0.5
				solid TRUE
				coord Coordinate
				{
					point
					[
						0.968 3.784 -0.192,
						1.007 3.784 -0.100,
						1.118 4.100 -0.129,
						1.020 3.784 0.000,
						1.135 4.100 0.000,
						1.007 3.784 0.100,
						1.118 4.100 0.129,
						1.068 4.100 0.250,
						1.068 4.100 -0.250,
						0.989 4.100 -0.354,
						0.907 3.784 -0.272,
						0.885 4.100 -0.433,
						0.827 3.784 -0.333,
						0.764 4.100 -0.483,
						0.735 3.784 -0.372,
						0.635 3.784 -0.385,
						0.635 4.100 -0.500,
						0.506 4.100 -0.483,
						0.535 3.784 -0.372,
						0.385 4.100 -0.433,
						0.442 3.784 -0.333,
						0.363 3.784 -0.272,
						0.281 4.100 -0.354,
						0.202 4.100 -0.250,
						0.302 3.784 -0.192,
						0.152 4.100 -0.129,
						0.263 3.784 -0.100,
						0.250 3.784 -0.000,
						0.135 4.100 0.000,
						0.263 3.784 0.100,
						0.152 4.100 0.129,
						0.202 4.100 0.250,
						0.302 3.784 0.192,
						0.281 4.100 0.354,
						0.363 3.784 0.272,
						0.442 3.784 0.333,
						0.385 4.100 0.433,
						0.506 4.100 0.483,
						0.535 3.784 0.372,
						0.635 4.100 0.500,
						0.635 3.784 0.385,
						0.735 3.784 0.372,
						0.764 4.100 0.483,
						0.885 4.100 0.433,
						0.827 3.784 0.333,
						0.989 4.100 0.354,
						0.907 3.784 0.272,
						0.968 3.784 0.192
					]
				}
				coordIndex
				[
					0, 1, 2, -1,
					2, 1, 3, -1,
					2, 3, 4, -1,
					4, 3, 5, -1,
					4, 5, 6, -1,
					6, 5, 7, -1,
					2, 8, 0, -1,
					0, 8, 9, -1,
					0, 9, 10, -1,
					10, 9, 11, -1,
					10, 11, 12, -1,
					12, 11, 13, -1,
					12, 13, 14, -1,
					14, 13, 15, -1,
					13, 16, 15, -1,
					15, 16, 17, -1,
					15, 17, 18, -1,
					18, 17, 19, -1,
					18, 19, 20, -1,
					20, 19, 21, -1,
					19, 22, 21, -1,
					21, 22, 23, -1,
					21, 23, 24, -1,
					24, 23, 25, -1,
					24, 25, 26, -1,
					26, 25, 27, -1,
					25, 28, 27, -1,
					27, 28, 29, -1,
					28, 30, 29, -1,
					29, 30, 31, -1,
					29, 31, 32, -1,
					32, 31, 33, -1,
					32, 33, 34, -1,
					34, 33, 35, -1,
					33, 36, 35, -1,
					35, 36, 37, -1,
					35, 37, 38, -1,
					38, 37, 39, -1,
					38, 39, 40, -1,
					40, 39, 41, -1,
					39, 42, 41, -1,
					41, 42, 43, -1,
					41, 43, 44, -1,
					44, 43, 45, -1,
					44, 45, 46, -1,
					46, 45, 7, -1,
					46, 7, 47, -1,
					47, 7, 5, -1
				]
				normal Normal
				{
					vector
					[
						-0.814 0.342 0.470,
						-0.908 0.342 0.243,
						-0.940 0.342 0.000,
						-0.908 0.342 -0.243,
						-0.814 0.342 -0.470,
						-0.664 0.342 0.664,
						-0.470 0.342 0.814,
						-0.243 0.342 0.908,
						-0.000 0.342 0.940,
						0.243 0.342 0.908,
						0.470 0.342 0.814,
						0.664 0.342 0.664,
						0.814 0.342 0.470,
						0.908 0.342 0.243,
						0.940 0.342 0.000,
						0.908 0.342 -0.243,
						0.814 0.342 -0.470,
						0.664 0.342 -0.664,
						0.470 0.342 -0.814,
						0.243 0.342 -0.908,
						-0.000 0.342 -0.940,
						0.000 0.342 -0.940,
						-0.243 0.342 -0.908,
						-0.470 0.342 -0.814,
						-0.664 0.342 -0.664
					]
				}
				normalIndex
				[
					0, 1, 1, -1,
					1, 1, 2, -1,
					1, 2, 2, -1,
					2, 2, 3, -1,
					2, 3, 3, -1,
					3, 3, 4, -1,
					1, 0, 0, -1,
					0, 0, 5, -1,
					0, 5, 5, -1,
					5, 5, 6, -1,
					5, 6, 6, -1,
					6, 6, 7, -1,
					6, 7, 7, -1,
					7, 7, 8, -1,
					7, 8, 8, -1,
					8, 8, 9, -1,
					8, 9, 9, -1,
					9, 9, 10, -1,
					9, 10, 10, -1,
					10, 10, 11, -1,
					10, 11, 11, -1,
					11, 11, 12, -1,
					11, 12, 12, -1,
					12, 12, 13, -1,
					12, 13, 13, -1,
					13, 13, 14, -1,
					13, 14, 14, -1,
					14, 14, 15, -1,
					14, 15, 15, -1,
					15, 15, 16, -1,
					15, 16, 16, -1,
					16, 16, 17, -1,
					16, 17, 17, -1,
					17, 17, 18, -1,
					17, 18, 18, -1,
					18, 18, 19, -1,
					18, 19, 19, -1,
					19, 19, 20, -1,
					19, 20, 21, -1,
					21, 20, 22, -1,
					20, 22, 22, -1,
					22, 22, 23, -1,
					22, 23, 23, -1,
					23, 23, 24, -1,
					23, 24, 24, -1,
					24, 24, 4, -1,
					24, 4, 4, -1,
					4, 4, 3, -1
				]
			}
		}
		Shape
		{
			appearance Appearance
			{
				material Material
				{
					diffuseColor 0.000 0.000 0.000
				}
			}
			geometry IndexedFaceSet
			{
				creaseAngle 0.5
				solid TRUE
				coord Coordinate
				{
					point
					[
						0.865 1.600 -0.133,
						0.891 1.600 -0.069,
						0.781 1.612 -0.039,
						0.900 1.600 0.000,
						0.786 1.612 0.000,
						0.891 1.600 0.069,
						0.781 1.612 0.039,
						0.766 1.612 0.075,
						0.766 1.612 -0.075,
						0.742 1.612 -0.107,
						0.823 1.600 -0.188,
						0.710 1.612 -0.131,
						0.768 1.600 -0.230,
						0.674 1.612 -0.146,
						0.704 1.600 -0.256,
						0.635 1.600 -0.265,
						0.635 1.612 -0.151,
						0.596 1.612 -0.146,
						0.566 1.600 -0.256,
						0.560 1.612 -0.131,
						0.502 1.600 -0.230,
						0.447 1.600 -0.188,
						0.528 1.612 -0.107,
						0.504 1.612 -0.075,
						0.405 1.600 -0.133,
						0.489 1.612 -0.039,
						0.379 1.600 -0.069,
						0.370 1.600 -0.000,
						0.484 1.612 -0.000,
						0.379 1.600 0.069,
						0.489 1.612 0.039,
						0.504 1.612 0.075,
						0.405 1.600 0.133,
						0.528 1.612 0.107,
						0.447 1.600 0.188,
						0.502 1.600 0.230,
						0.560 1.612 0.131,
						0.596 1.612 0.146,
						0.566 1.600 0.256,
						0.635 1.612 0.151,
						0.635 1.600 0.265,
						0.704 1.600 0.256,
						0.674 1.612 0.146,
						0.710 1.612 0.131,
						0.768 1.600 0.230,
						0.742 1.612 0.107,
						0.823 1.600 0.188,
						0.865 1.600 0.133
					]
				}
				coordIndex
				[
					0, 1, 2, -1,
					2, 1, 3, -1,
					2, 3, 4, -1,
					4, 3, 5, -1,
					4, 5, 6, -1,
					6, 5, 7, -1,
					2, 8, 0, -1,
					0, 8, 9, -1,
					0, 9, 10, -1,
					10, 9, 11, -1,
					10, 11, 12, -1,
					12, 11, 13, -1,
					12, 13, 14, -1,
					14, 13, 15, -1,
					13, 16, 15, -1,
					15, 16, 17, -1,
					15, 17, 18, -1,
					18, 17, 19, -1,
					18, 19, 20, -1,
					20, 19, 21, -1,
					19, 22, 21, -1,
					21, 22, 23, -1,
					21, 23, 24, -1,
					24, 23, 25, -1,
					24, 25, 26, -1,
					26, 25, 27, -1,
					25, 28, 27, -1,
					27, 28, 29, -1,
					28, 30, 29, -1,
					29, 30, 31, -1,
					29, 31, 32, -1,
					32, 31, 33, -1,
					32, 33, 34, -1,
					34, 33, 35, -1,
					33, 36, 35, -1,
					35, 36, 37, -1,
					35, 37, 38, -1,
					38, 37, 39, -1,
					38, 39, 40, -1,
					40, 39, 41, -1,
					39, 42, 41, -1,
					41, 42, 43, -1,
					41, 43, 44, -1,
					44, 43, 45, -1,
					44, 45, 46, -1,
					46, 45, 7, -1,
					46, 7, 47, -1,
					47, 7, 5, -1
				]
				normal Normal
				{
					vector
					[
						-0.088 -0.995 0.051,
						-0.098 -0.995 0.026,
						-0.101 -0.995 -0.000,
						-0.098 -0.995 -0.026,
						-0.088 -0.995 -0.051,
						-0.072 -0.995 0.072,
						-0.051 -0.995 0.088,
						-0.026 -0.995 0.098,
						-0.000 -0.995 0.101,
						0.026 -0.995 0.098,
						0.051 -0.995 0.088,
						0.072 -0.995 0.072,
						0.088 -0.995 0.051,
						0.098 -0.995 0.026,
						0.101 -0.995 0.000,
						0.098 -0.995 -0.026,
						0.088 -0.995 -0.051,
						0.072 -0.995 -0.072,
						0.051 -0.995 -0.088,
						0.026 -0.995 -0.098,
						-0.000 -0.995 -0.101,
						-0.026 -0.995 -0.098,
						-0.051 -0.995 -0.088,
						-0.072 -0.995 -0.072
					]
				}
				normalIndex
				[
					0, 1, 1, -1,
					1, 1, 2, -1,
					1, 2, 2, -1,
					2, 2, 3, -1,
					2, 3, 3, -1,
					3, 3, 4, -1,
					1, 0, 0, -1,
					0, 0, 5, -1,
					0, 5, 5, -1,
					5, 5, 6, -1,
					5, 6, 6, -1,
					6, 6, 7, -1,
					6, 7, 7, -1,
					7, 7, 8, -1,
					7, 8, 8, -1,
					8, 8, 9, -1,
					8, 9, 9, -1,
					9, 9, 10, -1,
					9, 10, 10, -1,
					10, 10, 11, -1,
					10, 11, 11, -1,
					11, 11, 12, -1,
					11, 12, 12, -1,
					12, 12, 13, -1,
					12, 13, 13, -1,
					13, 13, 14, -1,
					13, 14, 14, -1,
					14, 14, 15, -1,
					14, 15, 15, -1,
					15, 15, 16, -1,
					15, 16, 16, -1,
					16, 16, 17, -1,
					16, 17, 17, -1,
					17, 17, 18, -1,
					17, 18, 18, -1,
					18, 18, 19, -1,
					18, 19, 19, -1,
					19, 19, 20, -1,
					19, 20, 20, -1,
					20, 20, 21, -1,
					20, 21, 21, -1,
					21, 21, 22, -1,
					21, 22, 22, -1,
					22, 22, 23, -1,
					22, 23, 23, -1,
					23, 23, 4, -1,
					23, 4, 4, -1,
					4, 4, 3, -1
				]
			}
		}
		Shape
		{
			appearance Appearance
			{
				material Material
				{
					diffuseColor 0.812 0.812 0.812
				}
			}
			geometry IndexedFaceSet
			{
				creaseAngle 0.5
				solid TRUE
				coord Coordinate
				{
					point
					[
						-0.244 1.450 -0.105,
						-0.365 1.378 -0.072,
						-0.230 1.450 0.000,
						-0.355 1.378 0.000,
						-0.244 1.450 0.105,
						-0.365 1.378 0.072,
						-0.393 1.378 0.140,
						-0.284 1.450 -0.203,
						-0.393 1.378 -0.140,
						-0.349 1.450 -0.286,
						-0.437 1.378 -0.198,
						-0.495 1.378 -0.242,
						-0.433 1.450 -0.351,
						-0.563 1.378 -0.270,
						-0.530 1.450 -0.391,
						-0.635 1.450 -0.405,
						-0.635 1.378 -0.280,
						-0.740 1.450 -0.391,
						-0.707 1.378 -0.270,
						-0.775 1.378 -0.242,
						-0.837 1.450 -0.351,
						-0.833 1.378 -0.198,
						-0.921 1.450 -0.286,
						-0.986 1.450 -0.203,
						-0.877 1.378 -0.140,
						-1.026 1.450 -0.105,
						-0.905 1.378 -0.072,
						-0.915 1.378 -0.000,
						-1.040 1.450 -0.000,
						-0.905 1.378 0.072,
						-1.026 1.450 0.105,
						-0.986 1.450 0.203,
						-0.877 1.378 0.140,
						-0.921 1.450 0.286,
						-0.833 1.378 0.198,
						-0.775 1.378 0.242,
						-0.837 1.450 0.351,
						-0.707 1.378 0.270,
						-0.740 1.450 0.391,
						-0.635 1.450 0.405,
						-0.635 1.378 0.280,
						-0.530 1.450 0.391,
						-0.563 1.378 0.270,
						-0.495 1.378 0.242,
						-0.433 1.450 0.351,
						-0.437 1.378 0.198,
						-0.349 1.450 0.286,
						-0.284 1.450 0.203
					]
				}
				coordIndex
				[
					0, 1, 2, -1,
					2, 1, 3, -1,
					2, 3, 4, -1,
					4, 3, 5, -1,
					4, 5, 6, -1,
					0, 7, 1, -1,
					1, 7, 8, -1,
					7, 9, 8, -1,
					8, 9, 10, -1,
					10, 9, 11, -1,
					11, 9, 12, -1,
					11, 12, 13, -1,
					13, 12, 14, -1,
					13, 14, 15, -1,
					13, 15, 16, -1,
					16, 15, 17, -1,
					16, 17, 18, -1,
					18, 17, 19, -1,
					17, 20, 19, -1,
					19, 20, 21, -1,
					20, 22, 21, -1,
					21, 22, 23, -1,
					21, 23, 24, -1,
					24, 23, 25, -1,
					24, 25, 26, -1,
					26, 25, 27, -1,
					25, 28, 27, -1,
					27, 28, 29, -1,
					28, 30, 29, -1,
					29, 30, 31, -1,
					29, 31, 32, -1,
					32, 31, 33, -1,
					32, 33, 34, -1,
					34, 33, 35, -1,
					33, 36, 35, -1,
					35, 36, 37, -1,
					36, 38, 37, -1,
					37, 38, 39, -1,
					37, 39, 40, -1,
					40, 39, 41, -1,
					40, 41, 42, -1,
					42, 41, 43, -1,
					41, 44, 43, -1,
					43, 44, 45, -1,
					44, 46, 45, -1,
					45, 46, 47, -1,
					45, 47, 6, -1,
					6, 47, 4, -1
				]
				normal Normal
				{
					vector
					[
						-0.483 0.866 0.129,
						-0.500 0.866 0.000,
						-0.483 0.866 -0.129,
						-0.433 0.866 -0.250,
						-0.433 0.866 0.250,
						-0.354 0.866 0.354,
						-0.250 0.866 0.433,
						-0.129 0.866 0.483,
						-0.000 0.866 0.500,
						0.129 0.866 0.483,
						0.250 0.866 0.433,
						0.354 0.866 0.354,
						0.433 0.866 0.250,
						0.483 0.866 0.129,
						0.500 0.866 0.000,
						0.483 0.866 -0.129,
						0.433 0.866 -0.250,
						0.354 0.866 -0.354,
						0.250 0.866 -0.433,
						0.129 0.866 -0.483,
						0.000 0.866 -0.500,
						-0.000 0.866 -0.500,
						-0.129 0.866 -0.483,
						-0.250 0.866 -0.433,
						-0.354 0.866 -0.354
					]
				}
				normalIndex
				[
					0, 0, 1, -1,
					1, 0, 1, -1,
					1, 1, 2, -1,
					2, 1, 2, -1,
					2, 2, 3, -1,
					0, 4, 0, -1,
					0, 4, 4, -1,
					4, 5, 4, -1,
					4, 5, 5, -1,
					5, 5, 6, -1,
					6, 5, 6, -1,
					6, 6, 7, -1,
					7, 6, 7, -1,
					7, 7, 8, -1,
					7, 8, 8, -1,
					8, 8, 9, -1,
					8, 9, 9, -1,
					9, 9, 10, -1,
					9, 10, 10, -1,
					10, 10, 11, -1,
					10, 11, 11, -1,
					11, 11, 12, -1,
					11, 12, 12, -1,
					12, 12, 13, -1,
					12, 13, 13, -1,
					13, 13, 14, -1,
					13, 14, 14, -1,
					14, 14, 15, -1,
					14, 15, 15, -1,
					15, 15, 16, -1,
					15, 16, 16, -1,
					16, 16, 17, -1,
					16, 17, 17, -1,
					17, 17, 18, -1,
					17, 18, 18, -1,
					18, 18, 19, -1,
					18, 19, 19, -1,
					19, 19, 20, -1,
					19, 20, 21, -1,
					21, 20, 22, -1,
					21, 22, 22, -1,
					22, 22, 23, -1,
					22, 23, 23, -1,
					23, 23, 24, -1,
					23, 24, 24, -1,
					24, 24, 3, -1,
					24, 3, 3, -1,
					3, 3, 2, -1
				]
			}
		}
		Shape
		{
			appearance Appearance
			{
				material Material
				{
					diffuseColor 0.812 0.812 0.812
				}
			}
			geometry IndexedFaceSet
			{
				creaseAngle 0.5
				solid TRUE
				coord Coordinate
				{
					point
					[
						-0.284 1.450 -0.203,
						-0.244 1.450 -0.105,
						-0.244 3.196 -0.105,
						-0.230 1.450 0.000,
						-0.230 3.196 0.000,
						-0.244 1.450 0.105,
						-0.244 3.196 0.105,
						-0.284 3.196 0.203,
						-0.284 3.196 -0.203,
						-0.349 3.196 -0.286,
						-0.349 1.450 -0.286,
						-0.433 3.196 -0.351,
						-0.433 1.450 -0.351,
						-0.530 3.196 -0.391,
						-0.530 1.450 -0.391,
						-0.635 1.450 -0.405,
						-0.635 3.196 -0.405,
						-0.740 3.196 -0.391,
						-0.740 1.450 -0.391,
						-0.837 3.196 -0.351,
						-0.837 1.450 -0.351,
						-0.921 1.450 -0.286,
						-0.921 3.196 -0.286,
						-0.986 3.196 -0.203,
						-0.986 1.450 -0.203,
						-1.026 3.196 -0.105,
						-1.026 1.450 -0.105,
						-1.040 1.450 -0.000,
						-1.040 3.196 -0.000,
						-1.026 1.450 0.105,
						-1.026 3.196 0.105,
						-0.986 3.196 0.203,
						-0.986 1.450 0.203,
						-0.921 3.196 0.286,
						-0.921 1.450 0.286,
						-0.837 1.450 0.351,
						-0.837 3.196 0.351,
						-0.740 3.196 0.391,
						-0.740 1.450 0.391,
						-0.635 3.196 0.405,
						-0.635 1.450 0.405,
						-0.530 1.450 0.391,
						-0.530 3.196 0.391,
						-0.433 3.196 0.351,
						-0.433 1.450 0.351,
						-0.349 3.196 0.286,
						-0.349 1.450 0.286,
						-0.284 1.450 0.203
					]
				}
				coordIndex
				[
					0, 1, 2, -1,
					2, 1, 3, -1,
					2, 3, 4, -1,
					4, 3, 5, -1,
					4, 5, 6, -1,
					6, 5, 7, -1,
					2, 8, 0, -1,
					0, 8, 9, -1,
					0, 9, 10, -1,
					10, 9, 11, -1,
					10, 11, 12, -1,
					12, 11, 13, -1,
					12, 13, 14, -1,
					14, 13, 15, -1,
					13, 16, 15, -1,
					15, 16, 17, -1,
					15, 17, 18, -1,
					18, 17, 19, -1,
					18, 19, 20, -1,
					20, 19, 21, -1,
					19, 22, 21, -1,
					21, 22, 23, -1,
					21, 23, 24, -1,
					24, 23, 25, -1,
					24, 25, 26, -1,
					26, 25, 27, -1,
					25, 28, 27, -1,
					27, 28, 29, -1,
					28, 30, 29, -1,
					29, 30, 31, -1,
					29, 31, 32, -1,
					32, 31, 33, -1,
					32, 33, 34, -1,
					34, 33, 35, -1,
					33, 36, 35, -1,
					35, 36, 37, -1,
					35, 37, 38, -1,
					38, 37, 39, -1,
					38, 39, 40, -1,
					40, 39, 41, -1,
					39, 42, 41, -1,
					41, 42, 43, -1,
					41, 43, 44, -1,
					44, 43, 45, -1,
					44, 45, 46, -1,
					46, 45, 7, -1,
					46, 7, 47, -1,
					47, 7, 5, -1
				]
				normal Normal
				{
					vector
					[
						-0.866 -0.000 0.500,
						-0.966 -0.000 0.259,
						-1.000 -0.000 -0.000,
						-0.966 -0.000 -0.259,
						-0.866 -0.000 -0.500,
						-0.707 -0.000 0.707,
						-0.500 -0.000 0.866,
						-0.259 -0.000 0.966,
						-0.000 -0.000 1.000,
						0.259 -0.000 0.966,
						0.500 -0.000 0.866,
						0.707 -0.000 0.707,
						0.866 -0.000 0.500,
						0.966 -0.000 0.259,
						1.000 -0.000 0.000,
						0.966 -0.000 -0.259,
						0.866 -0.000 -0.500,
						0.707 -0.000 -0.707,
						0.500 -0.000 -0.866,
						0.259 -0.000 -0.966,
						0.000 -0.000 -1.000,
						-0.259 -0.000 -0.966,
						-0.500 -0.000 -0.866,
						-0.707 -0.000 -0.707
					]
				}
				normalIndex
				[
					0, 1, 1, -1,
					1, 1, 2, -1,
					1, 2, 2, -1,
					2, 2, 3, -1,
					2, 3, 3, -1,
					3, 3, 4, -1,
					1, 0, 0, -1,
					0, 0, 5, -1,
					0, 5, 5, -1,
					5, 5, 6, -1,
					5, 6, 6, -1,
					6, 6, 7, -1,
					6, 7, 7, -1,
					7, 7, 8, -1,
					7, 8, 8, -1,
					8, 8, 9, -1,
					8, 9, 9, -1,
					9, 9, 10, -1,
					9, 10, 10, -1,
					10, 10, 11, -1,
					10, 11, 11, -1,
					11, 11, 12, -1,
					11, 12, 12, -1,
					12, 12, 13, -1,
					12, 13, 13, -1,
					13, 13, 14, -1,
					13, 14, 14, -1,
					14, 14, 15, -1,
					14, 15, 15, -1,
					15, 15, 16, -1,
					15, 16, 16, -1,
					16, 16, 17, -1,
					16, 17, 17, -1,
					17, 17, 18, -1,
					17, 18, 18, -1,
					18, 18, 19, -1,
					18, 19, 19, -1,
					19, 19, 20, -1,
					19, 20, 20, -1,
					20, 20, 21, -1,
					20, 21, 21, -1,
					21, 21, 22, -1,
					21, 22, 22, -1,
					22, 22, 23, -1,
					22, 23, 23, -1,
					23, 23, 4, -1,
					23, 4, 4, -1,
					4, 4, 3, -1
				]
			}
		}
		Shape
		{
			appearance Appearance
			{
				material Material
				{
					diffuseColor 0.812 0.812 0.812
				}
			}
			geometry IndexedFaceSet
			{
				creaseAngle 0.5
				solid TRUE
				coord Coordinate
				{
					point
					[
						-0.284 3.196 -0.203,
						-0.244 3.196 -0.105,
						-0.379 1.600 -0.069,
						-0.230 3.196 0.000,
						-0.370 1.600 0.000,
						-0.244 3.196 0.105,
						-0.379 1.600 0.069,
						-0.405 1.600 0.133,
						-0.405 1.600 -0.133,
						-0.447 1.600 -0.188,
						-0.349 3.196 -0.286,
						-0.502 1.600 -0.230,
						-0.433 3.196 -0.351,
						-0.566 1.600 -0.256,
						-0.530 3.196 -0.391,
						-0.635 3.196 -0.405,
						-0.635 1.600 -0.265,
						-0.704 1.600 -0.256,
						-0.740 3.196 -0.391,
						-0.768 1.600 -0.230,
						-0.837 3.196 -0.351,
						-0.921 3.196 -0.286,
						-0.823 1.600 -0.188,
						-0.865 1.600 -0.133,
						-0.986 3.196 -0.203,
						-0.891 1.600 -0.069,
						-1.026 3.196 -0.105,
						-1.040 3.196 -0.000,
						-0.900 1.600 -0.000,
						-1.026 3.196 0.105,
						-0.891 1.600 0.069,
						-0.865 1.600 0.133,
						-0.986 3.196 0.203,
						-0.823 1.600 0.188,
						-0.921 3.196 0.286,
						-0.837 3.196 0.351,
						-0.768 1.600 0.230,
						-0.704 1.600 0.256,
						-0.740 3.196 0.391,
						-0.635 1.600 0.265,
						-0.635 3.196 0.405,
						-0.530 3.196 0.391,
						-0.566 1.600 0.256,
						-0.502 1.600 0.230,
						-0.433 3.196 0.351,
						-0.447 1.600 0.188,
						-0.349 3.196 0.286,
						-0.284 3.196 0.203
					]
				}
				coordIndex
				[
					0, 1, 2, -1,
					2, 1, 3, -1,
					2, 3, 4, -1,
					4, 3, 5, -1,
					4, 5, 6, -1,
					6, 5, 7, -1,
					2, 8, 0, -1,
					0, 8, 9, -1,
					0, 9, 10, -1,
					10, 9, 11, -1,
					10, 11, 12, -1,
					12, 11, 13, -1,
					12, 13, 14, -1,
					14, 13, 15, -1,
					13, 16, 15, -1,
					15, 16, 17, -1,
					15, 17, 18, -1,
					18, 17, 19, -1,
					18, 19, 20, -1,
					20, 19, 21, -1,
					19, 22, 21, -1,
					21, 22, 23, -1,
					21, 23, 24, -1,
					24, 23, 25, -1,
					24, 25, 26, -1,
					26, 25, 27, -1,
					25, 28, 27, -1,
					27, 28, 29, -1,
					28, 30, 29, -1,
					29, 30, 31, -1,
					29, 31, 32, -1,
					32, 31, 33, -1,
					32, 33, 34, -1,
					34, 33, 35, -1,
					33, 36, 35, -1,
					35, 36, 37, -1,
					35, 37, 38, -1,
					38, 37, 39, -1,
					38, 39, 40, -1,
					40, 39, 41, -1,
					39, 42, 41, -1,
					41, 42, 43, -1,
					41, 43, 44, -1,
					44, 43, 45, -1,
					44, 45, 46, -1,
					46, 45, 7, -1,
					46, 7, 47, -1,
					47, 7, 5, -1
				]
				normal Normal
				{
					vector
					[
						0.863 -0.087 -0.498,
						0.962 -0.087 -0.258,
						0.996 -0.087 -0.000,
						0.962 -0.087 0.258,
						0.863 -0.087 0.498,
						0.704 -0.087 -0.704,
						0.498 -0.087 -0.863,
						0.258 -0.087 -0.962,
						0.000 -0.087 -0.996,
						-0.258 -0.087 -0.962,
						-0.498 -0.087 -0.863,
						-0.704 -0.087 -0.704,
						-0.863 -0.087 -0.498,
						-0.962 -0.087 -0.258,
						-0.996 -0.087 -0.000,
						-0.962 -0.087 0.258,
						-0.863 -0.087 0.498,
						-0.704 -0.087 0.704,
						-0.498 -0.087 0.863,
						-0.258 -0.087 0.962,
						0.000 -0.087 0.996,
						-0.000 -0.087 0.996,
						0.258 -0.087 0.962,
						0.498 -0.087 0.863,
						0.704 -0.087 0.704
					]
				}
				normalIndex
				[
					0, 1, 1, -1,
					1, 1, 2, -1,
					1, 2, 2, -1,
					2, 2, 3, -1,
					2, 3, 3, -1,
					3, 3, 4, -1,
					1, 0, 0, -1,
					0, 0, 5, -1,
					0, 5, 5, -1,
					5, 5, 6, -1,
					5, 6, 6, -1,
					6, 6, 7, -1,
					6, 7, 7, -1,
					7, 7, 8, -1,
					7, 8, 8, -1,
					8, 8, 9, -1,
					8, 9, 9, -1,
					9, 9, 10, -1,
					9, 10, 10, -1,
					10, 10, 11, -1,
					10, 11, 11, -1,
					11, 11, 12, -1,
					11, 12, 12, -1,
					12, 12, 13, -1,
					12, 13, 13, -1,
					13, 13, 14, -1,
					13, 14, 14, -1,
					14, 14, 15, -1,
					14, 15, 15, -1,
					15, 15, 16, -1,
					15, 16, 16, -1,
					16, 16, 17, -1,
					16, 17, 17, -1,
					17, 17, 18, -1,
					17, 18, 18, -1,
					18, 18, 19, -1,
					18, 19, 19, -1,
					19, 19, 20, -1,
					19, 20, 21, -1,
					21, 20, 22, -1,
					20, 22, 22, -1,
					22, 22, 23, -1,
					22, 23, 23, -1,
					23, 23, 24, -1,
					23, 24, 24, -1,
					24, 24, 4, -1,
					24, 4, 4, -1,
					4, 4, 3, -1
				]
			}
		}
		Shape
		{
			appearance Appearance
			{
				material Material
				{
					diffuseColor 0.812 0.812 0.812
				}
			}
			geometry IndexedFaceSet
			{
				creaseAngle 0.5
				solid TRUE
				coord Coordinate
				{
					point
					[
						-0.393 0.650 -0.140,
						-0.635 0.488 0.000,
						-0.365 0.650 -0.072,
						-0.437 0.650 -0.198,
						-0.495 0.650 -0.242,
						-0.563 0.650 -0.270,
						-0.635 0.650 -0.280,
						-0.707 0.650 -0.270,
						-0.775 0.650 -0.242,
						-0.833 0.650 -0.198,
						-0.877 0.650 -0.140,
						-0.905 0.650 -0.072,
						-0.915 0.650 -0.000,
						-0.905 0.650 0.072,
						-0.877 0.650 0.140,
						-0.833 0.650 0.198,
						-0.775 0.650 0.242,
						-0.707 0.650 0.270,
						-0.635 0.650 0.280,
						-0.563 0.650 0.270,
						-0.495 0.650 0.242,
						-0.393 0.650 0.140,
						-0.437 0.650 0.198,
						-0.365 0.650 0.072,
						-0.355 0.650 0.000
					]
				}
				coordIndex
				[
					0, 1, 2, -1,
					0, 3, 1, -1,
					3, 4, 1, -1,
					4, 5, 1, -1,
					1, 5, 6, -1,
					6, 7, 1, -1,
					7, 8, 1, -1,
					1, 8, 9, -1,
					9, 10, 1, -1,
					10, 11, 1, -1,
					11, 12, 1, -1,
					1, 12, 13, -1,
					13, 14, 1, -1,
					14, 15, 1, -1,
					1, 15, 16, -1,
					16, 17, 1, -1,
					17, 18, 1, -1,
					18, 19, 1, -1,
					1, 19, 20, -1,
					21, 1, 22, -1,
					21, 23, 1, -1,
					23, 24, 1, -1,
					1, 24, 2, -1,
					1, 20, 22, -1
				]
				normal Normal
				{
					vector
					[
						-0.433 0.866 0.250,
						-0.462 0.866 0.191,
						-0.483 0.866 0.129,
						-0.354 0.866 0.354,
						-0.250 0.866 0.433,
						-0.304 0.866 0.397,
						-0.129 0.866 0.483,
						-0.191 0.866 0.462,
						-0.000 0.866 0.500,
						0.129 0.866 0.483,
						0.065 0.866 0.496,
						0.250 0.866 0.433,
						0.191 0.866 0.462,
						0.354 0.866 0.354,
						0.433 0.866 0.250,
						0.397 0.866 0.304,
						0.483 0.866 0.129,
						0.462 0.866 0.191,
						0.500 0.866 0.000,
						0.496 0.866 0.065,
						0.483 0.866 -0.129,
						0.433 0.866 -0.250,
						0.462 0.866 -0.191,
						0.354 0.866 -0.354,
						0.397 0.866 -0.304,
						0.250 0.866 -0.433,
						0.129 0.866 -0.483,
						0.191 0.866 -0.462,
						-0.000 0.866 -0.500,
						0.065 0.866 -0.496,
						-0.129 0.866 -0.483,
						-0.065 0.866 -0.496,
						-0.250 0.866 -0.433,
						-0.433 0.866 -0.250,
						-0.397 0.866 -0.304,
						-0.354 0.866 -0.354,
						-0.483 0.866 -0.129,
						-0.500 0.866 0.000,
						-0.496 0.866 -0.065,
						-0.496 0.866 0.065,
						-0.304 0.866 -0.397
					]
				}
				normalIndex
				[
					0, 1, 2, -1,
					0, 3, 1, -1,
					3, 4, 5, -1,
					4, 6, 7, -1,
					7, 6, 8, -1,
					8, 9, 10, -1,
					9, 11, 12, -1,
					12, 11, 13, -1,
					13, 14, 15, -1,
					14, 16, 17, -1,
					16, 18, 19, -1,
					19, 18, 20, -1,
					20, 21, 22, -1,
					21, 23, 24, -1,
					24, 23, 25, -1,
					25, 26, 27, -1,
					26, 28, 29, -1,
					28, 30, 31, -1,
					31, 30, 32, -1,
					33, 34, 35, -1,
					33, 36, 34, -1,
					36, 37, 38, -1,
					39, 37, 2, -1,
					40, 32, 35, -1
				]
			}
		}
		Shape
		{
			appearance Appearance
			{
				material Material
				{
					diffuseColor 0.812 0.812 0.812
				}
			}
			geometry IndexedFaceSet
			{
				creaseAngle 0.5
				solid TRUE
				coord Coordinate
				{
					point
					[
						-0.393 0.650 -0.140,
						-0.365 0.650 -0.072,
						-0.365 1.378 -0.072,
						-0.355 0.650 0.000,
						-0.355 1.378 0.000,
						-0.365 0.650 0.072,
						-0.365 1.378 0.072,
						-0.393 1.378 0.140,
						-0.393 1.378 -0.140,
						-0.437 1.378 -0.198,
						-0.437 0.650 -0.198,
						-0.495 1.378 -0.242,
						-0.495 0.650 -0.242,
						-0.563 1.378 -0.270,
						-0.563 0.650 -0.270,
						-0.635 0.650 -0.280,
						-0.635 1.378 -0.280,
						-0.707 1.378 -0.270,
						-0.707 0.650 -0.270,
						-0.775 1.378 -0.242,
						-0.775 0.650 -0.242,
						-0.833 0.650 -0.198,
						-0.833 1.378 -0.198,
						-0.877 1.378 -0.140,
						-0.877 0.650 -0.140,
						-0.905 1.378 -0.072,
						-0.905 0.650 -0.072,
						-0.915 0.650 -0.000,
						-0.915 1.378 -0.000,
						-0.905 0.650 0.072,
						-0.905 1.378 0.072,
						-0.877 1.378 0.140,
						-0.877 0.650 0.140,
						-0.833 1.378 0.198,
						-0.833 0.650 0.198,
						-0.775 0.650 0.242,
						-0.775 1.378 0.242,
						-0.707 1.378 0.270,
						-0.707 0.650 0.270,
						-0.635 1.378 0.280,
						-0.635 0.650 0.280,
						-0.563 0.650 0.270,
						-0.563 1.378 0.270,
						-0.495 1.378 0.242,
						-0.495 0.650 0.242,
						-0.437 1.378 0.198,
						-0.437 0.650 0.198,
						-0.393 0.650 0.140
					]
				}
				coordIndex
				[
					0, 1, 2, -1,
					2, 1, 3, -1,
					2, 3, 4, -1,
					4, 3, 5, -1,
					4, 5, 6, -1,
					6, 5, 7, -1,
					2, 8, 0, -1,
					0, 8, 9, -1,
					0, 9, 10, -1,
					10, 9, 11, -1,
					10, 11, 12, -1,
					12, 11, 13, -1,
					12, 13, 14, -1,
					14, 13, 15, -1,
					13, 16, 15, -1,
					15, 16, 17, -1,
					15, 17, 18, -1,
					18, 17, 19, -1,
					18, 19, 20, -1,
					20, 19, 21, -1,
					19, 22, 21, -1,
					21, 22, 23, -1,
					21, 23, 24, -1,
					24, 23, 25, -1,
					24, 25, 26, -1,
					26, 25, 27, -1,
					25, 28, 27, -1,
					27, 28, 29, -1,
					28, 30, 29, -1,
					29, 30, 31, -1,
					29, 31, 32, -1,
					32, 31, 33, -1,
					32, 33, 34, -1,
					34, 33, 35, -1,
					33, 36, 35, -1,
					35, 36, 37, -1,
					35, 37, 38, -1,
					38, 37, 39, -1,
					38, 39, 40, -1,
					40, 39, 41, -1,
					39, 42, 41, -1,
					41, 42, 43, -1,
					41, 43, 44, -1,
					44, 43, 45, -1,
					44, 45, 46, -1,
					46, 45, 7, -1,
					46, 7, 47, -1,
					47, 7, 5, -1
				]
				normal Normal
				{
					vector
					[
						-0.866 -0.000 0.500,
						-0.966 -0.000 0.259,
						-1.000 -0.000 -0.000,
						-0.966 -0.000 -0.259,
						-0.866 -0.000 -0.500,
						-0.707 -0.000 0.707,
						-0.500 -0.000 0.866,
						-0.259 -0.000 0.966,
						-0.000 -0.000 1.000,
						0.259 -0.000 0.966,
						0.500 -0.000 0.866,
						0.707 -0.000 0.707,
						0.866 -0.000 0.500,
						0.966 -0.000 0.259,
						1.000 -0.000 0.000,
						0.966 -0.000 -0.259,
						0.866 -0.000 -0.500,
						0.707 -0.000 -0.707,
						0.500 -0.000 -0.866,
						0.259 -0.000 -0.966,
						-0.000 -0.000 -1.000,
						-0.259 -0.000 -0.966,
						-0.500 -0.000 -0.866,
						-0.707 -0.000 -0.707
					]
				}
				normalIndex
				[
					0, 1, 1, -1,
					1, 1, 2, -1,
					1, 2, 2, -1,
					2, 2, 3, -1,
					2, 3, 3, -1,
					3, 3, 4, -1,
					1, 0, 0, -1,
					0, 0, 5, -1,
					0, 5, 5, -1,
					5, 5, 6, -1,
					5, 6, 6, -1,
					6, 6, 7, -1,
					6, 7, 7, -1,
					7, 7, 8, -1,
					7, 8, 8, -1,
					8, 8, 9, -1,
					8, 9, 9, -1,
					9, 9, 10, -1,
					9, 10, 10, -1,
					10, 10, 11, -1,
					10, 11, 11, -1,
					11, 11, 12, -1,
					11, 12, 12, -1,
					12, 12, 13, -1,
					12, 13, 13, -1,
					13, 13, 14, -1,
					13, 14, 14, -1,
					14, 14, 15, -1,
					14, 15, 15, -1,
					15, 15, 16, -1,
					15, 16, 16, -1,
					16, 16, 17, -1,
					16, 17, 17, -1,
					17, 17, 18, -1,
					17, 18, 18, -1,
					18, 18, 19, -1,
					18, 19, 19, -1,
					19, 19, 20, -1,
					19, 20, 20, -1,
					20, 20, 21, -1,
					20, 21, 21, -1,
					21, 21, 22, -1,
					21, 22, 22, -1,
					22, 22, 23, -1,
					22, 23, 23, -1,
					23, 23, 4, -1,
					23, 4, 4, -1,
					4, 4, 3, -1
				]
			}
		}
		Shape
		{
			appearance Appearance
			{
				material Material
				{
					diffuseColor 0.000 0.000 0.000
				}
			}
			geometry IndexedFaceSet
			{
				creaseAngle 0.5
				solid TRUE
				coord Coordinate
				{
					point
					[
						-0.504 1.612 -0.075,
						-0.489 1.612 -0.039,
						-0.352 3.200 -0.076,
						-0.484 1.612 0.000,
						-0.343 3.200 0.000,
						-0.489 1.612 0.039,
						-0.352 3.200 0.076,
						-0.382 3.200 0.146,
						-0.382 3.200 -0.146,
						-0.428 3.200 -0.207,
						-0.528 1.612 -0.107,
						-0.489 3.200 -0.253,
						-0.560 1.612 -0.131,
						-0.559 3.200 -0.283,
						-0.596 1.612 -0.146,
						-0.635 1.612 -0.151,
						-0.635 3.200 -0.292,
						-0.711 3.200 -0.283,
						-0.674 1.612 -0.146,
						-0.781 3.200 -0.253,
						-0.710 1.612 -0.131,
						-0.742 1.612 -0.107,
						-0.842 3.200 -0.207,
						-0.888 3.200 -0.146,
						-0.766 1.612 -0.075,
						-0.918 3.200 -0.076,
						-0.781 1.612 -0.039,
						-0.786 1.612 -0.000,
						-0.928 3.200 -0.000,
						-0.781 1.612 0.039,
						-0.918 3.200 0.076,
						-0.888 3.200 0.146,
						-0.766 1.612 0.075,
						-0.842 3.200 0.207,
						-0.742 1.612 0.107,
						-0.710 1.612 0.131,
						-0.781 3.200 0.253,
						-0.711 3.200 0.283,
						-0.674 1.612 0.146,
						-0.635 3.200 0.292,
						-0.635 1.612 0.151,
						-0.596 1.612 0.146,
						-0.559 3.200 0.283,
						-0.489 3.200 0.253,
						-0.560 1.612 0.131,
						-0.428 3.200 0.207,
						-0.528 1.612 0.107,
						-0.504 1.612 0.075
					]
				}
				coordIndex
				[
					0, 1, 2, -1,
					2, 1, 3, -1,
					2, 3, 4, -1,
					4, 3, 5, -1,
					4, 5, 6, -1,
					6, 5, 7, -1,
					2, 8, 0, -1,
					0, 8, 9, -1,
					0, 9, 10, -1,
					10, 9, 11, -1,
					10, 11, 12, -1,
					12, 11, 13, -1,
					12, 13, 14, -1,
					14, 13, 15, -1,
					13, 16, 15, -1,
					15, 16, 17, -1,
					15, 17, 18, -1,
					18, 17, 19, -1,
					18, 19, 20, -1,
					20, 19, 21, -1,
					19, 22, 21, -1,
					21, 22, 23, -1,
					21, 23, 24, -1,
					24, 23, 25, -1,
					24, 25, 26, -1,
					26, 25, 27, -1,
					25, 28, 27, -1,
					27, 28, 29, -1,
					28, 30, 29, -1,
					29, 30, 31, -1,
					29, 31, 32, -1,
					32, 31, 33, -1,
					32, 33, 34, -1,
					34, 33, 35, -1,
					33, 36, 35, -1,
					35, 36, 37, -1,
					35, 37, 38, -1,
					38, 37, 39, -1,
					38, 39, 40, -1,
					40, 39, 41, -1,
					39, 42, 41, -1,
					41, 42, 43, -1,
					41, 43, 44, -1,
					44, 43, 45, -1,
					44, 45, 46, -1,
					46, 45, 7, -1,
					46, 7, 47, -1,
					47, 7, 5, -1
				]
				normal Normal
				{
					vector
					[
						-0.863 0.089 0.498,
						-0.962 0.089 0.258,
						-0.996 0.089 0.000,
						-0.962 0.089 -0.258,
						-0.863 0.089 -0.498,
						-0.704 0.089 0.704,
						-0.498 0.089 0.863,
						-0.258 0.089 0.962,
						-0.000 0.089 0.996,
						0.258 0.089 0.962,
						0.498 0.089 0.863,
						0.704 0.089 0.704,
						0.863 0.089 0.498,
						0.962 0.089 0.258,
						0.996 0.089 0.000,
						0.962 0.089 -0.258,
						0.863 0.089 -0.498,
						0.704 0.089 -0.704,
						0.498 0.089 -0.863,
						0.258 0.089 -0.962,
						-0.000 0.089 -0.996,
						-0.258 0.089 -0.962,
						-0.498 0.089 -0.863,
						-0.704 0.089 -0.704
					]
				}
				normalIndex
				[
					0, 1, 1, -1,
					1, 1, 2, -1,
					1, 2, 2, -1,
					2, 2, 3, -1,
					2, 3, 3, -1,
					3, 3, 4, -1,
					1, 0, 0, -1,
					0, 0, 5, -1,
					0, 5, 5, -1,
					5, 5, 6, -1,
					5, 6, 6, -1,
					6, 6, 7, -1,
					6, 7, 7, -1,
					7, 7, 8, -1,
					7, 8, 8, -1,
					8, 8, 9, -1,
					8, 9, 9, -1,
					9, 9, 10, -1,
					9, 10, 10, -1,
					10, 10, 11, -1,
					10, 11, 11, -1,
					11, 11, 12, -1,
					11, 12, 12, -1,
					12, 12, 13, -1,
					12, 13, 13, -1,
					13, 13, 14, -1,
					13, 14, 14, -1,
					14, 14, 15, -1,
					14, 15, 15, -1,
					15, 15, 16, -1,
					15, 16, 16, -1,
					16, 16, 17, -1,
					16, 17, 17, -1,
					17, 17, 18, -1,
					17, 18, 18, -1,
					18, 18, 19, -1,
					18, 19, 19, -1,
					19, 19, 20, -1,
					19, 20, 20, -1,
					20, 20, 21, -1,
					20, 21, 21, -1,
					21, 21, 22, -1,
					21, 22, 22, -1,
					22, 22, 23, -1,
					22, 23, 23, -1,
					23, 23, 4, -1,
					23, 4, 4, -1,
					4, 4, 3, -1
				]
			}
		}
		Shape
		{
			appearance Appearance
			{
				material Material
				{
					diffuseColor 0.000 0.000 0.000
				}
			}
			geometry IndexedFaceSet
			{
				creaseAngle 0.5
				solid TRUE
				coord Coordinate
				{
					point
					[
						-0.382 3.200 -0.146,
						-0.352 3.200 -0.076,
						-0.352 3.635 -0.076,
						-0.343 3.200 0.000,
						-0.343 3.635 0.000,
						-0.352 3.200 0.076,
						-0.352 3.635 0.076,
						-0.382 3.635 0.146,
						-0.382 3.635 -0.146,
						-0.428 3.635 -0.207,
						-0.428 3.200 -0.207,
						-0.489 3.635 -0.253,
						-0.489 3.200 -0.253,
						-0.559 3.635 -0.283,
						-0.559 3.200 -0.283,
						-0.635 3.200 -0.292,
						-0.635 3.635 -0.292,
						-0.711 3.635 -0.283,
						-0.711 3.200 -0.283,
						-0.781 3.635 -0.253,
						-0.781 3.200 -0.253,
						-0.842 3.200 -0.207,
						-0.842 3.635 -0.207,
						-0.888 3.635 -0.146,
						-0.888 3.200 -0.146,
						-0.918 3.635 -0.076,
						-0.918 3.200 -0.076,
						-0.928 3.200 -0.000,
						-0.928 3.635 -0.000,
						-0.918 3.200 0.076,
						-0.918 3.635 0.076,
						-0.888 3.635 0.146,
						-0.888 3.200 0.146,
						-0.842 3.635 0.207,
						-0.842 3.200 0.207,
						-0.781 3.200 0.253,
						-0.781 3.635 0.253,
						-0.711 3.635 0.283,
						-0.711 3.200 0.283,
						-0.635 3.635 0.292,
						-0.635 3.200 0.292,
						-0.559 3.200 0.283,
						-0.559 3.635 0.283,
						-0.489 3.635 0.253,
						-0.489 3.200 0.253,
						-0.428 3.635 0.207,
						-0.428 3.200 0.207,
						-0.382 3.200 0.146
					]
				}
				coordIndex
				[
					0, 1, 2, -1,
					2, 1, 3, -1,
					2, 3, 4, -1,
					4, 3, 5, -1,
					4, 5, 6, -1,
					6, 5, 7, -1,
					2, 8, 0, -1,
					0, 8, 9, -1,
					0, 9, 10, -1,
					10, 9, 11, -1,
					10, 11, 12, -1,
					12, 11, 13, -1,
					12, 13, 14, -1,
					14, 13, 15, -1,
					13, 16, 15, -1,
					15, 16, 17, -1,
					15, 17, 18, -1,
					18, 17, 19, -1,
					18, 19, 20, -1,
					20, 19, 21, -1,
					19, 22, 21, -1,
					21, 22, 23, -1,
					21, 23, 24, -1,
					24, 23, 25, -1,
					24, 25, 26, -1,
					26, 25, 27, -1,
					25, 28, 27, -1,
					27, 28, 29, -1,
					28, 30, 29, -1,
					29, 30, 31, -1,
					29, 31, 32, -1,
					32, 31, 33, -1,
					32, 33, 34, -1,
					34, 33, 35, -1,
					33, 36, 35, -1,
					35, 36, 37, -1,
					35, 37, 38, -1,
					38, 37, 39, -1,
					38, 39, 40, -1,
					40, 39, 41, -1,
					39, 42, 41, -1,
					41, 42, 43, -1,
					41, 43, 44, -1,
					44, 43, 45, -1,
					44, 45, 46, -1,
					46, 45, 7, -1,
					46, 7, 47, -1,
					47, 7, 5, -1
				]
				normal Normal
				{
					vector
					[
						-0.866 -0.000 0.500,
						-0.966 -0.000 0.259,
						-1.000 -0.000 -0.000,
						-0.966 -0.000 -0.259,
						-0.866 -0.000 -0.500,
						-0.707 -0.000 0.707,
						-0.500 -0.000 0.866,
						-0.259 -0.000 0.966,
						-0.000 -0.000 1.000,
						0.259 -0.000 0.966,
						0.500 -0.000 0.866,
						0.707 -0.000 0.707,
						0.866 -0.000 0.500,
						0.966 -0.000 0.259,
						1.000 -0.000 0.000,
						0.966 -0.000 -0.259,
						0.866 -0.000 -0.500,
						0.707 -0.000 -0.707,
						0.500 -0.000 -0.866,
						0.259 -0.000 -0.966,
						-0.000 -0.000 -1.000,
						-0.259 -0.000 -0.966,
						-0.500 -0.000 -0.866,
						-0.707 -0.000 -0.707
					]
				}
				normalIndex
				[
					0, 1, 1, -1,
					1, 1, 2, -1,
					1, 2, 2, -1,
					2, 2, 3, -1,
					2, 3, 3, -1,
					3, 3, 4, -1,
					1, 0, 0, -1,
					0, 0, 5, -1,
					0, 5, 5, -1,
					5, 5, 6, -1,
					5, 6, 6, -1,
					6, 6, 7, -1,
					6, 7, 7, -1,
					7, 7, 8, -1,
					7, 8, 8, -1,
					8, 8, 9, -1,
					8, 9, 9, -1,
					9, 9, 10, -1,
					9, 10, 10, -1,
					10, 10, 11, -1,
					10, 11, 11, -1,
					11, 11, 12, -1,
					11, 12, 12, -1,
					12, 12, 13, -1,
					12, 13, 13, -1,
					13, 13, 14, -1,
					13, 14, 14, -1,
					14, 14, 15, -1,
					14, 15, 15, -1,
					15, 15, 16, -1,
					15, 16, 16, -1,
					16, 16, 17, -1,
					16, 17, 17, -1,
					17, 17, 18, -1,
					17, 18, 18, -1,
					18, 18, 19, -1,
					18, 19, 19, -1,
					19, 19, 20, -1,
					19, 20, 20, -1,
					20, 20, 21, -1,
					20, 21, 21, -1,
					21, 21, 22, -1,
					21, 22, 22, -1,
					22, 22, 23, -1,
					22, 23, 23, -1,
					23, 23, 4, -1,
					23, 4, 4, -1,
					4, 4, 3, -1
				]
			}
		}
		Shape
		{
			appearance Appearance
			{
				material Material
				{
					diffuseColor 0.000 0.000 0.000
				}
			}
			geometry IndexedFaceSet
			{
				creaseAngle 0.5
				solid TRUE
				coord Coordinate
				{
					point
					[
						-0.382 3.635 -0.146,
						-0.352 3.635 -0.076,
						-0.302 3.700 -0.089,
						-0.343 3.635 0.000,
						-0.290 3.700 0.000,
						-0.352 3.635 0.076,
						-0.302 3.700 0.089,
						-0.336 3.700 0.172,
						-0.336 3.700 -0.172,
						-0.391 3.700 -0.244,
						-0.428 3.635 -0.207,
						-0.463 3.700 -0.299,
						-0.489 3.635 -0.253,
						-0.546 3.700 -0.333,
						-0.559 3.635 -0.283,
						-0.635 3.635 -0.292,
						-0.635 3.700 -0.345,
						-0.724 3.700 -0.333,
						-0.711 3.635 -0.283,
						-0.808 3.700 -0.299,
						-0.781 3.635 -0.253,
						-0.842 3.635 -0.207,
						-0.879 3.700 -0.244,
						-0.934 3.700 -0.172,
						-0.888 3.635 -0.146,
						-0.968 3.700 -0.089,
						-0.918 3.635 -0.076,
						-0.928 3.635 -0.000,
						-0.980 3.700 -0.000,
						-0.918 3.635 0.076,
						-0.968 3.700 0.089,
						-0.934 3.700 0.172,
						-0.888 3.635 0.146,
						-0.879 3.700 0.244,
						-0.842 3.635 0.207,
						-0.781 3.635 0.253,
						-0.808 3.700 0.299,
						-0.724 3.700 0.333,
						-0.711 3.635 0.283,
						-0.635 3.700 0.345,
						-0.635 3.635 0.292,
						-0.559 3.635 0.283,
						-0.546 3.700 0.333,
						-0.463 3.700 0.299,
						-0.489 3.635 0.253,
						-0.391 3.700 0.244,
						-0.428 3.635 0.207,
						-0.382 3.635 0.146
					]
				}
				coordIndex
				[
					0, 1, 2, -1,
					2, 1, 3, -1,
					2, 3, 4, -1,
					4, 3, 5, -1,
					4, 5, 6, -1,
					6, 5, 7, -1,
					2, 8, 0, -1,
					0, 8, 9, -1,
					0, 9, 10, -1,
					10, 9, 11, -1,
					10, 11, 12, -1,
					12, 11, 13, -1,
					12, 13, 14, -1,
					14, 13, 15, -1,
					13, 16, 15, -1,
					15, 16, 17, -1,
					15, 17, 18, -1,
					18, 17, 19, -1,
					18, 19, 20, -1,
					20, 19, 21, -1,
					19, 22, 21, -1,
					21, 22, 23, -1,
					21, 23, 24, -1,
					24, 23, 25, -1,
					24, 25, 26, -1,
					26, 25, 27, -1,
					25, 28, 27, -1,
					27, 28, 29, -1,
					28, 30, 29, -1,
					29, 30, 31, -1,
					29, 31, 32, -1,
					32, 31, 33, -1,
					32, 33, 34, -1,
					34, 33, 35, -1,
					33, 36, 35, -1,
					35, 36, 37, -1,
					35, 37, 38, -1,
					38, 37, 39, -1,
					38, 39, 40, -1,
					40, 39, 41, -1,
					39, 42, 41, -1,
					41, 42, 43, -1,
					41, 43, 44, -1,
					44, 43, 45, -1,
					44, 45, 46, -1,
					46, 45, 7, -1,
					46, 7, 47, -1,
					47, 7, 5, -1
				]
				normal Normal
				{
					vector
					[
						-0.674 0.628 0.389,
						-0.751 0.628 0.201,
						-0.778 0.628 0.000,
						-0.751 0.628 -0.201,
						-0.674 0.628 -0.389,
						-0.550 0.628 0.550,
						-0.389 0.628 0.674,
						-0.201 0.628 0.751,
						-0.000 0.628 0.778,
						0.201 0.628 0.751,
						0.389 0.628 0.674,
						0.550 0.628 0.550,
						0.674 0.628 0.389,
						0.751 0.628 0.201,
						0.778 0.628 0.000,
						0.751 0.628 -0.201,
						0.674 0.628 -0.389,
						0.550 0.628 -0.550,
						0.389 0.628 -0.674,
						0.201 0.628 -0.751,
						0.000 0.628 -0.778,
						-0.000 0.628 -0.778,
						-0.201 0.628 -0.751,
						-0.389 0.628 -0.674,
						-0.550 0.628 -0.550
					]
				}
				normalIndex
				[
					0, 1, 1, -1,
					1, 1, 2, -1,
					1, 2, 2, -1,
					2, 2, 3, -1,
					2, 3, 3, -1,
					3, 3, 4, -1,
					1, 0, 0, -1,
					0, 0, 5, -1,
					0, 5, 5, -1,
					5, 5, 6, -1,
					5, 6, 6, -1,
					6, 6, 7, -1,
					6, 7, 7, -1,
					7, 7, 8, -1,
					7, 8, 8, -1,
					8, 8, 9, -1,
					8, 9, 9, -1,
					9, 9, 10, -1,
					9, 10, 10, -1,
					10, 10, 11, -1,
					10, 11, 11, -1,
					11, 11, 12, -1,
					11, 12, 12, -1,
					12, 12, 13, -1,
					12, 13, 13, -1,
					13, 13, 14, -1,
					13, 14, 14, -1,
					14, 14, 15, -1,
					14, 15, 15, -1,
					15, 15, 16, -1,
					15, 16, 16, -1,
					16, 16, 17, -1,
					16, 17, 17, -1,
					17, 17, 18, -1,
					17, 18, 18, -1,
					18, 18, 19, -1,
					18, 19, 19, -1,
					19, 19, 20, -1,
					19, 20, 21, -1,
					21, 20, 22, -1,
					20, 22, 22, -1,
					22, 22, 23, -1,
					22, 23, 23, -1,
					23, 23, 24, -1,
					23, 24, 24, -1,
					24, 24, 4, -1,
					24, 4, 4, -1,
					4, 4, 3, -1
				]
			}
		}
		Shape
		{
			appearance Appearance
			{
				material Material
				{
					diffuseColor 0.000 0.000 0.000
				}
			}
			geometry IndexedFaceSet
			{
				creaseAngle 0.5
				solid TRUE
				coord Coordinate
				{
					point
					[
						-0.635 3.700 -0.385,
						-0.635 3.700 -0.345,
						-0.535 3.700 -0.372,
						-0.546 3.700 -0.333,
						-0.442 3.700 -0.333,
						-0.463 3.700 -0.299,
						-0.363 3.700 -0.272,
						-0.391 3.700 -0.244,
						-0.302 3.700 -0.192,
						-0.336 3.700 -0.172,
						-0.263 3.700 -0.100,
						-0.302 3.700 -0.089,
						-0.250 3.700 0.000,
						-0.290 3.700 0.000,
						-0.263 3.700 0.100,
						-0.302 3.700 0.089,
						-0.336 3.700 0.172,
						-0.735 3.700 -0.372,
						-0.724 3.700 -0.333,
						-0.827 3.700 -0.333,
						-0.808 3.700 -0.299,
						-0.907 3.700 -0.272,
						-0.879 3.700 -0.244,
						-0.968 3.700 -0.192,
						-0.934 3.700 -0.172,
						-1.007 3.700 -0.100,
						-0.968 3.700 -0.089,
						-1.020 3.700 -0.000,
						-0.980 3.700 -0.000,
						-0.968 3.700 0.089,
						-1.007 3.700 0.100,
						-0.934 3.700 0.172,
						-0.968 3.700 0.192,
						-0.879 3.700 0.244,
						-0.907 3.700 0.272,
						-0.808 3.700 0.299,
						-0.827 3.700 0.333,
						-0.724 3.700 0.333,
						-0.735 3.700 0.372,
						-0.635 3.700 0.345,
						-0.635 3.700 0.385,
						-0.535 3.700 0.372,
						-0.546 3.700 0.333,
						-0.442 3.700 0.333,
						-0.463 3.700 0.299,
						-0.363 3.700 0.272,
						-0.391 3.700 0.244,
						-0.302 3.700 0.192
					]
				}
				coordIndex
				[
					0, 1, 2, -1,
					2, 1, 3, -1,
					2, 3, 4, -1,
					4, 3, 5, -1,
					4, 5, 6, -1,
					6, 5, 7, -1,
					6, 7, 8, -1,
					8, 7, 9, -1,
					8, 9, 10, -1,
					10, 9, 11, -1,
					10, 11, 12, -1,
					12, 11, 13, -1,
					12, 13, 14, -1,
					14, 13, 15, -1,
					14, 15, 16, -1,
					0, 17, 1, -1,
					1, 17, 18, -1,
					17, 19, 18, -1,
					18, 19, 20, -1,
					19, 21, 20, -1,
					20, 21, 22, -1,
					21, 23, 22, -1,
					22, 23, 24, -1,
					23, 25, 24, -1,
					24, 25, 26, -1,
					25, 27, 26, -1,
					26, 27, 28, -1,
					28, 27, 29, -1,
					29, 27, 30, -1,
					29, 30, 31, -1,
					31, 30, 32, -1,
					31, 32, 33, -1,
					33, 32, 34, -1,
					33, 34, 35, -1,
					35, 34, 36, -1,
					35, 36, 37, -1,
					37, 36, 38, -1,
					37, 38, 39, -1,
					39, 38, 40, -1,
					39, 40, 41, -1,
					39, 41, 42, -1,
					42, 41, 43, -1,
					42, 43, 44, -1,
					44, 43, 45, -1,
					44, 45, 46, -1,
					46, 45, 47, -1,
					46, 47, 16, -1,
					16, 47, 14, -1
				]
				normal Normal
				{
					vector
					[
						0.000 1.000 0.000
					]
				}
				normalIndex
				[
					0, 0, 0, -1,
					0, 0, 0, -1,
					0, 0, 0, -1,
					0, 0, 0, -1,
					0, 0, 0, -1,
					0, 0, 0, -1,
					0, 0, 0, -1,
					0, 0, 0, -1,
					0, 0, 0, -1,
					0, 0, 0, -1,
					0, 0, 0, -1,
					0, 0, 0, -1,
					0, 0, 0, -1,
					0, 0, 0, -1,
					0, 0, 0, -1,
					0, 0, 0, -1,
					0, 0, 0, -1,
					0, 0, 0, -1,
					0, 0, 0, -1,
					0, 0, 0, -1,
					0, 0, 0, -1,
					0, 0, 0, -1,
					0, 0, 0, -1,
					0, 0, 0, -1,
					0, 0, 0, -1,
					0, 0, 0, -1,
					0, 0, 0, -1,
					0, 0, 0, -1,
					0, 0, 0, -1,
					0, 0, 0, -1,
					0, 0, 0, -1,
					0, 0, 0, -1,
					0, 0, 0, -1,
					0, 0, 0, -1,
					0, 0, 0, -1,
					0, 0, 0, -1,
					0, 0, 0, -1,
					0, 0, 0, -1,
					0, 0, 0, -1,
					0, 0, 0, -1,
					0, 0, 0, -1,
					0, 0, 0, -1,
					0, 0, 0, -1,
					0, 0, 0, -1,
					0, 0, 0, -1,
					0, 0, 0, -1,
					0, 0, 0, -1,
					0, 0, 0, -1
				]
			}
		}
		Shape
		{
			appearance Appearance
			{
				material Material
				{
					diffuseColor 0.000 0.000 0.000
				}
			}
			geometry IndexedFaceSet
			{
				creaseAngle 0.5
				solid TRUE
				coord Coordinate
				{
					point
					[
						-0.302 3.700 -0.192,
						-0.263 3.700 -0.100,
						-0.263 3.784 -0.100,
						-0.250 3.700 0.000,
						-0.250 3.784 0.000,
						-0.263 3.700 0.100,
						-0.263 3.784 0.100,
						-0.302 3.784 0.192,
						-0.302 3.784 -0.192,
						-0.363 3.784 -0.272,
						-0.363 3.700 -0.272,
						-0.442 3.784 -0.333,
						-0.442 3.700 -0.333,
						-0.535 3.784 -0.372,
						-0.535 3.700 -0.372,
						-0.635 3.700 -0.385,
						-0.635 3.784 -0.385,
						-0.735 3.784 -0.372,
						-0.735 3.700 -0.372,
						-0.827 3.784 -0.333,
						-0.827 3.700 -0.333,
						-0.907 3.700 -0.272,
						-0.907 3.784 -0.272,
						-0.968 3.784 -0.192,
						-0.968 3.700 -0.192,
						-1.007 3.784 -0.100,
						-1.007 3.700 -0.100,
						-1.020 3.700 -0.000,
						-1.020 3.784 -0.000,
						-1.007 3.700 0.100,
						-1.007 3.784 0.100,
						-0.968 3.784 0.192,
						-0.968 3.700 0.192,
						-0.907 3.784 0.272,
						-0.907 3.700 0.272,
						-0.827 3.700 0.333,
						-0.827 3.784 0.333,
						-0.735 3.784 0.372,
						-0.735 3.700 0.372,
						-0.635 3.784 0.385,
						-0.635 3.700 0.385,
						-0.535 3.700 0.372,
						-0.535 3.784 0.372,
						-0.442 3.784 0.333,
						-0.442 3.700 0.333,
						-0.363 3.784 0.272,
						-0.363 3.700 0.272,
						-0.302 3.700 0.192
					]
				}
				coordIndex
				[
					0, 1, 2, -1,
					2, 1, 3, -1,
					2, 3, 4, -1,
					4, 3, 5, -1,
					4, 5, 6, -1,
					6, 5, 7, -1,
					2, 8, 0, -1,
					0, 8, 9, -1,
					0, 9, 10, -1,
					10, 9, 11, -1,
					10, 11, 12, -1,
					12, 11, 13, -1,
					12, 13, 14, -1,
					14, 13, 15, -1,
					13, 16, 15, -1,
					15, 16, 17, -1,
					15, 17, 18, -1,
					18, 17, 19, -1,
					18, 19, 20, -1,
					20, 19, 21, -1,
					19, 22, 21, -1,
					21, 22, 23, -1,
					21, 23, 24, -1,
					24, 23, 25, -1,
					24, 25, 26, -1,
					26, 25, 27, -1,
					25, 28, 27, -1,
					27, 28, 29, -1,
					28, 30, 29, -1,
					29, 30, 31, -1,
					29, 31, 32, -1,
					32, 31, 33, -1,
					32, 33, 34, -1,
					34, 33, 35, -1,
					33, 36, 35, -1,
					35, 36, 37, -1,
					35, 37, 38, -1,
					38, 37, 39, -1,
					38, 39, 40, -1,
					40, 39, 41, -1,
					39, 42, 41, -1,
					41, 42, 43, -1,
					41, 43, 44, -1,
					44, 43, 45, -1,
					44, 45, 46, -1,
					46, 45, 7, -1,
					46, 7, 47, -1,
					47, 7, 5, -1
				]
				normal Normal
				{
					vector
					[
						-0.866 -0.000 0.500,
						-0.966 -0.000 0.259,
						-1.000 -0.000 -0.000,
						-0.966 -0.000 -0.259,
						-0.866 -0.000 -0.500,
						-0.707 -0.000 0.707,
						-0.500 -0.000 0.866,
						-0.259 -0.000 0.966,
						-0.000 -0.000 1.000,
						0.259 -0.000 0.966,
						0.500 -0.000 0.866,
						0.707 -0.000 0.707,
						0.866 -0.000 0.500,
						0.966 -0.000 0.259,
						1.000 -0.000 0.000,
						0.966 -0.000 -0.259,
						0.866 -0.000 -0.500,
						0.707 -0.000 -0.707,
						0.500 -0.000 -0.866,
						0.259 -0.000 -0.966,
						0.000 -0.000 -1.000,
						-0.259 -0.000 -0.966,
						-0.500 -0.000 -0.866,
						-0.707 -0.000 -0.707
					]
				}
				normalIndex
				[
					0, 1, 1, -1,
					1, 1, 2, -1,
					1, 2, 2, -1,
					2, 2, 3, -1,
					2, 3, 3, -1,
					3, 3, 4, -1,
					1, 0, 0, -1,
					0, 0, 5, -1,
					0, 5, 5, -1,
					5, 5, 6, -1,
					5, 6, 6, -1,
					6, 6, 7, -1,
					6, 7, 7, -1,
					7, 7, 8, -1,
					7, 8, 8, -1,
					8, 8, 9, -1,
					8, 9, 9, -1,
					9, 9, 10, -1,
					9, 10, 10, -1,
					10, 10, 11, -1,
					10, 11, 11, -1,
					11, 11, 12, -1,
					11, 12, 12, -1,
					12, 12, 13, -1,
					12, 13, 13, -1,
					13, 13, 14, -1,
					13, 14, 14, -1,
					14, 14, 15, -1,
					14, 15, 15, -1,
					15, 15, 16, -1,
					15, 16, 16, -1,
					16, 16, 17, -1,
					16, 17, 17, -1,
					17, 17, 18, -1,
					17, 18, 18, -1,
					18, 18, 19, -1,
					18, 19, 19, -1,
					19, 19, 20, -1,
					19, 20, 20, -1,
					20, 20, 21, -1,
					20, 21, 21, -1,
					21, 21, 22, -1,
					21, 22, 22, -1,
					22, 22, 23, -1,
					22, 23, 23, -1,
					23, 23, 4, -1,
					23, 4, 4, -1,
					4, 4, 3, -1
				]
			}
		}
		Shape
		{
			appearance Appearance
			{
				material Material
				{
					diffuseColor 0.000 0.000 0.000
				}
			}
			geometry IndexedFaceSet
			{
				creaseAngle 0.5
				solid TRUE
				coord Coordinate
				{
					point
					[
						-0.302 3.784 -0.192,
						-0.263 3.784 -0.100,
						-0.152 4.100 -0.129,
						-0.250 3.784 0.000,
						-0.135 4.100 0.000,
						-0.263 3.784 0.100,
						-0.152 4.100 0.129,
						-0.202 4.100 0.250,
						-0.202 4.100 -0.250,
						-0.281 4.100 -0.354,
						-0.363 3.784 -0.272,
						-0.385 4.100 -0.433,
						-0.442 3.784 -0.333,
						-0.506 4.100 -0.483,
						-0.535 3.784 -0.372,
						-0.635 3.784 -0.385,
						-0.635 4.100 -0.500,
						-0.764 4.100 -0.483,
						-0.735 3.784 -0.372,
						-0.885 4.100 -0.433,
						-0.827 3.784 -0.333,
						-0.907 3.784 -0.272,
						-0.989 4.100 -0.354,
						-1.068 4.100 -0.250,
						-0.968 3.784 -0.192,
						-1.118 4.100 -0.129,
						-1.007 3.784 -0.100,
						-1.020 3.784 -0.000,
						-1.135 4.100 0.000,
						-1.007 3.784 0.100,
						-1.118 4.100 0.129,
						-1.068 4.100 0.250,
						-0.968 3.784 0.192,
						-0.989 4.100 0.354,
						-0.907 3.784 0.272,
						-0.827 3.784 0.333,
						-0.885 4.100 0.433,
						-0.764 4.100 0.483,
						-0.735 3.784 0.372,
						-0.635 4.100 0.500,
						-0.635 3.784 0.385,
						-0.535 3.784 0.372,
						-0.506 4.100 0.483,
						-0.385 4.100 0.433,
						-0.442 3.784 0.333,
						-0.281 4.100 0.354,
						-0.363 3.784 0.272,
						-0.302 3.784 0.192
					]
				}
				coordIndex
				[
					0, 1, 2, -1,
					2, 1, 3, -1,
					2, 3, 4, -1,
					4, 3, 5, -1,
					4, 5, 6, -1,
					6, 5, 7, -1,
					2, 8, 0, -1,
					0, 8, 9, -1,
					0, 9, 10, -1,
					10, 9, 11, -1,
					10, 11, 12, -1,
					12, 11, 13, -1,
					12, 13, 14, -1,
					14, 13, 15, -1,
					13, 16, 15, -1,
					15, 16, 17, -1,
					15, 17, 18, -1,
					18, 17, 19, -1,
					18, 19, 20, -1,
					20, 19, 21, -1,
					19, 22, 21, -1,
					21, 22, 23, -1,
					21, 23, 24, -1,
					24, 23, 25, -1,
					24, 25, 26, -1,
					26, 25, 27, -1,
					25, 28, 27, -1,
					27, 28, 29, -1,
					28, 30, 29, -1,
					29, 30, 31, -1,
					29, 31, 32, -1,
					32, 31, 33, -1,
					32, 33, 34, -1,
					34, 33, 35, -1,
					33, 36, 35, -1,
					35, 36, 37, -1,
					35, 37, 38, -1,
					38, 37, 39, -1,
					38, 39, 40, -1,
					40, 39, 41, -1,
					39, 42, 41, -1,
					41, 42, 43, -1,
					41, 43, 44, -1,
					44, 43, 45, -1,
					44, 45, 46, -1,
					46, 45, 7, -1,
					46, 7, 47, -1,
					47, 7, 5, -1
				]
				normal Normal
				{
					vector
					[
						-0.814 0.342 0.470,
						-0.908 0.342 0.243,
						-0.940 0.342 0.000,
						-0.908 0.342 -0.243,
						-0.814 0.342 -0.470,
						-0.664 0.342 0.664,
						-0.470 0.342 0.814,
						-0.243 0.342 0.908,
						-0.000 0.342 0.940,
						0.243 0.342 0.908,
						0.470 0.342 0.814,
						0.664 0.342 0.664,
						0.814 0.342 0.470,
						0.908 0.342 0.243,
						0.940 0.342 0.000,
						0.908 0.342 -0.243,
						0.814 0.342 -0.470,
						0.664 0.342 -0.664,
						0.470 0.342 -0.814,
						0.243 0.342 -0.908,
						-0.000 0.342 -0.940,
						0.000 0.342 -0.940,
						-0.243 0.342 -0.908,
						-0.470 0.342 -0.814,
						-0.664 0.342 -0.664
					]
				}
				normalIndex
				[
					0, 1, 1, -1,
					1, 1, 2, -1,
					1, 2, 2, -1,
					2, 2, 3, -1,
					2, 3, 3, -1,
					3, 3, 4, -1,
					1, 0, 0, -1,
					0, 0, 5, -1,
					0, 5, 5, -1,
					5, 5, 6, -1,
					5, 6, 6, -1,
					6, 6, 7, -1,
					6, 7, 7, -1,
					7, 7, 8, -1,
					7, 8, 8, -1,
					8, 8, 9, -1,
					8, 9, 9, -1,
					9, 9, 10, -1,
					9, 10, 10, -1,
					10, 10, 11, -1,
					10, 11, 11, -1,
					11, 11, 12, -1,
					11, 12, 12, -1,
					12, 12, 13, -1,
					12, 13, 13, -1,
					13, 13, 14, -1,
					13, 14, 14, -1,
					14, 14, 15, -1,
					14, 15, 15, -1,
					15, 15, 16, -1,
					15, 16, 16, -1,
					16, 16, 17, -1,
					16, 17, 17, -1,
					17, 17, 18, -1,
					17, 18, 18, -1,
					18, 18, 19, -1,
					18, 19, 19, -1,
					19, 19, 20, -1,
					19, 20, 21, -1,
					21, 20, 22, -1,
					20, 22, 22, -1,
					22, 22, 23, -1,
					22, 23, 23, -1,
					23, 23, 24, -1,
					23, 24, 24, -1,
					24, 24, 4, -1,
					24, 4, 4, -1,
					4, 4, 3, -1
				]
			}
		}
		Shape
		{
			appearance Appearance
			{
				material Material
				{
					diffuseColor 0.000 0.000 0.000
				}
			}
			geometry IndexedFaceSet
			{
				creaseAngle 0.5
				solid TRUE
				coord Coordinate
				{
					point
					[
						-0.405 1.600 -0.133,
						-0.379 1.600 -0.069,
						-0.489 1.612 -0.039,
						-0.370 1.600 0.000,
						-0.484 1.612 0.000,
						-0.379 1.600 0.069,
						-0.489 1.612 0.039,
						-0.504 1.612 0.075,
						-0.504 1.612 -0.075,
						-0.528 1.612 -0.107,
						-0.447 1.600 -0.188,
						-0.560 1.612 -0.131,
						-0.502 1.600 -0.230,
						-0.596 1.612 -0.146,
						-0.566 1.600 -0.256,
						-0.635 1.600 -0.265,
						-0.635 1.612 -0.151,
						-0.674 1.612 -0.146,
						-0.704 1.600 -0.256,
						-0.710 1.612 -0.131,
						-0.768 1.600 -0.230,
						-0.823 1.600 -0.188,
						-0.742 1.612 -0.107,
						-0.766 1.612 -0.075,
						-0.865 1.600 -0.133,
						-0.781 1.612 -0.039,
						-0.891 1.600 -0.069,
						-0.900 1.600 -0.000,
						-0.786 1.612 -0.000,
						-0.891 1.600 0.069,
						-0.781 1.612 0.039,
						-0.766 1.612 0.075,
						-0.865 1.600 0.133,
						-0.742 1.612 0.107,
						-0.823 1.600 0.188,
						-0.768 1.600 0.230,
						-0.710 1.612 0.131,
						-0.674 1.612 0.146,
						-0.704 1.600 0.256,
						-0.635 1.612 0.151,
						-0.635 1.600 0.265,
						-0.566 1.600 0.256,
						-0.596 1.612 0.146,
						-0.560 1.612 0.131,
						-0.502 1.600 0.230,
						-0.528 1.612 0.107,
						-0.447 1.600 0.188,
						-0.405 1.600 0.133
					]
				}
				coordIndex
				[
					0, 1, 2, -1,
					2, 1, 3, -1,
					2, 3, 4, -1,
					4, 3, 5, -1,
					4, 5, 6, -1,
					6, 5, 7, -1,
					2, 8, 0, -1,
					0, 8, 9, -1,
					0, 9, 10, -1,
					10, 9, 11, -1,
					10, 11, 12, -1,
					12, 11, 13, -1,
					12, 13, 14, -1,
					14, 13, 15, -1,
					13, 16, 15, -1,
					15, 16, 17, -1,
					15, 17, 18, -1,
					18, 17, 19, -1,
					18, 19, 20, -1,
					20, 19, 21, -1,
					19, 22, 21, -1,
					21, 22, 23, -1,
					21, 23, 24, -1,
					24, 23, 25, -1,
					24, 25, 26, -1,
					26, 25, 27, -1,
					25, 28, 27, -1,
					27, 28, 29, -1,
					28, 30, 29, -1,
					29, 30, 31, -1,
					29, 31, 32, -1,
					32, 31, 33, -1,
					32, 33, 34, -1,
					34, 33, 35, -1,
					33, 36, 35, -1,
					35, 36, 37, -1,
					35, 37, 38, -1,
					38, 37, 39, -1,
					38, 39, 40, -1,
					40, 39, 41, -1,
					39, 42, 41, -1,
					41, 42, 43, -1,
					41, 43, 44, -1,
					44, 43, 45, -1,
					44, 45, 46, -1,
					46, 45, 7, -1,
					46, 7, 47, -1,
					47, 7, 5, -1
				]
				normal Normal
				{
					vector
					[
						-0.088 -0.995 0.051,
						-0.098 -0.995 0.026,
						-0.101 -0.995 -0.000,
						-0.098 -0.995 -0.026,
						-0.088 -0.995 -0.051,
						-0.072 -0.995 0.072,
						-0.051 -0.995 0.088,
						-0.026 -0.995 0.098,
						-0.000 -0.995 0.101,
						0.026 -0.995 0.098,
						0.051 -0.995 0.088,
						0.072 -0.995 0.072,
						0.088 -0.995 0.051,
						0.098 -0.995 0.026,
						0.101 -0.995 0.000,
						0.098 -0.995 -0.026,
						0.088 -0.995 -0.051,
						0.072 -0.995 -0.072,
						0.051 -0.995 -0.088,
						0.026 -0.995 -0.098,
						-0.000 -0.995 -0.101,
						-0.026 -0.995 -0.098,
						-0.051 -0.995 -0.088,
						-0.072 -0.995 -0.072
					]
				}
				normalIndex
				[
					0, 1, 1, -1,
					1, 1, 2, -1,
					1, 2, 2, -1,
					2, 2, 3, -1,
					2, 3, 3, -1,
					3, 3, 4, -1,
					1, 0, 0, -1,
					0, 0, 5, -1,
					0, 5, 5, -1,
					5, 5, 6, -1,
					5, 6, 6, -1,
					6, 6, 7, -1,
					6, 7, 7, -1,
					7, 7, 8, -1,
					7, 8, 8, -1,
					8, 8, 9, -1,
					8, 9, 9, -1,
					9, 9, 10, -1,
					9, 10, 10, -1,
					10, 10, 11, -1,
					10, 11, 11, -1,
					11, 11, 12, -1,
					11, 12, 12, -1,
					12, 12, 13, -1,
					12, 13, 13, -1,
					13, 13, 14, -1,
					13, 14, 14, -1,
					14, 14, 15, -1,
					14, 15, 15, -1,
					15, 15, 16, -1,
					15, 16, 16, -1,
					16, 16, 17, -1,
					16, 17, 17, -1,
					17, 17, 18, -1,
					17, 18, 18, -1,
					18, 18, 19, -1,
					18, 19, 19, -1,
					19, 19, 20, -1,
					19, 20, 20, -1,
					20, 20, 21, -1,
					20, 21, 21, -1,
					21, 21, 22, -1,
					21, 22, 22, -1,
					22, 22, 23, -1,
					22, 23, 23, -1,
					23, 23, 4, -1,
					23, 4, 4, -1,
					4, 4, 3, -1
				]
			}
		}
		Shape
		{
			appearance Appearance
			{
				material Material
				{
					diffuseColor 0.812 0.812 0.812
				}
			}
			geometry IndexedFaceSet
			{
				creaseAngle 0.5
				solid TRUE
				coord Coordinate
				{
					point
					[
						-1.514 1.450 -0.105,
						-1.635 1.378 -0.072,
						-1.500 1.450 0.000,
						-1.625 1.378 0.000,
						-1.514 1.450 0.105,
						-1.635 1.378 0.072,
						-1.663 1.378 0.140,
						-1.554 1.450 -0.203,
						-1.663 1.378 -0.140,
						-1.619 1.450 -0.286,
						-1.707 1.378 -0.198,
						-1.765 1.378 -0.242,
						-1.702 1.450 -0.351,
						-1.833 1.378 -0.270,
						-1.800 1.450 -0.391,
						-1.905 1.450 -0.405,
						-1.905 1.378 -0.280,
						-2.010 1.450 -0.391,
						-1.977 1.378 -0.270,
						-2.045 1.378 -0.242,
						-2.108 1.450 -0.351,
						-2.103 1.378 -0.198,
						-2.191 1.450 -0.286,
						-2.256 1.450 -0.203,
						-2.147 1.378 -0.140,
						-2.296 1.450 -0.105,
						-2.175 1.378 -0.072,
						-2.185 1.378 -0.000,
						-2.310 1.450 -0.000,
						-2.175 1.378 0.072,
						-2.296 1.450 0.105,
						-2.256 1.450 0.203,
						-2.147 1.378 0.140,
						-2.191 1.450 0.286,
						-2.103 1.378 0.198,
						-2.045 1.378 0.242,
						-2.108 1.450 0.351,
						-1.977 1.378 0.270,
						-2.010 1.450 0.391,
						-1.905 1.450 0.405,
						-1.905 1.378 0.280,
						-1.800 1.450 0.391,
						-1.833 1.378 0.270,
						-1.765 1.378 0.242,
						-1.702 1.450 0.351,
						-1.707 1.378 0.198,
						-1.619 1.450 0.286,
						-1.554 1.450 0.203
					]
				}
				coordIndex
				[
					0, 1, 2, -1,
					2, 1, 3, -1,
					2, 3, 4, -1,
					4, 3, 5, -1,
					4, 5, 6, -1,
					0, 7, 1, -1,
					1, 7, 8, -1,
					7, 9, 8, -1,
					8, 9, 10, -1,
					10, 9, 11, -1,
					11, 9, 12, -1,
					11, 12, 13, -1,
					13, 12, 14, -1,
					13, 14, 15, -1,
					13, 15, 16, -1,
					16, 15, 17, -1,
					16, 17, 18, -1,
					18, 17, 19, -1,
					17, 20, 19, -1,
					19, 20, 21, -1,
					20, 22, 21, -1,
					21, 22, 23, -1,
					21, 23, 24, -1,
					24, 23, 25, -1,
					24, 25, 26, -1,
					26, 25, 27, -1,
					25, 28, 27, -1,
					27, 28, 29, -1,
					28, 30, 29, -1,
					29, 30, 31, -1,
					29, 31, 32, -1,
					32, 31, 33, -1,
					32, 33, 34, -1,
					34, 33, 35, -1,
					33, 36, 35, -1,
					35, 36, 37, -1,
					36, 38, 37, -1,
					37, 38, 39, -1,
					37, 39, 40, -1,
					40, 39, 41, -1,
					40, 41, 42, -1,
					42, 41, 43, -1,
					41, 44, 43, -1,
					43, 44, 45, -1,
					44, 46, 45, -1,
					45, 46, 47, -1,
					45, 47, 6, -1,
					6, 47, 4, -1
				]
				normal Normal
				{
					vector
					[
						-0.483 0.866 0.129,
						-0.500 0.866 0.000,
						-0.483 0.866 -0.129,
						-0.433 0.866 -0.250,
						-0.433 0.866 0.250,
						-0.354 0.866 0.354,
						-0.250 0.866 0.433,
						-0.129 0.866 0.483,
						-0.000 0.866 0.500,
						0.129 0.866 0.483,
						0.250 0.866 0.433,
						0.354 0.866 0.354,
						0.433 0.866 0.250,
						0.483 0.866 0.129,
						0.500 0.866 0.000,
						0.483 0.866 -0.129,
						0.433 0.866 -0.250,
						0.354 0.866 -0.354,
						0.250 0.866 -0.433,
						0.129 0.866 -0.483,
						-0.000 0.866 -0.500,
						-0.129 0.866 -0.483,
						-0.250 0.866 -0.433,
						-0.354 0.866 -0.354
					]
				}
				normalIndex
				[
					0, 0, 1, -1,
					1, 0, 1, -1,
					1, 1, 2, -1,
					2, 1, 2, -1,
					2, 2, 3, -1,
					0, 4, 0, -1,
					0, 4, 4, -1,
					4, 5, 4, -1,
					4, 5, 5, -1,
					5, 5, 6, -1,
					6, 5, 6, -1,
					6, 6, 7, -1,
					7, 6, 7, -1,
					7, 7, 8, -1,
					7, 8, 8, -1,
					8, 8, 9, -1,
					8, 9, 9, -1,
					9, 9, 10, -1,
					9, 10, 10, -1,
					10, 10, 11, -1,
					10, 11, 11, -1,
					11, 11, 12, -1,
					11, 12, 12, -1,
					12, 12, 13, -1,
					12, 13, 13, -1,
					13, 13, 14, -1,
					13, 14, 14, -1,
					14, 14, 15, -1,
					14, 15, 15, -1,
					15, 15, 16, -1,
					15, 16, 16, -1,
					16, 16, 17, -1,
					16, 17, 17, -1,
					17, 17, 18, -1,
					17, 18, 18, -1,
					18, 18, 19, -1,
					18, 19, 19, -1,
					19, 19, 20, -1,
					19, 20, 20, -1,
					20, 20, 21, -1,
					20, 21, 21, -1,
					21, 21, 22, -1,
					21, 22, 22, -1,
					22, 22, 23, -1,
					22, 23, 23, -1,
					23, 23, 3, -1,
					23, 3, 3, -1,
					3, 3, 2, -1
				]
			}
		}
		Shape
		{
			appearance Appearance
			{
				material Material
				{
					diffuseColor 0.812 0.812 0.812
				}
			}
			geometry IndexedFaceSet
			{
				creaseAngle 0.5
				solid TRUE
				coord Coordinate
				{
					point
					[
						-1.554 1.450 -0.203,
						-1.514 1.450 -0.105,
						-1.514 3.196 -0.105,
						-1.500 1.450 0.000,
						-1.500 3.196 0.000,
						-1.514 1.450 0.105,
						-1.514 3.196 0.105,
						-1.554 3.196 0.203,
						-1.554 3.196 -0.203,
						-1.619 3.196 -0.286,
						-1.619 1.450 -0.286,
						-1.702 3.196 -0.351,
						-1.702 1.450 -0.351,
						-1.800 3.196 -0.391,
						-1.800 1.450 -0.391,
						-1.905 1.450 -0.405,
						-1.905 3.196 -0.405,
						-2.010 3.196 -0.391,
						-2.010 1.450 -0.391,
						-2.108 3.196 -0.351,
						-2.108 1.450 -0.351,
						-2.191 1.450 -0.286,
						-2.191 3.196 -0.286,
						-2.256 3.196 -0.203,
						-2.256 1.450 -0.203,
						-2.296 3.196 -0.105,
						-2.296 1.450 -0.105,
						-2.310 1.450 -0.000,
						-2.310 3.196 -0.000,
						-2.296 1.450 0.105,
						-2.296 3.196 0.105,
						-2.256 3.196 0.203,
						-2.256 1.450 0.203,
						-2.191 3.196 0.286,
						-2.191 1.450 0.286,
						-2.108 1.450 0.351,
						-2.108 3.196 0.351,
						-2.010 3.196 0.391,
						-2.010 1.450 0.391,
						-1.905 3.196 0.405,
						-1.905 1.450 0.405,
						-1.800 1.450 0.391,
						-1.800 3.196 0.391,
						-1.702 3.196 0.351,
						-1.702 1.450 0.351,
						-1.619 3.196 0.286,
						-1.619 1.450 0.286,
						-1.554 1.450 0.203
					]
				}
				coordIndex
				[
					0, 1, 2, -1,
					2, 1, 3, -1,
					2, 3, 4, -1,
					4, 3, 5, -1,
					4, 5, 6, -1,
					6, 5, 7, -1,
					2, 8, 0, -1,
					0, 8, 9, -1,
					0, 9, 10, -1,
					10, 9, 11, -1,
					10, 11, 12, -1,
					12, 11, 13, -1,
					12, 13, 14, -1,
					14, 13, 15, -1,
					13, 16, 15, -1,
					15, 16, 17, -1,
					15, 17, 18, -1,
					18, 17, 19, -1,
					18, 19, 20, -1,
					20, 19, 21, -1,
					19, 22, 21, -1,
					21, 22, 23, -1,
					21, 23, 24, -1,
					24, 23, 25, -1,
					24, 25, 26, -1,
					26, 25, 27, -1,
					25, 28, 27, -1,
					27, 28, 29, -1,
					28, 30, 29, -1,
					29, 30, 31, -1,
					29, 31, 32, -1,
					32, 31, 33, -1,
					32, 33, 34, -1,
					34, 33, 35, -1,
					33, 36, 35, -1,
					35, 36, 37, -1,
					35, 37, 38, -1,
					38, 37, 39, -1,
					38, 39, 40, -1,
					40, 39, 41, -1,
					39, 42, 41, -1,
					41, 42, 43, -1,
					41, 43, 44, -1,
					44, 43, 45, -1,
					44, 45, 46, -1,
					46, 45, 7, -1,
					46, 7, 47, -1,
					47, 7, 5, -1
				]
				normal Normal
				{
					vector
					[
						-0.866 -0.000 0.500,
						-0.966 -0.000 0.259,
						-1.000 -0.000 -0.000,
						-0.966 -0.000 -0.259,
						-0.866 -0.000 -0.500,
						-0.707 -0.000 0.707,
						-0.500 -0.000 0.866,
						-0.259 -0.000 0.966,
						-0.000 -0.000 1.000,
						0.259 -0.000 0.966,
						0.500 -0.000 0.866,
						0.707 -0.000 0.707,
						0.866 -0.000 0.500,
						0.966 -0.000 0.259,
						1.000 -0.000 0.000,
						0.966 -0.000 -0.259,
						0.866 -0.000 -0.500,
						0.707 -0.000 -0.707,
						0.500 -0.000 -0.866,
						0.259 -0.000 -0.966,
						-0.000 -0.000 -1.000,
						-0.259 -0.000 -0.966,
						-0.500 -0.000 -0.866,
						-0.707 -0.000 -0.707
					]
				}
				normalIndex
				[
					0, 1, 1, -1,
					1, 1, 2, -1,
					1, 2, 2, -1,
					2, 2, 3, -1,
					2, 3, 3, -1,
					3, 3, 4, -1,
					1, 0, 0, -1,
					0, 0, 5, -1,
					0, 5, 5, -1,
					5, 5, 6, -1,
					5, 6, 6, -1,
					6, 6, 7, -1,
					6, 7, 7, -1,
					7, 7, 8, -1,
					7, 8, 8, -1,
					8, 8, 9, -1,
					8, 9, 9, -1,
					9, 9, 10, -1,
					9, 10, 10, -1,
					10, 10, 11, -1,
					10, 11, 11, -1,
					11, 11, 12, -1,
					11, 12, 12, -1,
					12, 12, 13, -1,
					12, 13, 13, -1,
					13, 13, 14, -1,
					13, 14, 14, -1,
					14, 14, 15, -1,
					14, 15, 15, -1,
					15, 15, 16, -1,
					15, 16, 16, -1,
					16, 16, 17, -1,
					16, 17, 17, -1,
					17, 17, 18, -1,
					17, 18, 18, -1,
					18, 18, 19, -1,
					18, 19, 19, -1,
					19, 19, 20, -1,
					19, 20, 20, -1,
					20, 20, 21, -1,
					20, 21, 21, -1,
					21, 21, 22, -1,
					21, 22, 22, -1,
					22, 22, 23, -1,
					22, 23, 23, -1,
					23, 23, 4, -1,
					23, 4, 4, -1,
					4, 4, 3, -1
				]
			}
		}
		Shape
		{
			appearance Appearance
			{
				material Material
				{
					diffuseColor 0.812 0.812 0.812
				}
			}
			geometry IndexedFaceSet
			{
				creaseAngle 0.5
				solid TRUE
				coord Coordinate
				{
					point
					[
						-1.554 3.196 -0.203,
						-1.514 3.196 -0.105,
						-1.649 1.600 -0.069,
						-1.500 3.196 0.000,
						-1.640 1.600 0.000,
						-1.514 3.196 0.105,
						-1.649 1.600 0.069,
						-1.675 1.600 0.133,
						-1.675 1.600 -0.133,
						-1.717 1.600 -0.188,
						-1.619 3.196 -0.286,
						-1.772 1.600 -0.230,
						-1.702 3.196 -0.351,
						-1.836 1.600 -0.256,
						-1.800 3.196 -0.391,
						-1.905 3.196 -0.405,
						-1.905 1.600 -0.265,
						-1.974 1.600 -0.256,
						-2.010 3.196 -0.391,
						-2.038 1.600 -0.230,
						-2.108 3.196 -0.351,
						-2.191 3.196 -0.286,
						-2.093 1.600 -0.188,
						-2.135 1.600 -0.133,
						-2.256 3.196 -0.203,
						-2.161 1.600 -0.069,
						-2.296 3.196 -0.105,
						-2.310 3.196 -0.000,
						-2.170 1.600 -0.000,
						-2.296 3.196 0.105,
						-2.161 1.600 0.069,
						-2.135 1.600 0.133,
						-2.256 3.196 0.203,
						-2.093 1.600 0.188,
						-2.191 3.196 0.286,
						-2.108 3.196 0.351,
						-2.038 1.600 0.230,
						-1.974 1.600 0.256,
						-2.010 3.196 0.391,
						-1.905 1.600 0.265,
						-1.905 3.196 0.405,
						-1.800 3.196 0.391,
						-1.836 1.600 0.256,
						-1.772 1.600 0.230,
						-1.702 3.196 0.351,
						-1.717 1.600 0.188,
						-1.619 3.196 0.286,
						-1.554 3.196 0.203
					]
				}
				coordIndex
				[
					0, 1, 2, -1,
					2, 1, 3, -1,
					2, 3, 4, -1,
					4, 3, 5, -1,
					4, 5, 6, -1,
					6, 5, 7, -1,
					2, 8, 0, -1,
					0, 8, 9, -1,
					0, 9, 10, -1,
					10, 9, 11, -1,
					10, 11, 12, -1,
					12, 11, 13, -1,
					12, 13, 14, -1,
					14, 13, 15, -1,
					13, 16, 15, -1,
					15, 16, 17, -1,
					15, 17, 18, -1,
					18, 17, 19, -1,
					18, 19, 20, -1,
					20, 19, 21, -1,
					19, 22, 21, -1,
					21, 22, 23, -1,
					21, 23, 24, -1,
					24, 23, 25, -1,
					24, 25, 26, -1,
					26, 25, 27, -1,
					25, 28, 27, -1,
					27, 28, 29, -1,
					28, 30, 29, -1,
					29, 30, 31, -1,
					29, 31, 32, -1,
					32, 31, 33, -1,
					32, 33, 34, -1,
					34, 33, 35, -1,
					33, 36, 35, -1,
					35, 36, 37, -1,
					35, 37, 38, -1,
					38, 37, 39, -1,
					38, 39, 40, -1,
					40, 39, 41, -1,
					39, 42, 41, -1,
					41, 42, 43, -1,
					41, 43, 44, -1,
					44, 43, 45, -1,
					44, 45, 46, -1,
					46, 45, 7, -1,
					46, 7, 47, -1,
					47, 7, 5, -1
				]
				normal Normal
				{
					vector
					[
						0.863 -0.087 -0.498,
						0.962 -0.087 -0.258,
						0.996 -0.087 -0.000,
						0.962 -0.087 0.258,
						0.863 -0.087 0.498,
						0.704 -0.087 -0.704,
						0.498 -0.087 -0.863,
						0.258 -0.087 -0.962,
						0.000 -0.087 -0.996,
						-0.258 -0.087 -0.962,
						-0.498 -0.087 -0.863,
						-0.704 -0.087 -0.704,
						-0.863 -0.087 -0.498,
						-0.962 -0.087 -0.258,
						-0.996 -0.087 -0.000,
						-0.962 -0.087 0.258,
						-0.863 -0.087 0.498,
						-0.704 -0.087 0.704,
						-0.498 -0.087 0.863,
						-0.258 -0.087 0.962,
						0.000 -0.087 0.996,
						0.258 -0.087 0.962,
						0.498 -0.087 0.863,
						0.704 -0.087 0.704
					]
				}
				normalIndex
				[
					0, 1, 1, -1,
					1, 1, 2, -1,
					1, 2, 2, -1,
					2, 2, 3, -1,
					2, 3, 3, -1,
					3, 3, 4, -1,
					1, 0, 0, -1,
					0, 0, 5, -1,
					0, 5, 5, -1,
					5, 5, 6, -1,
					5, 6, 6, -1,
					6, 6, 7, -1,
					6, 7, 7, -1,
					7, 7, 8, -1,
					7, 8, 8, -1,
					8, 8, 9, -1,
					8, 9, 9, -1,
					9, 9, 10, -1,
					9, 10, 10, -1,
					10, 10, 11, -1,
					10, 11, 11, -1,
					11, 11, 12, -1,
					11, 12, 12, -1,
					12, 12, 13, -1,
					12, 13, 13, -1,
					13, 13, 14, -1,
					13, 14, 14, -1,
					14, 14, 15, -1,
					14, 15, 15, -1,
					15, 15, 16, -1,
					15, 16, 16, -1,
					16, 16, 17, -1,
					16, 17, 17, -1,
					17, 17, 18, -1,
					17, 18, 18, -1,
					18, 18, 19, -1,
					18, 19, 19, -1,
					19, 19, 20, -1,
					19, 20, 20, -1,
					20, 20, 21, -1,
					20, 21, 21, -1,
					21, 21, 22, -1,
					21, 22, 22, -1,
					22, 22, 23, -1,
					22, 23, 23, -1,
					23, 23, 4, -1,
					23, 4, 4, -1,
					4, 4, 3, -1
				]
			}
		}
		Shape
		{
			appearance Appearance
			{
				material Material
				{
					diffuseColor 0.812 0.812 0.812
				}
			}
			geometry IndexedFaceSet
			{
				creaseAngle 0.5
				solid TRUE
				coord Coordinate
				{
					point
					[
						-1.663 0.650 -0.140,
						-1.905 0.488 0.000,
						-1.635 0.650 -0.072,
						-1.707 0.650 -0.198,
						-1.765 0.650 -0.242,
						-1.833 0.650 -0.270,
						-1.905 0.650 -0.280,
						-1.977 0.650 -0.270,
						-2.045 0.650 -0.242,
						-2.103 0.650 -0.198,
						-2.147 0.650 -0.140,
						-2.175 0.650 -0.072,
						-2.185 0.650 -0.000,
						-2.175 0.650 0.072,
						-2.147 0.650 0.140,
						-2.103 0.650 0.198,
						-2.045 0.650 0.242,
						-1.977 0.650 0.270,
						-1.905 0.650 0.280,
						-1.833 0.650 0.270,
						-1.765 0.650 0.242,
						-1.663 0.650 0.140,
						-1.707 0.650 0.198,
						-1.635 0.650 0.072,
						-1.625 0.650 0.000
					]
				}
				coordIndex
				[
					0, 1, 2, -1,
					0, 3, 1, -1,
					3, 4, 1, -1,
					4, 5, 1, -1,
					1, 5, 6, -1,
					6, 7, 1, -1,
					7, 8, 1, -1,
					1, 8, 9, -1,
					9, 10, 1, -1,
					10, 11, 1, -1,
					11, 12, 1, -1,
					1, 12, 13, -1,
					13, 14, 1, -1,
					14, 15, 1, -1,
					1, 15, 16, -1,
					16, 17, 1, -1,
					17, 18, 1, -1,
					18, 19, 1, -1,
					1, 19, 20, -1,
					21, 1, 22, -1,
					21, 23, 1, -1,
					23, 24, 1, -1,
					1, 24, 2, -1,
					1, 20, 22, -1
				]
				normal Normal
				{
					vector
					[
						-0.433 0.866 0.250,
						-0.462 0.866 0.191,
						-0.483 0.866 0.129,
						-0.354 0.866 0.354,
						-0.250 0.866 0.433,
						-0.304 0.866 0.397,
						-0.129 0.866 0.483,
						-0.191 0.866 0.462,
						-0.000 0.866 0.500,
						0.129 0.866 0.483,
						0.065 0.866 0.496,
						0.250 0.866 0.433,
						0.191 0.866 0.462,
						0.354 0.866 0.354,
						0.433 0.866 0.250,
						0.397 0.866 0.304,
						0.483 0.866 0.129,
						0.462 0.866 0.191,
						0.500 0.866 0.000,
						0.496 0.866 0.065,
						0.483 0.866 -0.129,
						0.433 0.866 -0.250,
						0.462 0.866 -0.191,
						0.354 0.866 -0.354,
						0.397 0.866 -0.304,
						0.250 0.866 -0.433,
						0.129 0.866 -0.483,
						0.191 0.866 -0.462,
						-0.000 0.866 -0.500,
						0.065 0.866 -0.496,
						-0.129 0.866 -0.483,
						-0.065 0.866 -0.496,
						-0.250 0.866 -0.433,
						-0.433 0.866 -0.250,
						-0.397 0.866 -0.304,
						-0.354 0.866 -0.354,
						-0.483 0.866 -0.129,
						-0.500 0.866 0.000,
						-0.496 0.866 -0.065,
						-0.496 0.866 0.065,
						-0.304 0.866 -0.397
					]
				}
				normalIndex
				[
					0, 1, 2, -1,
					0, 3, 1, -1,
					3, 4, 5, -1,
					4, 6, 7, -1,
					7, 6, 8, -1,
					8, 9, 10, -1,
					9, 11, 12, -1,
					12, 11, 13, -1,
					13, 14, 15, -1,
					14, 16, 17, -1,
					16, 18, 19, -1,
					19, 18, 20, -1,
					20, 21, 22, -1,
					21, 23, 24, -1,
					24, 23, 25, -1,
					25, 26, 27, -1,
					26, 28, 29, -1,
					28, 30, 31, -1,
					31, 30, 32, -1,
					33, 34, 35, -1,
					33, 36, 34, -1,
					36, 37, 38, -1,
					39, 37, 2, -1,
					40, 32, 35, -1
				]
			}
		}
		Shape
		{
			appearance Appearance
			{
				material Material
				{
					diffuseColor 0.812 0.812 0.812
				}
			}
			geometry IndexedFaceSet
			{
				creaseAngle 0.5
				solid TRUE
				coord Coordinate
				{
					point
					[
						-1.663 0.650 -0.140,
						-1.635 0.650 -0.072,
						-1.635 1.378 -0.072,
						-1.625 0.650 0.000,
						-1.625 1.378 0.000,
						-1.635 0.650 0.072,
						-1.635 1.378 0.072,
						-1.663 1.378 0.140,
						-1.663 1.378 -0.140,
						-1.707 1.378 -0.198,
						-1.707 0.650 -0.198,
						-1.765 1.378 -0.242,
						-1.765 0.650 -0.242,
						-1.833 1.378 -0.270,
						-1.833 0.650 -0.270,
						-1.905 0.650 -0.280,
						-1.905 1.378 -0.280,
						-1.977 1.378 -0.270,
						-1.977 0.650 -0.270,
						-2.045 1.378 -0.242,
						-2.045 0.650 -0.242,
						-2.103 0.650 -0.198,
						-2.103 1.378 -0.198,
						-2.147 1.378 -0.140,
						-2.147 0.650 -0.140,
						-2.175 1.378 -0.072,
						-2.175 0.650 -0.072,
						-2.185 0.650 -0.000,
						-2.185 1.378 -0.000,
						-2.175 0.650 0.072,
						-2.175 1.378 0.072,
						-2.147 1.378 0.140,
						-2.147 0.650 0.140,
						-2.103 1.378 0.198,
						-2.103 0.650 0.198,
						-2.045 0.650 0.242,
						-2.045 1.378 0.242,
						-1.977 1.378 0.270,
						-1.977 0.650 0.270,
						-1.905 1.378 0.280,
						-1.905 0.650 0.280,
						-1.833 0.650 0.270,
						-1.833 1.378 0.270,
						-1.765 1.378 0.242,
						-1.765 0.650 0.242,
						-1.707 1.378 0.198,
						-1.707 0.650 0.198,
						-1.663 0.650 0.140
					]
				}
				coordIndex
				[
					0, 1, 2, -1,
					2, 1, 3, -1,
					2, 3, 4, -1,
					4, 3, 5, -1,
					4, 5, 6, -1,
					6, 5, 7, -1,
					2, 8, 0, -1,
					0, 8, 9, -1,
					0, 9, 10, -1,
					10, 9, 11, -1,
					10, 11, 12, -1,
					12, 11, 13, -1,
					12, 13, 14, -1,
					14, 13, 15, -1,
					13, 16, 15, -1,
					15, 16, 17, -1,
					15, 17, 18, -1,
					18, 17, 19, -1,
					18, 19, 20, -1,
					20, 19, 21, -1,
					19, 22, 21, -1,
					21, 22, 23, -1,
					21, 23, 24, -1,
					24, 23, 25, -1,
					24, 25, 26, -1,
					26, 25, 27, -1,
					25, 28, 27, -1,
					27, 28, 29, -1,
					28, 30, 29, -1,
					29, 30, 31, -1,
					29, 31, 32, -1,
					32, 31, 33, -1,
					32, 33, 34, -1,
					34, 33, 35, -1,
					33, 36, 35, -1,
					35, 36, 37, -1,
					35, 37, 38, -1,
					38, 37, 39, -1,
					38, 39, 40, -1,
					40, 39, 41, -1,
					39, 42, 41, -1,
					41, 42, 43, -1,
					41, 43, 44, -1,
					44, 43, 45, -1,
					44, 45, 46, -1,
					46, 45, 7, -1,
					46, 7, 47, -1,
					47, 7, 5, -1
				]
				normal Normal
				{
					vector
					[
						-0.866 -0.000 0.500,
						-0.966 -0.000 0.259,
						-1.000 -0.000 -0.000,
						-0.966 -0.000 -0.259,
						-0.866 -0.000 -0.500,
						-0.707 -0.000 0.707,
						-0.500 -0.000 0.866,
						-0.259 -0.000 0.966,
						-0.000 -0.000 1.000,
						0.259 -0.000 0.966,
						0.500 -0.000 0.866,
						0.707 -0.000 0.707,
						0.866 -0.000 0.500,
						0.966 -0.000 0.259,
						1.000 -0.000 0.000,
						0.966 -0.000 -0.259,
						0.866 -0.000 -0.500,
						0.707 -0.000 -0.707,
						0.500 -0.000 -0.866,
						0.259 -0.000 -0.966,
						-0.000 -0.000 -1.000,
						-0.259 -0.000 -0.966,
						-0.500 -0.000 -0.866,
						-0.707 -0.000 -0.707
					]
				}
				normalIndex
				[
					0, 1, 1, -1,
					1, 1, 2, -1,
					1, 2, 2, -1,
					2, 2, 3, -1,
					2, 3, 3, -1,
					3, 3, 4, -1,
					1, 0, 0, -1,
					0, 0, 5, -1,
					0, 5, 5, -1,
					5, 5, 6, -1,
					5, 6, 6, -1,
					6, 6, 7, -1,
					6, 7, 7, -1,
					7, 7, 8, -1,
					7, 8, 8, -1,
					8, 8, 9, -1,
					8, 9, 9, -1,
					9, 9, 10, -1,
					9, 10, 10, -1,
					10, 10, 11, -1,
					10, 11, 11, -1,
					11, 11, 12, -1,
					11, 12, 12, -1,
					12, 12, 13, -1,
					12, 13, 13, -1,
					13, 13, 14, -1,
					13, 14, 14, -1,
					14, 14, 15, -1,
					14, 15, 15, -1,
					15, 15, 16, -1,
					15, 16, 16, -1,
					16, 16, 17, -1,
					16, 17, 17, -1,
					17, 17, 18, -1,
					17, 18, 18, -1,
					18, 18, 19, -1,
					18, 19, 19, -1,
					19, 19, 20, -1,
					19, 20, 20, -1,
					20, 20, 21, -1,
					20, 21, 21, -1,
					21, 21, 22, -1,
					21, 22, 22, -1,
					22, 22, 23, -1,
					22, 23, 23, -1,
					23, 23, 4, -1,
					23, 4, 4, -1,
					4, 4, 3, -1
				]
			}
		}
		Shape
		{
			appearance Appearance
			{
				material Material
				{
					diffuseColor 0.000 0.000 0.000
				}
			}
			geometry IndexedFaceSet
			{
				creaseAngle 0.5
				solid TRUE
				coord Coordinate
				{
					point
					[
						-1.774 1.612 -0.075,
						-1.759 1.612 -0.039,
						-1.622 3.200 -0.076,
						-1.754 1.612 0.000,
						-1.612 3.200 0.000,
						-1.759 1.612 0.039,
						-1.622 3.200 0.076,
						-1.652 3.200 0.146,
						-1.652 3.200 -0.146,
						-1.698 3.200 -0.207,
						-1.798 1.612 -0.107,
						-1.759 3.200 -0.253,
						-1.830 1.612 -0.131,
						-1.829 3.200 -0.283,
						-1.866 1.612 -0.146,
						-1.905 1.612 -0.151,
						-1.905 3.200 -0.292,
						-1.981 3.200 -0.283,
						-1.944 1.612 -0.146,
						-2.051 3.200 -0.253,
						-1.980 1.612 -0.131,
						-2.012 1.612 -0.107,
						-2.112 3.200 -0.207,
						-2.158 3.200 -0.146,
						-2.036 1.612 -0.075,
						-2.188 3.200 -0.076,
						-2.051 1.612 -0.039,
						-2.056 1.612 -0.000,
						-2.197 3.200 -0.000,
						-2.051 1.612 0.039,
						-2.188 3.200 0.076,
						-2.158 3.200 0.146,
						-2.036 1.612 0.075,
						-2.112 3.200 0.207,
						-2.012 1.612 0.107,
						-1.980 1.612 0.131,
						-2.051 3.200 0.253,
						-1.981 3.200 0.283,
						-1.944 1.612 0.146,
						-1.905 3.200 0.292,
						-1.905 1.612 0.151,
						-1.866 1.612 0.146,
						-1.829 3.200 0.283,
						-1.759 3.200 0.253,
						-1.830 1.612 0.131,
						-1.698 3.200 0.207,
						-1.798 1.612 0.107,
						-1.774 1.612 0.075
					]
				}
				coordIndex
				[
					0, 1, 2, -1,
					2, 1, 3, -1,
					2, 3, 4, -1,
					4, 3, 5, -1,
					4, 5, 6, -1,
					6, 5, 7, -1,
					2, 8, 0, -1,
					0, 8, 9, -1,
					0, 9, 10, -1,
					10, 9, 11, -1,
					10, 11, 12, -1,
					12, 11, 13, -1,
					12, 13, 14, -1,
					14, 13, 15, -1,
					13, 16, 15, -1,
					15, 16, 17, -1,
					15, 17, 18, -1,
					18, 17, 19, -1,
					18, 19, 20, -1,
					20, 19, 21, -1,
					19, 22, 21, -1,
					21, 22, 23, -1,
					21, 23, 24, -1,
					24, 23, 25, -1,
					24, 25, 26, -1,
					26, 25, 27, -1,
					25, 28, 27, -1,
					27, 28, 29, -1,
					28, 30, 29, -1,
					29, 30, 31, -1,
					29, 31, 32, -1,
					32, 31, 33, -1,
					32, 33, 34, -1,
					34, 33, 35, -1,
					33, 36, 35, -1,
					35, 36, 37, -1,
					35, 37, 38, -1,
					38, 37, 39, -1,
					38, 39, 40, -1,
					40, 39, 41, -1,
					39, 42, 41, -1,
					41, 42, 43, -1,
					41, 43, 44, -1,
					44, 43, 45, -1,
					44, 45, 46, -1,
					46, 45, 7, -1,
					46, 7, 47, -1,
					47, 7, 5, -1
				]
				normal Normal
				{
					vector
					[
						-0.863 0.089 0.498,
						-0.962 0.089 0.258,
						-0.996 0.089 0.000,
						-0.962 0.089 -0.258,
						-0.863 0.089 -0.498,
						-0.704 0.089 0.704,
						-0.498 0.089 0.863,
						-0.258 0.089 0.962,
						-0.000 0.089 0.996,
						0.258 0.089 0.962,
						0.498 0.089 0.863,
						0.704 0.089 0.704,
						0.863 0.089 0.498,
						0.962 0.089 0.258,
						0.996 0.089 0.000,
						0.962 0.089 -0.258,
						0.863 0.089 -0.498,
						0.704 0.089 -0.704,
						0.498 0.089 -0.863,
						0.258 0.089 -0.962,
						-0.000 0.089 -0.996,
						-0.258 0.089 -0.962,
						-0.498 0.089 -0.863,
						-0.704 0.089 -0.704
					]
				}
				normalIndex
				[
					0, 1, 1, -1,
					1, 1, 2, -1,
					1, 2, 2, -1,
					2, 2, 3, -1,
					2, 3, 3, -1,
					3, 3, 4, -1,
					1, 0, 0, -1,
					0, 0, 5, -1,
					0, 5, 5, -1,
					5, 5, 6, -1,
					5, 6, 6, -1,
					6, 6, 7, -1,
					6, 7, 7, -1,
					7, 7, 8, -1,
					7, 8, 8, -1,
					8, 8, 9, -1,
					8, 9, 9, -1,
					9, 9, 10, -1,
					9, 10, 10, -1,
					10, 10, 11, -1,
					10, 11, 11, -1,
					11, 11, 12, -1,
					11, 12, 12, -1,
					12, 12, 13, -1,
					12, 13, 13, -1,
					13, 13, 14, -1,
					13, 14, 14, -1,
					14, 14, 15, -1,
					14, 15, 15, -1,
					15, 15, 16, -1,
					15, 16, 16, -1,
					16, 16, 17, -1,
					16, 17, 17, -1,
					17, 17, 18, -1,
					17, 18, 18, -1,
					18, 18, 19, -1,
					18, 19, 19, -1,
					19, 19, 20, -1,
					19, 20, 20, -1,
					20, 20, 21, -1,
					20, 21, 21, -1,
					21, 21, 22, -1,
					21, 22, 22, -1,
					22, 22, 23, -1,
					22, 23, 23, -1,
					23, 23, 4, -1,
					23, 4, 4, -1,
					4, 4, 3, -1
				]
			}
		}
		Shape
		{
			appearance Appearance
			{
				material Material
				{
					diffuseColor 0.000 0.000 0.000
				}
			}
			geometry IndexedFaceSet
			{
				creaseAngle 0.5
				solid TRUE
				coord Coordinate
				{
					point
					[
						-1.652 3.200 -0.146,
						-1.622 3.200 -0.076,
						-1.622 3.635 -0.076,
						-1.612 3.200 0.000,
						-1.612 3.635 0.000,
						-1.622 3.200 0.076,
						-1.622 3.635 0.076,
						-1.652 3.635 0.146,
						-1.652 3.635 -0.146,
						-1.698 3.635 -0.207,
						-1.698 3.200 -0.207,
						-1.759 3.635 -0.253,
						-1.759 3.200 -0.253,
						-1.829 3.635 -0.283,
						-1.829 3.200 -0.283,
						-1.905 3.200 -0.292,
						-1.905 3.635 -0.292,
						-1.981 3.635 -0.283,
						-1.981 3.200 -0.283,
						-2.051 3.635 -0.253,
						-2.051 3.200 -0.253,
						-2.112 3.200 -0.207,
						-2.112 3.635 -0.207,
						-2.158 3.635 -0.146,
						-2.158 3.200 -0.146,
						-2.188 3.635 -0.076,
						-2.188 3.200 -0.076,
						-2.197 3.200 -0.000,
						-2.197 3.635 -0.000,
						-2.188 3.200 0.076,
						-2.188 3.635 0.076,
						-2.158 3.635 0.146,
						-2.158 3.200 0.146,
						-2.112 3.635 0.207,
						-2.112 3.200 0.207,
						-2.051 3.200 0.253,
						-2.051 3.635 0.253,
						-1.981 3.635 0.283,
						-1.981 3.200 0.283,
						-1.905 3.635 0.292,
						-1.905 3.200 0.292,
						-1.829 3.200 0.283,
						-1.829 3.635 0.283,
						-1.759 3.635 0.253,
						-1.759 3.200 0.253,
						-1.698 3.635 0.207,
						-1.698 3.200 0.207,
						-1.652 3.200 0.146
					]
				}
				coordIndex
				[
					0, 1, 2, -1,
					2, 1, 3, -1,
					2, 3, 4, -1,
					4, 3, 5, -1,
					4, 5, 6, -1,
					6, 5, 7, -1,
					2, 8, 0, -1,
					0, 8, 9, -1,
					0, 9, 10, -1,
					10, 9, 11, -1,
					10, 11, 12, -1,
					12, 11, 13, -1,
					12, 13, 14, -1,
					14, 13, 15, -1,
					13, 16, 15, -1,
					15, 16, 17, -1,
					15, 17, 18, -1,
					18, 17, 19, -1,
					18, 19, 20, -1,
					20, 19, 21, -1,
					19, 22, 21, -1,
					21, 22, 23, -1,
					21, 23, 24, -1,
					24, 23, 25, -1,
					24, 25, 26, -1,
					26, 25, 27, -1,
					25, 28, 27, -1,
					27, 28, 29, -1,
					28, 30, 29, -1,
					29, 30, 31, -1,
					29, 31, 32, -1,
					32, 31, 33, -1,
					32, 33, 34, -1,
					34, 33, 35, -1,
					33, 36, 35, -1,
					35, 36, 37, -1,
					35, 37, 38, -1,
					38, 37, 39, -1,
					38, 39, 40, -1,
					40, 39, 41, -1,
					39, 42, 41, -1,
					41, 42, 43, -1,
					41, 43, 44, -1,
					44, 43, 45, -1,
					44, 45, 46, -1,
					46, 45, 7, -1,
					46, 7, 47, -1,
					47, 7, 5, -1
				]
				normal Normal
				{
					vector
					[
						-0.866 -0.000 0.500,
						-0.966 -0.000 0.259,
						-1.000 -0.000 -0.000,
						-0.966 -0.000 -0.259,
						-0.866 -0.000 -0.500,
						-0.707 -0.000 0.707,
						-0.500 -0.000 0.866,
						-0.259 -0.000 0.966,
						-0.000 -0.000 1.000,
						0.259 -0.000 0.966,
						0.500 -0.000 0.866,
						0.707 -0.000 0.707,
						0.866 -0.000 0.500,
						0.966 -0.000 0.259,
						1.000 -0.000 0.000,
						0.966 -0.000 -0.259,
						0.866 -0.000 -0.500,
						0.707 -0.000 -0.707,
						0.500 -0.000 -0.866,
						0.259 -0.000 -0.966,
						-0.000 -0.000 -1.000,
						-0.259 -0.000 -0.966,
						-0.500 -0.000 -0.866,
						-0.707 -0.000 -0.707
					]
				}
				normalIndex
				[
					0, 1, 1, -1,
					1, 1, 2, -1,
					1, 2, 2, -1,
					2, 2, 3, -1,
					2, 3, 3, -1,
					3, 3, 4, -1,
					1, 0, 0, -1,
					0, 0, 5, -1,
					0, 5, 5, -1,
					5, 5, 6, -1,
					5, 6, 6, -1,
					6, 6, 7, -1,
					6, 7, 7, -1,
					7, 7, 8, -1,
					7, 8, 8, -1,
					8, 8, 9, -1,
					8, 9, 9, -1,
					9, 9, 10, -1,
					9, 10, 10, -1,
					10, 10, 11, -1,
					10, 11, 11, -1,
					11, 11, 12, -1,
					11, 12, 12, -1,
					12, 12, 13, -1,
					12, 13, 13, -1,
					13, 13, 14, -1,
					13, 14, 14, -1,
					14, 14, 15, -1,
					14, 15, 15, -1,
					15, 15, 16, -1,
					15, 16, 16, -1,
					16, 16, 17, -1,
					16, 17, 17, -1,
					17, 17, 18, -1,
					17, 18, 18, -1,
					18, 18, 19, -1,
					18, 19, 19, -1,
					19, 19, 20, -1,
					19, 20, 20, -1,
					20, 20, 21, -1,
					20, 21, 21, -1,
					21, 21, 22, -1,
					21, 22, 22, -1,
					22, 22, 23, -1,
					22, 23, 23, -1,
					23, 23, 4, -1,
					23, 4, 4, -1,
					4, 4, 3, -1
				]
			}
		}
		Shape
		{
			appearance Appearance
			{
				material Material
				{
					diffuseColor 0.000 0.000 0.000
				}
			}
			geometry IndexedFaceSet
			{
				creaseAngle 0.5
				solid TRUE
				coord Coordinate
				{
					point
					[
						-1.652 3.635 -0.146,
						-1.622 3.635 -0.076,
						-1.572 3.700 -0.089,
						-1.612 3.635 0.000,
						-1.560 3.700 0.000,
						-1.622 3.635 0.076,
						-1.572 3.700 0.089,
						-1.606 3.700 0.172,
						-1.606 3.700 -0.172,
						-1.661 3.700 -0.244,
						-1.698 3.635 -0.207,
						-1.732 3.700 -0.299,
						-1.759 3.635 -0.253,
						-1.816 3.700 -0.333,
						-1.829 3.635 -0.283,
						-1.905 3.635 -0.292,
						-1.905 3.700 -0.345,
						-1.994 3.700 -0.333,
						-1.981 3.635 -0.283,
						-2.078 3.700 -0.299,
						-2.051 3.635 -0.253,
						-2.112 3.635 -0.207,
						-2.149 3.700 -0.244,
						-2.204 3.700 -0.172,
						-2.158 3.635 -0.146,
						-2.238 3.700 -0.089,
						-2.188 3.635 -0.076,
						-2.197 3.635 -0.000,
						-2.250 3.700 -0.000,
						-2.188 3.635 0.076,
						-2.238 3.700 0.089,
						-2.204 3.700 0.172,
						-2.158 3.635 0.146,
						-2.149 3.700 0.244,
						-2.112 3.635 0.207,
						-2.051 3.635 0.253,
						-2.078 3.700 0.299,
						-1.994 3.700 0.333,
						-1.981 3.635 0.283,
						-1.905 3.700 0.345,
						-1.905 3.635 0.292,
						-1.829 3.635 0.283,
						-1.816 3.700 0.333,
						-1.732 3.700 0.299,
						-1.759 3.635 0.253,
						-1.661 3.700 0.244,
						-1.698 3.635 0.207,
						-1.652 3.635 0.146
					]
				}
				coordIndex
				[
					0, 1, 2, -1,
					2, 1, 3, -1,
					2, 3, 4, -1,
					4, 3, 5, -1,
					4, 5, 6, -1,
					6, 5, 7, -1,
					2, 8, 0, -1,
					0, 8, 9, -1,
					0, 9, 10, -1,
					10, 9, 11, -1,
					10, 11, 12, -1,
					12, 11, 13, -1,
					12, 13, 14, -1,
					14, 13, 15, -1,
					13, 16, 15, -1,
					15, 16, 17, -1,
					15, 17, 18, -1,
					18, 17, 19, -1,
					18, 19, 20, -1,
					20, 19, 21, -1,
					19, 22, 21, -1,
					21, 22, 23, -1,
					21, 23, 24, -1,
					24, 23, 25, -1,
					24, 25, 26, -1,
					26, 25, 27, -1,
					25, 28, 27, -1,
					27, 28, 29, -1,
					28, 30, 29, -1,
					29, 30, 31, -1,
					29, 31, 32, -1,
					32, 31, 33, -1,
					32, 33, 34, -1,
					34, 33, 35, -1,
					33, 36, 35, -1,
					35, 36, 37, -1,
					35, 37, 38, -1,
					38, 37, 39, -1,
					38, 39, 40, -1,
					40, 39, 41, -1,
					39, 42, 41, -1,
					41, 42, 43, -1,
					41, 43, 44, -1,
					44, 43, 45, -1,
					44, 45, 46, -1,
					46, 45, 7, -1,
					46, 7, 47, -1,
					47, 7, 5, -1
				]
				normal Normal
				{
					vector
					[
						-0.674 0.628 0.389,
						-0.751 0.628 0.201,
						-0.778 0.628 0.000,
						-0.751 0.628 -0.201,
						-0.674 0.628 -0.389,
						-0.550 0.628 0.550,
						-0.389 0.628 0.674,
						-0.201 0.628 0.751,
						-0.000 0.628 0.778,
						0.201 0.628 0.751,
						0.389 0.628 0.674,
						0.550 0.628 0.550,
						0.674 0.628 0.389,
						0.751 0.628 0.201,
						0.778 0.628 0.000,
						0.751 0.628 -0.201,
						0.674 0.628 -0.389,
						0.550 0.628 -0.550,
						0.389 0.628 -0.674,
						0.201 0.628 -0.751,
						-0.000 0.628 -0.778,
						-0.201 0.628 -0.751,
						-0.389 0.628 -0.674,
						-0.550 0.628 -0.550
					]
				}
				normalIndex
				[
					0, 1, 1, -1,
					1, 1, 2, -1,
					1, 2, 2, -1,
					2, 2, 3, -1,
					2, 3, 3, -1,
					3, 3, 4, -1,
					1, 0, 0, -1,
					0, 0, 5, -1,
					0, 5, 5, -1,
					5, 5, 6, -1,
					5, 6, 6, -1,
					6, 6, 7, -1,
					6, 7, 7, -1,
					7, 7, 8, -1,
					7, 8, 8, -1,
					8, 8, 9, -1,
					8, 9, 9, -1,
					9, 9, 10, -1,
					9, 10, 10, -1,
					10, 10, 11, -1,
					10, 11, 11, -1,
					11, 11, 12, -1,
					11, 12, 12, -1,
					12, 12, 13, -1,
					12, 13, 13, -1,
					13, 13, 14, -1,
					13, 14, 14, -1,
					14, 14, 15, -1,
					14, 15, 15, -1,
					15, 15, 16, -1,
					15, 16, 16, -1,
					16, 16, 17, -1,
					16, 17, 17, -1,
					17, 17, 18, -1,
					17, 18, 18, -1,
					18, 18, 19, -1,
					18, 19, 19, -1,
					19, 19, 20, -1,
					19, 20, 20, -1,
					20, 20, 21, -1,
					20, 21, 21, -1,
					21, 21, 22, -1,
					21, 22, 22, -1,
					22, 22, 23, -1,
					22, 23, 23, -1,
					23, 23, 4, -1,
					23, 4, 4, -1,
					4, 4, 3, -1
				]
			}
		}
		Shape
		{
			appearance Appearance
			{
				material Material
				{
					diffuseColor 0.000 0.000 0.000
				}
			}
			geometry IndexedFaceSet
			{
				creaseAngle 0.5
				solid TRUE
				coord Coordinate
				{
					point
					[
						-1.905 3.700 -0.385,
						-1.905 3.700 -0.345,
						-1.805 3.700 -0.372,
						-1.816 3.700 -0.333,
						-1.712 3.700 -0.333,
						-1.732 3.700 -0.299,
						-1.633 3.700 -0.272,
						-1.661 3.700 -0.244,
						-1.572 3.700 -0.192,
						-1.606 3.700 -0.172,
						-1.533 3.700 -0.100,
						-1.572 3.700 -0.089,
						-1.520 3.700 0.000,
						-1.560 3.700 0.000,
						-1.533 3.700 0.100,
						-1.572 3.700 0.089,
						-1.606 3.700 0.172,
						-2.005 3.700 -0.372,
						-1.994 3.700 -0.333,
						-2.098 3.700 -0.333,
						-2.078 3.700 -0.299,
						-2.177 3.700 -0.272,
						-2.149 3.700 -0.244,
						-2.238 3.700 -0.192,
						-2.204 3.700 -0.172,
						-2.277 3.700 -0.100,
						-2.238 3.700 -0.089,
						-2.290 3.700 -0.000,
						-2.250 3.700 -0.000,
						-2.238 3.700 0.089,
						-2.277 3.700 0.100,
						-2.204 3.700 0.172,
						-2.238 3.700 0.192,
						-2.149 3.700 0.244,
						-2.177 3.700 0.272,
						-2.078 3.700 0.299,
						-2.098 3.700 0.333,
						-1.994 3.700 0.333,
						-2.005 3.700 0.372,
						-1.905 3.700 0.345,
						-1.905 3.700 0.385,
						-1.805 3.700 0.372,
						-1.816 3.700 0.333,
						-1.712 3.700 0.333,
						-1.732 3.700 0.299,
						-1.633 3.700 0.272,
						-1.661 3.700 0.244,
						-1.572 3.700 0.192
					]
				}
				coordIndex
				[
					0, 1, 2, -1,
					2, 1, 3, -1,
					2, 3, 4, -1,
					4, 3, 5, -1,
					4, 5, 6, -1,
					6, 5, 7, -1,
					6, 7, 8, -1,
					8, 7, 9, -1,
					8, 9, 10, -1,
					10, 9, 11, -1,
					10, 11, 12, -1,
					12, 11, 13, -1,
					12, 13, 14, -1,
					14, 13, 15, -1,
					14, 15, 16, -1,
					0, 17, 1, -1,
					1, 17, 18, -1,
					17, 19, 18, -1,
					18, 19, 20, -1,
					19, 21, 20, -1,
					20, 21, 22, -1,
					21, 23, 22, -1,
					22, 23, 24, -1,
					23, 25, 24, -1,
					24, 25, 26, -1,
					25, 27, 26, -1,
					26, 27, 28, -1,
					28, 27, 29, -1,
					29, 27, 30, -1,
					29, 30, 31, -1,
					31, 30, 32, -1,
					31, 32, 33, -1,
					33, 32, 34, -1,
					33, 34, 35, -1,
					35, 34, 36, -1,
					35, 36, 37, -1,
					37, 36, 38, -1,
					37, 38, 39, -1,
					39, 38, 40, -1,
					39, 40, 41, -1,
					39, 41, 42, -1,
					42, 41, 43, -1,
					42, 43, 44, -1,
					44, 43, 45, -1,
					44, 45, 46, -1,
					46, 45, 47, -1,
					46, 47, 16, -1,
					16, 47, 14, -1
				]
				normal Normal
				{
					vector
					[
						0.000 1.000 0.000
					]
				}
				normalIndex
				[
					0, 0, 0, -1,
					0, 0, 0, -1,
					0, 0, 0, -1,
					0, 0, 0, -1,
					0, 0, 0, -1,
					0, 0, 0, -1,
					0, 0, 0, -1,
					0, 0, 0, -1,
					0, 0, 0, -1,
					0, 0, 0, -1,
					0, 0, 0, -1,
					0, 0, 0, -1,
					0, 0, 0, -1,
					0, 0, 0, -1,
					0, 0, 0, -1,
					0, 0, 0, -1,
					0, 0, 0, -1,
					0, 0, 0, -1,
					0, 0, 0, -1,
					0, 0, 0, -1,
					0, 0, 0, -1,
					0, 0, 0, -1,
					0, 0, 0, -1,
					0, 0, 0, -1,
					0, 0, 0, -1,
					0, 0, 0, -1,
					0, 0, 0, -1,
					0, 0, 0, -1,
					0, 0, 0, -1,
					0, 0, 0, -1,
					0, 0, 0, -1,
					0, 0, 0, -1,
					0, 0, 0, -1,
					0, 0, 0, -1,
					0, 0, 0, -1,
					0, 0, 0, -1,
					0, 0, 0, -1,
					0, 0, 0, -1,
					0, 0, 0, -1,
					0, 0, 0, -1,
					0, 0, 0, -1,
					0, 0, 0, -1,
					0, 0, 0, -1,
					0, 0, 0, -1,
					0, 0, 0, -1,
					0, 0, 0, -1,
					0, 0, 0, -1,
					0, 0, 0, -1
				]
			}
		}
		Shape
		{
			appearance Appearance
			{
				material Material
				{
					diffuseColor 0.000 0.000 0.000
				}
			}
			geometry IndexedFaceSet
			{
				creaseAngle 0.5
				solid TRUE
				coord Coordinate
				{
					point
					[
						-1.572 3.700 -0.192,
						-1.533 3.700 -0.100,
						-1.533 3.784 -0.100,
						-1.520 3.700 0.000,
						-1.520 3.784 0.000,
						-1.533 3.700 0.100,
						-1.533 3.784 0.100,
						-1.572 3.784 0.192,
						-1.572 3.784 -0.192,
						-1.633 3.784 -0.272,
						-1.633 3.700 -0.272,
						-1.712 3.784 -0.333,
						-1.712 3.700 -0.333,
						-1.805 3.784 -0.372,
						-1.805 3.700 -0.372,
						-1.905 3.700 -0.385,
						-1.905 3.784 -0.385,
						-2.005 3.784 -0.372,
						-2.005 3.700 -0.372,
						-2.098 3.784 -0.333,
						-2.098 3.700 -0.333,
						-2.177 3.700 -0.272,
						-2.177 3.784 -0.272,
						-2.238 3.784 -0.192,
						-2.238 3.700 -0.192,
						-2.277 3.784 -0.100,
						-2.277 3.700 -0.100,
						-2.290 3.700 -0.000,
						-2.290 3.784 -0.000,
						-2.277 3.700 0.100,
						-2.277 3.784 0.100,
						-2.238 3.784 0.192,
						-2.238 3.700 0.192,
						-2.177 3.784 0.272,
						-2.177 3.700 0.272,
						-2.098 3.700 0.333,
						-2.098 3.784 0.333,
						-2.005 3.784 0.372,
						-2.005 3.700 0.372,
						-1.905 3.784 0.385,
						-1.905 3.700 0.385,
						-1.805 3.700 0.372,
						-1.805 3.784 0.372,
						-1.712 3.784 0.333,
						-1.712 3.700 0.333,
						-1.633 3.784 0.272,
						-1.633 3.700 0.272,
						-1.572 3.700 0.192
					]
				}
				coordIndex
				[
					0, 1, 2, -1,
					2, 1, 3, -1,
					2, 3, 4, -1,
					4, 3, 5, -1,
					4, 5, 6, -1,
					6, 5, 7, -1,
					2, 8, 0, -1,
					0, 8, 9, -1,
					0, 9, 10, -1,
					10, 9, 11, -1,
					10, 11, 12, -1,
					12, 11, 13, -1,
					12, 13, 14, -1,
					14, 13, 15, -1,
					13, 16, 15, -1,
					15, 16, 17, -1,
					15, 17, 18, -1,
					18, 17, 19, -1,
					18, 19, 20, -1,
					20, 19, 21, -1,
					19, 22, 21, -1,
					21, 22, 23, -1,
					21, 23, 24, -1,
					24, 23, 25, -1,
					24, 25, 26, -1,
					26, 25, 27, -1,
					25, 28, 27, -1,
					27, 28, 29, -1,
					28, 30, 29, -1,
					29, 30, 31, -1,
					29, 31, 32, -1,
					32, 31, 33, -1,
					32, 33, 34, -1,
					34, 33, 35, -1,
					33, 36, 35, -1,
					35, 36, 37, -1,
					35, 37, 38, -1,
					38, 37, 39, -1,
					38, 39, 40, -1,
					40, 39, 41, -1,
					39, 42, 41, -1,
					41, 42, 43, -1,
					41, 43, 44, -1,
					44, 43, 45, -1,
					44, 45, 46, -1,
					46, 45, 7, -1,
					46, 7, 47, -1,
					47, 7, 5, -1
				]
				normal Normal
				{
					vector
					[
						-0.866 -0.000 0.500,
						-0.966 -0.000 0.259,
						-1.000 -0.000 -0.000,
						-0.966 -0.000 -0.259,
						-0.866 -0.000 -0.500,
						-0.707 -0.000 0.707,
						-0.500 -0.000 0.866,
						-0.259 -0.000 0.966,
						-0.000 -0.000 1.000,
						0.259 -0.000 0.966,
						0.500 -0.000 0.866,
						0.707 -0.000 0.707,
						0.866 -0.000 0.500,
						0.966 -0.000 0.259,
						1.000 -0.000 0.000,
						0.966 -0.000 -0.259,
						0.866 -0.000 -0.500,
						0.707 -0.000 -0.707,
						0.500 -0.000 -0.866,
						0.259 -0.000 -0.966,
						-0.000 -0.000 -1.000,
						-0.259 -0.000 -0.966,
						-0.500 -0.000 -0.866,
						-0.707 -0.000 -0.707
					]
				}
				normalIndex
				[
					0, 1, 1, -1,
					1, 1, 2, -1,
					1, 2, 2, -1,
					2, 2, 3, -1,
					2, 3, 3, -1,
					3, 3, 4, -1,
					1, 0, 0, -1,
					0, 0, 5, -1,
					0, 5, 5, -1,
					5, 5, 6, -1,
					5, 6, 6, -1,
					6, 6, 7, -1,
					6, 7, 7, -1,
					7, 7, 8, -1,
					7, 8, 8, -1,
					8, 8, 9, -1,
					8, 9, 9, -1,
					9, 9, 10, -1,
					9, 10, 10, -1,
					10, 10, 11, -1,
					10, 11, 11, -1,
					11, 11, 12, -1,
					11, 12, 12, -1,
					12, 12, 13, -1,
					12, 13, 13, -1,
					13, 13, 14, -1,
					13, 14, 14, -1,
					14, 14, 15, -1,
					14, 15, 15, -1,
					15, 15, 16, -1,
					15, 16, 16, -1,
					16, 16, 17, -1,
					16, 17, 17, -1,
					17, 17, 18, -1,
					17, 18, 18, -1,
					18, 18, 19, -1,
					18, 19, 19, -1,
					19, 19, 20, -1,
					19, 20, 20, -1,
					20, 20, 21, -1,
					20, 21, 21, -1,
					21, 21, 22, -1,
					21, 22, 22, -1,
					22, 22, 23, -1,
					22, 23, 23, -1,
					23, 23, 4, -1,
					23, 4, 4, -1,
					4, 4, 3, -1
				]
			}
		}
		Shape
		{
			appearance Appearance
			{
				material Material
				{
					diffuseColor 0.000 0.000 0.000
				}
			}
			geometry IndexedFaceSet
			{
				creaseAngle 0.5
				solid TRUE
				coord Coordinate
				{
					point
					[
						-1.572 3.784 -0.192,
						-1.533 3.784 -0.100,
						-1.422 4.100 -0.129,
						-1.520 3.784 0.000,
						-1.405 4.100 0.000,
						-1.533 3.784 0.100,
						-1.422 4.100 0.129,
						-1.472 4.100 0.250,
						-1.472 4.100 -0.250,
						-1.551 4.100 -0.354,
						-1.633 3.784 -0.272,
						-1.655 4.100 -0.433,
						-1.712 3.784 -0.333,
						-1.776 4.100 -0.483,
						-1.805 3.784 -0.372,
						-1.905 3.784 -0.385,
						-1.905 4.100 -0.500,
						-2.034 4.100 -0.483,
						-2.005 3.784 -0.372,
						-2.155 4.100 -0.433,
						-2.098 3.784 -0.333,
						-2.177 3.784 -0.272,
						-2.259 4.100 -0.354,
						-2.338 4.100 -0.250,
						-2.238 3.784 -0.192,
						-2.388 4.100 -0.129,
						-2.277 3.784 -0.100,
						-2.290 3.784 -0.000,
						-2.405 4.100 0.000,
						-2.277 3.784 0.100,
						-2.388 4.100 0.129,
						-2.338 4.100 0.250,
						-2.238 3.784 0.192,
						-2.259 4.100 0.354,
						-2.177 3.784 0.272,
						-2.098 3.784 0.333,
						-2.155 4.100 0.433,
						-2.034 4.100 0.483,
						-2.005 3.784 0.372,
						-1.905 4.100 0.500,
						-1.905 3.784 0.385,
						-1.805 3.784 0.372,
						-1.776 4.100 0.483,
						-1.655 4.100 0.433,
						-1.712 3.784 0.333,
						-1.551 4.100 0.354,
						-1.633 3.784 0.272,
						-1.572 3.784 0.192
					]
				}
				coordIndex
				[
					0, 1, 2, -1,
					2, 1, 3, -1,
					2, 3, 4, -1,
					4, 3, 5, -1,
					4, 5, 6, -1,
					6, 5, 7, -1,
					2, 8, 0, -1,
					0, 8, 9, -1,
					0, 9, 10, -1,
					10, 9, 11, -1,
					10, 11, 12, -1,
					12, 11, 13, -1,
					12, 13, 14, -1,
					14, 13, 15, -1,
					13, 16, 15, -1,
					15, 16, 17, -1,
					15, 17, 18, -1,
					18, 17, 19, -1,
					18, 19, 20, -1,
					20, 19, 21, -1,
					19, 22, 21, -1,
					21, 22, 23, -1,
					21, 23, 24, -1,
					24, 23, 25, -1,
					24, 25, 26, -1,
					26, 25, 27, -1,
					25, 28, 27, -1,
					27, 28, 29, -1,
					28, 30, 29, -1,
					29, 30, 31, -1,
					29, 31, 32, -1,
					32, 31, 33, -1,
					32, 33, 34, -1,
					34, 33, 35, -1,
					33, 36, 35, -1,
					35, 36, 37, -1,
					35, 37, 38, -1,
					38, 37, 39, -1,
					38, 39, 40, -1,
					40, 39, 41, -1,
					39, 42, 41, -1,
					41, 42, 43, -1,
					41, 43, 44, -1,
					44, 43, 45, -1,
					44, 45, 46, -1,
					46, 45, 7, -1,
					46, 7, 47, -1,
					47, 7, 5, -1
				]
				normal Normal
				{
					vector
					[
						-0.814 0.342 0.470,
						-0.908 0.342 0.243,
						-0.940 0.342 0.000,
						-0.908 0.342 -0.243,
						-0.814 0.342 -0.470,
						-0.664 0.342 0.664,
						-0.470 0.342 0.814,
						-0.243 0.342 0.908,
						-0.000 0.342 0.940,
						0.243 0.342 0.908,
						0.470 0.342 0.814,
						0.664 0.342 0.664,
						0.814 0.342 0.470,
						0.908 0.342 0.243,
						0.940 0.342 0.000,
						0.908 0.342 -0.243,
						0.814 0.342 -0.470,
						0.664 0.342 -0.664,
						0.470 0.342 -0.814,
						0.243 0.342 -0.908,
						-0.000 0.342 -0.940,
						-0.243 0.342 -0.908,
						-0.470 0.342 -0.814,
						-0.664 0.342 -0.664
					]
				}
				normalIndex
				[
					0, 1, 1, -1,
					1, 1, 2, -1,
					1, 2, 2, -1,
					2, 2, 3, -1,
					2, 3, 3, -1,
					3, 3, 4, -1,
					1, 0, 0, -1,
					0, 0, 5, -1,
					0, 5, 5, -1,
					5, 5, 6, -1,
					5, 6, 6, -1,
					6, 6, 7, -1,
					6, 7, 7, -1,
					7, 7, 8, -1,
					7, 8, 8, -1,
					8, 8, 9, -1,
					8, 9, 9, -1,
					9, 9, 10, -1,
					9, 10, 10, -1,
					10, 10, 11, -1,
					10, 11, 11, -1,
					11, 11, 12, -1,
					11, 12, 12, -1,
					12, 12, 13, -1,
					12, 13, 13, -1,
					13, 13, 14, -1,
					13, 14, 14, -1,
					14, 14, 15, -1,
					14, 15, 15, -1,
					15, 15, 16, -1,
					15, 16, 16, -1,
					16, 16, 17, -1,
					16, 17, 17, -1,
					17, 17, 18, -1,
					17, 18, 18, -1,
					18, 18, 19, -1,
					18, 19, 19, -1,
					19, 19, 20, -1,
					19, 20, 20, -1,
					20, 20, 21, -1,
					20, 21, 21, -1,
					21, 21, 22, -1,
					21, 22, 22, -1,
					22, 22, 23, -1,
					22, 23, 23, -1,
					23, 23, 4, -1,
					23, 4, 4, -1,
					4, 4, 3, -1
				]
			}
		}
		Shape
		{
			appearance Appearance
			{
				material Material
				{
					diffuseColor 0.000 0.000 0.000
				}
			}
			geometry IndexedFaceSet
			{
				creaseAngle 0.5
				solid TRUE
				coord Coordinate
				{
					point
					[
						-1.675 1.600 -0.133,
						-1.649 1.600 -0.069,
						-1.759 1.612 -0.039,
						-1.640 1.600 0.000,
						-1.754 1.612 0.000,
						-1.649 1.600 0.069,
						-1.759 1.612 0.039,
						-1.774 1.612 0.075,
						-1.774 1.612 -0.075,
						-1.798 1.612 -0.107,
						-1.717 1.600 -0.188,
						-1.830 1.612 -0.131,
						-1.772 1.600 -0.230,
						-1.866 1.612 -0.146,
						-1.836 1.600 -0.256,
						-1.905 1.600 -0.265,
						-1.905 1.612 -0.151,
						-1.944 1.612 -0.146,
						-1.974 1.600 -0.256,
						-1.980 1.612 -0.131,
						-2.038 1.600 -0.230,
						-2.093 1.600 -0.188,
						-2.012 1.612 -0.107,
						-2.036 1.612 -0.075,
						-2.135 1.600 -0.133,
						-2.051 1.612 -0.039,
						-2.161 1.600 -0.069,
						-2.170 1.600 -0.000,
						-2.056 1.612 -0.000,
						-2.161 1.600 0.069,
						-2.051 1.612 0.039,
						-2.036 1.612 0.075,
						-2.135 1.600 0.133,
						-2.012 1.612 0.107,
						-2.093 1.600 0.188,
						-2.038 1.600 0.230,
						-1.980 1.612 0.131,
						-1.944 1.612 0.146,
						-1.974 1.600 0.256,
						-1.905 1.612 0.151,
						-1.905 1.600 0.265,
						-1.836 1.600 0.256,
						-1.866 1.612 0.146,
						-1.830 1.612 0.131,
						-1.772 1.600 0.230,
						-1.798 1.612 0.107,
						-1.717 1.600 0.188,
						-1.675 1.600 0.133
					]
				}
				coordIndex
				[
					0, 1, 2, -1,
					2, 1, 3, -1,
					2, 3, 4, -1,
					4, 3, 5, -1,
					4, 5, 6, -1,
					6, 5, 7, -1,
					2, 8, 0, -1,
					0, 8, 9, -1,
					0, 9, 10, -1,
					10, 9, 11, -1,
					10, 11, 12, -1,
					12, 11, 13, -1,
					12, 13, 14, -1,
					14, 13, 15, -1,
					13, 16, 15, -1,
					15, 16, 17, -1,
					15, 17, 18, -1,
					18, 17, 19, -1,
					18, 19, 20, -1,
					20, 19, 21, -1,
					19, 22, 21, -1,
					21, 22, 23, -1,
					21, 23, 24, -1,
					24, 23, 25, -1,
					24, 25, 26, -1,
					26, 25, 27, -1,
					25, 28, 27, -1,
					27, 28, 29, -1,
					28, 30, 29, -1,
					29, 30, 31, -1,
					29, 31, 32, -1,
					32, 31, 33, -1,
					32, 33, 34, -1,
					34, 33, 35, -1,
					33, 36, 35, -1,
					35, 36, 37, -1,
					35, 37, 38, -1,
					38, 37, 39, -1,
					38, 39, 40, -1,
					40, 39, 41, -1,
					39, 42, 41, -1,
					41, 42, 43, -1,
					41, 43, 44, -1,
					44, 43, 45, -1,
					44, 45, 46, -1,
					46, 45, 7, -1,
					46, 7, 47, -1,
					47, 7, 5, -1
				]
				normal Normal
				{
					vector
					[
						-0.088 -0.995 0.051,
						-0.098 -0.995 0.026,
						-0.101 -0.995 -0.000,
						-0.098 -0.995 -0.026,
						-0.088 -0.995 -0.051,
						-0.072 -0.995 0.072,
						-0.051 -0.995 0.088,
						-0.026 -0.995 0.098,
						-0.000 -0.995 0.101,
						0.026 -0.995 0.098,
						0.051 -0.995 0.088,
						0.072 -0.995 0.072,
						0.088 -0.995 0.051,
						0.098 -0.995 0.026,
						0.101 -0.995 0.000,
						0.098 -0.995 -0.026,
						0.088 -0.995 -0.051,
						0.072 -0.995 -0.072,
						0.051 -0.995 -0.088,
						0.026 -0.995 -0.098,
						-0.000 -0.995 -0.101,
						-0.026 -0.995 -0.098,
						-0.051 -0.995 -0.088,
						-0.072 -0.995 -0.072
					]
				}
				normalIndex
				[
					0, 1, 1, -1,
					1, 1, 2, -1,
					1, 2, 2, -1,
					2, 2, 3, -1,
					2, 3, 3, -1,
					3, 3, 4, -1,
					1, 0, 0, -1,
					0, 0, 5, -1,
					0, 5, 5, -1,
					5, 5, 6, -1,
					5, 6, 6, -1,
					6, 6, 7, -1,
					6, 7, 7, -1,
					7, 7, 8, -1,
					7, 8, 8, -1,
					8, 8, 9, -1,
					8, 9, 9, -1,
					9, 9, 10, -1,
					9, 10, 10, -1,
					10, 10, 11, -1,
					10, 11, 11, -1,
					11, 11, 12, -1,
					11, 12, 12, -1,
					12, 12, 13, -1,
					12, 13, 13, -1,
					13, 13, 14, -1,
					13, 14, 14, -1,
					14, 14, 15, -1,
					14, 15, 15, -1,
					15, 15, 16, -1,
					15, 16, 16, -1,
					16, 16, 17, -1,
					16, 17, 17, -1,
					17, 17, 18, -1,
					17, 18, 18, -1,
					18, 18, 19, -1,
					18, 19, 19, -1,
					19, 19, 20, -1,
					19, 20, 20, -1,
					20, 20, 21, -1,
					20, 21, 21, -1,
					21, 21, 22, -1,
					21, 22, 22, -1,
					22, 22, 23, -1,
					22, 23, 23, -1,
					23, 23, 4, -1,
					23, 4, 4, -1,
					4, 4, 3, -1
				]
			}
		}
		Shape
		{
			appearance Appearance
			{
				material Material
				{
					diffuseColor 0.812 0.812 0.812
				}
			}
			geometry IndexedFaceSet
			{
				creaseAngle 0.5
				solid TRUE
				coord Coordinate
				{
					point
					[
						1.657 0.129 -0.023,
						1.656 0.129 0.000,
						1.585 0.200 0.000,
						1.658 0.129 0.034,
						1.596 0.200 0.083,
						1.665 0.129 0.068,
						1.682 0.129 0.111,
						1.628 0.200 0.160,
						1.706 0.129 0.150,
						1.679 0.200 0.226,
						1.737 0.129 0.184,
						1.774 0.129 0.212,
						1.745 0.200 0.277,
						1.815 0.129 0.232,
						1.822 0.200 0.309,
						1.859 0.129 0.245,
						1.905 0.200 0.320,
						1.905 0.129 0.249,
						1.951 0.129 0.245,
						1.988 0.200 0.309,
						1.995 0.129 0.232,
						2.065 0.200 0.277,
						2.036 0.129 0.212,
						2.073 0.129 0.184,
						2.131 0.200 0.226,
						2.104 0.129 0.150,
						2.182 0.200 0.160,
						2.128 0.129 0.111,
						2.214 0.200 0.083,
						2.145 0.129 0.068,
						2.152 0.129 0.034,
						2.225 0.200 -0.000,
						2.154 0.129 0.000,
						2.153 0.129 -0.023,
						2.214 0.200 -0.083,
						2.145 0.129 -0.068,
						2.128 0.129 -0.111,
						2.182 0.200 -0.160,
						2.104 0.129 -0.150,
						2.131 0.200 -0.226,
						2.073 0.129 -0.184,
						2.036 0.129 -0.212,
						2.065 0.200 -0.277,
						1.995 0.129 -0.232,
						1.988 0.200 -0.309,
						1.951 0.129 -0.245,
						1.905 0.200 -0.320,
						1.905 0.129 -0.249,
						1.859 0.129 -0.245,
						1.822 0.200 -0.309,
						1.815 0.129 -0.232,
						1.745 0.200 -0.277,
						1.774 0.129 -0.212,
						1.737 0.129 -0.184,
						1.679 0.200 -0.226,
						1.706 0.129 -0.150,
						1.628 0.200 -0.160,
						1.682 0.129 -0.111,
						1.596 0.200 -0.083,
						1.665 0.129 -0.068
					]
				}
				coordIndex
				[
					0, 1, 2, -1,
					2, 1, 3, -1,
					2, 3, 4, -1,
					4, 3, 5, -1,
					4, 5, 6, -1,
					4, 6, 7, -1,
					7, 6, 8, -1,
					7, 8, 9, -1,
					9, 8, 10, -1,
					9, 10, 11, -1,
					9, 11, 12, -1,
					12, 11, 13, -1,
					12, 13, 14, -1,
					14, 13, 15, -1,
					14, 15, 16, -1,
					16, 15, 17, -1,
					16, 17, 18, -1,
					16, 18, 19, -1,
					19, 18, 20, -1,
					19, 20, 21, -1,
					21, 20, 22, -1,
					21, 22, 23, -1,
					21, 23, 24, -1,
					24, 23, 25, -1,
					24, 25, 26, -1,
					26, 25, 27, -1,
					26, 27, 28, -1,
					28, 27, 29, -1,
					28, 29, 30, -1,
					28, 30, 31, -1,
					31, 30, 32, -1,
					31, 32, 33, -1,
					31, 33, 34, -1,
					34, 33, 35, -1,
					34, 35, 36, -1,
					34, 36, 37, -1,
					37, 36, 38, -1,
					37, 38, 39, -1,
					39, 38, 40, -1,
					39, 40, 41, -1,
					39, 41, 42, -1,
					42, 41, 43, -1,
					42, 43, 44, -1,
					44, 43, 45, -1,
					44, 45, 46, -1,
					46, 45, 47, -1,
					46, 47, 48, -1,
					46, 48, 49, -1,
					49, 48, 50, -1,
					49, 50, 51, -1,
					51, 50, 52, -1,
					51, 52, 53, -1,
					51, 53, 54, -1,
					54, 53, 55, -1,
					54, 55, 56, -1,
					56, 55, 57, -1,
					56, 57, 58, -1,
					58, 57, 59, -1,
					58, 59, 0, -1,
					2, 58, 0, -1
				]
				normal Normal
				{
					vector
					[
						-0.704 -0.707 -0.065,
						-0.707 -0.707 -0.000,
						-0.700 -0.707 0.098,
						-0.683 -0.707 0.183,
						-0.680 -0.707 0.194,
						-0.633 -0.707 0.315,
						-0.612 -0.707 0.354,
						-0.564 -0.707 0.426,
						-0.500 -0.707 0.500,
						-0.476 -0.707 0.523,
						-0.372 -0.707 0.601,
						-0.354 -0.707 0.612,
						-0.255 -0.707 0.659,
						-0.183 -0.707 0.683,
						-0.130 -0.707 0.695,
						-0.000 -0.707 0.707,
						0.130 -0.707 0.695,
						0.183 -0.707 0.683,
						0.255 -0.707 0.659,
						0.354 -0.707 0.612,
						0.372 -0.707 0.601,
						0.476 -0.707 0.523,
						0.500 -0.707 0.500,
						0.564 -0.707 0.426,
						0.612 -0.707 0.354,
						0.633 -0.707 0.315,
						0.683 -0.707 0.183,
						0.680 -0.707 0.194,
						0.700 -0.707 0.098,
						0.707 -0.707 0.000,
						0.704 -0.707 -0.065,
						0.683 -0.707 -0.183,
						0.680 -0.707 -0.194,
						0.633 -0.707 -0.315,
						0.612 -0.707 -0.354,
						0.564 -0.707 -0.426,
						0.500 -0.707 -0.500,
						0.476 -0.707 -0.523,
						0.372 -0.707 -0.601,
						0.354 -0.707 -0.612,
						0.255 -0.707 -0.659,
						0.183 -0.707 -0.683,
						0.130 -0.707 -0.695,
						-0.000 -0.707 -0.707,
						-0.130 -0.707 -0.695,
						-0.183 -0.707 -0.683,
						-0.255 -0.707 -0.659,
						-0.354 -0.707 -0.612,
						-0.372 -0.707 -0.601,
						-0.476 -0.707 -0.523,
						-0.500 -0.707 -0.500,
						-0.564 -0.707 -0.426,
						-0.612 -0.707 -0.354,
						-0.633 -0.707 -0.315,
						-0.683 -0.707 -0.183,
						-0.680 -0.707 -0.194
					]
				}
				normalIndex
				[
					0, 1, 1, -1,
					1, 1, 2, -1,
					1, 2, 3, -1,
					3, 2, 4, -1,
					3, 4, 5, -1,
					3, 5, 6, -1,
					6, 5, 7, -1,
					6, 7, 8, -1,
					8, 7, 9, -1,
					8, 9, 10, -1,
					8, 10, 11, -1,
					11, 10, 12, -1,
					11, 12, 13, -1,
					13, 12, 14, -1,
					13, 14, 15, -1,
					15, 14, 15, -1,
					15, 15, 16, -1,
					15, 16, 17, -1,
					17, 16, 18, -1,
					17, 18, 19, -1,
					19, 18, 20, -1,
					19, 20, 21, -1,
					19, 21, 22, -1,
					22, 21, 23, -1,
					22, 23, 24, -1,
					24, 23, 25, -1,
					24, 25, 26, -1,
					26, 25, 27, -1,
					26, 27, 28, -1,
					26, 28, 29, -1,
					29, 28, 29, -1,
					29, 29, 30, -1,
					29, 30, 31, -1,
					31, 30, 32, -1,
					31, 32, 33, -1,
					31, 33, 34, -1,
					34, 33, 35, -1,
					34, 35, 36, -1,
					36, 35, 37, -1,
					36, 37, 38, -1,
					36, 38, 39, -1,
					39, 38, 40, -1,
					39, 40, 41, -1,
					41, 40, 42, -1,
					41, 42, 43, -1,
					43, 42, 43, -1,
					43, 43, 44, -1,
					43, 44, 45, -1,
					45, 44, 46, -1,
					45, 46, 47, -1,
					47, 46, 48, -1,
					47, 48, 49, -1,
					47, 49, 50, -1,
					50, 49, 51, -1,
					50, 51, 52, -1,
					52, 51, 53, -1,
					52, 53, 54, -1,
					54, 53, 55, -1,
					54, 55, 0, -1,
					1, 54, 0, -1
				]
			}
		}
		Shape
		{
			appearance Appearance
			{
				material Material
				{
					diffuseColor 0.812 0.812 0.812
				}
			}
			geometry IndexedFaceSet
			{
				creaseAngle 0.5
				solid TRUE
				coord Coordinate
				{
					point
					[
						2.096 -1.090 3.880,
						2.089 -1.086 3.918,
						2.118 -1.143 3.880,
						2.118 -1.160 3.918,
						2.125 -1.200 3.880,
						2.118 -1.240 3.918,
						2.118 -1.257 3.880,
						2.089 -1.314 3.918,
						2.096 -1.310 3.880,
						2.061 -1.356 3.880,
						2.061 -1.044 3.880,
						2.036 -1.027 3.918,
						2.020 -1.048 3.990,
						1.957 -1.017 3.990,
						1.944 -1.064 4.049,
						1.892 -1.059 4.049,
						1.898 -1.125 4.087,
						1.871 -1.133 4.087,
						1.905 -1.200 4.100,
						2.015 -1.009 3.880,
						1.964 -0.992 3.918,
						1.887 -1.010 3.990,
						1.842 -1.073 4.049,
						1.849 -1.149 4.087,
						1.962 -0.987 3.880,
						1.905 -0.980 3.880,
						1.885 -0.984 3.918,
						1.848 -0.987 3.880,
						1.808 -1.006 3.918,
						1.795 -1.009 3.880,
						1.745 -1.054 3.918,
						1.749 -1.044 3.880,
						1.714 -1.090 3.880,
						1.703 -1.122 3.918,
						1.692 -1.143 3.880,
						1.688 -1.200 3.918,
						1.685 -1.200 3.880,
						1.692 -1.257 3.880,
						1.703 -1.278 3.918,
						1.714 -1.310 3.880,
						1.745 -1.346 3.918,
						1.749 -1.356 3.880,
						1.795 -1.391 3.880,
						1.808 -1.394 3.918,
						1.848 -1.413 3.880,
						1.885 -1.416 3.918,
						1.905 -1.420 3.880,
						1.964 -1.408 3.918,
						1.962 -1.413 3.880,
						2.015 -1.391 3.880,
						2.036 -1.373 3.918,
						1.926 -1.128 4.087,
						2.067 -1.100 3.990,
						2.092 -1.165 3.990,
						2.092 -1.235 3.990,
						2.067 -1.300 3.990,
						2.020 -1.352 3.990,
						1.957 -1.383 3.990,
						1.887 -1.390 3.990,
						1.820 -1.371 3.990,
						1.764 -1.328 3.990,
						1.727 -1.269 3.990,
						1.714 -1.200 3.990,
						1.727 -1.131 3.990,
						1.764 -1.072 3.990,
						1.820 -1.029 3.990,
						1.990 -1.087 4.049,
						2.025 -1.126 4.049,
						2.044 -1.174 4.049,
						2.044 -1.226 4.049,
						2.025 -1.274 4.049,
						1.990 -1.313 4.049,
						1.944 -1.336 4.049,
						1.892 -1.341 4.049,
						1.842 -1.327 4.049,
						1.800 -1.295 4.049,
						1.773 -1.251 4.049,
						1.764 -1.200 4.049,
						1.773 -1.149 4.049,
						1.800 -1.105 4.049,
						1.950 -1.140 4.087,
						1.969 -1.160 4.087,
						1.979 -1.186 4.087,
						1.979 -1.214 4.087,
						1.969 -1.240 4.087,
						1.950 -1.260 4.087,
						1.926 -1.272 4.087,
						1.898 -1.275 4.087,
						1.871 -1.267 4.087,
						1.849 -1.251 4.087,
						1.835 -1.227 4.087,
						1.830 -1.200 4.087,
						1.835 -1.173 4.087
					]
				}
				coordIndex
				[
					0, 1, 2, -1,
					2, 1, 3, -1,
					2, 3, 4, -1,
					4, 3, 5, -1,
					4, 5, 6, -1,
					6, 5, 7, -1,
					6, 7, 8, -1,
					8, 7, 9, -1,
					0, 10, 1, -1,
					1, 10, 11, -1,
					1, 11, 12, -1,
					12, 11, 13, -1,
					12, 13, 14, -1,
					14, 13, 15, -1,
					14, 15, 16, -1,
					16, 15, 17, -1,
					16, 17, 18, -1,
					10, 19, 11, -1,
					11, 19, 20, -1,
					11, 20, 13, -1,
					13, 20, 21, -1,
					13, 21, 15, -1,
					15, 21, 22, -1,
					15, 22, 17, -1,
					17, 22, 23, -1,
					17, 23, 18, -1,
					19, 24, 20, -1,
					20, 24, 25, -1,
					20, 25, 26, -1,
					26, 25, 27, -1,
					26, 27, 28, -1,
					28, 27, 29, -1,
					28, 29, 30, -1,
					30, 29, 31, -1,
					30, 31, 32, -1,
					30, 32, 33, -1,
					33, 32, 34, -1,
					33, 34, 35, -1,
					35, 34, 36, -1,
					35, 36, 37, -1,
					35, 37, 38, -1,
					38, 37, 39, -1,
					38, 39, 40, -1,
					40, 39, 41, -1,
					40, 41, 42, -1,
					40, 42, 43, -1,
					43, 42, 44, -1,
					43, 44, 45, -1,
					45, 44, 46, -1,
					45, 46, 47, -1,
					47, 46, 48, -1,
					47, 48, 49, -1,
					47, 49, 50, -1,
					50, 49, 9, -1,
					50, 9, 7, -1,
					16, 18, 51, -1,
					1, 52, 3, -1,
					3, 52, 53, -1,
					3, 53, 5, -1,
					5, 53, 54, -1,
					5, 54, 7, -1,
					7, 54, 55, -1,
					7, 55, 50, -1,
					50, 55, 56, -1,
					50, 56, 47, -1,
					47, 56, 57, -1,
					47, 57, 45, -1,
					45, 57, 58, -1,
					45, 58, 43, -1,
					43, 58, 59, -1,
					43, 59, 40, -1,
					40, 59, 60, -1,
					40, 60, 38, -1,
					38, 60, 61, -1,
					38, 61, 35, -1,
					35, 61, 62, -1,
					35, 62, 33, -1,
					33, 62, 63, -1,
					33, 63, 30, -1,
					30, 63, 64, -1,
					30, 64, 28, -1,
					28, 64, 65, -1,
					28, 65, 26, -1,
					26, 65, 21, -1,
					26, 21, 20, -1,
					12, 66, 52, -1,
					52, 66, 67, -1,
					52, 67, 53, -1,
					53, 67, 68, -1,
					53, 68, 54, -1,
					54, 68, 69, -1,
					54, 69, 55, -1,
					55, 69, 70, -1,
					55, 70, 56, -1,
					56, 70, 71, -1,
					56, 71, 57, -1,
					57, 71, 72, -1,
					57, 72, 58, -1,
					58, 72, 73, -1,
					58, 73, 59, -1,
					59, 73, 74, -1,
					59, 74, 60, -1,
					60, 74, 75, -1,
					60, 75, 61, -1,
					61, 75, 76, -1,
					61, 76, 62, -1,
					62, 76, 77, -1,
					62, 77, 63, -1,
					63, 77, 78, -1,
					63, 78, 64, -1,
					64, 78, 79, -1,
					64, 79, 65, -1,
					65, 79, 22, -1,
					65, 22, 21, -1,
					14, 51, 66, -1,
					66, 51, 80, -1,
					66, 80, 67, -1,
					67, 80, 81, -1,
					67, 81, 68, -1,
					68, 81, 82, -1,
					68, 82, 69, -1,
					69, 82, 83, -1,
					69, 83, 70, -1,
					70, 83, 84, -1,
					70, 84, 71, -1,
					71, 84, 85, -1,
					71, 85, 72, -1,
					72, 85, 86, -1,
					72, 86, 73, -1,
					73, 86, 87, -1,
					73, 87, 74, -1,
					74, 87, 88, -1,
					74, 88, 75, -1,
					75, 88, 89, -1,
					75, 89, 76, -1,
					76, 89, 90, -1,
					76, 90, 77, -1,
					77, 90, 91, -1,
					77, 91, 78, -1,
					78, 91, 92, -1,
					78, 92, 79, -1,
					79, 92, 23, -1,
					79, 23, 22, -1,
					91, 18, 92, -1,
					82, 18, 83, -1,
					83, 18, 84, -1,
					52, 1, 12, -1,
					81, 18, 82, -1,
					66, 12, 14, -1,
					80, 18, 81, -1,
					51, 18, 80, -1,
					51, 14, 16, -1,
					92, 18, 23, -1,
					90, 18, 91, -1,
					89, 18, 90, -1,
					88, 18, 89, -1,
					87, 18, 88, -1,
					86, 18, 87, -1,
					85, 18, 86, -1,
					84, 18, 85, -1
				]
				normal Normal
				{
					vector
					[
						0.866 0.500 -0.000,
						0.837 0.518 0.174,
						0.966 0.259 -0.000,
						0.968 0.181 0.174,
						1.000 -0.000 -0.000,
						0.968 -0.181 0.174,
						0.966 -0.259 -0.000,
						0.837 -0.518 0.174,
						0.866 -0.500 -0.000,
						0.707 -0.707 -0.000,
						0.707 0.707 -0.000,
						0.593 0.786 0.174,
						0.522 0.691 0.500,
						0.237 0.833 0.500,
						0.176 0.618 0.766,
						-0.059 0.640 0.766,
						-0.032 0.341 0.940,
						-0.152 0.306 0.940,
						-0.000 -0.000 1.000,
						0.500 0.866 -0.000,
						0.270 0.947 0.174,
						-0.080 0.862 0.500,
						-0.287 0.575 0.766,
						-0.253 0.230 0.940,
						0.259 0.966 -0.000,
						0.000 1.000 -0.000,
						-0.091 0.981 0.174,
						-0.259 0.966 -0.000,
						-0.439 0.882 0.174,
						-0.500 0.866 -0.000,
						-0.728 0.663 0.174,
						-0.707 0.707 -0.000,
						-0.866 0.500 -0.000,
						-0.918 0.356 0.174,
						-0.966 0.259 -0.000,
						-0.985 0.000 0.174,
						-1.000 -0.000 -0.000,
						-0.966 -0.259 -0.000,
						-0.918 -0.356 0.174,
						-0.866 -0.500 -0.000,
						-0.728 -0.663 0.174,
						-0.707 -0.707 -0.000,
						-0.500 -0.866 -0.000,
						-0.439 -0.882 0.174,
						-0.259 -0.966 -0.000,
						-0.091 -0.981 0.174,
						0.000 -1.000 -0.000,
						0.270 -0.947 0.174,
						0.259 -0.966 -0.000,
						0.500 -0.866 -0.000,
						0.593 -0.786 0.174,
						0.094 0.329 0.940,
						0.736 0.456 0.500,
						0.851 0.159 0.500,
						0.851 -0.159 0.500,
						0.736 -0.456 0.500,
						0.522 -0.691 0.500,
						0.237 -0.833 0.500,
						-0.080 -0.862 0.500,
						-0.386 -0.775 0.500,
						-0.640 -0.583 0.500,
						-0.808 -0.313 0.500,
						-0.866 0.000 0.500,
						-0.808 0.313 0.500,
						-0.640 0.583 0.500,
						-0.386 0.775 0.500,
						0.387 0.513 0.766,
						0.547 0.338 0.766,
						0.632 0.118 0.766,
						0.632 -0.118 0.766,
						0.547 -0.338 0.766,
						0.387 -0.513 0.766,
						0.176 -0.618 0.766,
						-0.059 -0.640 0.766,
						-0.287 -0.575 0.766,
						-0.475 -0.433 0.766,
						-0.599 -0.232 0.766,
						-0.643 0.000 0.766,
						-0.599 0.232 0.766,
						-0.475 0.433 0.766,
						0.206 0.273 0.940,
						0.291 0.180 0.940,
						0.336 0.063 0.940,
						0.336 -0.063 0.940,
						0.291 -0.180 0.940,
						0.206 -0.273 0.940,
						0.094 -0.329 0.940,
						-0.032 -0.341 0.940,
						-0.152 -0.306 0.940,
						-0.253 -0.230 0.940,
						-0.319 -0.124 0.940,
						-0.342 -0.000 0.940,
						-0.319 0.124 0.940
					]
				}
				normalIndex
				[
					0, 1, 2, -1,
					2, 1, 3, -1,
					2, 3, 4, -1,
					4, 3, 5, -1,
					4, 5, 6, -1,
					6, 5, 7, -1,
					6, 7, 8, -1,
					8, 7, 9, -1,
					0, 10, 1, -1,
					1, 10, 11, -1,
					1, 11, 12, -1,
					12, 11, 13, -1,
					12, 13, 14, -1,
					14, 13, 15, -1,
					14, 15, 16, -1,
					16, 15, 17, -1,
					16, 17, 18, -1,
					10, 19, 11, -1,
					11, 19, 20, -1,
					11, 20, 13, -1,
					13, 20, 21, -1,
					13, 21, 15, -1,
					15, 21, 22, -1,
					15, 22, 17, -1,
					17, 22, 23, -1,
					17, 23, 18, -1,
					19, 24, 20, -1,
					20, 24, 25, -1,
					20, 25, 26, -1,
					26, 25, 27, -1,
					26, 27, 28, -1,
					28, 27, 29, -1,
					28, 29, 30, -1,
					30, 29, 31, -1,
					30, 31, 32, -1,
					30, 32, 33, -1,
					33, 32, 34, -1,
					33, 34, 35, -1,
					35, 34, 36, -1,
					35, 36, 37, -1,
					35, 37, 38, -1,
					38, 37, 39, -1,
					38, 39, 40, -1,
					40, 39, 41, -1,
					40, 41, 42, -1,
					40, 42, 43, -1,
					43, 42, 44, -1,
					43, 44, 45, -1,
					45, 44, 46, -1,
					45, 46, 47, -1,
					47, 46, 48, -1,
					47, 48, 49, -1,
					47, 49, 50, -1,
					50, 49, 9, -1,
					50, 9, 7, -1,
					16, 18, 51, -1,
					1, 52, 3, -1,
					3, 52, 53, -1,
					3, 53, 5, -1,
					5, 53, 54, -1,
					5, 54, 7, -1,
					7, 54, 55, -1,
					7, 55, 50, -1,
					50, 55, 56, -1,
					50, 56, 47, -1,
					47, 56, 57, -1,
					47, 57, 45, -1,
					45, 57, 58, -1,
					45, 58, 43, -1,
					43, 58, 59, -1,
					43, 59, 40, -1,
					40, 59, 60, -1,
					40, 60, 38, -1,
					38, 60, 61, -1,
					38, 61, 35, -1,
					35, 61, 62, -1,
					35, 62, 33, -1,
					33, 62, 63, -1,
					33, 63, 30, -1,
					30, 63, 64, -1,
					30, 64, 28, -1,
					28, 64, 65, -1,
					28, 65, 26, -1,
					26, 65, 21, -1,
					26, 21, 20, -1,
					12, 66, 52, -1,
					52, 66, 67, -1,
					52, 67, 53, -1,
					53, 67, 68, -1,
					53, 68, 54, -1,
					54, 68, 69, -1,
					54, 69, 55, -1,
					55, 69, 70, -1,
					55, 70, 56, -1,
					56, 70, 71, -1,
					56, 71, 57, -1,
					57, 71, 72, -1,
					57, 72, 58, -1,
					58, 72, 73, -1,
					58, 73, 59, -1,
					59, 73, 74, -1,
					59, 74, 60, -1,
					60, 74, 75, -1,
					60, 75, 61, -1,
					61, 75, 76, -1,
					61, 76, 62, -1,
					62, 76, 77, -1,
					62, 77, 63, -1,
					63, 77, 78, -1,
					63, 78, 64, -1,
					64, 78, 79, -1,
					64, 79, 65, -1,
					65, 79, 22, -1,
					65, 22, 21, -1,
					14, 51, 66, -1,
					66, 51, 80, -1,
					66, 80, 67, -1,
					67, 80, 81, -1,
					67, 81, 68, -1,
					68, 81, 82, -1,
					68, 82, 69, -1,
					69, 82, 83, -1,
					69, 83, 70, -1,
					70, 83, 84, -1,
					70, 84, 71, -1,
					71, 84, 85, -1,
					71, 85, 72, -1,
					72, 85, 86, -1,
					72, 86, 73, -1,
					73, 86, 87, -1,
					73, 87, 74, -1,
					74, 87, 88, -1,
					74, 88, 75, -1,
					75, 88, 89, -1,
					75, 89, 76, -1,
					76, 89, 90, -1,
					76, 90, 77, -1,
					77, 90, 91, -1,
					77, 91, 78, -1,
					78, 91, 92, -1,
					78, 92, 79, -1,
					79, 92, 23, -1,
					79, 23, 22, -1,
					91, 18, 92, -1,
					82, 18, 83, -1,
					83, 18, 84, -1,
					52, 1, 12, -1,
					81, 18, 82, -1,
					66, 12, 14, -1,
					80, 18, 81, -1,
					51, 18, 80, -1,
					51, 14, 16, -1,
					92, 18, 23, -1,
					90, 18, 91, -1,
					89, 18, 90, -1,
					88, 18, 89, -1,
					87, 18, 88, -1,
					86, 18, 87, -1,
					85, 18, 86, -1,
					84, 18, 85, -1
				]
			}
		}
		Shape
		{
			appearance Appearance
			{
				material Material
				{
					diffuseColor 0.812 0.812 0.812
				}
			}
			geometry IndexedFaceSet
			{
				creaseAngle 0.5
				solid TRUE
				coord Coordinate
				{
					point
					[
						1.945 -0.984 0.660,
						1.905 -0.980 0.660,
						1.905 -0.980 3.880,
						1.865 -0.984 0.660,
						1.848 -0.987 3.880,
						1.826 -0.995 0.660,
						1.795 -1.009 3.880,
						1.789 -1.013 0.660,
						1.757 -1.037 0.660,
						1.749 -1.044 3.880,
						1.729 -1.067 0.660,
						1.714 -1.090 3.880,
						1.708 -1.102 0.660,
						1.692 -1.143 3.880,
						1.693 -1.140 0.660,
						1.686 -1.180 0.660,
						1.685 -1.200 3.880,
						1.686 -1.220 0.660,
						1.692 -1.257 3.880,
						1.693 -1.260 0.660,
						1.708 -1.298 0.660,
						1.714 -1.310 3.880,
						1.729 -1.333 0.660,
						1.749 -1.356 3.880,
						1.757 -1.363 0.660,
						1.789 -1.387 0.660,
						1.795 -1.391 3.880,
						1.826 -1.405 0.660,
						1.848 -1.413 3.880,
						1.865 -1.416 0.660,
						1.905 -1.420 3.880,
						1.905 -1.420 0.660,
						1.945 -1.416 0.660,
						1.962 -1.413 3.880,
						1.984 -1.405 0.660,
						2.015 -1.391 3.880,
						2.021 -1.387 0.660,
						2.053 -1.363 0.660,
						2.061 -1.356 3.880,
						2.081 -1.333 0.660,
						2.096 -1.310 3.880,
						2.102 -1.298 0.660,
						2.118 -1.257 3.880,
						2.117 -1.260 0.660,
						2.124 -1.220 0.660,
						2.125 -1.200 3.880,
						2.124 -1.180 0.660,
						2.118 -1.143 3.880,
						2.117 -1.140 0.660,
						2.102 -1.102 0.660,
						2.096 -1.090 3.880,
						2.081 -1.067 0.660,
						2.061 -1.044 3.880,
						2.053 -1.037 0.660,
						2.021 -1.013 0.660,
						2.015 -1.009 3.880,
						1.984 -0.995 0.660,
						1.962 -0.987 3.880
					]
				}
				coordIndex
				[
					0, 1, 2, -1,
					2, 1, 3, -1,
					2, 3, 4, -1,
					4, 3, 5, -1,
					4, 5, 6, -1,
					6, 5, 7, -1,
					6, 7, 8, -1,
					6, 8, 9, -1,
					9, 8, 10, -1,
					9, 10, 11, -1,
					11, 10, 12, -1,
					11, 12, 13, -1,
					13, 12, 14, -1,
					13, 14, 15, -1,
					13, 15, 16, -1,
					16, 15, 17, -1,
					16, 17, 18, -1,
					18, 17, 19, -1,
					18, 19, 20, -1,
					18, 20, 21, -1,
					21, 20, 22, -1,
					21, 22, 23, -1,
					23, 22, 24, -1,
					23, 24, 25, -1,
					23, 25, 26, -1,
					26, 25, 27, -1,
					26, 27, 28, -1,
					28, 27, 29, -1,
					28, 29, 30, -1,
					30, 29, 31, -1,
					30, 31, 32, -1,
					30, 32, 33, -1,
					33, 32, 34, -1,
					33, 34, 35, -1,
					35, 34, 36, -1,
					35, 36, 37, -1,
					35, 37, 38, -1,
					38, 37, 39, -1,
					38, 39, 40, -1,
					40, 39, 41, -1,
					40, 41, 42, -1,
					42, 41, 43, -1,
					42, 43, 44, -1,
					42, 44, 45, -1,
					45, 44, 46, -1,
					45, 46, 47, -1,
					47, 46, 48, -1,
					47, 48, 49, -1,
					47, 49, 50, -1,
					50, 49, 51, -1,
					50, 51, 52, -1,
					52, 51, 53, -1,
					52, 53, 54, -1,
					52, 54, 55, -1,
					55, 54, 56, -1,
					55, 56, 57, -1,
					57, 56, 0, -1,
					57, 0, 2, -1
				]
				normal Normal
				{
					vector
					[
						0.184 0.983 -0.000,
						0.000 1.000 0.000,
						-0.184 0.983 0.000,
						-0.259 0.966 0.000,
						-0.361 0.932 0.000,
						-0.500 0.866 0.000,
						-0.526 0.850 -0.000,
						-0.674 0.739 0.000,
						-0.707 0.707 0.000,
						-0.798 0.603 0.000,
						-0.866 0.500 0.000,
						-0.895 0.446 0.000,
						-0.966 0.259 0.000,
						-0.962 0.274 -0.000,
						-0.996 0.092 -0.000,
						-1.000 -0.000 0.000,
						-0.996 -0.092 0.000,
						-0.966 -0.259 0.000,
						-0.962 -0.274 0.000,
						-0.895 -0.446 0.000,
						-0.866 -0.500 0.000,
						-0.798 -0.603 0.000,
						-0.707 -0.707 0.000,
						-0.674 -0.739 0.000,
						-0.526 -0.850 0.000,
						-0.500 -0.866 0.000,
						-0.361 -0.932 0.000,
						-0.259 -0.966 0.000,
						-0.184 -0.983 0.000,
						0.000 -1.000 0.000,
						0.184 -0.983 0.000,
						0.259 -0.966 0.000,
						0.361 -0.932 0.000,
						0.500 -0.866 0.000,
						0.526 -0.850 0.000,
						0.674 -0.739 0.000,
						0.707 -0.707 0.000,
						0.798 -0.603 0.000,
						0.866 -0.500 -0.000,
						0.895 -0.446 0.000,
						0.966 -0.259 0.000,
						0.962 -0.274 -0.000,
						0.996 -0.092 0.000,
						1.000 0.000 0.000,
						0.996 0.092 0.000,
						0.966 0.259 0.000,
						0.962 0.274 0.000,
						0.895 0.446 0.000,
						0.866 0.500 0.000,
						0.798 0.603 0.000,
						0.707 0.707 0.000,
						0.674 0.739 0.000,
						0.526 0.850 0.000,
						0.500 0.866 -0.000,
						0.361 0.932 0.000,
						0.259 0.966 0.000
					]
				}
				normalIndex
				[
					0, 1, 1, -1,
					1, 1, 2, -1,
					1, 2, 3, -1,
					3, 2, 4, -1,
					3, 4, 5, -1,
					5, 4, 6, -1,
					5, 6, 7, -1,
					5, 7, 8, -1,
					8, 7, 9, -1,
					8, 9, 10, -1,
					10, 9, 11, -1,
					10, 11, 12, -1,
					12, 11, 13, -1,
					12, 13, 14, -1,
					12, 14, 15, -1,
					15, 14, 16, -1,
					15, 16, 17, -1,
					17, 16, 18, -1,
					17, 18, 19, -1,
					17, 19, 20, -1,
					20, 19, 21, -1,
					20, 21, 22, -1,
					22, 21, 23, -1,
					22, 23, 24, -1,
					22, 24, 25, -1,
					25, 24, 26, -1,
					25, 26, 27, -1,
					27, 26, 28, -1,
					27, 28, 29, -1,
					29, 28, 29, -1,
					29, 29, 30, -1,
					29, 30, 31, -1,
					31, 30, 32, -1,
					31, 32, 33, -1,
					33, 32, 34, -1,
					33, 34, 35, -1,
					33, 35, 36, -1,
					36, 35, 37, -1,
					36, 37, 38, -1,
					38, 37, 39, -1,
					38, 39, 40, -1,
					40, 39, 41, -1,
					40, 41, 42, -1,
					40, 42, 43, -1,
					43, 42, 44, -1,
					43, 44, 45, -1,
					45, 44, 46, -1,
					45, 46, 47, -1,
					45, 47, 48, -1,
					48, 47, 49, -1,
					48, 49, 50, -1,
					50, 49, 51, -1,
					50, 51, 52, -1,
					50, 52, 53, -1,
					53, 52, 54, -1,
					53, 54, 55, -1,
					55, 54, 0, -1,
					55, 0, 1, -1
				]
			}
		}
		Shape
		{
			appearance Appearance
			{
				material Material
				{
					diffuseColor 0.812 0.812 0.812
				}
			}
			geometry IndexedFaceSet
			{
				creaseAngle 0.5
				solid TRUE
				coord Coordinate
				{
					point
					[
						1.686 -0.540 0.020,
						1.685 -0.540 0.000,
						1.686 -0.682 0.036,
						1.687 -0.540 -0.030,
						1.693 -0.700 -0.042,
						1.693 -0.540 -0.060,
						1.708 -0.540 -0.098,
						1.729 -0.716 -0.113,
						1.729 -0.540 -0.133,
						1.757 -0.540 -0.163,
						1.789 -0.728 -0.166,
						1.789 -0.540 -0.187,
						1.826 -0.540 -0.205,
						1.865 -0.735 -0.194,
						1.865 -0.540 -0.216,
						1.905 -0.540 -0.220,
						1.945 -0.735 -0.194,
						1.945 -0.540 -0.216,
						1.984 -0.540 -0.205,
						2.021 -0.728 -0.166,
						2.021 -0.540 -0.187,
						2.053 -0.540 -0.163,
						2.081 -0.716 -0.113,
						2.081 -0.540 -0.133,
						2.102 -0.540 -0.098,
						2.117 -0.700 -0.042,
						2.117 -0.540 -0.060,
						2.123 -0.540 -0.030,
						2.124 -0.682 0.036,
						2.125 -0.540 0.000,
						2.124 -0.540 0.020,
						2.117 -0.540 0.060,
						2.102 -0.665 0.112,
						2.124 -0.860 0.106,
						2.102 -0.821 0.173,
						2.124 -1.009 0.225,
						2.102 -0.952 0.278,
						2.124 -1.116 0.382,
						2.102 -1.046 0.416,
						2.124 -1.173 0.565,
						2.102 -1.096 0.576,
						2.117 -1.140 0.660,
						2.102 -1.102 0.660,
						2.102 -0.540 0.098,
						2.081 -0.540 0.133,
						2.053 -0.651 0.175,
						2.053 -0.540 0.163,
						2.021 -0.540 0.187,
						1.984 -0.641 0.217,
						1.984 -0.540 0.205,
						1.945 -0.540 0.216,
						1.905 -0.638 0.231,
						1.905 -0.540 0.220,
						1.865 -0.540 0.216,
						1.826 -0.641 0.217,
						1.826 -0.540 0.205,
						1.789 -0.540 0.187,
						1.757 -0.651 0.175,
						1.757 -0.540 0.163,
						1.729 -0.540 0.133,
						1.708 -0.665 0.112,
						1.708 -0.540 0.098,
						1.693 -0.540 0.060,
						1.865 -0.984 0.660,
						1.905 -0.980 0.660,
						1.905 -0.975 0.594,
						1.945 -0.984 0.660,
						1.984 -0.990 0.592,
						1.984 -0.995 0.660,
						2.021 -1.013 0.660,
						2.053 -1.032 0.586,
						2.053 -1.037 0.660,
						2.081 -1.067 0.660,
						2.124 -1.180 0.660,
						2.124 -1.220 0.660,
						2.117 -1.252 0.553,
						2.117 -1.260 0.660,
						2.102 -1.298 0.660,
						2.081 -1.324 0.542,
						2.081 -1.333 0.660,
						2.053 -1.363 0.660,
						2.021 -1.378 0.534,
						2.021 -1.387 0.660,
						1.984 -1.405 0.660,
						1.945 -1.406 0.529,
						1.945 -1.416 0.660,
						1.905 -1.420 0.660,
						1.865 -1.406 0.529,
						1.865 -1.416 0.660,
						1.826 -1.405 0.660,
						1.789 -1.378 0.534,
						1.789 -1.387 0.660,
						1.757 -1.363 0.660,
						1.729 -1.324 0.542,
						1.729 -1.333 0.660,
						1.708 -1.298 0.660,
						1.693 -1.252 0.553,
						1.693 -1.260 0.660,
						1.686 -1.220 0.660,
						1.686 -1.173 0.565,
						1.686 -1.180 0.660,
						1.693 -1.140 0.660,
						1.708 -1.096 0.576,
						1.708 -1.102 0.660,
						1.729 -1.067 0.660,
						1.757 -1.032 0.586,
						1.757 -1.037 0.660,
						1.789 -1.013 0.660,
						1.826 -0.990 0.592,
						1.826 -0.995 0.660,
						1.905 -0.760 0.279,
						1.984 -0.767 0.266,
						1.984 -0.873 0.351,
						2.053 -0.905 0.322,
						2.053 -0.988 0.444,
						1.826 -0.767 0.266,
						1.905 -0.863 0.361,
						1.984 -0.950 0.463,
						1.757 -0.789 0.229,
						1.826 -0.873 0.351,
						1.905 -0.936 0.469,
						1.826 -0.950 0.463,
						1.757 -0.988 0.444,
						1.708 -1.046 0.416,
						1.686 -1.116 0.382,
						1.693 -1.189 0.348,
						1.729 -1.254 0.316,
						1.789 -1.303 0.292,
						1.865 -1.329 0.280,
						1.945 -1.329 0.280,
						2.021 -1.303 0.292,
						2.081 -1.254 0.316,
						2.117 -1.189 0.348,
						2.053 -0.789 0.229,
						2.117 -0.900 0.036,
						2.117 -1.068 0.170,
						2.081 -0.936 -0.026,
						2.081 -1.121 0.121,
						2.021 -0.964 -0.074,
						2.021 -1.161 0.084,
						1.945 -0.978 -0.099,
						1.945 -1.182 0.064,
						1.865 -0.978 -0.099,
						1.865 -1.182 0.064,
						1.789 -0.964 -0.074,
						1.789 -1.161 0.084,
						1.729 -0.936 -0.026,
						1.729 -1.121 0.121,
						1.693 -0.900 0.036,
						1.693 -1.068 0.170,
						1.686 -0.860 0.106,
						1.686 -1.009 0.225,
						1.708 -0.821 0.173,
						1.708 -0.952 0.278,
						1.757 -0.905 0.322
					]
				}
				coordIndex
				[
					0, 1, 2, -1,
					2, 1, 3, -1,
					2, 3, 4, -1,
					4, 3, 5, -1,
					4, 5, 6, -1,
					4, 6, 7, -1,
					7, 6, 8, -1,
					7, 8, 9, -1,
					7, 9, 10, -1,
					10, 9, 11, -1,
					10, 11, 12, -1,
					10, 12, 13, -1,
					13, 12, 14, -1,
					13, 14, 15, -1,
					13, 15, 16, -1,
					16, 15, 17, -1,
					16, 17, 18, -1,
					16, 18, 19, -1,
					19, 18, 20, -1,
					19, 20, 21, -1,
					19, 21, 22, -1,
					22, 21, 23, -1,
					22, 23, 24, -1,
					22, 24, 25, -1,
					25, 24, 26, -1,
					25, 26, 27, -1,
					25, 27, 28, -1,
					28, 27, 29, -1,
					28, 29, 30, -1,
					30, 31, 28, -1,
					28, 31, 32, -1,
					28, 32, 33, -1,
					33, 32, 34, -1,
					33, 34, 35, -1,
					35, 34, 36, -1,
					35, 36, 37, -1,
					37, 36, 38, -1,
					37, 38, 39, -1,
					39, 38, 40, -1,
					39, 40, 41, -1,
					41, 40, 42, -1,
					31, 43, 32, -1,
					32, 43, 44, -1,
					32, 44, 45, -1,
					45, 44, 46, -1,
					45, 46, 47, -1,
					45, 47, 48, -1,
					48, 47, 49, -1,
					48, 49, 50, -1,
					48, 50, 51, -1,
					51, 50, 52, -1,
					51, 52, 53, -1,
					51, 53, 54, -1,
					54, 53, 55, -1,
					54, 55, 56, -1,
					54, 56, 57, -1,
					57, 56, 58, -1,
					57, 58, 59, -1,
					57, 59, 60, -1,
					60, 59, 61, -1,
					60, 61, 62, -1,
					60, 62, 2, -1,
					2, 62, 0, -1,
					63, 64, 65, -1,
					65, 64, 66, -1,
					65, 66, 67, -1,
					67, 66, 68, -1,
					67, 68, 69, -1,
					67, 69, 70, -1,
					70, 69, 71, -1,
					70, 71, 72, -1,
					70, 72, 40, -1,
					40, 72, 42, -1,
					41, 73, 39, -1,
					39, 73, 74, -1,
					39, 74, 75, -1,
					75, 74, 76, -1,
					75, 76, 77, -1,
					75, 77, 78, -1,
					78, 77, 79, -1,
					78, 79, 80, -1,
					78, 80, 81, -1,
					81, 80, 82, -1,
					81, 82, 83, -1,
					81, 83, 84, -1,
					84, 83, 85, -1,
					84, 85, 86, -1,
					84, 86, 87, -1,
					87, 86, 88, -1,
					87, 88, 89, -1,
					87, 89, 90, -1,
					90, 89, 91, -1,
					90, 91, 92, -1,
					90, 92, 93, -1,
					93, 92, 94, -1,
					93, 94, 95, -1,
					93, 95, 96, -1,
					96, 95, 97, -1,
					96, 97, 98, -1,
					96, 98, 99, -1,
					99, 98, 100, -1,
					99, 100, 101, -1,
					99, 101, 102, -1,
					102, 101, 103, -1,
					102, 103, 104, -1,
					102, 104, 105, -1,
					105, 104, 106, -1,
					105, 106, 107, -1,
					105, 107, 108, -1,
					108, 107, 109, -1,
					108, 109, 63, -1,
					51, 110, 111, -1,
					111, 110, 112, -1,
					111, 112, 113, -1,
					113, 112, 114, -1,
					113, 114, 38, -1,
					38, 114, 40, -1,
					54, 115, 110, -1,
					110, 115, 116, -1,
					110, 116, 112, -1,
					112, 116, 117, -1,
					112, 117, 114, -1,
					114, 117, 70, -1,
					114, 70, 40, -1,
					110, 51, 54, -1,
					57, 118, 115, -1,
					115, 118, 119, -1,
					115, 119, 116, -1,
					116, 119, 120, -1,
					116, 120, 117, -1,
					117, 120, 67, -1,
					117, 67, 70, -1,
					67, 120, 65, -1,
					65, 120, 121, -1,
					65, 121, 108, -1,
					108, 121, 122, -1,
					108, 122, 105, -1,
					105, 122, 123, -1,
					105, 123, 102, -1,
					102, 123, 124, -1,
					102, 124, 99, -1,
					99, 124, 125, -1,
					99, 125, 96, -1,
					96, 125, 126, -1,
					96, 126, 93, -1,
					93, 126, 127, -1,
					93, 127, 90, -1,
					90, 127, 128, -1,
					90, 128, 87, -1,
					87, 128, 129, -1,
					87, 129, 84, -1,
					84, 129, 130, -1,
					84, 130, 81, -1,
					81, 130, 131, -1,
					81, 131, 78, -1,
					78, 131, 132, -1,
					78, 132, 75, -1,
					75, 132, 37, -1,
					75, 37, 39, -1,
					65, 108, 63, -1,
					51, 111, 48, -1,
					48, 111, 133, -1,
					48, 133, 45, -1,
					45, 133, 34, -1,
					45, 34, 32, -1,
					25, 28, 134, -1,
					134, 28, 33, -1,
					134, 33, 135, -1,
					135, 33, 35, -1,
					135, 35, 132, -1,
					132, 35, 37, -1,
					22, 25, 136, -1,
					136, 25, 134, -1,
					136, 134, 137, -1,
					137, 134, 135, -1,
					137, 135, 131, -1,
					131, 135, 132, -1,
					19, 22, 138, -1,
					138, 22, 136, -1,
					138, 136, 139, -1,
					139, 136, 137, -1,
					139, 137, 130, -1,
					130, 137, 131, -1,
					16, 19, 140, -1,
					140, 19, 138, -1,
					140, 138, 141, -1,
					141, 138, 139, -1,
					141, 139, 129, -1,
					129, 139, 130, -1,
					13, 16, 142, -1,
					142, 16, 140, -1,
					142, 140, 143, -1,
					143, 140, 141, -1,
					143, 141, 128, -1,
					128, 141, 129, -1,
					10, 13, 144, -1,
					144, 13, 142, -1,
					144, 142, 145, -1,
					145, 142, 143, -1,
					145, 143, 127, -1,
					127, 143, 128, -1,
					7, 10, 146, -1,
					146, 10, 144, -1,
					146, 144, 147, -1,
					147, 144, 145, -1,
					147, 145, 126, -1,
					126, 145, 127, -1,
					4, 7, 148, -1,
					148, 7, 146, -1,
					148, 146, 149, -1,
					149, 146, 147, -1,
					149, 147, 125, -1,
					125, 147, 126, -1,
					2, 4, 150, -1,
					150, 4, 148, -1,
					150, 148, 151, -1,
					151, 148, 149, -1,
					151, 149, 124, -1,
					124, 149, 125, -1,
					60, 2, 152, -1,
					152, 2, 150, -1,
					152, 150, 153, -1,
					153, 150, 151, -1,
					153, 151, 123, -1,
					123, 151, 124, -1,
					57, 60, 118, -1,
					118, 60, 152, -1,
					118, 152, 154, -1,
					154, 152, 153, -1,
					154, 153, 122, -1,
					122, 153, 123, -1,
					54, 57, 115, -1,
					111, 113, 133, -1,
					133, 113, 36, -1,
					133, 36, 34, -1,
					36, 113, 38, -1,
					118, 154, 119, -1,
					119, 154, 121, -1,
					119, 121, 120, -1,
					122, 121, 154, -1
				]
				normal Normal
				{
					vector
					[
						-0.996 -0.000 0.092,
						-1.000 -0.000 0.000,
						-0.996 0.021 0.090,
						-0.990 0.000 -0.138,
						-0.962 -0.061 -0.267,
						-0.962 0.000 -0.274,
						-0.895 0.000 -0.446,
						-0.798 -0.134 -0.588,
						-0.798 0.000 -0.603,
						-0.674 0.000 -0.739,
						-0.526 -0.189 -0.829,
						-0.526 0.000 -0.850,
						-0.361 0.000 -0.932,
						-0.184 -0.219 -0.958,
						-0.184 0.000 -0.983,
						0.000 0.000 -1.000,
						0.184 -0.219 -0.958,
						0.184 0.000 -0.983,
						0.361 0.000 -0.932,
						0.526 -0.189 -0.829,
						0.526 0.000 -0.850,
						0.674 0.000 -0.739,
						0.798 -0.134 -0.588,
						0.798 0.000 -0.603,
						0.895 0.000 -0.446,
						0.962 -0.061 -0.267,
						0.962 0.000 -0.274,
						0.990 0.000 -0.138,
						0.996 0.021 0.090,
						1.000 0.000 0.000,
						0.996 -0.000 0.092,
						0.962 -0.000 0.274,
						0.895 0.099 0.435,
						0.996 0.046 0.080,
						0.895 0.223 0.386,
						0.996 0.068 0.063,
						0.895 0.327 0.303,
						0.996 0.083 0.040,
						0.895 0.402 0.193,
						0.996 0.091 0.014,
						0.895 0.441 0.066,
						0.962 0.274 0.000,
						0.895 0.446 0.000,
						0.895 -0.000 0.446,
						0.798 -0.000 0.603,
						0.674 0.164 0.720,
						0.674 -0.000 0.739,
						0.526 -0.000 0.850,
						0.361 0.207 0.909,
						0.361 -0.000 0.932,
						0.184 -0.000 0.983,
						0.000 0.223 0.975,
						-0.000 -0.000 1.000,
						-0.184 -0.000 0.983,
						-0.361 0.207 0.909,
						-0.361 -0.000 0.932,
						-0.526 -0.000 0.850,
						-0.674 0.164 0.720,
						-0.674 -0.000 0.739,
						-0.798 -0.000 0.603,
						-0.895 0.099 0.435,
						-0.895 -0.000 0.446,
						-0.962 -0.000 0.274,
						-0.184 0.983 -0.000,
						0.000 1.000 0.000,
						-0.000 0.989 0.149,
						0.184 0.983 0.000,
						0.361 0.922 0.139,
						0.361 0.932 0.000,
						0.526 0.850 0.000,
						0.674 0.731 0.110,
						0.674 0.739 0.000,
						0.798 0.603 0.000,
						0.996 0.092 0.000,
						0.996 -0.092 0.000,
						0.962 -0.271 -0.041,
						0.962 -0.274 0.000,
						0.895 -0.446 0.000,
						0.798 -0.596 -0.090,
						0.798 -0.603 0.000,
						0.674 -0.739 0.000,
						0.526 -0.841 -0.127,
						0.526 -0.850 0.000,
						0.361 -0.932 0.000,
						0.184 -0.972 -0.147,
						0.184 -0.983 0.000,
						-0.000 -1.000 -0.000,
						-0.184 -0.972 -0.147,
						-0.184 -0.983 -0.000,
						-0.361 -0.932 -0.000,
						-0.526 -0.841 -0.127,
						-0.526 -0.850 -0.000,
						-0.674 -0.739 -0.000,
						-0.798 -0.596 -0.090,
						-0.798 -0.603 -0.000,
						-0.895 -0.446 -0.000,
						-0.962 -0.271 -0.041,
						-0.962 -0.274 -0.000,
						-0.996 -0.092 -0.000,
						-0.996 0.091 0.014,
						-0.996 0.092 -0.000,
						-0.962 0.274 -0.000,
						-0.895 0.441 0.066,
						-0.895 0.446 -0.000,
						-0.798 0.603 -0.000,
						-0.674 0.731 0.110,
						-0.674 0.739 -0.000,
						-0.526 0.850 -0.000,
						-0.361 0.922 0.139,
						-0.361 0.932 -0.000,
						0.000 0.500 0.866,
						0.361 0.466 0.808,
						0.361 0.684 0.634,
						0.674 0.542 0.503,
						0.674 0.666 0.321,
						-0.361 0.466 0.808,
						0.000 0.733 0.680,
						0.361 0.840 0.405,
						-0.674 0.370 0.640,
						-0.361 0.684 0.634,
						0.000 0.901 0.434,
						-0.361 0.840 0.405,
						-0.674 0.666 0.321,
						-0.895 0.402 0.193,
						-0.996 0.083 0.040,
						-0.962 -0.247 -0.119,
						-0.798 -0.543 -0.261,
						-0.526 -0.766 -0.369,
						-0.184 -0.886 -0.426,
						0.184 -0.886 -0.426,
						0.526 -0.766 -0.369,
						0.798 -0.543 -0.261,
						0.962 -0.247 -0.119,
						0.674 0.370 0.640,
						0.962 -0.137 -0.237,
						0.962 -0.201 -0.186,
						0.798 -0.301 -0.522,
						0.798 -0.442 -0.410,
						0.526 -0.425 -0.736,
						0.526 -0.623 -0.578,
						0.184 -0.491 -0.851,
						0.184 -0.721 -0.669,
						-0.184 -0.491 -0.851,
						-0.184 -0.721 -0.669,
						-0.526 -0.425 -0.736,
						-0.526 -0.623 -0.578,
						-0.798 -0.301 -0.522,
						-0.798 -0.442 -0.410,
						-0.962 -0.137 -0.237,
						-0.962 -0.201 -0.186,
						-0.996 0.046 0.080,
						-0.996 0.068 0.063,
						-0.895 0.223 0.386,
						-0.895 0.327 0.303,
						-0.674 0.542 0.503
					]
				}
				normalIndex
				[
					0, 1, 2, -1,
					2, 1, 3, -1,
					2, 3, 4, -1,
					4, 3, 5, -1,
					4, 5, 6, -1,
					4, 6, 7, -1,
					7, 6, 8, -1,
					7, 8, 9, -1,
					7, 9, 10, -1,
					10, 9, 11, -1,
					10, 11, 12, -1,
					10, 12, 13, -1,
					13, 12, 14, -1,
					13, 14, 15, -1,
					13, 15, 16, -1,
					16, 15, 17, -1,
					16, 17, 18, -1,
					16, 18, 19, -1,
					19, 18, 20, -1,
					19, 20, 21, -1,
					19, 21, 22, -1,
					22, 21, 23, -1,
					22, 23, 24, -1,
					22, 24, 25, -1,
					25, 24, 26, -1,
					25, 26, 27, -1,
					25, 27, 28, -1,
					28, 27, 29, -1,
					28, 29, 30, -1,
					30, 31, 28, -1,
					28, 31, 32, -1,
					28, 32, 33, -1,
					33, 32, 34, -1,
					33, 34, 35, -1,
					35, 34, 36, -1,
					35, 36, 37, -1,
					37, 36, 38, -1,
					37, 38, 39, -1,
					39, 38, 40, -1,
					39, 40, 41, -1,
					41, 40, 42, -1,
					31, 43, 32, -1,
					32, 43, 44, -1,
					32, 44, 45, -1,
					45, 44, 46, -1,
					45, 46, 47, -1,
					45, 47, 48, -1,
					48, 47, 49, -1,
					48, 49, 50, -1,
					48, 50, 51, -1,
					51, 50, 52, -1,
					51, 52, 53, -1,
					51, 53, 54, -1,
					54, 53, 55, -1,
					54, 55, 56, -1,
					54, 56, 57, -1,
					57, 56, 58, -1,
					57, 58, 59, -1,
					57, 59, 60, -1,
					60, 59, 61, -1,
					60, 61, 62, -1,
					60, 62, 2, -1,
					2, 62, 0, -1,
					63, 64, 65, -1,
					65, 64, 66, -1,
					65, 66, 67, -1,
					67, 66, 68, -1,
					67, 68, 69, -1,
					67, 69, 70, -1,
					70, 69, 71, -1,
					70, 71, 72, -1,
					70, 72, 40, -1,
					40, 72, 42, -1,
					41, 73, 39, -1,
					39, 73, 74, -1,
					39, 74, 75, -1,
					75, 74, 76, -1,
					75, 76, 77, -1,
					75, 77, 78, -1,
					78, 77, 79, -1,
					78, 79, 80, -1,
					78, 80, 81, -1,
					81, 80, 82, -1,
					81, 82, 83, -1,
					81, 83, 84, -1,
					84, 83, 85, -1,
					84, 85, 86, -1,
					84, 86, 87, -1,
					87, 86, 88, -1,
					87, 88, 89, -1,
					87, 89, 90, -1,
					90, 89, 91, -1,
					90, 91, 92, -1,
					90, 92, 93, -1,
					93, 92, 94, -1,
					93, 94, 95, -1,
					93, 95, 96, -1,
					96, 95, 97, -1,
					96, 97, 98, -1,
					96, 98, 99, -1,
					99, 98, 100, -1,
					99, 100, 101, -1,
					99, 101, 102, -1,
					102, 101, 103, -1,
					102, 103, 104, -1,
					102, 104, 105, -1,
					105, 104, 106, -1,
					105, 106, 107, -1,
					105, 107, 108, -1,
					108, 107, 109, -1,
					108, 109, 63, -1,
					51, 110, 111, -1,
					111, 110, 112, -1,
					111, 112, 113, -1,
					113, 112, 114, -1,
					113, 114, 38, -1,
					38, 114, 40, -1,
					54, 115, 110, -1,
					110, 115, 116, -1,
					110, 116, 112, -1,
					112, 116, 117, -1,
					112, 117, 114, -1,
					114, 117, 70, -1,
					114, 70, 40, -1,
					110, 51, 54, -1,
					57, 118, 115, -1,
					115, 118, 119, -1,
					115, 119, 116, -1,
					116, 119, 120, -1,
					116, 120, 117, -1,
					117, 120, 67, -1,
					117, 67, 70, -1,
					67, 120, 65, -1,
					65, 120, 121, -1,
					65, 121, 108, -1,
					108, 121, 122, -1,
					108, 122, 105, -1,
					105, 122, 123, -1,
					105, 123, 102, -1,
					102, 123, 124, -1,
					102, 124, 99, -1,
					99, 124, 125, -1,
					99, 125, 96, -1,
					96, 125, 126, -1,
					96, 126, 93, -1,
					93, 126, 127, -1,
					93, 127, 90, -1,
					90, 127, 128, -1,
					90, 128, 87, -1,
					87, 128, 129, -1,
					87, 129, 84, -1,
					84, 129, 130, -1,
					84, 130, 81, -1,
					81, 130, 131, -1,
					81, 131, 78, -1,
					78, 131, 132, -1,
					78, 132, 75, -1,
					75, 132, 37, -1,
					75, 37, 39, -1,
					65, 108, 63, -1,
					51, 111, 48, -1,
					48, 111, 133, -1,
					48, 133, 45, -1,
					45, 133, 34, -1,
					45, 34, 32, -1,
					25, 28, 134, -1,
					134, 28, 33, -1,
					134, 33, 135, -1,
					135, 33, 35, -1,
					135, 35, 132, -1,
					132, 35, 37, -1,
					22, 25, 136, -1,
					136, 25, 134, -1,
					136, 134, 137, -1,
					137, 134, 135, -1,
					137, 135, 131, -1,
					131, 135, 132, -1,
					19, 22, 138, -1,
					138, 22, 136, -1,
					138, 136, 139, -1,
					139, 136, 137, -1,
					139, 137, 130, -1,
					130, 137, 131, -1,
					16, 19, 140, -1,
					140, 19, 138, -1,
					140, 138, 141, -1,
					141, 138, 139, -1,
					141, 139, 129, -1,
					129, 139, 130, -1,
					13, 16, 142, -1,
					142, 16, 140, -1,
					142, 140, 143, -1,
					143, 140, 141, -1,
					143, 141, 128, -1,
					128, 141, 129, -1,
					10, 13, 144, -1,
					144, 13, 142, -1,
					144, 142, 145, -1,
					145, 142, 143, -1,
					145, 143, 127, -1,
					127, 143, 128, -1,
					7, 10, 146, -1,
					146, 10, 144, -1,
					146, 144, 147, -1,
					147, 144, 145, -1,
					147, 145, 126, -1,
					126, 145, 127, -1,
					4, 7, 148, -1,
					148, 7, 146, -1,
					148, 146, 149, -1,
					149, 146, 147, -1,
					149, 147, 125, -1,
					125, 147, 126, -1,
					2, 4, 150, -1,
					150, 4, 148, -1,
					150, 148, 151, -1,
					151, 148, 149, -1,
					151, 149, 124, -1,
					124, 149, 125, -1,
					60, 2, 152, -1,
					152, 2, 150, -1,
					152, 150, 153, -1,
					153, 150, 151, -1,
					153, 151, 123, -1,
					123, 151, 124, -1,
					57, 60, 118, -1,
					118, 60, 152, -1,
					118, 152, 154, -1,
					154, 152, 153, -1,
					154, 153, 122, -1,
					122, 153, 123, -1,
					54, 57, 115, -1,
					111, 113, 133, -1,
					133, 113, 36, -1,
					133, 36, 34, -1,
					36, 113, 38, -1,
					118, 154, 119, -1,
					119, 154, 121, -1,
					119, 121, 120, -1,
					122, 121, 154, -1
				]
			}
		}
		Shape
		{
			appearance Appearance
			{
				material Material
				{
					diffuseColor 0.812 0.812 0.812
				}
			}
			geometry IndexedFaceSet
			{
				creaseAngle 0.5
				solid TRUE
				coord Coordinate
				{
					point
					[
						1.686 0.059 -0.020,
						1.687 -0.540 -0.030,
						1.685 0.059 0.000,
						1.685 -0.540 0.000,
						1.686 -0.540 0.020,
						1.693 0.059 -0.060,
						1.693 -0.540 -0.060,
						1.708 -0.540 -0.098,
						1.708 0.059 -0.098,
						1.729 0.059 -0.133,
						1.757 0.059 -0.163,
						1.757 -0.540 -0.163,
						1.729 -0.540 -0.133,
						1.789 0.059 -0.187,
						1.789 -0.540 -0.187,
						1.826 -0.540 -0.205,
						1.826 0.059 -0.205,
						1.865 0.059 -0.216,
						1.905 0.059 -0.220,
						1.905 -0.540 -0.220,
						1.865 -0.540 -0.216,
						1.945 0.059 -0.216,
						1.945 -0.540 -0.216,
						1.984 -0.540 -0.205,
						1.984 0.059 -0.205,
						2.021 0.059 -0.187,
						2.053 0.059 -0.163,
						2.053 -0.540 -0.163,
						2.021 -0.540 -0.187,
						2.081 0.059 -0.133,
						2.081 -0.540 -0.133,
						2.102 -0.540 -0.098,
						2.102 0.059 -0.098,
						2.117 0.059 -0.060,
						2.117 0.059 0.060,
						2.117 -0.540 0.060,
						2.123 0.059 0.030,
						2.124 -0.540 0.020,
						2.125 0.059 0.000,
						2.125 -0.540 0.000,
						2.124 0.059 -0.020,
						2.123 -0.540 -0.030,
						2.117 -0.540 -0.060,
						2.102 0.059 0.098,
						2.102 -0.540 0.098,
						2.081 -0.540 0.133,
						2.081 0.059 0.133,
						2.053 0.059 0.163,
						2.021 0.059 0.187,
						2.021 -0.540 0.187,
						2.053 -0.540 0.163,
						1.984 0.059 0.205,
						1.984 -0.540 0.205,
						1.945 -0.540 0.216,
						1.945 0.059 0.216,
						1.905 0.059 0.220,
						1.865 0.059 0.216,
						1.865 -0.540 0.216,
						1.905 -0.540 0.220,
						1.826 0.059 0.205,
						1.826 -0.540 0.205,
						1.789 -0.540 0.187,
						1.789 0.059 0.187,
						1.757 0.059 0.163,
						1.729 0.059 0.133,
						1.729 -0.540 0.133,
						1.757 -0.540 0.163,
						1.708 0.059 0.098,
						1.708 -0.540 0.098,
						1.693 -0.540 0.060,
						1.693 0.059 0.060,
						1.687 0.059 0.030
					]
				}
				coordIndex
				[
					0, 1, 2, -1,
					2, 1, 3, -1,
					2, 3, 4, -1,
					0, 5, 1, -1,
					1, 5, 6, -1,
					6, 5, 7, -1,
					7, 5, 8, -1,
					7, 8, 9, -1,
					10, 11, 9, -1,
					9, 11, 12, -1,
					9, 12, 7, -1,
					10, 13, 11, -1,
					11, 13, 14, -1,
					14, 13, 15, -1,
					15, 13, 16, -1,
					15, 16, 17, -1,
					18, 19, 17, -1,
					17, 19, 20, -1,
					17, 20, 15, -1,
					18, 21, 19, -1,
					19, 21, 22, -1,
					22, 21, 23, -1,
					23, 21, 24, -1,
					23, 24, 25, -1,
					26, 27, 25, -1,
					25, 27, 28, -1,
					25, 28, 23, -1,
					26, 29, 27, -1,
					27, 29, 30, -1,
					30, 29, 31, -1,
					31, 29, 32, -1,
					31, 32, 33, -1,
					34, 35, 36, -1,
					36, 35, 37, -1,
					36, 37, 38, -1,
					38, 37, 39, -1,
					38, 39, 40, -1,
					40, 39, 41, -1,
					40, 41, 33, -1,
					33, 41, 42, -1,
					33, 42, 31, -1,
					34, 43, 35, -1,
					35, 43, 44, -1,
					44, 43, 45, -1,
					45, 43, 46, -1,
					45, 46, 47, -1,
					48, 49, 47, -1,
					47, 49, 50, -1,
					47, 50, 45, -1,
					48, 51, 49, -1,
					49, 51, 52, -1,
					52, 51, 53, -1,
					53, 51, 54, -1,
					53, 54, 55, -1,
					56, 57, 55, -1,
					55, 57, 58, -1,
					55, 58, 53, -1,
					56, 59, 57, -1,
					57, 59, 60, -1,
					60, 59, 61, -1,
					61, 59, 62, -1,
					61, 62, 63, -1,
					64, 65, 63, -1,
					63, 65, 66, -1,
					63, 66, 61, -1,
					64, 67, 65, -1,
					65, 67, 68, -1,
					68, 67, 69, -1,
					69, 67, 70, -1,
					69, 70, 71, -1,
					69, 71, 4, -1,
					4, 71, 2, -1
				]
				normal Normal
				{
					vector
					[
						-0.996 0.000 -0.092,
						-0.990 0.000 -0.138,
						-1.000 0.000 0.000,
						-0.996 0.000 0.092,
						-0.962 0.000 -0.274,
						-0.895 0.000 -0.446,
						-0.798 0.000 -0.603,
						-0.674 0.000 -0.739,
						-0.526 0.000 -0.850,
						-0.361 0.000 -0.932,
						-0.184 0.000 -0.983,
						0.000 0.000 -1.000,
						0.184 0.000 -0.983,
						0.361 0.000 -0.932,
						0.526 0.000 -0.850,
						0.674 0.000 -0.739,
						0.798 0.000 -0.603,
						0.895 0.000 -0.446,
						0.962 0.000 -0.274,
						0.962 0.000 0.274,
						0.990 0.000 0.138,
						0.996 0.000 0.092,
						1.000 -0.000 -0.000,
						0.996 0.000 -0.092,
						0.990 0.000 -0.138,
						0.895 0.000 0.446,
						0.798 0.000 0.603,
						0.674 0.000 0.739,
						0.526 0.000 0.850,
						0.361 0.000 0.932,
						0.184 0.000 0.983,
						0.000 0.000 1.000,
						-0.184 0.000 0.983,
						-0.361 0.000 0.932,
						-0.526 0.000 0.850,
						-0.674 0.000 0.739,
						-0.798 0.000 0.603,
						-0.895 0.000 0.446,
						-0.962 0.000 0.274,
						-0.990 0.000 0.138
					]
				}
				normalIndex
				[
					0, 1, 2, -1,
					2, 1, 2, -1,
					2, 2, 3, -1,
					0, 4, 1, -1,
					1, 4, 4, -1,
					4, 4, 5, -1,
					5, 4, 5, -1,
					5, 5, 6, -1,
					7, 7, 6, -1,
					6, 7, 6, -1,
					6, 6, 5, -1,
					7, 8, 7, -1,
					7, 8, 8, -1,
					8, 8, 9, -1,
					9, 8, 9, -1,
					9, 9, 10, -1,
					11, 11, 10, -1,
					10, 11, 10, -1,
					10, 10, 9, -1,
					11, 12, 11, -1,
					11, 12, 12, -1,
					12, 12, 13, -1,
					13, 12, 13, -1,
					13, 13, 14, -1,
					15, 15, 14, -1,
					14, 15, 14, -1,
					14, 14, 13, -1,
					15, 16, 15, -1,
					15, 16, 16, -1,
					16, 16, 17, -1,
					17, 16, 17, -1,
					17, 17, 18, -1,
					19, 19, 20, -1,
					20, 19, 21, -1,
					20, 21, 22, -1,
					22, 21, 22, -1,
					22, 22, 23, -1,
					23, 22, 24, -1,
					23, 24, 18, -1,
					18, 24, 18, -1,
					18, 18, 17, -1,
					19, 25, 19, -1,
					19, 25, 25, -1,
					25, 25, 26, -1,
					26, 25, 26, -1,
					26, 26, 27, -1,
					28, 28, 27, -1,
					27, 28, 27, -1,
					27, 27, 26, -1,
					28, 29, 28, -1,
					28, 29, 29, -1,
					29, 29, 30, -1,
					30, 29, 30, -1,
					30, 30, 31, -1,
					32, 32, 31, -1,
					31, 32, 31, -1,
					31, 31, 30, -1,
					32, 33, 32, -1,
					32, 33, 33, -1,
					33, 33, 34, -1,
					34, 33, 34, -1,
					34, 34, 35, -1,
					36, 36, 35, -1,
					35, 36, 35, -1,
					35, 35, 34, -1,
					36, 37, 36, -1,
					36, 37, 37, -1,
					37, 37, 38, -1,
					38, 37, 38, -1,
					38, 38, 39, -1,
					38, 39, 3, -1,
					3, 39, 2, -1
				]
			}
		}
		Shape
		{
			appearance Appearance
			{
				material Material
				{
					diffuseColor 0.812 0.812 0.812
				}
			}
			geometry IndexedFaceSet
			{
				creaseAngle 0.5
				solid TRUE
				coord Coordinate
				{
					point
					[
						1.658 0.129 0.034,
						1.656 0.129 0.000,
						1.660 0.126 -0.023,
						1.657 0.129 -0.023,
						1.665 0.129 -0.068,
						1.685 0.126 -0.110,
						1.682 0.129 -0.111,
						1.706 0.129 -0.150,
						1.739 0.126 -0.182,
						1.737 0.129 -0.184,
						1.774 0.129 -0.212,
						1.816 0.126 -0.229,
						1.815 0.129 -0.232,
						1.859 0.129 -0.245,
						1.905 0.126 -0.246,
						1.905 0.129 -0.249,
						1.951 0.129 -0.245,
						1.994 0.126 -0.229,
						1.995 0.129 -0.232,
						2.036 0.129 -0.212,
						2.071 0.126 -0.182,
						2.073 0.129 -0.184,
						2.104 0.129 -0.150,
						2.125 0.126 -0.110,
						2.128 0.129 -0.111,
						2.145 0.129 -0.068,
						2.150 0.126 -0.023,
						2.153 0.129 -0.023,
						2.154 0.129 0.000,
						2.152 0.129 0.034,
						2.142 0.126 0.067,
						2.123 0.095 0.062,
						2.086 0.095 0.137,
						2.102 0.059 0.098,
						2.081 0.059 0.133,
						2.145 0.129 0.068,
						2.128 0.129 0.111,
						2.101 0.126 0.148,
						2.104 0.129 0.150,
						2.073 0.129 0.184,
						2.035 0.126 0.209,
						2.036 0.129 0.212,
						1.995 0.129 0.232,
						1.950 0.126 0.242,
						1.951 0.129 0.245,
						1.905 0.129 0.249,
						1.860 0.126 0.242,
						1.859 0.129 0.245,
						1.815 0.129 0.232,
						1.775 0.126 0.209,
						1.774 0.129 0.212,
						1.737 0.129 0.184,
						1.709 0.126 0.148,
						1.706 0.129 0.150,
						1.682 0.129 0.111,
						1.668 0.126 0.067,
						1.665 0.129 0.068,
						1.686 0.059 -0.020,
						1.685 0.059 0.000,
						1.679 0.095 -0.021,
						1.687 0.059 0.030,
						1.687 0.095 0.062,
						1.693 0.059 0.060,
						1.708 0.059 0.098,
						1.724 0.095 0.137,
						1.729 0.059 0.133,
						1.757 0.059 0.163,
						1.786 0.095 0.193,
						1.789 0.059 0.187,
						1.826 0.059 0.205,
						1.863 0.095 0.223,
						1.865 0.059 0.216,
						1.905 0.059 0.220,
						1.947 0.095 0.223,
						1.945 0.059 0.216,
						1.984 0.059 0.205,
						2.024 0.095 0.193,
						2.021 0.059 0.187,
						2.053 0.059 0.163,
						2.117 0.059 0.060,
						2.123 0.059 0.030,
						2.131 0.095 -0.021,
						2.125 0.059 0.000,
						2.124 0.059 -0.020,
						2.117 0.059 -0.060,
						2.108 0.095 -0.101,
						2.102 0.059 -0.098,
						2.081 0.059 -0.133,
						2.058 0.095 -0.168,
						2.053 0.059 -0.163,
						2.021 0.059 -0.187,
						1.987 0.095 -0.211,
						1.984 0.059 -0.205,
						1.945 0.059 -0.216,
						1.905 0.095 -0.227,
						1.905 0.059 -0.220,
						1.865 0.059 -0.216,
						1.823 0.095 -0.211,
						1.826 0.059 -0.205,
						1.789 0.059 -0.187,
						1.752 0.095 -0.168,
						1.757 0.059 -0.163,
						1.729 0.059 -0.133,
						1.702 0.095 -0.101,
						1.708 0.059 -0.098,
						1.693 0.059 -0.060
					]
				}
				coordIndex
				[
					0, 1, 2, -1,
					2, 1, 3, -1,
					2, 3, 4, -1,
					2, 4, 5, -1,
					5, 4, 6, -1,
					5, 6, 7, -1,
					5, 7, 8, -1,
					8, 7, 9, -1,
					8, 9, 10, -1,
					8, 10, 11, -1,
					11, 10, 12, -1,
					11, 12, 13, -1,
					11, 13, 14, -1,
					14, 13, 15, -1,
					14, 15, 16, -1,
					14, 16, 17, -1,
					17, 16, 18, -1,
					17, 18, 19, -1,
					17, 19, 20, -1,
					20, 19, 21, -1,
					20, 21, 22, -1,
					20, 22, 23, -1,
					23, 22, 24, -1,
					23, 24, 25, -1,
					23, 25, 26, -1,
					26, 25, 27, -1,
					26, 27, 28, -1,
					28, 29, 26, -1,
					26, 29, 30, -1,
					26, 30, 31, -1,
					31, 30, 32, -1,
					31, 32, 33, -1,
					33, 32, 34, -1,
					29, 35, 30, -1,
					30, 35, 36, -1,
					30, 36, 37, -1,
					37, 36, 38, -1,
					37, 38, 39, -1,
					37, 39, 40, -1,
					40, 39, 41, -1,
					40, 41, 42, -1,
					40, 42, 43, -1,
					43, 42, 44, -1,
					43, 44, 45, -1,
					43, 45, 46, -1,
					46, 45, 47, -1,
					46, 47, 48, -1,
					46, 48, 49, -1,
					49, 48, 50, -1,
					49, 50, 51, -1,
					49, 51, 52, -1,
					52, 51, 53, -1,
					52, 53, 54, -1,
					52, 54, 55, -1,
					55, 54, 56, -1,
					55, 56, 0, -1,
					57, 58, 59, -1,
					59, 58, 60, -1,
					59, 60, 61, -1,
					61, 60, 62, -1,
					61, 62, 63, -1,
					61, 63, 64, -1,
					64, 63, 65, -1,
					64, 65, 66, -1,
					64, 66, 67, -1,
					67, 66, 68, -1,
					67, 68, 69, -1,
					67, 69, 70, -1,
					70, 69, 71, -1,
					70, 71, 72, -1,
					70, 72, 73, -1,
					73, 72, 74, -1,
					73, 74, 75, -1,
					73, 75, 76, -1,
					76, 75, 77, -1,
					76, 77, 78, -1,
					76, 78, 32, -1,
					32, 78, 34, -1,
					33, 79, 31, -1,
					31, 79, 80, -1,
					31, 80, 81, -1,
					81, 80, 82, -1,
					81, 82, 83, -1,
					83, 84, 81, -1,
					81, 84, 85, -1,
					81, 85, 23, -1,
					23, 85, 20, -1,
					84, 86, 85, -1,
					85, 86, 87, -1,
					85, 87, 88, -1,
					88, 87, 89, -1,
					88, 89, 90, -1,
					88, 90, 91, -1,
					91, 90, 92, -1,
					91, 92, 93, -1,
					91, 93, 94, -1,
					94, 93, 95, -1,
					94, 95, 96, -1,
					94, 96, 97, -1,
					97, 96, 98, -1,
					97, 98, 99, -1,
					97, 99, 100, -1,
					100, 99, 101, -1,
					100, 101, 102, -1,
					100, 102, 103, -1,
					103, 102, 104, -1,
					103, 104, 105, -1,
					103, 105, 59, -1,
					59, 105, 57, -1,
					20, 88, 17, -1,
					17, 88, 91, -1,
					17, 91, 14, -1,
					14, 91, 94, -1,
					14, 94, 11, -1,
					11, 94, 97, -1,
					11, 97, 8, -1,
					8, 97, 100, -1,
					8, 100, 5, -1,
					5, 100, 103, -1,
					5, 103, 2, -1,
					2, 103, 59, -1,
					2, 59, 55, -1,
					55, 59, 61, -1,
					55, 61, 52, -1,
					52, 61, 64, -1,
					52, 64, 49, -1,
					49, 64, 67, -1,
					49, 67, 46, -1,
					46, 67, 70, -1,
					46, 70, 43, -1,
					43, 70, 73, -1,
					43, 73, 40, -1,
					40, 73, 76, -1,
					40, 76, 37, -1,
					37, 76, 32, -1,
					37, 32, 30, -1,
					2, 55, 0, -1,
					88, 20, 85, -1,
					31, 81, 26, -1,
					26, 81, 23, -1
				]
				normal Normal
				{
					vector
					[
						-0.700 -0.707 0.098,
						-0.707 -0.707 -0.000,
						-0.736 -0.674 -0.068,
						-0.704 -0.707 -0.065,
						-0.680 -0.707 -0.194,
						-0.662 -0.674 -0.329,
						-0.633 -0.707 -0.315,
						-0.564 -0.707 -0.426,
						-0.498 -0.674 -0.546,
						-0.476 -0.707 -0.523,
						-0.372 -0.707 -0.601,
						-0.267 -0.674 -0.689,
						-0.255 -0.707 -0.659,
						-0.130 -0.707 -0.695,
						-0.000 -0.674 -0.739,
						0.000 -0.707 -0.707,
						0.130 -0.707 -0.695,
						0.267 -0.674 -0.689,
						0.255 -0.707 -0.659,
						0.372 -0.707 -0.601,
						0.498 -0.674 -0.546,
						0.476 -0.707 -0.523,
						0.564 -0.707 -0.426,
						0.662 -0.674 -0.329,
						0.633 -0.707 -0.315,
						0.680 -0.707 -0.194,
						0.736 -0.674 -0.068,
						0.704 -0.707 -0.065,
						0.707 -0.707 0.000,
						0.700 -0.707 0.098,
						0.711 -0.674 0.202,
						0.897 -0.361 0.255,
						0.744 -0.361 0.562,
						0.895 0.000 0.446,
						0.798 0.000 0.603,
						0.680 -0.707 0.194,
						0.633 -0.707 0.315,
						0.590 -0.674 0.445,
						0.564 -0.707 0.426,
						0.476 -0.707 0.523,
						0.389 -0.674 0.628,
						0.372 -0.707 0.601,
						0.255 -0.707 0.659,
						0.136 -0.674 0.726,
						0.130 -0.707 0.695,
						-0.000 -0.707 0.707,
						-0.136 -0.674 0.726,
						-0.130 -0.707 0.695,
						-0.255 -0.707 0.659,
						-0.389 -0.674 0.628,
						-0.372 -0.707 0.601,
						-0.476 -0.707 0.523,
						-0.590 -0.674 0.445,
						-0.564 -0.707 0.426,
						-0.633 -0.707 0.315,
						-0.711 -0.674 0.202,
						-0.680 -0.707 0.194,
						-0.996 0.000 -0.092,
						-1.000 0.000 -0.000,
						-0.928 -0.361 -0.086,
						-0.990 0.000 0.138,
						-0.897 -0.361 0.255,
						-0.962 0.000 0.274,
						-0.895 0.000 0.446,
						-0.744 -0.361 0.562,
						-0.798 0.000 0.603,
						-0.674 0.000 0.739,
						-0.491 -0.361 0.793,
						-0.526 0.000 0.850,
						-0.361 0.000 0.932,
						-0.171 -0.361 0.917,
						-0.184 0.000 0.983,
						-0.000 0.000 1.000,
						0.171 -0.361 0.917,
						0.184 0.000 0.983,
						0.361 0.000 0.932,
						0.491 -0.361 0.793,
						0.526 0.000 0.850,
						0.674 0.000 0.739,
						0.962 0.000 0.274,
						0.990 0.000 0.138,
						0.928 -0.361 -0.086,
						1.000 0.000 0.000,
						0.996 0.000 -0.092,
						0.962 0.000 -0.274,
						0.835 -0.361 -0.416,
						0.895 0.000 -0.446,
						0.798 0.000 -0.603,
						0.628 -0.361 -0.689,
						0.674 0.000 -0.739,
						0.526 0.000 -0.850,
						0.337 -0.361 -0.870,
						0.361 0.000 -0.932,
						0.184 0.000 -0.983,
						0.000 -0.361 -0.932,
						-0.000 -0.000 -1.000,
						-0.184 0.000 -0.983,
						-0.337 -0.361 -0.870,
						-0.361 0.000 -0.932,
						-0.526 0.000 -0.850,
						-0.628 -0.361 -0.689,
						-0.674 0.000 -0.739,
						-0.798 0.000 -0.603,
						-0.835 -0.361 -0.416,
						-0.895 0.000 -0.446,
						-0.962 0.000 -0.274
					]
				}
				normalIndex
				[
					0, 1, 2, -1,
					2, 1, 3, -1,
					2, 3, 4, -1,
					2, 4, 5, -1,
					5, 4, 6, -1,
					5, 6, 7, -1,
					5, 7, 8, -1,
					8, 7, 9, -1,
					8, 9, 10, -1,
					8, 10, 11, -1,
					11, 10, 12, -1,
					11, 12, 13, -1,
					11, 13, 14, -1,
					14, 13, 15, -1,
					14, 15, 16, -1,
					14, 16, 17, -1,
					17, 16, 18, -1,
					17, 18, 19, -1,
					17, 19, 20, -1,
					20, 19, 21, -1,
					20, 21, 22, -1,
					20, 22, 23, -1,
					23, 22, 24, -1,
					23, 24, 25, -1,
					23, 25, 26, -1,
					26, 25, 27, -1,
					26, 27, 28, -1,
					28, 29, 26, -1,
					26, 29, 30, -1,
					26, 30, 31, -1,
					31, 30, 32, -1,
					31, 32, 33, -1,
					33, 32, 34, -1,
					29, 35, 30, -1,
					30, 35, 36, -1,
					30, 36, 37, -1,
					37, 36, 38, -1,
					37, 38, 39, -1,
					37, 39, 40, -1,
					40, 39, 41, -1,
					40, 41, 42, -1,
					40, 42, 43, -1,
					43, 42, 44, -1,
					43, 44, 45, -1,
					43, 45, 46, -1,
					46, 45, 47, -1,
					46, 47, 48, -1,
					46, 48, 49, -1,
					49, 48, 50, -1,
					49, 50, 51, -1,
					49, 51, 52, -1,
					52, 51, 53, -1,
					52, 53, 54, -1,
					52, 54, 55, -1,
					55, 54, 56, -1,
					55, 56, 0, -1,
					57, 58, 59, -1,
					59, 58, 60, -1,
					59, 60, 61, -1,
					61, 60, 62, -1,
					61, 62, 63, -1,
					61, 63, 64, -1,
					64, 63, 65, -1,
					64, 65, 66, -1,
					64, 66, 67, -1,
					67, 66, 68, -1,
					67, 68, 69, -1,
					67, 69, 70, -1,
					70, 69, 71, -1,
					70, 71, 72, -1,
					70, 72, 73, -1,
					73, 72, 74, -1,
					73, 74, 75, -1,
					73, 75, 76, -1,
					76, 75, 77, -1,
					76, 77, 78, -1,
					76, 78, 32, -1,
					32, 78, 34, -1,
					33, 79, 31, -1,
					31, 79, 80, -1,
					31, 80, 81, -1,
					81, 80, 82, -1,
					81, 82, 83, -1,
					83, 84, 81, -1,
					81, 84, 85, -1,
					81, 85, 23, -1,
					23, 85, 20, -1,
					84, 86, 85, -1,
					85, 86, 87, -1,
					85, 87, 88, -1,
					88, 87, 89, -1,
					88, 89, 90, -1,
					88, 90, 91, -1,
					91, 90, 92, -1,
					91, 92, 93, -1,
					91, 93, 94, -1,
					94, 93, 95, -1,
					94, 95, 96, -1,
					94, 96, 97, -1,
					97, 96, 98, -1,
					97, 98, 99, -1,
					97, 99, 100, -1,
					100, 99, 101, -1,
					100, 101, 102, -1,
					100, 102, 103, -1,
					103, 102, 104, -1,
					103, 104, 105, -1,
					103, 105, 59, -1,
					59, 105, 57, -1,
					20, 88, 17, -1,
					17, 88, 91, -1,
					17, 91, 14, -1,
					14, 91, 94, -1,
					14, 94, 11, -1,
					11, 94, 97, -1,
					11, 97, 8, -1,
					8, 97, 100, -1,
					8, 100, 5, -1,
					5, 100, 103, -1,
					5, 103, 2, -1,
					2, 103, 59, -1,
					2, 59, 55, -1,
					55, 59, 61, -1,
					55, 61, 52, -1,
					52, 61, 64, -1,
					52, 64, 49, -1,
					49, 64, 67, -1,
					49, 67, 46, -1,
					46, 67, 70, -1,
					46, 70, 43, -1,
					43, 70, 73, -1,
					43, 73, 40, -1,
					40, 73, 76, -1,
					40, 76, 37, -1,
					37, 76, 32, -1,
					37, 32, 30, -1,
					2, 55, 0, -1,
					88, 20, 85, -1,
					31, 81, 26, -1,
					26, 81, 23, -1
				]
			}
		}
		Shape
		{
			appearance Appearance
			{
				material Material
				{
					diffuseColor 0.812 0.812 0.812
				}
			}
			geometry IndexedFaceSet
			{
				creaseAngle 0.5
				solid TRUE
				coord Coordinate
				{
					point
					[
						0.387 0.129 -0.023,
						0.386 0.129 0.000,
						0.315 0.200 0.000,
						0.388 0.129 0.034,
						0.326 0.200 0.083,
						0.395 0.129 0.068,
						0.412 0.129 0.111,
						0.358 0.200 0.160,
						0.436 0.129 0.150,
						0.409 0.200 0.226,
						0.467 0.129 0.184,
						0.504 0.129 0.212,
						0.475 0.200 0.277,
						0.545 0.129 0.232,
						0.552 0.200 0.309,
						0.589 0.129 0.245,
						0.635 0.200 0.320,
						0.635 0.129 0.249,
						0.681 0.129 0.245,
						0.718 0.200 0.309,
						0.725 0.129 0.232,
						0.795 0.200 0.277,
						0.766 0.129 0.212,
						0.803 0.129 0.184,
						0.861 0.200 0.226,
						0.834 0.129 0.150,
						0.912 0.200 0.160,
						0.858 0.129 0.111,
						0.944 0.200 0.083,
						0.875 0.129 0.068,
						0.882 0.129 0.034,
						0.955 0.200 -0.000,
						0.884 0.129 0.000,
						0.883 0.129 -0.023,
						0.944 0.200 -0.083,
						0.875 0.129 -0.068,
						0.858 0.129 -0.111,
						0.912 0.200 -0.160,
						0.834 0.129 -0.150,
						0.861 0.200 -0.226,
						0.803 0.129 -0.184,
						0.766 0.129 -0.212,
						0.795 0.200 -0.277,
						0.725 0.129 -0.232,
						0.718 0.200 -0.309,
						0.681 0.129 -0.245,
						0.635 0.200 -0.320,
						0.635 0.129 -0.249,
						0.589 0.129 -0.245,
						0.552 0.200 -0.309,
						0.545 0.129 -0.232,
						0.475 0.200 -0.277,
						0.504 0.129 -0.212,
						0.467 0.129 -0.184,
						0.409 0.200 -0.226,
						0.436 0.129 -0.150,
						0.358 0.200 -0.160,
						0.412 0.129 -0.111,
						0.326 0.200 -0.083,
						0.395 0.129 -0.068
					]
				}
				coordIndex
				[
					0, 1, 2, -1,
					2, 1, 3, -1,
					2, 3, 4, -1,
					4, 3, 5, -1,
					4, 5, 6, -1,
					4, 6, 7, -1,
					7, 6, 8, -1,
					7, 8, 9, -1,
					9, 8, 10, -1,
					9, 10, 11, -1,
					9, 11, 12, -1,
					12, 11, 13, -1,
					12, 13, 14, -1,
					14, 13, 15, -1,
					14, 15, 16, -1,
					16, 15, 17, -1,
					16, 17, 18, -1,
					16, 18, 19, -1,
					19, 18, 20, -1,
					19, 20, 21, -1,
					21, 20, 22, -1,
					21, 22, 23, -1,
					21, 23, 24, -1,
					24, 23, 25, -1,
					24, 25, 26, -1,
					26, 25, 27, -1,
					26, 27, 28, -1,
					28, 27, 29, -1,
					28, 29, 30, -1,
					28, 30, 31, -1,
					31, 30, 32, -1,
					31, 32, 33, -1,
					31, 33, 34, -1,
					34, 33, 35, -1,
					34, 35, 36, -1,
					34, 36, 37, -1,
					37, 36, 38, -1,
					37, 38, 39, -1,
					39, 38, 40, -1,
					39, 40, 41, -1,
					39, 41, 42, -1,
					42, 41, 43, -1,
					42, 43, 44, -1,
					44, 43, 45, -1,
					44, 45, 46, -1,
					46, 45, 47, -1,
					46, 47, 48, -1,
					46, 48, 49, -1,
					49, 48, 50, -1,
					49, 50, 51, -1,
					51, 50, 52, -1,
					51, 52, 53, -1,
					51, 53, 54, -1,
					54, 53, 55, -1,
					54, 55, 56, -1,
					56, 55, 57, -1,
					56, 57, 58, -1,
					58, 57, 59, -1,
					58, 59, 0, -1,
					2, 58, 0, -1
				]
				normal Normal
				{
					vector
					[
						-0.704 -0.707 -0.065,
						-0.707 -0.707 -0.000,
						-0.700 -0.707 0.098,
						-0.683 -0.707 0.183,
						-0.680 -0.707 0.194,
						-0.633 -0.707 0.315,
						-0.612 -0.707 0.354,
						-0.564 -0.707 0.426,
						-0.500 -0.707 0.500,
						-0.476 -0.707 0.523,
						-0.372 -0.707 0.601,
						-0.354 -0.707 0.612,
						-0.255 -0.707 0.659,
						-0.183 -0.707 0.683,
						-0.130 -0.707 0.695,
						-0.000 -0.707 0.707,
						0.130 -0.707 0.695,
						0.183 -0.707 0.683,
						0.255 -0.707 0.659,
						0.354 -0.707 0.612,
						0.372 -0.707 0.601,
						0.476 -0.707 0.523,
						0.500 -0.707 0.500,
						0.564 -0.707 0.426,
						0.612 -0.707 0.354,
						0.633 -0.707 0.315,
						0.683 -0.707 0.183,
						0.680 -0.707 0.194,
						0.700 -0.707 0.098,
						0.707 -0.707 0.000,
						0.704 -0.707 -0.065,
						0.683 -0.707 -0.183,
						0.680 -0.707 -0.194,
						0.633 -0.707 -0.315,
						0.612 -0.707 -0.354,
						0.564 -0.707 -0.426,
						0.500 -0.707 -0.500,
						0.476 -0.707 -0.523,
						0.372 -0.707 -0.601,
						0.354 -0.707 -0.612,
						0.255 -0.707 -0.659,
						0.183 -0.707 -0.683,
						0.130 -0.707 -0.695,
						-0.000 -0.707 -0.707,
						-0.130 -0.707 -0.695,
						-0.183 -0.707 -0.683,
						-0.255 -0.707 -0.659,
						-0.354 -0.707 -0.612,
						-0.372 -0.707 -0.601,
						-0.476 -0.707 -0.523,
						-0.500 -0.707 -0.500,
						-0.564 -0.707 -0.426,
						-0.612 -0.707 -0.354,
						-0.633 -0.707 -0.315,
						-0.683 -0.707 -0.183,
						-0.680 -0.707 -0.194
					]
				}
				normalIndex
				[
					0, 1, 1, -1,
					1, 1, 2, -1,
					1, 2, 3, -1,
					3, 2, 4, -1,
					3, 4, 5, -1,
					3, 5, 6, -1,
					6, 5, 7, -1,
					6, 7, 8, -1,
					8, 7, 9, -1,
					8, 9, 10, -1,
					8, 10, 11, -1,
					11, 10, 12, -1,
					11, 12, 13, -1,
					13, 12, 14, -1,
					13, 14, 15, -1,
					15, 14, 15, -1,
					15, 15, 16, -1,
					15, 16, 17, -1,
					17, 16, 18, -1,
					17, 18, 19, -1,
					19, 18, 20, -1,
					19, 20, 21, -1,
					19, 21, 22, -1,
					22, 21, 23, -1,
					22, 23, 24, -1,
					24, 23, 25, -1,
					24, 25, 26, -1,
					26, 25, 27, -1,
					26, 27, 28, -1,
					26, 28, 29, -1,
					29, 28, 29, -1,
					29, 29, 30, -1,
					29, 30, 31, -1,
					31, 30, 32, -1,
					31, 32, 33, -1,
					31, 33, 34, -1,
					34, 33, 35, -1,
					34, 35, 36, -1,
					36, 35, 37, -1,
					36, 37, 38, -1,
					36, 38, 39, -1,
					39, 38, 40, -1,
					39, 40, 41, -1,
					41, 40, 42, -1,
					41, 42, 43, -1,
					43, 42, 43, -1,
					43, 43, 44, -1,
					43, 44, 45, -1,
					45, 44, 46, -1,
					45, 46, 47, -1,
					47, 46, 48, -1,
					47, 48, 49, -1,
					47, 49, 50, -1,
					50, 49, 51, -1,
					50, 51, 52, -1,
					52, 51, 53, -1,
					52, 53, 54, -1,
					54, 53, 55, -1,
					54, 55, 0, -1,
					1, 54, 0, -1
				]
			}
		}
		Shape
		{
			appearance Appearance
			{
				material Material
				{
					diffuseColor 0.812 0.812 0.812
				}
			}
			geometry IndexedFaceSet
			{
				creaseAngle 0.5
				solid TRUE
				coord Coordinate
				{
					point
					[
						0.826 -1.090 3.880,
						0.819 -1.086 3.918,
						0.848 -1.143 3.880,
						0.848 -1.160 3.918,
						0.855 -1.200 3.880,
						0.848 -1.240 3.918,
						0.848 -1.257 3.880,
						0.819 -1.314 3.918,
						0.826 -1.310 3.880,
						0.791 -1.356 3.880,
						0.791 -1.044 3.880,
						0.766 -1.027 3.918,
						0.750 -1.048 3.990,
						0.687 -1.017 3.990,
						0.674 -1.064 4.049,
						0.622 -1.059 4.049,
						0.628 -1.125 4.087,
						0.601 -1.133 4.087,
						0.635 -1.200 4.100,
						0.745 -1.009 3.880,
						0.694 -0.992 3.918,
						0.617 -1.010 3.990,
						0.572 -1.073 4.049,
						0.579 -1.149 4.087,
						0.692 -0.987 3.880,
						0.635 -0.980 3.880,
						0.615 -0.984 3.918,
						0.578 -0.987 3.880,
						0.538 -1.006 3.918,
						0.525 -1.009 3.880,
						0.475 -1.054 3.918,
						0.479 -1.044 3.880,
						0.444 -1.090 3.880,
						0.433 -1.122 3.918,
						0.422 -1.143 3.880,
						0.418 -1.200 3.918,
						0.415 -1.200 3.880,
						0.422 -1.257 3.880,
						0.433 -1.278 3.918,
						0.444 -1.310 3.880,
						0.475 -1.346 3.918,
						0.479 -1.356 3.880,
						0.525 -1.391 3.880,
						0.538 -1.394 3.918,
						0.578 -1.413 3.880,
						0.615 -1.416 3.918,
						0.635 -1.420 3.880,
						0.694 -1.408 3.918,
						0.692 -1.413 3.880,
						0.745 -1.391 3.880,
						0.766 -1.373 3.918,
						0.656 -1.128 4.087,
						0.797 -1.100 3.990,
						0.822 -1.165 3.990,
						0.822 -1.235 3.990,
						0.797 -1.300 3.990,
						0.750 -1.352 3.990,
						0.687 -1.383 3.990,
						0.617 -1.390 3.990,
						0.550 -1.371 3.990,
						0.494 -1.328 3.990,
						0.457 -1.269 3.990,
						0.444 -1.200 3.990,
						0.457 -1.131 3.990,
						0.494 -1.072 3.990,
						0.550 -1.029 3.990,
						0.720 -1.087 4.049,
						0.755 -1.126 4.049,
						0.774 -1.174 4.049,
						0.774 -1.226 4.049,
						0.755 -1.274 4.049,
						0.720 -1.313 4.049,
						0.674 -1.336 4.049,
						0.622 -1.341 4.049,
						0.572 -1.327 4.049,
						0.530 -1.295 4.049,
						0.503 -1.251 4.049,
						0.494 -1.200 4.049,
						0.503 -1.149 4.049,
						0.530 -1.105 4.049,
						0.680 -1.140 4.087,
						0.699 -1.160 4.087,
						0.709 -1.186 4.087,
						0.709 -1.214 4.087,
						0.699 -1.240 4.087,
						0.680 -1.260 4.087,
						0.656 -1.272 4.087,
						0.628 -1.275 4.087,
						0.601 -1.267 4.087,
						0.579 -1.251 4.087,
						0.565 -1.227 4.087,
						0.560 -1.200 4.087,
						0.565 -1.173 4.087
					]
				}
				coordIndex
				[
					0, 1, 2, -1,
					2, 1, 3, -1,
					2, 3, 4, -1,
					4, 3, 5, -1,
					4, 5, 6, -1,
					6, 5, 7, -1,
					6, 7, 8, -1,
					8, 7, 9, -1,
					0, 10, 1, -1,
					1, 10, 11, -1,
					1, 11, 12, -1,
					12, 11, 13, -1,
					12, 13, 14, -1,
					14, 13, 15, -1,
					14, 15, 16, -1,
					16, 15, 17, -1,
					16, 17, 18, -1,
					10, 19, 11, -1,
					11, 19, 20, -1,
					11, 20, 13, -1,
					13, 20, 21, -1,
					13, 21, 15, -1,
					15, 21, 22, -1,
					15, 22, 17, -1,
					17, 22, 23, -1,
					17, 23, 18, -1,
					19, 24, 20, -1,
					20, 24, 25, -1,
					20, 25, 26, -1,
					26, 25, 27, -1,
					26, 27, 28, -1,
					28, 27, 29, -1,
					28, 29, 30, -1,
					30, 29, 31, -1,
					30, 31, 32, -1,
					30, 32, 33, -1,
					33, 32, 34, -1,
					33, 34, 35, -1,
					35, 34, 36, -1,
					35, 36, 37, -1,
					35, 37, 38, -1,
					38, 37, 39, -1,
					38, 39, 40, -1,
					40, 39, 41, -1,
					40, 41, 42, -1,
					40, 42, 43, -1,
					43, 42, 44, -1,
					43, 44, 45, -1,
					45, 44, 46, -1,
					45, 46, 47, -1,
					47, 46, 48, -1,
					47, 48, 49, -1,
					47, 49, 50, -1,
					50, 49, 9, -1,
					50, 9, 7, -1,
					16, 18, 51, -1,
					1, 52, 3, -1,
					3, 52, 53, -1,
					3, 53, 5, -1,
					5, 53, 54, -1,
					5, 54, 7, -1,
					7, 54, 55, -1,
					7, 55, 50, -1,
					50, 55, 56, -1,
					50, 56, 47, -1,
					47, 56, 57, -1,
					47, 57, 45, -1,
					45, 57, 58, -1,
					45, 58, 43, -1,
					43, 58, 59, -1,
					43, 59, 40, -1,
					40, 59, 60, -1,
					40, 60, 38, -1,
					38, 60, 61, -1,
					38, 61, 35, -1,
					35, 61, 62, -1,
					35, 62, 33, -1,
					33, 62, 63, -1,
					33, 63, 30, -1,
					30, 63, 64, -1,
					30, 64, 28, -1,
					28, 64, 65, -1,
					28, 65, 26, -1,
					26, 65, 21, -1,
					26, 21, 20, -1,
					12, 66, 52, -1,
					52, 66, 67, -1,
					52, 67, 53, -1,
					53, 67, 68, -1,
					53, 68, 54, -1,
					54, 68, 69, -1,
					54, 69, 55, -1,
					55, 69, 70, -1,
					55, 70, 56, -1,
					56, 70, 71, -1,
					56, 71, 57, -1,
					57, 71, 72, -1,
					57, 72, 58, -1,
					58, 72, 73, -1,
					58, 73, 59, -1,
					59, 73, 74, -1,
					59, 74, 60, -1,
					60, 74, 75, -1,
					60, 75, 61, -1,
					61, 75, 76, -1,
					61, 76, 62, -1,
					62, 76, 77, -1,
					62, 77, 63, -1,
					63, 77, 78, -1,
					63, 78, 64, -1,
					64, 78, 79, -1,
					64, 79, 65, -1,
					65, 79, 22, -1,
					65, 22, 21, -1,
					14, 51, 66, -1,
					66, 51, 80, -1,
					66, 80, 67, -1,
					67, 80, 81, -1,
					67, 81, 68, -1,
					68, 81, 82, -1,
					68, 82, 69, -1,
					69, 82, 83, -1,
					69, 83, 70, -1,
					70, 83, 84, -1,
					70, 84, 71, -1,
					71, 84, 85, -1,
					71, 85, 72, -1,
					72, 85, 86, -1,
					72, 86, 73, -1,
					73, 86, 87, -1,
					73, 87, 74, -1,
					74, 87, 88, -1,
					74, 88, 75, -1,
					75, 88, 89, -1,
					75, 89, 76, -1,
					76, 89, 90, -1,
					76, 90, 77, -1,
					77, 90, 91, -1,
					77, 91, 78, -1,
					78, 91, 92, -1,
					78, 92, 79, -1,
					79, 92, 23, -1,
					79, 23, 22, -1,
					91, 18, 92, -1,
					82, 18, 83, -1,
					83, 18, 84, -1,
					52, 1, 12, -1,
					81, 18, 82, -1,
					66, 12, 14, -1,
					80, 18, 81, -1,
					51, 18, 80, -1,
					51, 14, 16, -1,
					92, 18, 23, -1,
					90, 18, 91, -1,
					89, 18, 90, -1,
					88, 18, 89, -1,
					87, 18, 88, -1,
					86, 18, 87, -1,
					85, 18, 86, -1,
					84, 18, 85, -1
				]
				normal Normal
				{
					vector
					[
						0.866 0.500 -0.000,
						0.837 0.518 0.174,
						0.966 0.259 -0.000,
						0.968 0.181 0.174,
						1.000 -0.000 -0.000,
						0.968 -0.181 0.174,
						0.966 -0.259 -0.000,
						0.837 -0.518 0.174,
						0.866 -0.500 -0.000,
						0.707 -0.707 -0.000,
						0.707 0.707 -0.000,
						0.593 0.786 0.174,
						0.522 0.691 0.500,
						0.237 0.833 0.500,
						0.176 0.618 0.766,
						-0.059 0.640 0.766,
						-0.032 0.341 0.940,
						-0.152 0.306 0.940,
						-0.000 -0.000 1.000,
						0.500 0.866 -0.000,
						0.270 0.947 0.174,
						-0.080 0.862 0.500,
						-0.287 0.575 0.766,
						-0.253 0.230 0.940,
						0.259 0.966 -0.000,
						0.000 1.000 -0.000,
						-0.091 0.981 0.174,
						-0.259 0.966 -0.000,
						-0.439 0.882 0.174,
						-0.500 0.866 -0.000,
						-0.728 0.663 0.174,
						-0.707 0.707 -0.000,
						-0.866 0.500 -0.000,
						-0.918 0.356 0.174,
						-0.966 0.259 -0.000,
						-0.985 0.000 0.174,
						-1.000 -0.000 -0.000,
						-0.966 -0.259 -0.000,
						-0.918 -0.356 0.174,
						-0.866 -0.500 -0.000,
						-0.728 -0.663 0.174,
						-0.707 -0.707 -0.000,
						-0.500 -0.866 -0.000,
						-0.439 -0.882 0.174,
						-0.259 -0.966 -0.000,
						-0.091 -0.981 0.174,
						0.000 -1.000 -0.000,
						0.270 -0.947 0.174,
						0.259 -0.966 -0.000,
						0.500 -0.866 -0.000,
						0.593 -0.786 0.174,
						0.094 0.329 0.940,
						0.736 0.456 0.500,
						0.851 0.159 0.500,
						0.851 -0.159 0.500,
						0.736 -0.456 0.500,
						0.522 -0.691 0.500,
						0.237 -0.833 0.500,
						-0.080 -0.862 0.500,
						-0.386 -0.775 0.500,
						-0.640 -0.583 0.500,
						-0.808 -0.313 0.500,
						-0.866 0.000 0.500,
						-0.808 0.313 0.500,
						-0.640 0.583 0.500,
						-0.386 0.775 0.500,
						0.387 0.513 0.766,
						0.547 0.338 0.766,
						0.632 0.118 0.766,
						0.632 -0.118 0.766,
						0.547 -0.338 0.766,
						0.387 -0.513 0.766,
						0.176 -0.618 0.766,
						-0.059 -0.640 0.766,
						-0.287 -0.575 0.766,
						-0.475 -0.433 0.766,
						-0.599 -0.232 0.766,
						-0.643 0.000 0.766,
						-0.599 0.232 0.766,
						-0.475 0.433 0.766,
						0.206 0.273 0.940,
						0.291 0.180 0.940,
						0.336 0.063 0.940,
						0.336 -0.063 0.940,
						0.291 -0.180 0.940,
						0.206 -0.273 0.940,
						0.094 -0.329 0.940,
						-0.032 -0.341 0.940,
						-0.152 -0.306 0.940,
						-0.253 -0.230 0.940,
						-0.319 -0.124 0.940,
						-0.342 -0.000 0.940,
						-0.319 0.124 0.940
					]
				}
				normalIndex
				[
					0, 1, 2, -1,
					2, 1, 3, -1,
					2, 3, 4, -1,
					4, 3, 5, -1,
					4, 5, 6, -1,
					6, 5, 7, -1,
					6, 7, 8, -1,
					8, 7, 9, -1,
					0, 10, 1, -1,
					1, 10, 11, -1,
					1, 11, 12, -1,
					12, 11, 13, -1,
					12, 13, 14, -1,
					14, 13, 15, -1,
					14, 15, 16, -1,
					16, 15, 17, -1,
					16, 17, 18, -1,
					10, 19, 11, -1,
					11, 19, 20, -1,
					11, 20, 13, -1,
					13, 20, 21, -1,
					13, 21, 15, -1,
					15, 21, 22, -1,
					15, 22, 17, -1,
					17, 22, 23, -1,
					17, 23, 18, -1,
					19, 24, 20, -1,
					20, 24, 25, -1,
					20, 25, 26, -1,
					26, 25, 27, -1,
					26, 27, 28, -1,
					28, 27, 29, -1,
					28, 29, 30, -1,
					30, 29, 31, -1,
					30, 31, 32, -1,
					30, 32, 33, -1,
					33, 32, 34, -1,
					33, 34, 35, -1,
					35, 34, 36, -1,
					35, 36, 37, -1,
					35, 37, 38, -1,
					38, 37, 39, -1,
					38, 39, 40, -1,
					40, 39, 41, -1,
					40, 41, 42, -1,
					40, 42, 43, -1,
					43, 42, 44, -1,
					43, 44, 45, -1,
					45, 44, 46, -1,
					45, 46, 47, -1,
					47, 46, 48, -1,
					47, 48, 49, -1,
					47, 49, 50, -1,
					50, 49, 9, -1,
					50, 9, 7, -1,
					16, 18, 51, -1,
					1, 52, 3, -1,
					3, 52, 53, -1,
					3, 53, 5, -1,
					5, 53, 54, -1,
					5, 54, 7, -1,
					7, 54, 55, -1,
					7, 55, 50, -1,
					50, 55, 56, -1,
					50, 56, 47, -1,
					47, 56, 57, -1,
					47, 57, 45, -1,
					45, 57, 58, -1,
					45, 58, 43, -1,
					43, 58, 59, -1,
					43, 59, 40, -1,
					40, 59, 60, -1,
					40, 60, 38, -1,
					38, 60, 61, -1,
					38, 61, 35, -1,
					35, 61, 62, -1,
					35, 62, 33, -1,
					33, 62, 63, -1,
					33, 63, 30, -1,
					30, 63, 64, -1,
					30, 64, 28, -1,
					28, 64, 65, -1,
					28, 65, 26, -1,
					26, 65, 21, -1,
					26, 21, 20, -1,
					12, 66, 52, -1,
					52, 66, 67, -1,
					52, 67, 53, -1,
					53, 67, 68, -1,
					53, 68, 54, -1,
					54, 68, 69, -1,
					54, 69, 55, -1,
					55, 69, 70, -1,
					55, 70, 56, -1,
					56, 70, 71, -1,
					56, 71, 57, -1,
					57, 71, 72, -1,
					57, 72, 58, -1,
					58, 72, 73, -1,
					58, 73, 59, -1,
					59, 73, 74, -1,
					59, 74, 60, -1,
					60, 74, 75, -1,
					60, 75, 61, -1,
					61, 75, 76, -1,
					61, 76, 62, -1,
					62, 76, 77, -1,
					62, 77, 63, -1,
					63, 77, 78, -1,
					63, 78, 64, -1,
					64, 78, 79, -1,
					64, 79, 65, -1,
					65, 79, 22, -1,
					65, 22, 21, -1,
					14, 51, 66, -1,
					66, 51, 80, -1,
					66, 80, 67, -1,
					67, 80, 81, -1,
					67, 81, 68, -1,
					68, 81, 82, -1,
					68, 82, 69, -1,
					69, 82, 83, -1,
					69, 83, 70, -1,
					70, 83, 84, -1,
					70, 84, 71, -1,
					71, 84, 85, -1,
					71, 85, 72, -1,
					72, 85, 86, -1,
					72, 86, 73, -1,
					73, 86, 87, -1,
					73, 87, 74, -1,
					74, 87, 88, -1,
					74, 88, 75, -1,
					75, 88, 89, -1,
					75, 89, 76, -1,
					76, 89, 90, -1,
					76, 90, 77, -1,
					77, 90, 91, -1,
					77, 91, 78, -1,
					78, 91, 92, -1,
					78, 92, 79, -1,
					79, 92, 23, -1,
					79, 23, 22, -1,
					91, 18, 92, -1,
					82, 18, 83, -1,
					83, 18, 84, -1,
					52, 1, 12, -1,
					81, 18, 82, -1,
					66, 12, 14, -1,
					80, 18, 81, -1,
					51, 18, 80, -1,
					51, 14, 16, -1,
					92, 18, 23, -1,
					90, 18, 91, -1,
					89, 18, 90, -1,
					88, 18, 89, -1,
					87, 18, 88, -1,
					86, 18, 87, -1,
					85, 18, 86, -1,
					84, 18, 85, -1
				]
			}
		}
		Shape
		{
			appearance Appearance
			{
				material Material
				{
					diffuseColor 0.812 0.812 0.812
				}
			}
			geometry IndexedFaceSet
			{
				creaseAngle 0.5
				solid TRUE
				coord Coordinate
				{
					point
					[
						0.675 -0.984 0.660,
						0.635 -0.980 0.660,
						0.635 -0.980 3.880,
						0.595 -0.984 0.660,
						0.578 -0.987 3.880,
						0.556 -0.995 0.660,
						0.525 -1.009 3.880,
						0.519 -1.013 0.660,
						0.487 -1.037 0.660,
						0.479 -1.044 3.880,
						0.459 -1.067 0.660,
						0.444 -1.090 3.880,
						0.438 -1.102 0.660,
						0.422 -1.143 3.880,
						0.423 -1.140 0.660,
						0.416 -1.180 0.660,
						0.415 -1.200 3.880,
						0.416 -1.220 0.660,
						0.422 -1.257 3.880,
						0.423 -1.260 0.660,
						0.438 -1.298 0.660,
						0.444 -1.310 3.880,
						0.459 -1.333 0.660,
						0.479 -1.356 3.880,
						0.487 -1.363 0.660,
						0.519 -1.387 0.660,
						0.525 -1.391 3.880,
						0.556 -1.405 0.660,
						0.578 -1.413 3.880,
						0.595 -1.416 0.660,
						0.635 -1.420 3.880,
						0.635 -1.420 0.660,
						0.675 -1.416 0.660,
						0.692 -1.413 3.880,
						0.714 -1.405 0.660,
						0.745 -1.391 3.880,
						0.751 -1.387 0.660,
						0.783 -1.363 0.660,
						0.791 -1.356 3.880,
						0.811 -1.333 0.660,
						0.826 -1.310 3.880,
						0.832 -1.298 0.660,
						0.848 -1.257 3.880,
						0.847 -1.260 0.660,
						0.854 -1.220 0.660,
						0.855 -1.200 3.880,
						0.854 -1.180 0.660,
						0.848 -1.143 3.880,
						0.847 -1.140 0.660,
						0.832 -1.102 0.660,
						0.826 -1.090 3.880,
						0.811 -1.067 0.660,
						0.791 -1.044 3.880,
						0.783 -1.037 0.660,
						0.751 -1.013 0.660,
						0.745 -1.009 3.880,
						0.714 -0.995 0.660,
						0.692 -0.987 3.880
					]
				}
				coordIndex
				[
					0, 1, 2, -1,
					2, 1, 3, -1,
					2, 3, 4, -1,
					4, 3, 5, -1,
					4, 5, 6, -1,
					6, 5, 7, -1,
					6, 7, 8, -1,
					6, 8, 9, -1,
					9, 8, 10, -1,
					9, 10, 11, -1,
					11, 10, 12, -1,
					11, 12, 13, -1,
					13, 12, 14, -1,
					13, 14, 15, -1,
					13, 15, 16, -1,
					16, 15, 17, -1,
					16, 17, 18, -1,
					18, 17, 19, -1,
					18, 19, 20, -1,
					18, 20, 21, -1,
					21, 20, 22, -1,
					21, 22, 23, -1,
					23, 22, 24, -1,
					23, 24, 25, -1,
					23, 25, 26, -1,
					26, 25, 27, -1,
					26, 27, 28, -1,
					28, 27, 29, -1,
					28, 29, 30, -1,
					30, 29, 31, -1,
					30, 31, 32, -1,
					30, 32, 33, -1,
					33, 32, 34, -1,
					33, 34, 35, -1,
					35, 34, 36, -1,
					35, 36, 37, -1,
					35, 37, 38, -1,
					38, 37, 39, -1,
					38, 39, 40, -1,
					40, 39, 41, -1,
					40, 41, 42, -1,
					42, 41, 43, -1,
					42, 43, 44, -1,
					42, 44, 45, -1,
					45, 44, 46, -1,
					45, 46, 47, -1,
					47, 46, 48, -1,
					47, 48, 49, -1,
					47, 49, 50, -1,
					50, 49, 51, -1,
					50, 51, 52, -1,
					52, 51, 53, -1,
					52, 53, 54, -1,
					52, 54, 55, -1,
					55, 54, 56, -1,
					55, 56, 57, -1,
					57, 56, 0, -1,
					57, 0, 2, -1
				]
				normal Normal
				{
					vector
					[
						0.184 0.983 -0.000,
						0.000 1.000 0.000,
						-0.184 0.983 0.000,
						-0.259 0.966 0.000,
						-0.361 0.932 0.000,
						-0.500 0.866 0.000,
						-0.526 0.850 0.000,
						-0.674 0.739 0.000,
						-0.707 0.707 0.000,
						-0.798 0.603 0.000,
						-0.866 0.500 -0.000,
						-0.895 0.446 0.000,
						-0.966 0.259 0.000,
						-0.962 0.274 0.000,
						-0.996 0.092 -0.000,
						-1.000 -0.000 0.000,
						-0.996 -0.092 0.000,
						-0.966 -0.259 0.000,
						-0.962 -0.274 0.000,
						-0.895 -0.446 0.000,
						-0.866 -0.500 0.000,
						-0.798 -0.603 0.000,
						-0.707 -0.707 0.000,
						-0.674 -0.739 0.000,
						-0.526 -0.850 0.000,
						-0.500 -0.866 0.000,
						-0.361 -0.932 0.000,
						-0.259 -0.966 0.000,
						-0.184 -0.983 0.000,
						0.000 -1.000 0.000,
						0.184 -0.983 0.000,
						0.259 -0.966 0.000,
						0.361 -0.932 0.000,
						0.500 -0.866 0.000,
						0.526 -0.850 0.000,
						0.674 -0.739 0.000,
						0.707 -0.707 0.000,
						0.798 -0.603 0.000,
						0.866 -0.500 -0.000,
						0.895 -0.446 0.000,
						0.966 -0.259 0.000,
						0.962 -0.274 -0.000,
						0.996 -0.092 0.000,
						1.000 0.000 0.000,
						0.996 0.092 0.000,
						0.966 0.259 0.000,
						0.962 0.274 -0.000,
						0.895 0.446 0.000,
						0.866 0.500 0.000,
						0.798 0.603 0.000,
						0.707 0.707 0.000,
						0.674 0.739 0.000,
						0.526 0.850 0.000,
						0.500 0.866 0.000,
						0.361 0.932 0.000,
						0.259 0.966 0.000
					]
				}
				normalIndex
				[
					0, 1, 1, -1,
					1, 1, 2, -1,
					1, 2, 3, -1,
					3, 2, 4, -1,
					3, 4, 5, -1,
					5, 4, 6, -1,
					5, 6, 7, -1,
					5, 7, 8, -1,
					8, 7, 9, -1,
					8, 9, 10, -1,
					10, 9, 11, -1,
					10, 11, 12, -1,
					12, 11, 13, -1,
					12, 13, 14, -1,
					12, 14, 15, -1,
					15, 14, 16, -1,
					15, 16, 17, -1,
					17, 16, 18, -1,
					17, 18, 19, -1,
					17, 19, 20, -1,
					20, 19, 21, -1,
					20, 21, 22, -1,
					22, 21, 23, -1,
					22, 23, 24, -1,
					22, 24, 25, -1,
					25, 24, 26, -1,
					25, 26, 27, -1,
					27, 26, 28, -1,
					27, 28, 29, -1,
					29, 28, 29, -1,
					29, 29, 30, -1,
					29, 30, 31, -1,
					31, 30, 32, -1,
					31, 32, 33, -1,
					33, 32, 34, -1,
					33, 34, 35, -1,
					33, 35, 36, -1,
					36, 35, 37, -1,
					36, 37, 38, -1,
					38, 37, 39, -1,
					38, 39, 40, -1,
					40, 39, 41, -1,
					40, 41, 42, -1,
					40, 42, 43, -1,
					43, 42, 44, -1,
					43, 44, 45, -1,
					45, 44, 46, -1,
					45, 46, 47, -1,
					45, 47, 48, -1,
					48, 47, 49, -1,
					48, 49, 50, -1,
					50, 49, 51, -1,
					50, 51, 52, -1,
					50, 52, 53, -1,
					53, 52, 54, -1,
					53, 54, 55, -1,
					55, 54, 0, -1,
					55, 0, 1, -1
				]
			}
		}
		Shape
		{
			appearance Appearance
			{
				material Material
				{
					diffuseColor 0.812 0.812 0.812
				}
			}
			geometry IndexedFaceSet
			{
				creaseAngle 0.5
				solid TRUE
				coord Coordinate
				{
					point
					[
						0.416 -0.540 0.020,
						0.415 -0.540 0.000,
						0.416 -0.682 0.036,
						0.417 -0.540 -0.030,
						0.423 -0.700 -0.042,
						0.423 -0.540 -0.060,
						0.438 -0.540 -0.098,
						0.459 -0.716 -0.113,
						0.459 -0.540 -0.133,
						0.487 -0.540 -0.163,
						0.519 -0.728 -0.166,
						0.519 -0.540 -0.187,
						0.556 -0.540 -0.205,
						0.595 -0.735 -0.194,
						0.595 -0.540 -0.216,
						0.635 -0.540 -0.220,
						0.675 -0.735 -0.194,
						0.675 -0.540 -0.216,
						0.714 -0.540 -0.205,
						0.751 -0.728 -0.166,
						0.751 -0.540 -0.187,
						0.783 -0.540 -0.163,
						0.811 -0.716 -0.113,
						0.811 -0.540 -0.133,
						0.832 -0.540 -0.098,
						0.847 -0.700 -0.042,
						0.847 -0.540 -0.060,
						0.853 -0.540 -0.030,
						0.854 -0.682 0.036,
						0.855 -0.540 0.000,
						0.854 -0.540 0.020,
						0.847 -0.540 0.060,
						0.832 -0.665 0.112,
						0.854 -0.860 0.106,
						0.832 -0.821 0.173,
						0.854 -1.009 0.225,
						0.832 -0.952 0.278,
						0.854 -1.116 0.382,
						0.832 -1.046 0.416,
						0.854 -1.173 0.565,
						0.832 -1.096 0.576,
						0.847 -1.140 0.660,
						0.832 -1.102 0.660,
						0.832 -0.540 0.098,
						0.811 -0.540 0.133,
						0.783 -0.651 0.175,
						0.783 -0.540 0.163,
						0.751 -0.540 0.187,
						0.714 -0.641 0.217,
						0.714 -0.540 0.205,
						0.675 -0.540 0.216,
						0.635 -0.638 0.231,
						0.635 -0.540 0.220,
						0.595 -0.540 0.216,
						0.556 -0.641 0.217,
						0.556 -0.540 0.205,
						0.519 -0.540 0.187,
						0.487 -0.651 0.175,
						0.487 -0.540 0.163,
						0.459 -0.540 0.133,
						0.438 -0.665 0.112,
						0.438 -0.540 0.098,
						0.423 -0.540 0.060,
						0.595 -0.984 0.660,
						0.635 -0.980 0.660,
						0.635 -0.975 0.594,
						0.675 -0.984 0.660,
						0.714 -0.990 0.592,
						0.714 -0.995 0.660,
						0.751 -1.013 0.660,
						0.783 -1.032 0.586,
						0.783 -1.037 0.660,
						0.811 -1.067 0.660,
						0.854 -1.180 0.660,
						0.854 -1.220 0.660,
						0.847 -1.252 0.553,
						0.847 -1.260 0.660,
						0.832 -1.298 0.660,
						0.811 -1.324 0.542,
						0.811 -1.333 0.660,
						0.783 -1.363 0.660,
						0.751 -1.378 0.534,
						0.751 -1.387 0.660,
						0.714 -1.405 0.660,
						0.675 -1.406 0.529,
						0.675 -1.416 0.660,
						0.635 -1.420 0.660,
						0.595 -1.406 0.529,
						0.595 -1.416 0.660,
						0.556 -1.405 0.660,
						0.519 -1.378 0.534,
						0.519 -1.387 0.660,
						0.487 -1.363 0.660,
						0.459 -1.324 0.542,
						0.459 -1.333 0.660,
						0.438 -1.298 0.660,
						0.423 -1.252 0.553,
						0.423 -1.260 0.660,
						0.416 -1.220 0.660,
						0.416 -1.173 0.565,
						0.416 -1.180 0.660,
						0.423 -1.140 0.660,
						0.438 -1.096 0.576,
						0.438 -1.102 0.660,
						0.459 -1.067 0.660,
						0.487 -1.032 0.586,
						0.487 -1.037 0.660,
						0.519 -1.013 0.660,
						0.556 -0.990 0.592,
						0.556 -0.995 0.660,
						0.635 -0.760 0.279,
						0.714 -0.767 0.266,
						0.714 -0.873 0.351,
						0.783 -0.905 0.322,
						0.783 -0.988 0.444,
						0.556 -0.767 0.266,
						0.635 -0.863 0.361,
						0.714 -0.950 0.463,
						0.487 -0.789 0.229,
						0.556 -0.873 0.351,
						0.635 -0.936 0.469,
						0.556 -0.950 0.463,
						0.487 -0.988 0.444,
						0.438 -1.046 0.416,
						0.416 -1.116 0.382,
						0.423 -1.189 0.348,
						0.459 -1.254 0.316,
						0.519 -1.303 0.292,
						0.595 -1.329 0.280,
						0.675 -1.329 0.280,
						0.751 -1.303 0.292,
						0.811 -1.254 0.316,
						0.847 -1.189 0.348,
						0.783 -0.789 0.229,
						0.847 -0.900 0.036,
						0.847 -1.068 0.170,
						0.811 -0.936 -0.026,
						0.811 -1.121 0.121,
						0.751 -0.964 -0.074,
						0.751 -1.161 0.084,
						0.675 -0.978 -0.099,
						0.675 -1.182 0.064,
						0.595 -0.978 -0.099,
						0.595 -1.182 0.064,
						0.519 -0.964 -0.074,
						0.519 -1.161 0.084,
						0.459 -0.936 -0.026,
						0.459 -1.121 0.121,
						0.423 -0.900 0.036,
						0.423 -1.068 0.170,
						0.416 -0.860 0.106,
						0.416 -1.009 0.225,
						0.438 -0.821 0.173,
						0.438 -0.952 0.278,
						0.487 -0.905 0.322
					]
				}
				coordIndex
				[
					0, 1, 2, -1,
					2, 1, 3, -1,
					2, 3, 4, -1,
					4, 3, 5, -1,
					4, 5, 6, -1,
					4, 6, 7, -1,
					7, 6, 8, -1,
					7, 8, 9, -1,
					7, 9, 10, -1,
					10, 9, 11, -1,
					10, 11, 12, -1,
					10, 12, 13, -1,
					13, 12, 14, -1,
					13, 14, 15, -1,
					13, 15, 16, -1,
					16, 15, 17, -1,
					16, 17, 18, -1,
					16, 18, 19, -1,
					19, 18, 20, -1,
					19, 20, 21, -1,
					19, 21, 22, -1,
					22, 21, 23, -1,
					22, 23, 24, -1,
					22, 24, 25, -1,
					25, 24, 26, -1,
					25, 26, 27, -1,
					25, 27, 28, -1,
					28, 27, 29, -1,
					28, 29, 30, -1,
					30, 31, 28, -1,
					28, 31, 32, -1,
					28, 32, 33, -1,
					33, 32, 34, -1,
					33, 34, 35, -1,
					35, 34, 36, -1,
					35, 36, 37, -1,
					37, 36, 38, -1,
					37, 38, 39, -1,
					39, 38, 40, -1,
					39, 40, 41, -1,
					41, 40, 42, -1,
					31, 43, 32, -1,
					32, 43, 44, -1,
					32, 44, 45, -1,
					45, 44, 46, -1,
					45, 46, 47, -1,
					45, 47, 48, -1,
					48, 47, 49, -1,
					48, 49, 50, -1,
					48, 50, 51, -1,
					51, 50, 52, -1,
					51, 52, 53, -1,
					51, 53, 54, -1,
					54, 53, 55, -1,
					54, 55, 56, -1,
					54, 56, 57, -1,
					57, 56, 58, -1,
					57, 58, 59, -1,
					57, 59, 60, -1,
					60, 59, 61, -1,
					60, 61, 62, -1,
					60, 62, 2, -1,
					2, 62, 0, -1,
					63, 64, 65, -1,
					65, 64, 66, -1,
					65, 66, 67, -1,
					67, 66, 68, -1,
					67, 68, 69, -1,
					67, 69, 70, -1,
					70, 69, 71, -1,
					70, 71, 72, -1,
					70, 72, 40, -1,
					40, 72, 42, -1,
					41, 73, 39, -1,
					39, 73, 74, -1,
					39, 74, 75, -1,
					75, 74, 76, -1,
					75, 76, 77, -1,
					75, 77, 78, -1,
					78, 77, 79, -1,
					78, 79, 80, -1,
					78, 80, 81, -1,
					81, 80, 82, -1,
					81, 82, 83, -1,
					81, 83, 84, -1,
					84, 83, 85, -1,
					84, 85, 86, -1,
					84, 86, 87, -1,
					87, 86, 88, -1,
					87, 88, 89, -1,
					87, 89, 90, -1,
					90, 89, 91, -1,
					90, 91, 92, -1,
					90, 92, 93, -1,
					93, 92, 94, -1,
					93, 94, 95, -1,
					93, 95, 96, -1,
					96, 95, 97, -1,
					96, 97, 98, -1,
					96, 98, 99, -1,
					99, 98, 100, -1,
					99, 100, 101, -1,
					99, 101, 102, -1,
					102, 101, 103, -1,
					102, 103, 104, -1,
					102, 104, 105, -1,
					105, 104, 106, -1,
					105, 106, 107, -1,
					105, 107, 108, -1,
					108, 107, 109, -1,
					108, 109, 63, -1,
					51, 110, 111, -1,
					111, 110, 112, -1,
					111, 112, 113, -1,
					113, 112, 114, -1,
					113, 114, 38, -1,
					38, 114, 40, -1,
					54, 115, 110, -1,
					110, 115, 116, -1,
					110, 116, 112, -1,
					112, 116, 117, -1,
					112, 117, 114, -1,
					114, 117, 70, -1,
					114, 70, 40, -1,
					110, 51, 54, -1,
					57, 118, 115, -1,
					115, 118, 119, -1,
					115, 119, 116, -1,
					116, 119, 120, -1,
					116, 120, 117, -1,
					117, 120, 67, -1,
					117, 67, 70, -1,
					67, 120, 65, -1,
					65, 120, 121, -1,
					65, 121, 108, -1,
					108, 121, 122, -1,
					108, 122, 105, -1,
					105, 122, 123, -1,
					105, 123, 102, -1,
					102, 123, 124, -1,
					102, 124, 99, -1,
					99, 124, 125, -1,
					99, 125, 96, -1,
					96, 125, 126, -1,
					96, 126, 93, -1,
					93, 126, 127, -1,
					93, 127, 90, -1,
					90, 127, 128, -1,
					90, 128, 87, -1,
					87, 128, 129, -1,
					87, 129, 84, -1,
					84, 129, 130, -1,
					84, 130, 81, -1,
					81, 130, 131, -1,
					81, 131, 78, -1,
					78, 131, 132, -1,
					78, 132, 75, -1,
					75, 132, 37, -1,
					75, 37, 39, -1,
					65, 108, 63, -1,
					51, 111, 48, -1,
					48, 111, 133, -1,
					48, 133, 45, -1,
					45, 133, 34, -1,
					45, 34, 32, -1,
					25, 28, 134, -1,
					134, 28, 33, -1,
					134, 33, 135, -1,
					135, 33, 35, -1,
					135, 35, 132, -1,
					132, 35, 37, -1,
					22, 25, 136, -1,
					136, 25, 134, -1,
					136, 134, 137, -1,
					137, 134, 135, -1,
					137, 135, 131, -1,
					131, 135, 132, -1,
					19, 22, 138, -1,
					138, 22, 136, -1,
					138, 136, 139, -1,
					139, 136, 137, -1,
					139, 137, 130, -1,
					130, 137, 131, -1,
					16, 19, 140, -1,
					140, 19, 138, -1,
					140, 138, 141, -1,
					141, 138, 139, -1,
					141, 139, 129, -1,
					129, 139, 130, -1,
					13, 16, 142, -1,
					142, 16, 140, -1,
					142, 140, 143, -1,
					143, 140, 141, -1,
					143, 141, 128, -1,
					128, 141, 129, -1,
					10, 13, 144, -1,
					144, 13, 142, -1,
					144, 142, 145, -1,
					145, 142, 143, -1,
					145, 143, 127, -1,
					127, 143, 128, -1,
					7, 10, 146, -1,
					146, 10, 144, -1,
					146, 144, 147, -1,
					147, 144, 145, -1,
					147, 145, 126, -1,
					126, 145, 127, -1,
					4, 7, 148, -1,
					148, 7, 146, -1,
					148, 146, 149, -1,
					149, 146, 147, -1,
					149, 147, 125, -1,
					125, 147, 126, -1,
					2, 4, 150, -1,
					150, 4, 148, -1,
					150, 148, 151, -1,
					151, 148, 149, -1,
					151, 149, 124, -1,
					124, 149, 125, -1,
					60, 2, 152, -1,
					152, 2, 150, -1,
					152, 150, 153, -1,
					153, 150, 151, -1,
					153, 151, 123, -1,
					123, 151, 124, -1,
					57, 60, 118, -1,
					118, 60, 152, -1,
					118, 152, 154, -1,
					154, 152, 153, -1,
					154, 153, 122, -1,
					122, 153, 123, -1,
					54, 57, 115, -1,
					111, 113, 133, -1,
					133, 113, 36, -1,
					133, 36, 34, -1,
					36, 113, 38, -1,
					118, 154, 119, -1,
					119, 154, 121, -1,
					119, 121, 120, -1,
					122, 121, 154, -1
				]
				normal Normal
				{
					vector
					[
						-0.996 -0.000 0.092,
						-1.000 -0.000 0.000,
						-0.996 0.021 0.090,
						-0.990 0.000 -0.138,
						-0.962 -0.061 -0.267,
						-0.962 0.000 -0.274,
						-0.895 0.000 -0.446,
						-0.798 -0.134 -0.588,
						-0.798 0.000 -0.603,
						-0.674 0.000 -0.739,
						-0.526 -0.189 -0.829,
						-0.526 0.000 -0.850,
						-0.361 0.000 -0.932,
						-0.184 -0.219 -0.958,
						-0.184 0.000 -0.983,
						0.000 0.000 -1.000,
						0.184 -0.219 -0.958,
						0.184 0.000 -0.983,
						0.361 0.000 -0.932,
						0.526 -0.189 -0.829,
						0.526 0.000 -0.850,
						0.674 0.000 -0.739,
						0.798 -0.134 -0.588,
						0.798 0.000 -0.603,
						0.895 0.000 -0.446,
						0.962 -0.061 -0.267,
						0.962 0.000 -0.274,
						0.990 0.000 -0.138,
						0.996 0.021 0.090,
						1.000 0.000 0.000,
						0.996 -0.000 0.092,
						0.962 -0.000 0.274,
						0.895 0.099 0.435,
						0.996 0.046 0.080,
						0.895 0.223 0.386,
						0.996 0.068 0.063,
						0.895 0.327 0.303,
						0.996 0.083 0.040,
						0.895 0.402 0.193,
						0.996 0.091 0.014,
						0.895 0.441 0.066,
						0.962 0.274 0.000,
						0.895 0.446 0.000,
						0.895 -0.000 0.446,
						0.798 -0.000 0.603,
						0.674 0.164 0.720,
						0.674 -0.000 0.739,
						0.526 -0.000 0.850,
						0.361 0.207 0.909,
						0.361 -0.000 0.932,
						0.184 -0.000 0.983,
						0.000 0.223 0.975,
						-0.000 -0.000 1.000,
						-0.184 -0.000 0.983,
						-0.361 0.207 0.909,
						-0.361 -0.000 0.932,
						-0.526 -0.000 0.850,
						-0.674 0.164 0.720,
						-0.674 -0.000 0.739,
						-0.798 -0.000 0.603,
						-0.895 0.099 0.435,
						-0.895 -0.000 0.446,
						-0.962 -0.000 0.274,
						-0.184 0.983 -0.000,
						0.000 1.000 0.000,
						-0.000 0.989 0.149,
						0.184 0.983 0.000,
						0.361 0.922 0.139,
						0.361 0.932 0.000,
						0.526 0.850 0.000,
						0.674 0.731 0.110,
						0.674 0.739 0.000,
						0.798 0.603 0.000,
						0.996 0.092 0.000,
						0.996 -0.092 0.000,
						0.962 -0.271 -0.041,
						0.962 -0.274 0.000,
						0.895 -0.446 0.000,
						0.798 -0.596 -0.090,
						0.798 -0.603 0.000,
						0.674 -0.739 0.000,
						0.526 -0.841 -0.127,
						0.526 -0.850 0.000,
						0.361 -0.932 0.000,
						0.184 -0.972 -0.147,
						0.184 -0.983 0.000,
						-0.000 -1.000 -0.000,
						-0.184 -0.972 -0.147,
						-0.184 -0.983 -0.000,
						-0.361 -0.932 -0.000,
						-0.526 -0.841 -0.127,
						-0.526 -0.850 -0.000,
						-0.674 -0.739 -0.000,
						-0.798 -0.596 -0.090,
						-0.798 -0.603 -0.000,
						-0.895 -0.446 -0.000,
						-0.962 -0.271 -0.041,
						-0.962 -0.274 -0.000,
						-0.996 -0.092 -0.000,
						-0.996 0.091 0.014,
						-0.996 0.092 -0.000,
						-0.962 0.274 -0.000,
						-0.895 0.441 0.066,
						-0.895 0.446 -0.000,
						-0.798 0.603 -0.000,
						-0.674 0.731 0.110,
						-0.674 0.739 -0.000,
						-0.526 0.850 -0.000,
						-0.361 0.922 0.139,
						-0.361 0.932 -0.000,
						0.000 0.500 0.866,
						0.361 0.466 0.808,
						0.361 0.684 0.634,
						0.674 0.542 0.503,
						0.674 0.666 0.321,
						-0.361 0.466 0.808,
						0.000 0.733 0.680,
						0.361 0.840 0.405,
						-0.674 0.370 0.640,
						-0.361 0.684 0.634,
						0.000 0.901 0.434,
						-0.361 0.840 0.405,
						-0.674 0.666 0.321,
						-0.895 0.402 0.193,
						-0.996 0.083 0.040,
						-0.962 -0.247 -0.119,
						-0.798 -0.543 -0.261,
						-0.526 -0.766 -0.369,
						-0.184 -0.886 -0.426,
						0.184 -0.886 -0.426,
						0.526 -0.766 -0.369,
						0.798 -0.543 -0.261,
						0.962 -0.247 -0.119,
						0.674 0.370 0.640,
						0.962 -0.137 -0.237,
						0.962 -0.201 -0.186,
						0.798 -0.301 -0.522,
						0.798 -0.442 -0.410,
						0.526 -0.425 -0.736,
						0.526 -0.623 -0.578,
						0.184 -0.491 -0.851,
						0.184 -0.721 -0.669,
						-0.184 -0.491 -0.851,
						-0.184 -0.721 -0.669,
						-0.526 -0.425 -0.736,
						-0.526 -0.623 -0.578,
						-0.798 -0.301 -0.522,
						-0.798 -0.442 -0.410,
						-0.962 -0.137 -0.237,
						-0.962 -0.201 -0.186,
						-0.996 0.046 0.080,
						-0.996 0.068 0.063,
						-0.895 0.223 0.386,
						-0.895 0.327 0.303,
						-0.674 0.542 0.503
					]
				}
				normalIndex
				[
					0, 1, 2, -1,
					2, 1, 3, -1,
					2, 3, 4, -1,
					4, 3, 5, -1,
					4, 5, 6, -1,
					4, 6, 7, -1,
					7, 6, 8, -1,
					7, 8, 9, -1,
					7, 9, 10, -1,
					10, 9, 11, -1,
					10, 11, 12, -1,
					10, 12, 13, -1,
					13, 12, 14, -1,
					13, 14, 15, -1,
					13, 15, 16, -1,
					16, 15, 17, -1,
					16, 17, 18, -1,
					16, 18, 19, -1,
					19, 18, 20, -1,
					19, 20, 21, -1,
					19, 21, 22, -1,
					22, 21, 23, -1,
					22, 23, 24, -1,
					22, 24, 25, -1,
					25, 24, 26, -1,
					25, 26, 27, -1,
					25, 27, 28, -1,
					28, 27, 29, -1,
					28, 29, 30, -1,
					30, 31, 28, -1,
					28, 31, 32, -1,
					28, 32, 33, -1,
					33, 32, 34, -1,
					33, 34, 35, -1,
					35, 34, 36, -1,
					35, 36, 37, -1,
					37, 36, 38, -1,
					37, 38, 39, -1,
					39, 38, 40, -1,
					39, 40, 41, -1,
					41, 40, 42, -1,
					31, 43, 32, -1,
					32, 43, 44, -1,
					32, 44, 45, -1,
					45, 44, 46, -1,
					45, 46, 47, -1,
					45, 47, 48, -1,
					48, 47, 49, -1,
					48, 49, 50, -1,
					48, 50, 51, -1,
					51, 50, 52, -1,
					51, 52, 53, -1,
					51, 53, 54, -1,
					54, 53, 55, -1,
					54, 55, 56, -1,
					54, 56, 57, -1,
					57, 56, 58, -1,
					57, 58, 59, -1,
					57, 59, 60, -1,
					60, 59, 61, -1,
					60, 61, 62, -1,
					60, 62, 2, -1,
					2, 62, 0, -1,
					63, 64, 65, -1,
					65, 64, 66, -1,
					65, 66, 67, -1,
					67, 66, 68, -1,
					67, 68, 69, -1,
					67, 69, 70, -1,
					70, 69, 71, -1,
					70, 71, 72, -1,
					70, 72, 40, -1,
					40, 72, 42, -1,
					41, 73, 39, -1,
					39, 73, 74, -1,
					39, 74, 75, -1,
					75, 74, 76, -1,
					75, 76, 77, -1,
					75, 77, 78, -1,
					78, 77, 79, -1,
					78, 79, 80, -1,
					78, 80, 81, -1,
					81, 80, 82, -1,
					81, 82, 83, -1,
					81, 83, 84, -1,
					84, 83, 85, -1,
					84, 85, 86, -1,
					84, 86, 87, -1,
					87, 86, 88, -1,
					87, 88, 89, -1,
					87, 89, 90, -1,
					90, 89, 91, -1,
					90, 91, 92, -1,
					90, 92, 93, -1,
					93, 92, 94, -1,
					93, 94, 95, -1,
					93, 95, 96, -1,
					96, 95, 97, -1,
					96, 97, 98, -1,
					96, 98, 99, -1,
					99, 98, 100, -1,
					99, 100, 101, -1,
					99, 101, 102, -1,
					102, 101, 103, -1,
					102, 103, 104, -1,
					102, 104, 105, -1,
					105, 104, 106, -1,
					105, 106, 107, -1,
					105, 107, 108, -1,
					108, 107, 109, -1,
					108, 109, 63, -1,
					51, 110, 111, -1,
					111, 110, 112, -1,
					111, 112, 113, -1,
					113, 112, 114, -1,
					113, 114, 38, -1,
					38, 114, 40, -1,
					54, 115, 110, -1,
					110, 115, 116, -1,
					110, 116, 112, -1,
					112, 116, 117, -1,
					112, 117, 114, -1,
					114, 117, 70, -1,
					114, 70, 40, -1,
					110, 51, 54, -1,
					57, 118, 115, -1,
					115, 118, 119, -1,
					115, 119, 116, -1,
					116, 119, 120, -1,
					116, 120, 117, -1,
					117, 120, 67, -1,
					117, 67, 70, -1,
					67, 120, 65, -1,
					65, 120, 121, -1,
					65, 121, 108, -1,
					108, 121, 122, -1,
					108, 122, 105, -1,
					105, 122, 123, -1,
					105, 123, 102, -1,
					102, 123, 124, -1,
					102, 124, 99, -1,
					99, 124, 125, -1,
					99, 125, 96, -1,
					96, 125, 126, -1,
					96, 126, 93, -1,
					93, 126, 127, -1,
					93, 127, 90, -1,
					90, 127, 128, -1,
					90, 128, 87, -1,
					87, 128, 129, -1,
					87, 129, 84, -1,
					84, 129, 130, -1,
					84, 130, 81, -1,
					81, 130, 131, -1,
					81, 131, 78, -1,
					78, 131, 132, -1,
					78, 132, 75, -1,
					75, 132, 37, -1,
					75, 37, 39, -1,
					65, 108, 63, -1,
					51, 111, 48, -1,
					48, 111, 133, -1,
					48, 133, 45, -1,
					45, 133, 34, -1,
					45, 34, 32, -1,
					25, 28, 134, -1,
					134, 28, 33, -1,
					134, 33, 135, -1,
					135, 33, 35, -1,
					135, 35, 132, -1,
					132, 35, 37, -1,
					22, 25, 136, -1,
					136, 25, 134, -1,
					136, 134, 137, -1,
					137, 134, 135, -1,
					137, 135, 131, -1,
					131, 135, 132, -1,
					19, 22, 138, -1,
					138, 22, 136, -1,
					138, 136, 139, -1,
					139, 136, 137, -1,
					139, 137, 130, -1,
					130, 137, 131, -1,
					16, 19, 140, -1,
					140, 19, 138, -1,
					140, 138, 141, -1,
					141, 138, 139, -1,
					141, 139, 129, -1,
					129, 139, 130, -1,
					13, 16, 142, -1,
					142, 16, 140, -1,
					142, 140, 143, -1,
					143, 140, 141, -1,
					143, 141, 128, -1,
					128, 141, 129, -1,
					10, 13, 144, -1,
					144, 13, 142, -1,
					144, 142, 145, -1,
					145, 142, 143, -1,
					145, 143, 127, -1,
					127, 143, 128, -1,
					7, 10, 146, -1,
					146, 10, 144, -1,
					146, 144, 147, -1,
					147, 144, 145, -1,
					147, 145, 126, -1,
					126, 145, 127, -1,
					4, 7, 148, -1,
					148, 7, 146, -1,
					148, 146, 149, -1,
					149, 146, 147, -1,
					149, 147, 125, -1,
					125, 147, 126, -1,
					2, 4, 150, -1,
					150, 4, 148, -1,
					150, 148, 151, -1,
					151, 148, 149, -1,
					151, 149, 124, -1,
					124, 149, 125, -1,
					60, 2, 152, -1,
					152, 2, 150, -1,
					152, 150, 153, -1,
					153, 150, 151, -1,
					153, 151, 123, -1,
					123, 151, 124, -1,
					57, 60, 118, -1,
					118, 60, 152, -1,
					118, 152, 154, -1,
					154, 152, 153, -1,
					154, 153, 122, -1,
					122, 153, 123, -1,
					54, 57, 115, -1,
					111, 113, 133, -1,
					133, 113, 36, -1,
					133, 36, 34, -1,
					36, 113, 38, -1,
					118, 154, 119, -1,
					119, 154, 121, -1,
					119, 121, 120, -1,
					122, 121, 154, -1
				]
			}
		}
		Shape
		{
			appearance Appearance
			{
				material Material
				{
					diffuseColor 0.812 0.812 0.812
				}
			}
			geometry IndexedFaceSet
			{
				creaseAngle 0.5
				solid TRUE
				coord Coordinate
				{
					point
					[
						0.416 0.059 -0.020,
						0.417 -0.540 -0.030,
						0.415 0.059 0.000,
						0.415 -0.540 0.000,
						0.416 -0.540 0.020,
						0.423 0.059 -0.060,
						0.423 -0.540 -0.060,
						0.438 -0.540 -0.098,
						0.438 0.059 -0.098,
						0.459 0.059 -0.133,
						0.487 0.059 -0.163,
						0.487 -0.540 -0.163,
						0.459 -0.540 -0.133,
						0.519 0.059 -0.187,
						0.519 -0.540 -0.187,
						0.556 -0.540 -0.205,
						0.556 0.059 -0.205,
						0.595 0.059 -0.216,
						0.635 0.059 -0.220,
						0.635 -0.540 -0.220,
						0.595 -0.540 -0.216,
						0.675 0.059 -0.216,
						0.675 -0.540 -0.216,
						0.714 -0.540 -0.205,
						0.714 0.059 -0.205,
						0.751 0.059 -0.187,
						0.783 0.059 -0.163,
						0.783 -0.540 -0.163,
						0.751 -0.540 -0.187,
						0.811 0.059 -0.133,
						0.811 -0.540 -0.133,
						0.832 -0.540 -0.098,
						0.832 0.059 -0.098,
						0.847 0.059 -0.060,
						0.847 0.059 0.060,
						0.847 -0.540 0.060,
						0.853 0.059 0.030,
						0.854 -0.540 0.020,
						0.855 0.059 0.000,
						0.855 -0.540 0.000,
						0.854 0.059 -0.020,
						0.853 -0.540 -0.030,
						0.847 -0.540 -0.060,
						0.832 0.059 0.098,
						0.832 -0.540 0.098,
						0.811 -0.540 0.133,
						0.811 0.059 0.133,
						0.783 0.059 0.163,
						0.751 0.059 0.187,
						0.751 -0.540 0.187,
						0.783 -0.540 0.163,
						0.714 0.059 0.205,
						0.714 -0.540 0.205,
						0.675 -0.540 0.216,
						0.675 0.059 0.216,
						0.635 0.059 0.220,
						0.595 0.059 0.216,
						0.595 -0.540 0.216,
						0.635 -0.540 0.220,
						0.556 0.059 0.205,
						0.556 -0.540 0.205,
						0.519 -0.540 0.187,
						0.519 0.059 0.187,
						0.487 0.059 0.163,
						0.459 0.059 0.133,
						0.459 -0.540 0.133,
						0.487 -0.540 0.163,
						0.438 0.059 0.098,
						0.438 -0.540 0.098,
						0.423 -0.540 0.060,
						0.423 0.059 0.060,
						0.417 0.059 0.030
					]
				}
				coordIndex
				[
					0, 1, 2, -1,
					2, 1, 3, -1,
					2, 3, 4, -1,
					0, 5, 1, -1,
					1, 5, 6, -1,
					6, 5, 7, -1,
					7, 5, 8, -1,
					7, 8, 9, -1,
					10, 11, 9, -1,
					9, 11, 12, -1,
					9, 12, 7, -1,
					10, 13, 11, -1,
					11, 13, 14, -1,
					14, 13, 15, -1,
					15, 13, 16, -1,
					15, 16, 17, -1,
					18, 19, 17, -1,
					17, 19, 20, -1,
					17, 20, 15, -1,
					18, 21, 19, -1,
					19, 21, 22, -1,
					22, 21, 23, -1,
					23, 21, 24, -1,
					23, 24, 25, -1,
					26, 27, 25, -1,
					25, 27, 28, -1,
					25, 28, 23, -1,
					26, 29, 27, -1,
					27, 29, 30, -1,
					30, 29, 31, -1,
					31, 29, 32, -1,
					31, 32, 33, -1,
					34, 35, 36, -1,
					36, 35, 37, -1,
					36, 37, 38, -1,
					38, 37, 39, -1,
					38, 39, 40, -1,
					40, 39, 41, -1,
					40, 41, 33, -1,
					33, 41, 42, -1,
					33, 42, 31, -1,
					34, 43, 35, -1,
					35, 43, 44, -1,
					44, 43, 45, -1,
					45, 43, 46, -1,
					45, 46, 47, -1,
					48, 49, 47, -1,
					47, 49, 50, -1,
					47, 50, 45, -1,
					48, 51, 49, -1,
					49, 51, 52, -1,
					52, 51, 53, -1,
					53, 51, 54, -1,
					53, 54, 55, -1,
					56, 57, 55, -1,
					55, 57, 58, -1,
					55, 58, 53, -1,
					56, 59, 57, -1,
					57, 59, 60, -1,
					60, 59, 61, -1,
					61, 59, 62, -1,
					61, 62, 63, -1,
					64, 65, 63, -1,
					63, 65, 66, -1,
					63, 66, 61, -1,
					64, 67, 65, -1,
					65, 67, 68, -1,
					68, 67, 69, -1,
					69, 67, 70, -1,
					69, 70, 71, -1,
					69, 71, 4, -1,
					4, 71, 2, -1
				]
				normal Normal
				{
					vector
					[
						-0.996 0.000 -0.092,
						-0.990 0.000 -0.138,
						-1.000 0.000 0.000,
						-0.996 0.000 0.092,
						-0.962 0.000 -0.274,
						-0.895 0.000 -0.446,
						-0.798 0.000 -0.603,
						-0.674 0.000 -0.739,
						-0.526 0.000 -0.850,
						-0.361 0.000 -0.932,
						-0.184 0.000 -0.983,
						0.000 0.000 -1.000,
						0.184 0.000 -0.983,
						0.361 0.000 -0.932,
						0.526 0.000 -0.850,
						0.674 0.000 -0.739,
						0.798 0.000 -0.603,
						0.895 0.000 -0.446,
						0.962 0.000 -0.274,
						0.962 0.000 0.274,
						0.990 0.000 0.138,
						0.996 0.000 0.092,
						1.000 -0.000 -0.000,
						0.996 0.000 -0.092,
						0.990 0.000 -0.138,
						0.895 0.000 0.446,
						0.798 0.000 0.603,
						0.674 0.000 0.739,
						0.526 0.000 0.850,
						0.361 0.000 0.932,
						0.184 0.000 0.983,
						0.000 0.000 1.000,
						-0.184 0.000 0.983,
						-0.361 0.000 0.932,
						-0.526 0.000 0.850,
						-0.674 0.000 0.739,
						-0.798 0.000 0.603,
						-0.895 0.000 0.446,
						-0.962 0.000 0.274,
						-0.990 0.000 0.138
					]
				}
				normalIndex
				[
					0, 1, 2, -1,
					2, 1, 2, -1,
					2, 2, 3, -1,
					0, 4, 1, -1,
					1, 4, 4, -1,
					4, 4, 5, -1,
					5, 4, 5, -1,
					5, 5, 6, -1,
					7, 7, 6, -1,
					6, 7, 6, -1,
					6, 6, 5, -1,
					7, 8, 7, -1,
					7, 8, 8, -1,
					8, 8, 9, -1,
					9, 8, 9, -1,
					9, 9, 10, -1,
					11, 11, 10, -1,
					10, 11, 10, -1,
					10, 10, 9, -1,
					11, 12, 11, -1,
					11, 12, 12, -1,
					12, 12, 13, -1,
					13, 12, 13, -1,
					13, 13, 14, -1,
					15, 15, 14, -1,
					14, 15, 14, -1,
					14, 14, 13, -1,
					15, 16, 15, -1,
					15, 16, 16, -1,
					16, 16, 17, -1,
					17, 16, 17, -1,
					17, 17, 18, -1,
					19, 19, 20, -1,
					20, 19, 21, -1,
					20, 21, 22, -1,
					22, 21, 22, -1,
					22, 22, 23, -1,
					23, 22, 24, -1,
					23, 24, 18, -1,
					18, 24, 18, -1,
					18, 18, 17, -1,
					19, 25, 19, -1,
					19, 25, 25, -1,
					25, 25, 26, -1,
					26, 25, 26, -1,
					26, 26, 27, -1,
					28, 28, 27, -1,
					27, 28, 27, -1,
					27, 27, 26, -1,
					28, 29, 28, -1,
					28, 29, 29, -1,
					29, 29, 30, -1,
					30, 29, 30, -1,
					30, 30, 31, -1,
					32, 32, 31, -1,
					31, 32, 31, -1,
					31, 31, 30, -1,
					32, 33, 32, -1,
					32, 33, 33, -1,
					33, 33, 34, -1,
					34, 33, 34, -1,
					34, 34, 35, -1,
					36, 36, 35, -1,
					35, 36, 35, -1,
					35, 35, 34, -1,
					36, 37, 36, -1,
					36, 37, 37, -1,
					37, 37, 38, -1,
					38, 37, 38, -1,
					38, 38, 39, -1,
					38, 39, 3, -1,
					3, 39, 2, -1
				]
			}
		}
		Shape
		{
			appearance Appearance
			{
				material Material
				{
					diffuseColor 0.812 0.812 0.812
				}
			}
			geometry IndexedFaceSet
			{
				creaseAngle 0.5
				solid TRUE
				coord Coordinate
				{
					point
					[
						0.388 0.129 0.034,
						0.386 0.129 0.000,
						0.390 0.126 -0.023,
						0.387 0.129 -0.023,
						0.395 0.129 -0.068,
						0.415 0.126 -0.110,
						0.412 0.129 -0.111,
						0.436 0.129 -0.150,
						0.469 0.126 -0.182,
						0.467 0.129 -0.184,
						0.504 0.129 -0.212,
						0.546 0.126 -0.229,
						0.545 0.129 -0.232,
						0.589 0.129 -0.245,
						0.635 0.126 -0.246,
						0.635 0.129 -0.249,
						0.681 0.129 -0.245,
						0.724 0.126 -0.229,
						0.725 0.129 -0.232,
						0.766 0.129 -0.212,
						0.801 0.126 -0.182,
						0.803 0.129 -0.184,
						0.834 0.129 -0.150,
						0.855 0.126 -0.110,
						0.858 0.129 -0.111,
						0.875 0.129 -0.068,
						0.880 0.126 -0.023,
						0.883 0.129 -0.023,
						0.884 0.129 0.000,
						0.882 0.129 0.034,
						0.872 0.126 0.067,
						0.853 0.095 0.062,
						0.816 0.095 0.137,
						0.832 0.059 0.098,
						0.811 0.059 0.133,
						0.875 0.129 0.068,
						0.858 0.129 0.111,
						0.831 0.126 0.148,
						0.834 0.129 0.150,
						0.803 0.129 0.184,
						0.765 0.126 0.209,
						0.766 0.129 0.212,
						0.725 0.129 0.232,
						0.680 0.126 0.242,
						0.681 0.129 0.245,
						0.635 0.129 0.249,
						0.590 0.126 0.242,
						0.589 0.129 0.245,
						0.545 0.129 0.232,
						0.505 0.126 0.209,
						0.504 0.129 0.212,
						0.467 0.129 0.184,
						0.439 0.126 0.148,
						0.436 0.129 0.150,
						0.412 0.129 0.111,
						0.398 0.126 0.067,
						0.395 0.129 0.068,
						0.416 0.059 -0.020,
						0.415 0.059 0.000,
						0.409 0.095 -0.021,
						0.417 0.059 0.030,
						0.417 0.095 0.062,
						0.423 0.059 0.060,
						0.438 0.059 0.098,
						0.454 0.095 0.137,
						0.459 0.059 0.133,
						0.487 0.059 0.163,
						0.516 0.095 0.193,
						0.519 0.059 0.187,
						0.556 0.059 0.205,
						0.593 0.095 0.223,
						0.595 0.059 0.216,
						0.635 0.059 0.220,
						0.677 0.095 0.223,
						0.675 0.059 0.216,
						0.714 0.059 0.205,
						0.754 0.095 0.193,
						0.751 0.059 0.187,
						0.783 0.059 0.163,
						0.847 0.059 0.060,
						0.853 0.059 0.030,
						0.861 0.095 -0.021,
						0.855 0.059 0.000,
						0.854 0.059 -0.020,
						0.847 0.059 -0.060,
						0.838 0.095 -0.101,
						0.832 0.059 -0.098,
						0.811 0.059 -0.133,
						0.788 0.095 -0.168,
						0.783 0.059 -0.163,
						0.751 0.059 -0.187,
						0.717 0.095 -0.211,
						0.714 0.059 -0.205,
						0.675 0.059 -0.216,
						0.635 0.095 -0.227,
						0.635 0.059 -0.220,
						0.595 0.059 -0.216,
						0.553 0.095 -0.211,
						0.556 0.059 -0.205,
						0.519 0.059 -0.187,
						0.482 0.095 -0.168,
						0.487 0.059 -0.163,
						0.459 0.059 -0.133,
						0.432 0.095 -0.101,
						0.438 0.059 -0.098,
						0.423 0.059 -0.060
					]
				}
				coordIndex
				[
					0, 1, 2, -1,
					2, 1, 3, -1,
					2, 3, 4, -1,
					2, 4, 5, -1,
					5, 4, 6, -1,
					5, 6, 7, -1,
					5, 7, 8, -1,
					8, 7, 9, -1,
					8, 9, 10, -1,
					8, 10, 11, -1,
					11, 10, 12, -1,
					11, 12, 13, -1,
					11, 13, 14, -1,
					14, 13, 15, -1,
					14, 15, 16, -1,
					14, 16, 17, -1,
					17, 16, 18, -1,
					17, 18, 19, -1,
					17, 19, 20, -1,
					20, 19, 21, -1,
					20, 21, 22, -1,
					20, 22, 23, -1,
					23, 22, 24, -1,
					23, 24, 25, -1,
					23, 25, 26, -1,
					26, 25, 27, -1,
					26, 27, 28, -1,
					28, 29, 26, -1,
					26, 29, 30, -1,
					26, 30, 31, -1,
					31, 30, 32, -1,
					31, 32, 33, -1,
					33, 32, 34, -1,
					29, 35, 30, -1,
					30, 35, 36, -1,
					30, 36, 37, -1,
					37, 36, 38, -1,
					37, 38, 39, -1,
					37, 39, 40, -1,
					40, 39, 41, -1,
					40, 41, 42, -1,
					40, 42, 43, -1,
					43, 42, 44, -1,
					43, 44, 45, -1,
					43, 45, 46, -1,
					46, 45, 47, -1,
					46, 47, 48, -1,
					46, 48, 49, -1,
					49, 48, 50, -1,
					49, 50, 51, -1,
					49, 51, 52, -1,
					52, 51, 53, -1,
					52, 53, 54, -1,
					52, 54, 55, -1,
					55, 54, 56, -1,
					55, 56, 0, -1,
					57, 58, 59, -1,
					59, 58, 60, -1,
					59, 60, 61, -1,
					61, 60, 62, -1,
					61, 62, 63, -1,
					61, 63, 64, -1,
					64, 63, 65, -1,
					64, 65, 66, -1,
					64, 66, 67, -1,
					67, 66, 68, -1,
					67, 68, 69, -1,
					67, 69, 70, -1,
					70, 69, 71, -1,
					70, 71, 72, -1,
					70, 72, 73, -1,
					73, 72, 74, -1,
					73, 74, 75, -1,
					73, 75, 76, -1,
					76, 75, 77, -1,
					76, 77, 78, -1,
					76, 78, 32, -1,
					32, 78, 34, -1,
					33, 79, 31, -1,
					31, 79, 80, -1,
					31, 80, 81, -1,
					81, 80, 82, -1,
					81, 82, 83, -1,
					83, 84, 81, -1,
					81, 84, 85, -1,
					81, 85, 23, -1,
					23, 85, 20, -1,
					84, 86, 85, -1,
					85, 86, 87, -1,
					85, 87, 88, -1,
					88, 87, 89, -1,
					88, 89, 90, -1,
					88, 90, 91, -1,
					91, 90, 92, -1,
					91, 92, 93, -1,
					91, 93, 94, -1,
					94, 93, 95, -1,
					94, 95, 96, -1,
					94, 96, 97, -1,
					97, 96, 98, -1,
					97, 98, 99, -1,
					97, 99, 100, -1,
					100, 99, 101, -1,
					100, 101, 102, -1,
					100, 102, 103, -1,
					103, 102, 104, -1,
					103, 104, 105, -1,
					103, 105, 59, -1,
					59, 105, 57, -1,
					20, 88, 17, -1,
					17, 88, 91, -1,
					17, 91, 14, -1,
					14, 91, 94, -1,
					14, 94, 11, -1,
					11, 94, 97, -1,
					11, 97, 8, -1,
					8, 97, 100, -1,
					8, 100, 5, -1,
					5, 100, 103, -1,
					5, 103, 2, -1,
					2, 103, 59, -1,
					2, 59, 55, -1,
					55, 59, 61, -1,
					55, 61, 52, -1,
					52, 61, 64, -1,
					52, 64, 49, -1,
					49, 64, 67, -1,
					49, 67, 46, -1,
					46, 67, 70, -1,
					46, 70, 43, -1,
					43, 70, 73, -1,
					43, 73, 40, -1,
					40, 73, 76, -1,
					40, 76, 37, -1,
					37, 76, 32, -1,
					37, 32, 30, -1,
					2, 55, 0, -1,
					88, 20, 85, -1,
					31, 81, 26, -1,
					26, 81, 23, -1
				]
				normal Normal
				{
					vector
					[
						-0.700 -0.707 0.098,
						-0.707 -0.707 -0.000,
						-0.736 -0.674 -0.068,
						-0.704 -0.707 -0.065,
						-0.680 -0.707 -0.194,
						-0.662 -0.674 -0.329,
						-0.633 -0.707 -0.315,
						-0.564 -0.707 -0.426,
						-0.498 -0.674 -0.546,
						-0.476 -0.707 -0.523,
						-0.372 -0.707 -0.601,
						-0.267 -0.674 -0.689,
						-0.255 -0.707 -0.659,
						-0.130 -0.707 -0.695,
						-0.000 -0.674 -0.739,
						0.000 -0.707 -0.707,
						0.130 -0.707 -0.695,
						0.267 -0.674 -0.689,
						0.255 -0.707 -0.659,
						0.372 -0.707 -0.601,
						0.498 -0.674 -0.546,
						0.476 -0.707 -0.523,
						0.564 -0.707 -0.426,
						0.662 -0.674 -0.329,
						0.633 -0.707 -0.315,
						0.680 -0.707 -0.194,
						0.736 -0.674 -0.068,
						0.704 -0.707 -0.065,
						0.707 -0.707 0.000,
						0.700 -0.707 0.098,
						0.711 -0.674 0.202,
						0.897 -0.361 0.255,
						0.744 -0.361 0.562,
						0.895 0.000 0.446,
						0.798 0.000 0.603,
						0.680 -0.707 0.194,
						0.633 -0.707 0.315,
						0.590 -0.674 0.445,
						0.564 -0.707 0.426,
						0.476 -0.707 0.523,
						0.389 -0.674 0.628,
						0.372 -0.707 0.601,
						0.255 -0.707 0.659,
						0.136 -0.674 0.726,
						0.130 -0.707 0.695,
						-0.000 -0.707 0.707,
						-0.136 -0.674 0.726,
						-0.130 -0.707 0.695,
						-0.255 -0.707 0.659,
						-0.389 -0.674 0.628,
						-0.372 -0.707 0.601,
						-0.476 -0.707 0.523,
						-0.590 -0.674 0.445,
						-0.564 -0.707 0.426,
						-0.633 -0.707 0.315,
						-0.711 -0.674 0.202,
						-0.680 -0.707 0.194,
						-0.996 0.000 -0.092,
						-1.000 0.000 -0.000,
						-0.928 -0.361 -0.086,
						-0.990 0.000 0.138,
						-0.897 -0.361 0.255,
						-0.962 0.000 0.274,
						-0.895 0.000 0.446,
						-0.744 -0.361 0.562,
						-0.798 0.000 0.603,
						-0.674 0.000 0.739,
						-0.491 -0.361 0.793,
						-0.526 0.000 0.850,
						-0.361 0.000 0.932,
						-0.171 -0.361 0.917,
						-0.184 0.000 0.983,
						-0.000 0.000 1.000,
						0.171 -0.361 0.917,
						0.184 0.000 0.983,
						0.361 0.000 0.932,
						0.491 -0.361 0.793,
						0.526 0.000 0.850,
						0.674 0.000 0.739,
						0.962 0.000 0.274,
						0.990 0.000 0.138,
						0.928 -0.361 -0.086,
						1.000 0.000 0.000,
						0.996 0.000 -0.092,
						0.962 0.000 -0.274,
						0.835 -0.361 -0.416,
						0.895 0.000 -0.446,
						0.798 0.000 -0.603,
						0.628 -0.361 -0.689,
						0.674 0.000 -0.739,
						0.526 0.000 -0.850,
						0.337 -0.361 -0.870,
						0.361 0.000 -0.932,
						0.184 0.000 -0.983,
						0.000 -0.361 -0.932,
						-0.000 -0.000 -1.000,
						-0.184 0.000 -0.983,
						-0.337 -0.361 -0.870,
						-0.361 0.000 -0.932,
						-0.526 0.000 -0.850,
						-0.628 -0.361 -0.689,
						-0.674 0.000 -0.739,
						-0.798 0.000 -0.603,
						-0.835 -0.361 -0.416,
						-0.895 0.000 -0.446,
						-0.962 0.000 -0.274
					]
				}
				normalIndex
				[
					0, 1, 2, -1,
					2, 1, 3, -1,
					2, 3, 4, -1,
					2, 4, 5, -1,
					5, 4, 6, -1,
					5, 6, 7, -1,
					5, 7, 8, -1,
					8, 7, 9, -1,
					8, 9, 10, -1,
					8, 10, 11, -1,
					11, 10, 12, -1,
					11, 12, 13, -1,
					11, 13, 14, -1,
					14, 13, 15, -1,
					14, 15, 16, -1,
					14, 16, 17, -1,
					17, 16, 18, -1,
					17, 18, 19, -1,
					17, 19, 20, -1,
					20, 19, 21, -1,
					20, 21, 22, -1,
					20, 22, 23, -1,
					23, 22, 24, -1,
					23, 24, 25, -1,
					23, 25, 26, -1,
					26, 25, 27, -1,
					26, 27, 28, -1,
					28, 29, 26, -1,
					26, 29, 30, -1,
					26, 30, 31, -1,
					31, 30, 32, -1,
					31, 32, 33, -1,
					33, 32, 34, -1,
					29, 35, 30, -1,
					30, 35, 36, -1,
					30, 36, 37, -1,
					37, 36, 38, -1,
					37, 38, 39, -1,
					37, 39, 40, -1,
					40, 39, 41, -1,
					40, 41, 42, -1,
					40, 42, 43, -1,
					43, 42, 44, -1,
					43, 44, 45, -1,
					43, 45, 46, -1,
					46, 45, 47, -1,
					46, 47, 48, -1,
					46, 48, 49, -1,
					49, 48, 50, -1,
					49, 50, 51, -1,
					49, 51, 52, -1,
					52, 51, 53, -1,
					52, 53, 54, -1,
					52, 54, 55, -1,
					55, 54, 56, -1,
					55, 56, 0, -1,
					57, 58, 59, -1,
					59, 58, 60, -1,
					59, 60, 61, -1,
					61, 60, 62, -1,
					61, 62, 63, -1,
					61, 63, 64, -1,
					64, 63, 65, -1,
					64, 65, 66, -1,
					64, 66, 67, -1,
					67, 66, 68, -1,
					67, 68, 69, -1,
					67, 69, 70, -1,
					70, 69, 71, -1,
					70, 71, 72, -1,
					70, 72, 73, -1,
					73, 72, 74, -1,
					73, 74, 75, -1,
					73, 75, 76, -1,
					76, 75, 77, -1,
					76, 77, 78, -1,
					76, 78, 32, -1,
					32, 78, 34, -1,
					33, 79, 31, -1,
					31, 79, 80, -1,
					31, 80, 81, -1,
					81, 80, 82, -1,
					81, 82, 83, -1,
					83, 84, 81, -1,
					81, 84, 85, -1,
					81, 85, 23, -1,
					23, 85, 20, -1,
					84, 86, 85, -1,
					85, 86, 87, -1,
					85, 87, 88, -1,
					88, 87, 89, -1,
					88, 89, 90, -1,
					88, 90, 91, -1,
					91, 90, 92, -1,
					91, 92, 93, -1,
					91, 93, 94, -1,
					94, 93, 95, -1,
					94, 95, 96, -1,
					94, 96, 97, -1,
					97, 96, 98, -1,
					97, 98, 99, -1,
					97, 99, 100, -1,
					100, 99, 101, -1,
					100, 101, 102, -1,
					100, 102, 103, -1,
					103, 102, 104, -1,
					103, 104, 105, -1,
					103, 105, 59, -1,
					59, 105, 57, -1,
					20, 88, 17, -1,
					17, 88, 91, -1,
					17, 91, 14, -1,
					14, 91, 94, -1,
					14, 94, 11, -1,
					11, 94, 97, -1,
					11, 97, 8, -1,
					8, 97, 100, -1,
					8, 100, 5, -1,
					5, 100, 103, -1,
					5, 103, 2, -1,
					2, 103, 59, -1,
					2, 59, 55, -1,
					55, 59, 61, -1,
					55, 61, 52, -1,
					52, 61, 64, -1,
					52, 64, 49, -1,
					49, 64, 67, -1,
					49, 67, 46, -1,
					46, 67, 70, -1,
					46, 70, 43, -1,
					43, 70, 73, -1,
					43, 73, 40, -1,
					40, 73, 76, -1,
					40, 76, 37, -1,
					37, 76, 32, -1,
					37, 32, 30, -1,
					2, 55, 0, -1,
					88, 20, 85, -1,
					31, 81, 26, -1,
					26, 81, 23, -1
				]
			}
		}
		Shape
		{
			appearance Appearance
			{
				material Material
				{
					diffuseColor 0.812 0.812 0.812
				}
			}
			geometry IndexedFaceSet
			{
				creaseAngle 0.5
				solid TRUE
				coord Coordinate
				{
					point
					[
						-0.883 0.129 -0.023,
						-0.884 0.129 0.000,
						-0.955 0.200 0.000,
						-0.882 0.129 0.034,
						-0.944 0.200 0.083,
						-0.875 0.129 0.068,
						-0.858 0.129 0.111,
						-0.912 0.200 0.160,
						-0.834 0.129 0.150,
						-0.861 0.200 0.226,
						-0.803 0.129 0.184,
						-0.766 0.129 0.212,
						-0.795 0.200 0.277,
						-0.725 0.129 0.232,
						-0.718 0.200 0.309,
						-0.681 0.129 0.245,
						-0.635 0.200 0.320,
						-0.635 0.129 0.249,
						-0.589 0.129 0.245,
						-0.552 0.200 0.309,
						-0.545 0.129 0.232,
						-0.475 0.200 0.277,
						-0.504 0.129 0.212,
						-0.467 0.129 0.184,
						-0.409 0.200 0.226,
						-0.436 0.129 0.150,
						-0.358 0.200 0.160,
						-0.412 0.129 0.111,
						-0.326 0.200 0.083,
						-0.395 0.129 0.068,
						-0.388 0.129 0.034,
						-0.315 0.200 -0.000,
						-0.386 0.129 0.000,
						-0.387 0.129 -0.023,
						-0.326 0.200 -0.083,
						-0.395 0.129 -0.068,
						-0.412 0.129 -0.111,
						-0.358 0.200 -0.160,
						-0.436 0.129 -0.150,
						-0.409 0.200 -0.226,
						-0.467 0.129 -0.184,
						-0.504 0.129 -0.212,
						-0.475 0.200 -0.277,
						-0.545 0.129 -0.232,
						-0.552 0.200 -0.309,
						-0.589 0.129 -0.245,
						-0.635 0.200 -0.320,
						-0.635 0.129 -0.249,
						-0.681 0.129 -0.245,
						-0.718 0.200 -0.309,
						-0.725 0.129 -0.232,
						-0.795 0.200 -0.277,
						-0.766 0.129 -0.212,
						-0.803 0.129 -0.184,
						-0.861 0.200 -0.226,
						-0.834 0.129 -0.150,
						-0.912 0.200 -0.160,
						-0.858 0.129 -0.111,
						-0.944 0.200 -0.083,
						-0.875 0.129 -0.068
					]
				}
				coordIndex
				[
					0, 1, 2, -1,
					2, 1, 3, -1,
					2, 3, 4, -1,
					4, 3, 5, -1,
					4, 5, 6, -1,
					4, 6, 7, -1,
					7, 6, 8, -1,
					7, 8, 9, -1,
					9, 8, 10, -1,
					9, 10, 11, -1,
					9, 11, 12, -1,
					12, 11, 13, -1,
					12, 13, 14, -1,
					14, 13, 15, -1,
					14, 15, 16, -1,
					16, 15, 17, -1,
					16, 17, 18, -1,
					16, 18, 19, -1,
					19, 18, 20, -1,
					19, 20, 21, -1,
					21, 20, 22, -1,
					21, 22, 23, -1,
					21, 23, 24, -1,
					24, 23, 25, -1,
					24, 25, 26, -1,
					26, 25, 27, -1,
					26, 27, 28, -1,
					28, 27, 29, -1,
					28, 29, 30, -1,
					28, 30, 31, -1,
					31, 30, 32, -1,
					31, 32, 33, -1,
					31, 33, 34, -1,
					34, 33, 35, -1,
					34, 35, 36, -1,
					34, 36, 37, -1,
					37, 36, 38, -1,
					37, 38, 39, -1,
					39, 38, 40, -1,
					39, 40, 41, -1,
					39, 41, 42, -1,
					42, 41, 43, -1,
					42, 43, 44, -1,
					44, 43, 45, -1,
					44, 45, 46, -1,
					46, 45, 47, -1,
					46, 47, 48, -1,
					46, 48, 49, -1,
					49, 48, 50, -1,
					49, 50, 51, -1,
					51, 50, 52, -1,
					51, 52, 53, -1,
					51, 53, 54, -1,
					54, 53, 55, -1,
					54, 55, 56, -1,
					56, 55, 57, -1,
					56, 57, 58, -1,
					58, 57, 59, -1,
					58, 59, 0, -1,
					2, 58, 0, -1
				]
				normal Normal
				{
					vector
					[
						-0.704 -0.707 -0.065,
						-0.707 -0.707 -0.000,
						-0.700 -0.707 0.098,
						-0.683 -0.707 0.183,
						-0.680 -0.707 0.194,
						-0.633 -0.707 0.315,
						-0.612 -0.707 0.354,
						-0.564 -0.707 0.426,
						-0.500 -0.707 0.500,
						-0.476 -0.707 0.523,
						-0.372 -0.707 0.601,
						-0.354 -0.707 0.612,
						-0.255 -0.707 0.659,
						-0.183 -0.707 0.683,
						-0.130 -0.707 0.695,
						-0.000 -0.707 0.707,
						0.130 -0.707 0.695,
						0.183 -0.707 0.683,
						0.255 -0.707 0.659,
						0.354 -0.707 0.612,
						0.372 -0.707 0.601,
						0.476 -0.707 0.523,
						0.500 -0.707 0.500,
						0.564 -0.707 0.426,
						0.612 -0.707 0.354,
						0.633 -0.707 0.315,
						0.683 -0.707 0.183,
						0.680 -0.707 0.194,
						0.700 -0.707 0.098,
						0.707 -0.707 0.000,
						0.704 -0.707 -0.065,
						0.683 -0.707 -0.183,
						0.680 -0.707 -0.194,
						0.633 -0.707 -0.315,
						0.612 -0.707 -0.354,
						0.564 -0.707 -0.426,
						0.500 -0.707 -0.500,
						0.476 -0.707 -0.523,
						0.372 -0.707 -0.601,
						0.354 -0.707 -0.612,
						0.255 -0.707 -0.659,
						0.183 -0.707 -0.683,
						0.130 -0.707 -0.695,
						-0.000 -0.707 -0.707,
						-0.130 -0.707 -0.695,
						-0.183 -0.707 -0.683,
						-0.255 -0.707 -0.659,
						-0.354 -0.707 -0.612,
						-0.372 -0.707 -0.601,
						-0.476 -0.707 -0.523,
						-0.500 -0.707 -0.500,
						-0.564 -0.707 -0.426,
						-0.612 -0.707 -0.354,
						-0.633 -0.707 -0.315,
						-0.683 -0.707 -0.183,
						-0.680 -0.707 -0.194
					]
				}
				normalIndex
				[
					0, 1, 1, -1,
					1, 1, 2, -1,
					1, 2, 3, -1,
					3, 2, 4, -1,
					3, 4, 5, -1,
					3, 5, 6, -1,
					6, 5, 7, -1,
					6, 7, 8, -1,
					8, 7, 9, -1,
					8, 9, 10, -1,
					8, 10, 11, -1,
					11, 10, 12, -1,
					11, 12, 13, -1,
					13, 12, 14, -1,
					13, 14, 15, -1,
					15, 14, 15, -1,
					15, 15, 16, -1,
					15, 16, 17, -1,
					17, 16, 18, -1,
					17, 18, 19, -1,
					19, 18, 20, -1,
					19, 20, 21, -1,
					19, 21, 22, -1,
					22, 21, 23, -1,
					22, 23, 24, -1,
					24, 23, 25, -1,
					24, 25, 26, -1,
					26, 25, 27, -1,
					26, 27, 28, -1,
					26, 28, 29, -1,
					29, 28, 29, -1,
					29, 29, 30, -1,
					29, 30, 31, -1,
					31, 30, 32, -1,
					31, 32, 33, -1,
					31, 33, 34, -1,
					34, 33, 35, -1,
					34, 35, 36, -1,
					36, 35, 37, -1,
					36, 37, 38, -1,
					36, 38, 39, -1,
					39, 38, 40, -1,
					39, 40, 41, -1,
					41, 40, 42, -1,
					41, 42, 43, -1,
					43, 42, 43, -1,
					43, 43, 44, -1,
					43, 44, 45, -1,
					45, 44, 46, -1,
					45, 46, 47, -1,
					47, 46, 48, -1,
					47, 48, 49, -1,
					47, 49, 50, -1,
					50, 49, 51, -1,
					50, 51, 52, -1,
					52, 51, 53, -1,
					52, 53, 54, -1,
					54, 53, 55, -1,
					54, 55, 0, -1,
					1, 54, 0, -1
				]
			}
		}
		Shape
		{
			appearance Appearance
			{
				material Material
				{
					diffuseColor 0.812 0.812 0.812
				}
			}
			geometry IndexedFaceSet
			{
				creaseAngle 0.5
				solid TRUE
				coord Coordinate
				{
					point
					[
						-0.444 -1.090 3.880,
						-0.451 -1.086 3.918,
						-0.422 -1.143 3.880,
						-0.422 -1.160 3.918,
						-0.415 -1.200 3.880,
						-0.422 -1.240 3.918,
						-0.422 -1.257 3.880,
						-0.451 -1.314 3.918,
						-0.444 -1.310 3.880,
						-0.479 -1.356 3.880,
						-0.479 -1.044 3.880,
						-0.504 -1.027 3.918,
						-0.520 -1.048 3.990,
						-0.583 -1.017 3.990,
						-0.596 -1.064 4.049,
						-0.648 -1.059 4.049,
						-0.642 -1.125 4.087,
						-0.669 -1.133 4.087,
						-0.635 -1.200 4.100,
						-0.525 -1.009 3.880,
						-0.576 -0.992 3.918,
						-0.653 -1.010 3.990,
						-0.698 -1.073 4.049,
						-0.691 -1.149 4.087,
						-0.578 -0.987 3.880,
						-0.635 -0.980 3.880,
						-0.655 -0.984 3.918,
						-0.692 -0.987 3.880,
						-0.732 -1.006 3.918,
						-0.745 -1.009 3.880,
						-0.795 -1.054 3.918,
						-0.791 -1.044 3.880,
						-0.826 -1.090 3.880,
						-0.837 -1.122 3.918,
						-0.848 -1.143 3.880,
						-0.852 -1.200 3.918,
						-0.855 -1.200 3.880,
						-0.848 -1.257 3.880,
						-0.837 -1.278 3.918,
						-0.826 -1.310 3.880,
						-0.795 -1.346 3.918,
						-0.791 -1.356 3.880,
						-0.745 -1.391 3.880,
						-0.732 -1.394 3.918,
						-0.692 -1.413 3.880,
						-0.655 -1.416 3.918,
						-0.635 -1.420 3.880,
						-0.576 -1.408 3.918,
						-0.578 -1.413 3.880,
						-0.525 -1.391 3.880,
						-0.504 -1.373 3.918,
						-0.614 -1.128 4.087,
						-0.473 -1.100 3.990,
						-0.448 -1.165 3.990,
						-0.448 -1.235 3.990,
						-0.473 -1.300 3.990,
						-0.520 -1.352 3.990,
						-0.583 -1.383 3.990,
						-0.653 -1.390 3.990,
						-0.720 -1.371 3.990,
						-0.776 -1.328 3.990,
						-0.813 -1.269 3.990,
						-0.826 -1.200 3.990,
						-0.813 -1.131 3.990,
						-0.776 -1.072 3.990,
						-0.720 -1.029 3.990,
						-0.550 -1.087 4.049,
						-0.515 -1.126 4.049,
						-0.496 -1.174 4.049,
						-0.496 -1.226 4.049,
						-0.515 -1.274 4.049,
						-0.550 -1.313 4.049,
						-0.596 -1.336 4.049,
						-0.648 -1.341 4.049,
						-0.698 -1.327 4.049,
						-0.740 -1.295 4.049,
						-0.767 -1.251 4.049,
						-0.776 -1.200 4.049,
						-0.767 -1.149 4.049,
						-0.740 -1.105 4.049,
						-0.590 -1.140 4.087,
						-0.571 -1.160 4.087,
						-0.561 -1.186 4.087,
						-0.561 -1.214 4.087,
						-0.571 -1.240 4.087,
						-0.590 -1.260 4.087,
						-0.614 -1.272 4.087,
						-0.642 -1.275 4.087,
						-0.669 -1.267 4.087,
						-0.691 -1.251 4.087,
						-0.705 -1.227 4.087,
						-0.710 -1.200 4.087,
						-0.705 -1.173 4.087
					]
				}
				coordIndex
				[
					0, 1, 2, -1,
					2, 1, 3, -1,
					2, 3, 4, -1,
					4, 3, 5, -1,
					4, 5, 6, -1,
					6, 5, 7, -1,
					6, 7, 8, -1,
					8, 7, 9, -1,
					0, 10, 1, -1,
					1, 10, 11, -1,
					1, 11, 12, -1,
					12, 11, 13, -1,
					12, 13, 14, -1,
					14, 13, 15, -1,
					14, 15, 16, -1,
					16, 15, 17, -1,
					16, 17, 18, -1,
					10, 19, 11, -1,
					11, 19, 20, -1,
					11, 20, 13, -1,
					13, 20, 21, -1,
					13, 21, 15, -1,
					15, 21, 22, -1,
					15, 22, 17, -1,
					17, 22, 23, -1,
					17, 23, 18, -1,
					19, 24, 20, -1,
					20, 24, 25, -1,
					20, 25, 26, -1,
					26, 25, 27, -1,
					26, 27, 28, -1,
					28, 27, 29, -1,
					28, 29, 30, -1,
					30, 29, 31, -1,
					30, 31, 32, -1,
					30, 32, 33, -1,
					33, 32, 34, -1,
					33, 34, 35, -1,
					35, 34, 36, -1,
					35, 36, 37, -1,
					35, 37, 38, -1,
					38, 37, 39, -1,
					38, 39, 40, -1,
					40, 39, 41, -1,
					40, 41, 42, -1,
					40, 42, 43, -1,
					43, 42, 44, -1,
					43, 44, 45, -1,
					45, 44, 46, -1,
					45, 46, 47, -1,
					47, 46, 48, -1,
					47, 48, 49, -1,
					47, 49, 50, -1,
					50, 49, 9, -1,
					50, 9, 7, -1,
					16, 18, 51, -1,
					1, 52, 3, -1,
					3, 52, 53, -1,
					3, 53, 5, -1,
					5, 53, 54, -1,
					5, 54, 7, -1,
					7, 54, 55, -1,
					7, 55, 50, -1,
					50, 55, 56, -1,
					50, 56, 47, -1,
					47, 56, 57, -1,
					47, 57, 45, -1,
					45, 57, 58, -1,
					45, 58, 43, -1,
					43, 58, 59, -1,
					43, 59, 40, -1,
					40, 59, 60, -1,
					40, 60, 38, -1,
					38, 60, 61, -1,
					38, 61, 35, -1,
					35, 61, 62, -1,
					35, 62, 33, -1,
					33, 62, 63, -1,
					33, 63, 30, -1,
					30, 63, 64, -1,
					30, 64, 28, -1,
					28, 64, 65, -1,
					28, 65, 26, -1,
					26, 65, 21, -1,
					26, 21, 20, -1,
					12, 66, 52, -1,
					52, 66, 67, -1,
					52, 67, 53, -1,
					53, 67, 68, -1,
					53, 68, 54, -1,
					54, 68, 69, -1,
					54, 69, 55, -1,
					55, 69, 70, -1,
					55, 70, 56, -1,
					56, 70, 71, -1,
					56, 71, 57, -1,
					57, 71, 72, -1,
					57, 72, 58, -1,
					58, 72, 73, -1,
					58, 73, 59, -1,
					59, 73, 74, -1,
					59, 74, 60, -1,
					60, 74, 75, -1,
					60, 75, 61, -1,
					61, 75, 76, -1,
					61, 76, 62, -1,
					62, 76, 77, -1,
					62, 77, 63, -1,
					63, 77, 78, -1,
					63, 78, 64, -1,
					64, 78, 79, -1,
					64, 79, 65, -1,
					65, 79, 22, -1,
					65, 22, 21, -1,
					14, 51, 66, -1,
					66, 51, 80, -1,
					66, 80, 67, -1,
					67, 80, 81, -1,
					67, 81, 68, -1,
					68, 81, 82, -1,
					68, 82, 69, -1,
					69, 82, 83, -1,
					69, 83, 70, -1,
					70, 83, 84, -1,
					70, 84, 71, -1,
					71, 84, 85, -1,
					71, 85, 72, -1,
					72, 85, 86, -1,
					72, 86, 73, -1,
					73, 86, 87, -1,
					73, 87, 74, -1,
					74, 87, 88, -1,
					74, 88, 75, -1,
					75, 88, 89, -1,
					75, 89, 76, -1,
					76, 89, 90, -1,
					76, 90, 77, -1,
					77, 90, 91, -1,
					77, 91, 78, -1,
					78, 91, 92, -1,
					78, 92, 79, -1,
					79, 92, 23, -1,
					79, 23, 22, -1,
					91, 18, 92, -1,
					82, 18, 83, -1,
					83, 18, 84, -1,
					52, 1, 12, -1,
					81, 18, 82, -1,
					66, 12, 14, -1,
					80, 18, 81, -1,
					51, 18, 80, -1,
					51, 14, 16, -1,
					92, 18, 23, -1,
					90, 18, 91, -1,
					89, 18, 90, -1,
					88, 18, 89, -1,
					87, 18, 88, -1,
					86, 18, 87, -1,
					85, 18, 86, -1,
					84, 18, 85, -1
				]
				normal Normal
				{
					vector
					[
						0.866 0.500 -0.000,
						0.837 0.518 0.174,
						0.966 0.259 -0.000,
						0.968 0.181 0.174,
						1.000 -0.000 -0.000,
						0.968 -0.181 0.174,
						0.966 -0.259 -0.000,
						0.837 -0.518 0.174,
						0.866 -0.500 -0.000,
						0.707 -0.707 -0.000,
						0.707 0.707 -0.000,
						0.593 0.786 0.174,
						0.522 0.691 0.500,
						0.237 0.833 0.500,
						0.176 0.618 0.766,
						-0.059 0.640 0.766,
						-0.032 0.341 0.940,
						-0.152 0.306 0.940,
						-0.000 -0.000 1.000,
						0.500 0.866 -0.000,
						0.270 0.947 0.174,
						-0.080 0.862 0.500,
						-0.287 0.575 0.766,
						-0.253 0.230 0.940,
						0.259 0.966 -0.000,
						0.000 1.000 -0.000,
						-0.091 0.981 0.174,
						-0.259 0.966 -0.000,
						-0.439 0.882 0.174,
						-0.500 0.866 -0.000,
						-0.728 0.663 0.174,
						-0.707 0.707 -0.000,
						-0.866 0.500 -0.000,
						-0.918 0.356 0.174,
						-0.966 0.259 -0.000,
						-0.985 0.000 0.174,
						-1.000 -0.000 -0.000,
						-0.966 -0.259 -0.000,
						-0.918 -0.356 0.174,
						-0.866 -0.500 -0.000,
						-0.728 -0.663 0.174,
						-0.707 -0.707 -0.000,
						-0.500 -0.866 -0.000,
						-0.439 -0.882 0.174,
						-0.259 -0.966 -0.000,
						-0.091 -0.981 0.174,
						0.000 -1.000 -0.000,
						0.270 -0.947 0.174,
						0.259 -0.966 -0.000,
						0.500 -0.866 -0.000,
						0.593 -0.786 0.174,
						0.094 0.329 0.940,
						0.736 0.456 0.500,
						0.851 0.159 0.500,
						0.851 -0.159 0.500,
						0.736 -0.456 0.500,
						0.522 -0.691 0.500,
						0.237 -0.833 0.500,
						-0.080 -0.862 0.500,
						-0.386 -0.775 0.500,
						-0.640 -0.583 0.500,
						-0.808 -0.313 0.500,
						-0.866 0.000 0.500,
						-0.808 0.313 0.500,
						-0.640 0.583 0.500,
						-0.386 0.775 0.500,
						0.387 0.513 0.766,
						0.547 0.338 0.766,
						0.632 0.118 0.766,
						0.632 -0.118 0.766,
						0.547 -0.338 0.766,
						0.387 -0.513 0.766,
						0.176 -0.618 0.766,
						-0.059 -0.640 0.766,
						-0.287 -0.575 0.766,
						-0.475 -0.433 0.766,
						-0.599 -0.232 0.766,
						-0.643 0.000 0.766,
						-0.599 0.232 0.766,
						-0.475 0.433 0.766,
						0.206 0.273 0.940,
						0.291 0.180 0.940,
						0.336 0.063 0.940,
						0.336 -0.063 0.940,
						0.291 -0.180 0.940,
						0.206 -0.273 0.940,
						0.094 -0.329 0.940,
						-0.032 -0.341 0.940,
						-0.152 -0.306 0.940,
						-0.253 -0.230 0.940,
						-0.319 -0.124 0.940,
						-0.342 -0.000 0.940,
						-0.319 0.124 0.940
					]
				}
				normalIndex
				[
					0, 1, 2, -1,
					2, 1, 3, -1,
					2, 3, 4, -1,
					4, 3, 5, -1,
					4, 5, 6, -1,
					6, 5, 7, -1,
					6, 7, 8, -1,
					8, 7, 9, -1,
					0, 10, 1, -1,
					1, 10, 11, -1,
					1, 11, 12, -1,
					12, 11, 13, -1,
					12, 13, 14, -1,
					14, 13, 15, -1,
					14, 15, 16, -1,
					16, 15, 17, -1,
					16, 17, 18, -1,
					10, 19, 11, -1,
					11, 19, 20, -1,
					11, 20, 13, -1,
					13, 20, 21, -1,
					13, 21, 15, -1,
					15, 21, 22, -1,
					15, 22, 17, -1,
					17, 22, 23, -1,
					17, 23, 18, -1,
					19, 24, 20, -1,
					20, 24, 25, -1,
					20, 25, 26, -1,
					26, 25, 27, -1,
					26, 27, 28, -1,
					28, 27, 29, -1,
					28, 29, 30, -1,
					30, 29, 31, -1,
					30, 31, 32, -1,
					30, 32, 33, -1,
					33, 32, 34, -1,
					33, 34, 35, -1,
					35, 34, 36, -1,
					35, 36, 37, -1,
					35, 37, 38, -1,
					38, 37, 39, -1,
					38, 39, 40, -1,
					40, 39, 41, -1,
					40, 41, 42, -1,
					40, 42, 43, -1,
					43, 42, 44, -1,
					43, 44, 45, -1,
					45, 44, 46, -1,
					45, 46, 47, -1,
					47, 46, 48, -1,
					47, 48, 49, -1,
					47, 49, 50, -1,
					50, 49, 9, -1,
					50, 9, 7, -1,
					16, 18, 51, -1,
					1, 52, 3, -1,
					3, 52, 53, -1,
					3, 53, 5, -1,
					5, 53, 54, -1,
					5, 54, 7, -1,
					7, 54, 55, -1,
					7, 55, 50, -1,
					50, 55, 56, -1,
					50, 56, 47, -1,
					47, 56, 57, -1,
					47, 57, 45, -1,
					45, 57, 58, -1,
					45, 58, 43, -1,
					43, 58, 59, -1,
					43, 59, 40, -1,
					40, 59, 60, -1,
					40, 60, 38, -1,
					38, 60, 61, -1,
					38, 61, 35, -1,
					35, 61, 62, -1,
					35, 62, 33, -1,
					33, 62, 63, -1,
					33, 63, 30, -1,
					30, 63, 64, -1,
					30, 64, 28, -1,
					28, 64, 65, -1,
					28, 65, 26, -1,
					26, 65, 21, -1,
					26, 21, 20, -1,
					12, 66, 52, -1,
					52, 66, 67, -1,
					52, 67, 53, -1,
					53, 67, 68, -1,
					53, 68, 54, -1,
					54, 68, 69, -1,
					54, 69, 55, -1,
					55, 69, 70, -1,
					55, 70, 56, -1,
					56, 70, 71, -1,
					56, 71, 57, -1,
					57, 71, 72, -1,
					57, 72, 58, -1,
					58, 72, 73, -1,
					58, 73, 59, -1,
					59, 73, 74, -1,
					59, 74, 60, -1,
					60, 74, 75, -1,
					60, 75, 61, -1,
					61, 75, 76, -1,
					61, 76, 62, -1,
					62, 76, 77, -1,
					62, 77, 63, -1,
					63, 77, 78, -1,
					63, 78, 64, -1,
					64, 78, 79, -1,
					64, 79, 65, -1,
					65, 79, 22, -1,
					65, 22, 21, -1,
					14, 51, 66, -1,
					66, 51, 80, -1,
					66, 80, 67, -1,
					67, 80, 81, -1,
					67, 81, 68, -1,
					68, 81, 82, -1,
					68, 82, 69, -1,
					69, 82, 83, -1,
					69, 83, 70, -1,
					70, 83, 84, -1,
					70, 84, 71, -1,
					71, 84, 85, -1,
					71, 85, 72, -1,
					72, 85, 86, -1,
					72, 86, 73, -1,
					73, 86, 87, -1,
					73, 87, 74, -1,
					74, 87, 88, -1,
					74, 88, 75, -1,
					75, 88, 89, -1,
					75, 89, 76, -1,
					76, 89, 90, -1,
					76, 90, 77, -1,
					77, 90, 91, -1,
					77, 91, 78, -1,
					78, 91, 92, -1,
					78, 92, 79, -1,
					79, 92, 23, -1,
					79, 23, 22, -1,
					91, 18, 92, -1,
					82, 18, 83, -1,
					83, 18, 84, -1,
					52, 1, 12, -1,
					81, 18, 82, -1,
					66, 12, 14, -1,
					80, 18, 81, -1,
					51, 18, 80, -1,
					51, 14, 16, -1,
					92, 18, 23, -1,
					90, 18, 91, -1,
					89, 18, 90, -1,
					88, 18, 89, -1,
					87, 18, 88, -1,
					86, 18, 87, -1,
					85, 18, 86, -1,
					84, 18, 85, -1
				]
			}
		}
		Shape
		{
			appearance Appearance
			{
				material Material
				{
					diffuseColor 0.812 0.812 0.812
				}
			}
			geometry IndexedFaceSet
			{
				creaseAngle 0.5
				solid TRUE
				coord Coordinate
				{
					point
					[
						-0.595 -0.984 0.660,
						-0.635 -0.980 0.660,
						-0.635 -0.980 3.880,
						-0.675 -0.984 0.660,
						-0.692 -0.987 3.880,
						-0.714 -0.995 0.660,
						-0.745 -1.009 3.880,
						-0.751 -1.013 0.660,
						-0.783 -1.037 0.660,
						-0.791 -1.044 3.880,
						-0.811 -1.067 0.660,
						-0.826 -1.090 3.880,
						-0.832 -1.102 0.660,
						-0.848 -1.143 3.880,
						-0.847 -1.140 0.660,
						-0.854 -1.180 0.660,
						-0.855 -1.200 3.880,
						-0.854 -1.220 0.660,
						-0.848 -1.257 3.880,
						-0.847 -1.260 0.660,
						-0.832 -1.298 0.660,
						-0.826 -1.310 3.880,
						-0.811 -1.333 0.660,
						-0.791 -1.356 3.880,
						-0.783 -1.363 0.660,
						-0.751 -1.387 0.660,
						-0.745 -1.391 3.880,
						-0.714 -1.405 0.660,
						-0.692 -1.413 3.880,
						-0.675 -1.416 0.660,
						-0.635 -1.420 3.880,
						-0.635 -1.420 0.660,
						-0.595 -1.416 0.660,
						-0.578 -1.413 3.880,
						-0.556 -1.405 0.660,
						-0.525 -1.391 3.880,
						-0.519 -1.387 0.660,
						-0.487 -1.363 0.660,
						-0.479 -1.356 3.880,
						-0.459 -1.333 0.660,
						-0.444 -1.310 3.880,
						-0.438 -1.298 0.660,
						-0.422 -1.257 3.880,
						-0.423 -1.260 0.660,
						-0.416 -1.220 0.660,
						-0.415 -1.200 3.880,
						-0.416 -1.180 0.660,
						-0.422 -1.143 3.880,
						-0.423 -1.140 0.660,
						-0.438 -1.102 0.660,
						-0.444 -1.090 3.880,
						-0.459 -1.067 0.660,
						-0.479 -1.044 3.880,
						-0.487 -1.037 0.660,
						-0.519 -1.013 0.660,
						-0.525 -1.009 3.880,
						-0.556 -0.995 0.660,
						-0.578 -0.987 3.880
					]
				}
				coordIndex
				[
					0, 1, 2, -1,
					2, 1, 3, -1,
					2, 3, 4, -1,
					4, 3, 5, -1,
					4, 5, 6, -1,
					6, 5, 7, -1,
					6, 7, 8, -1,
					6, 8, 9, -1,
					9, 8, 10, -1,
					9, 10, 11, -1,
					11, 10, 12, -1,
					11, 12, 13, -1,
					13, 12, 14, -1,
					13, 14, 15, -1,
					13, 15, 16, -1,
					16, 15, 17, -1,
					16, 17, 18, -1,
					18, 17, 19, -1,
					18, 19, 20, -1,
					18, 20, 21, -1,
					21, 20, 22, -1,
					21, 22, 23, -1,
					23, 22, 24, -1,
					23, 24, 25, -1,
					23, 25, 26, -1,
					26, 25, 27, -1,
					26, 27, 28, -1,
					28, 27, 29, -1,
					28, 29, 30, -1,
					30, 29, 31, -1,
					30, 31, 32, -1,
					30, 32, 33, -1,
					33, 32, 34, -1,
					33, 34, 35, -1,
					35, 34, 36, -1,
					35, 36, 37, -1,
					35, 37, 38, -1,
					38, 37, 39, -1,
					38, 39, 40, -1,
					40, 39, 41, -1,
					40, 41, 42, -1,
					42, 41, 43, -1,
					42, 43, 44, -1,
					42, 44, 45, -1,
					45, 44, 46, -1,
					45, 46, 47, -1,
					47, 46, 48, -1,
					47, 48, 49, -1,
					47, 49, 50, -1,
					50, 49, 51, -1,
					50, 51, 52, -1,
					52, 51, 53, -1,
					52, 53, 54, -1,
					52, 54, 55, -1,
					55, 54, 56, -1,
					55, 56, 57, -1,
					57, 56, 0, -1,
					57, 0, 2, -1
				]
				normal Normal
				{
					vector
					[
						0.184 0.983 -0.000,
						0.000 1.000 0.000,
						-0.184 0.983 0.000,
						-0.259 0.966 0.000,
						-0.361 0.932 0.000,
						-0.500 0.866 0.000,
						-0.526 0.850 0.000,
						-0.674 0.739 0.000,
						-0.707 0.707 0.000,
						-0.798 0.603 0.000,
						-0.866 0.500 -0.000,
						-0.895 0.446 0.000,
						-0.966 0.259 0.000,
						-0.962 0.274 0.000,
						-0.996 0.092 -0.000,
						-1.000 -0.000 0.000,
						-0.996 -0.092 0.000,
						-0.966 -0.259 0.000,
						-0.962 -0.274 0.000,
						-0.895 -0.446 0.000,
						-0.866 -0.500 0.000,
						-0.798 -0.603 0.000,
						-0.707 -0.707 0.000,
						-0.674 -0.739 0.000,
						-0.526 -0.850 0.000,
						-0.500 -0.866 0.000,
						-0.361 -0.932 0.000,
						-0.259 -0.966 0.000,
						-0.184 -0.983 0.000,
						0.000 -1.000 0.000,
						0.184 -0.983 0.000,
						0.259 -0.966 0.000,
						0.361 -0.932 0.000,
						0.500 -0.866 0.000,
						0.526 -0.850 0.000,
						0.674 -0.739 0.000,
						0.707 -0.707 0.000,
						0.798 -0.603 0.000,
						0.866 -0.500 -0.000,
						0.895 -0.446 0.000,
						0.966 -0.259 0.000,
						0.962 -0.274 -0.000,
						0.996 -0.092 0.000,
						1.000 0.000 0.000,
						0.996 0.092 0.000,
						0.966 0.259 0.000,
						0.962 0.274 0.000,
						0.895 0.446 0.000,
						0.866 0.500 0.000,
						0.798 0.603 0.000,
						0.707 0.707 0.000,
						0.674 0.739 0.000,
						0.526 0.850 0.000,
						0.500 0.866 -0.000,
						0.361 0.932 0.000,
						0.259 0.966 0.000
					]
				}
				normalIndex
				[
					0, 1, 1, -1,
					1, 1, 2, -1,
					1, 2, 3, -1,
					3, 2, 4, -1,
					3, 4, 5, -1,
					5, 4, 6, -1,
					5, 6, 7, -1,
					5, 7, 8, -1,
					8, 7, 9, -1,
					8, 9, 10, -1,
					10, 9, 11, -1,
					10, 11, 12, -1,
					12, 11, 13, -1,
					12, 13, 14, -1,
					12, 14, 15, -1,
					15, 14, 16, -1,
					15, 16, 17, -1,
					17, 16, 18, -1,
					17, 18, 19, -1,
					17, 19, 20, -1,
					20, 19, 21, -1,
					20, 21, 22, -1,
					22, 21, 23, -1,
					22, 23, 24, -1,
					22, 24, 25, -1,
					25, 24, 26, -1,
					25, 26, 27, -1,
					27, 26, 28, -1,
					27, 28, 29, -1,
					29, 28, 29, -1,
					29, 29, 30, -1,
					29, 30, 31, -1,
					31, 30, 32, -1,
					31, 32, 33, -1,
					33, 32, 34, -1,
					33, 34, 35, -1,
					33, 35, 36, -1,
					36, 35, 37, -1,
					36, 37, 38, -1,
					38, 37, 39, -1,
					38, 39, 40, -1,
					40, 39, 41, -1,
					40, 41, 42, -1,
					40, 42, 43, -1,
					43, 42, 44, -1,
					43, 44, 45, -1,
					45, 44, 46, -1,
					45, 46, 47, -1,
					45, 47, 48, -1,
					48, 47, 49, -1,
					48, 49, 50, -1,
					50, 49, 51, -1,
					50, 51, 52, -1,
					50, 52, 53, -1,
					53, 52, 54, -1,
					53, 54, 55, -1,
					55, 54, 0, -1,
					55, 0, 1, -1
				]
			}
		}
		Shape
		{
			appearance Appearance
			{
				material Material
				{
					diffuseColor 0.812 0.812 0.812
				}
			}
			geometry IndexedFaceSet
			{
				creaseAngle 0.5
				solid TRUE
				coord Coordinate
				{
					point
					[
						-0.854 -0.540 0.020,
						-0.855 -0.540 0.000,
						-0.854 -0.682 0.036,
						-0.853 -0.540 -0.030,
						-0.847 -0.700 -0.042,
						-0.847 -0.540 -0.060,
						-0.832 -0.540 -0.098,
						-0.811 -0.716 -0.113,
						-0.811 -0.540 -0.133,
						-0.783 -0.540 -0.163,
						-0.751 -0.728 -0.166,
						-0.751 -0.540 -0.187,
						-0.714 -0.540 -0.205,
						-0.675 -0.735 -0.194,
						-0.675 -0.540 -0.216,
						-0.635 -0.540 -0.220,
						-0.595 -0.735 -0.194,
						-0.595 -0.540 -0.216,
						-0.556 -0.540 -0.205,
						-0.519 -0.728 -0.166,
						-0.519 -0.540 -0.187,
						-0.487 -0.540 -0.163,
						-0.459 -0.716 -0.113,
						-0.459 -0.540 -0.133,
						-0.438 -0.540 -0.098,
						-0.423 -0.700 -0.042,
						-0.423 -0.540 -0.060,
						-0.417 -0.540 -0.030,
						-0.416 -0.682 0.036,
						-0.415 -0.540 0.000,
						-0.416 -0.540 0.020,
						-0.423 -0.540 0.060,
						-0.438 -0.665 0.112,
						-0.416 -0.860 0.106,
						-0.438 -0.821 0.173,
						-0.416 -1.009 0.225,
						-0.438 -0.952 0.278,
						-0.416 -1.116 0.382,
						-0.438 -1.046 0.416,
						-0.416 -1.173 0.565,
						-0.438 -1.096 0.576,
						-0.423 -1.140 0.660,
						-0.438 -1.102 0.660,
						-0.438 -0.540 0.098,
						-0.459 -0.540 0.133,
						-0.487 -0.651 0.175,
						-0.487 -0.540 0.163,
						-0.519 -0.540 0.187,
						-0.556 -0.641 0.217,
						-0.556 -0.540 0.205,
						-0.595 -0.540 0.216,
						-0.635 -0.638 0.231,
						-0.635 -0.540 0.220,
						-0.675 -0.540 0.216,
						-0.714 -0.641 0.217,
						-0.714 -0.540 0.205,
						-0.751 -0.540 0.187,
						-0.783 -0.651 0.175,
						-0.783 -0.540 0.163,
						-0.811 -0.540 0.133,
						-0.832 -0.665 0.112,
						-0.832 -0.540 0.098,
						-0.847 -0.540 0.060,
						-0.675 -0.984 0.660,
						-0.635 -0.980 0.660,
						-0.635 -0.975 0.594,
						-0.595 -0.984 0.660,
						-0.556 -0.990 0.592,
						-0.556 -0.995 0.660,
						-0.519 -1.013 0.660,
						-0.487 -1.032 0.586,
						-0.487 -1.037 0.660,
						-0.459 -1.067 0.660,
						-0.416 -1.180 0.660,
						-0.416 -1.220 0.660,
						-0.423 -1.252 0.553,
						-0.423 -1.260 0.660,
						-0.438 -1.298 0.660,
						-0.459 -1.324 0.542,
						-0.459 -1.333 0.660,
						-0.487 -1.363 0.660,
						-0.519 -1.378 0.534,
						-0.519 -1.387 0.660,
						-0.556 -1.405 0.660,
						-0.595 -1.406 0.529,
						-0.595 -1.416 0.660,
						-0.635 -1.420 0.660,
						-0.675 -1.406 0.529,
						-0.675 -1.416 0.660,
						-0.714 -1.405 0.660,
						-0.751 -1.378 0.534,
						-0.751 -1.387 0.660,
						-0.783 -1.363 0.660,
						-0.811 -1.324 0.542,
						-0.811 -1.333 0.660,
						-0.832 -1.298 0.660,
						-0.847 -1.252 0.553,
						-0.847 -1.260 0.660,
						-0.854 -1.220 0.660,
						-0.854 -1.173 0.565,
						-0.854 -1.180 0.660,
						-0.847 -1.140 0.660,
						-0.832 -1.096 0.576,
						-0.832 -1.102 0.660,
						-0.811 -1.067 0.660,
						-0.783 -1.032 0.586,
						-0.783 -1.037 0.660,
						-0.751 -1.013 0.660,
						-0.714 -0.990 0.592,
						-0.714 -0.995 0.660,
						-0.635 -0.760 0.279,
						-0.556 -0.767 0.266,
						-0.556 -0.873 0.351,
						-0.487 -0.905 0.322,
						-0.487 -0.988 0.444,
						-0.714 -0.767 0.266,
						-0.635 -0.863 0.361,
						-0.556 -0.950 0.463,
						-0.783 -0.789 0.229,
						-0.714 -0.873 0.351,
						-0.635 -0.936 0.469,
						-0.714 -0.950 0.463,
						-0.783 -0.988 0.444,
						-0.832 -1.046 0.416,
						-0.854 -1.116 0.382,
						-0.847 -1.189 0.348,
						-0.811 -1.254 0.316,
						-0.751 -1.303 0.292,
						-0.675 -1.329 0.280,
						-0.595 -1.329 0.280,
						-0.519 -1.303 0.292,
						-0.459 -1.254 0.316,
						-0.423 -1.189 0.348,
						-0.487 -0.789 0.229,
						-0.423 -0.900 0.036,
						-0.423 -1.068 0.170,
						-0.459 -0.936 -0.026,
						-0.459 -1.121 0.121,
						-0.519 -0.964 -0.074,
						-0.519 -1.161 0.084,
						-0.595 -0.978 -0.099,
						-0.595 -1.182 0.064,
						-0.675 -0.978 -0.099,
						-0.675 -1.182 0.064,
						-0.751 -0.964 -0.074,
						-0.751 -1.161 0.084,
						-0.811 -0.936 -0.026,
						-0.811 -1.121 0.121,
						-0.847 -0.900 0.036,
						-0.847 -1.068 0.170,
						-0.854 -0.860 0.106,
						-0.854 -1.009 0.225,
						-0.832 -0.821 0.173,
						-0.832 -0.952 0.278,
						-0.783 -0.905 0.322
					]
				}
				coordIndex
				[
					0, 1, 2, -1,
					2, 1, 3, -1,
					2, 3, 4, -1,
					4, 3, 5, -1,
					4, 5, 6, -1,
					4, 6, 7, -1,
					7, 6, 8, -1,
					7, 8, 9, -1,
					7, 9, 10, -1,
					10, 9, 11, -1,
					10, 11, 12, -1,
					10, 12, 13, -1,
					13, 12, 14, -1,
					13, 14, 15, -1,
					13, 15, 16, -1,
					16, 15, 17, -1,
					16, 17, 18, -1,
					16, 18, 19, -1,
					19, 18, 20, -1,
					19, 20, 21, -1,
					19, 21, 22, -1,
					22, 21, 23, -1,
					22, 23, 24, -1,
					22, 24, 25, -1,
					25, 24, 26, -1,
					25, 26, 27, -1,
					25, 27, 28, -1,
					28, 27, 29, -1,
					28, 29, 30, -1,
					30, 31, 28, -1,
					28, 31, 32, -1,
					28, 32, 33, -1,
					33, 32, 34, -1,
					33, 34, 35, -1,
					35, 34, 36, -1,
					35, 36, 37, -1,
					37, 36, 38, -1,
					37, 38, 39, -1,
					39, 38, 40, -1,
					39, 40, 41, -1,
					41, 40, 42, -1,
					31, 43, 32, -1,
					32, 43, 44, -1,
					32, 44, 45, -1,
					45, 44, 46, -1,
					45, 46, 47, -1,
					45, 47, 48, -1,
					48, 47, 49, -1,
					48, 49, 50, -1,
					48, 50, 51, -1,
					51, 50, 52, -1,
					51, 52, 53, -1,
					51, 53, 54, -1,
					54, 53, 55, -1,
					54, 55, 56, -1,
					54, 56, 57, -1,
					57, 56, 58, -1,
					57, 58, 59, -1,
					57, 59, 60, -1,
					60, 59, 61, -1,
					60, 61, 62, -1,
					60, 62, 2, -1,
					2, 62, 0, -1,
					63, 64, 65, -1,
					65, 64, 66, -1,
					65, 66, 67, -1,
					67, 66, 68, -1,
					67, 68, 69, -1,
					67, 69, 70, -1,
					70, 69, 71, -1,
					70, 71, 72, -1,
					70, 72, 40, -1,
					40, 72, 42, -1,
					41, 73, 39, -1,
					39, 73, 74, -1,
					39, 74, 75, -1,
					75, 74, 76, -1,
					75, 76, 77, -1,
					75, 77, 78, -1,
					78, 77, 79, -1,
					78, 79, 80, -1,
					78, 80, 81, -1,
					81, 80, 82, -1,
					81, 82, 83, -1,
					81, 83, 84, -1,
					84, 83, 85, -1,
					84, 85, 86, -1,
					84, 86, 87, -1,
					87, 86, 88, -1,
					87, 88, 89, -1,
					87, 89, 90, -1,
					90, 89, 91, -1,
					90, 91, 92, -1,
					90, 92, 93, -1,
					93, 92, 94, -1,
					93, 94, 95, -1,
					93, 95, 96, -1,
					96, 95, 97, -1,
					96, 97, 98, -1,
					96, 98, 99, -1,
					99, 98, 100, -1,
					99, 100, 101, -1,
					99, 101, 102, -1,
					102, 101, 103, -1,
					102, 103, 104, -1,
					102, 104, 105, -1,
					105, 104, 106, -1,
					105, 106, 107, -1,
					105, 107, 108, -1,
					108, 107, 109, -1,
					108, 109, 63, -1,
					51, 110, 111, -1,
					111, 110, 112, -1,
					111, 112, 113, -1,
					113, 112, 114, -1,
					113, 114, 38, -1,
					38, 114, 40, -1,
					54, 115, 110, -1,
					110, 115, 116, -1,
					110, 116, 112, -1,
					112, 116, 117, -1,
					112, 117, 114, -1,
					114, 117, 70, -1,
					114, 70, 40, -1,
					110, 51, 54, -1,
					57, 118, 115, -1,
					115, 118, 119, -1,
					115, 119, 116, -1,
					116, 119, 120, -1,
					116, 120, 117, -1,
					117, 120, 67, -1,
					117, 67, 70, -1,
					67, 120, 65, -1,
					65, 120, 121, -1,
					65, 121, 108, -1,
					108, 121, 122, -1,
					108, 122, 105, -1,
					105, 122, 123, -1,
					105, 123, 102, -1,
					102, 123, 124, -1,
					102, 124, 99, -1,
					99, 124, 125, -1,
					99, 125, 96, -1,
					96, 125, 126, -1,
					96, 126, 93, -1,
					93, 126, 127, -1,
					93, 127, 90, -1,
					90, 127, 128, -1,
					90, 128, 87, -1,
					87, 128, 129, -1,
					87, 129, 84, -1,
					84, 129, 130, -1,
					84, 130, 81, -1,
					81, 130, 131, -1,
					81, 131, 78, -1,
					78, 131, 132, -1,
					78, 132, 75, -1,
					75, 132, 37, -1,
					75, 37, 39, -1,
					65, 108, 63, -1,
					51, 111, 48, -1,
					48, 111, 133, -1,
					48, 133, 45, -1,
					45, 133, 34, -1,
					45, 34, 32, -1,
					25, 28, 134, -1,
					134, 28, 33, -1,
					134, 33, 135, -1,
					135, 33, 35, -1,
					135, 35, 132, -1,
					132, 35, 37, -1,
					22, 25, 136, -1,
					136, 25, 134, -1,
					136, 134, 137, -1,
					137, 134, 135, -1,
					137, 135, 131, -1,
					131, 135, 132, -1,
					19, 22, 138, -1,
					138, 22, 136, -1,
					138, 136, 139, -1,
					139, 136, 137, -1,
					139, 137, 130, -1,
					130, 137, 131, -1,
					16, 19, 140, -1,
					140, 19, 138, -1,
					140, 138, 141, -1,
					141, 138, 139, -1,
					141, 139, 129, -1,
					129, 139, 130, -1,
					13, 16, 142, -1,
					142, 16, 140, -1,
					142, 140, 143, -1,
					143, 140, 141, -1,
					143, 141, 128, -1,
					128, 141, 129, -1,
					10, 13, 144, -1,
					144, 13, 142, -1,
					144, 142, 145, -1,
					145, 142, 143, -1,
					145, 143, 127, -1,
					127, 143, 128, -1,
					7, 10, 146, -1,
					146, 10, 144, -1,
					146, 144, 147, -1,
					147, 144, 145, -1,
					147, 145, 126, -1,
					126, 145, 127, -1,
					4, 7, 148, -1,
					148, 7, 146, -1,
					148, 146, 149, -1,
					149, 146, 147, -1,
					149, 147, 125, -1,
					125, 147, 126, -1,
					2, 4, 150, -1,
					150, 4, 148, -1,
					150, 148, 151, -1,
					151, 148, 149, -1,
					151, 149, 124, -1,
					124, 149, 125, -1,
					60, 2, 152, -1,
					152, 2, 150, -1,
					152, 150, 153, -1,
					153, 150, 151, -1,
					153, 151, 123, -1,
					123, 151, 124, -1,
					57, 60, 118, -1,
					118, 60, 152, -1,
					118, 152, 154, -1,
					154, 152, 153, -1,
					154, 153, 122, -1,
					122, 153, 123, -1,
					54, 57, 115, -1,
					111, 113, 133, -1,
					133, 113, 36, -1,
					133, 36, 34, -1,
					36, 113, 38, -1,
					118, 154, 119, -1,
					119, 154, 121, -1,
					119, 121, 120, -1,
					122, 121, 154, -1
				]
				normal Normal
				{
					vector
					[
						-0.996 -0.000 0.092,
						-1.000 -0.000 0.000,
						-0.996 0.021 0.090,
						-0.990 0.000 -0.138,
						-0.962 -0.061 -0.267,
						-0.962 0.000 -0.274,
						-0.895 0.000 -0.446,
						-0.798 -0.134 -0.588,
						-0.798 0.000 -0.603,
						-0.674 0.000 -0.739,
						-0.526 -0.189 -0.829,
						-0.526 0.000 -0.850,
						-0.361 0.000 -0.932,
						-0.184 -0.219 -0.958,
						-0.184 0.000 -0.983,
						0.000 0.000 -1.000,
						0.184 -0.219 -0.958,
						0.184 0.000 -0.983,
						0.361 0.000 -0.932,
						0.526 -0.189 -0.829,
						0.526 0.000 -0.850,
						0.674 0.000 -0.739,
						0.798 -0.134 -0.588,
						0.798 0.000 -0.603,
						0.895 0.000 -0.446,
						0.962 -0.061 -0.267,
						0.962 0.000 -0.274,
						0.990 0.000 -0.138,
						0.996 0.021 0.090,
						1.000 0.000 0.000,
						0.996 -0.000 0.092,
						0.962 -0.000 0.274,
						0.895 0.099 0.435,
						0.996 0.046 0.080,
						0.895 0.223 0.386,
						0.996 0.068 0.063,
						0.895 0.327 0.303,
						0.996 0.083 0.040,
						0.895 0.402 0.193,
						0.996 0.091 0.014,
						0.895 0.441 0.066,
						0.962 0.274 0.000,
						0.895 0.446 0.000,
						0.895 -0.000 0.446,
						0.798 -0.000 0.603,
						0.674 0.164 0.720,
						0.674 -0.000 0.739,
						0.526 -0.000 0.850,
						0.361 0.207 0.909,
						0.361 -0.000 0.932,
						0.184 -0.000 0.983,
						0.000 0.223 0.975,
						-0.000 -0.000 1.000,
						-0.184 -0.000 0.983,
						-0.361 0.207 0.909,
						-0.361 -0.000 0.932,
						-0.526 -0.000 0.850,
						-0.674 0.164 0.720,
						-0.674 -0.000 0.739,
						-0.798 -0.000 0.603,
						-0.895 0.099 0.435,
						-0.895 -0.000 0.446,
						-0.962 -0.000 0.274,
						-0.184 0.983 -0.000,
						0.000 1.000 0.000,
						-0.000 0.989 0.149,
						0.184 0.983 0.000,
						0.361 0.922 0.139,
						0.361 0.932 0.000,
						0.526 0.850 0.000,
						0.674 0.731 0.110,
						0.674 0.739 0.000,
						0.798 0.603 0.000,
						0.996 0.092 0.000,
						0.996 -0.092 0.000,
						0.962 -0.271 -0.041,
						0.962 -0.274 0.000,
						0.895 -0.446 0.000,
						0.798 -0.596 -0.090,
						0.798 -0.603 0.000,
						0.674 -0.739 0.000,
						0.526 -0.841 -0.127,
						0.526 -0.850 0.000,
						0.361 -0.932 0.000,
						0.184 -0.972 -0.147,
						0.184 -0.983 0.000,
						-0.000 -1.000 -0.000,
						-0.184 -0.972 -0.147,
						-0.184 -0.983 -0.000,
						-0.361 -0.932 -0.000,
						-0.526 -0.841 -0.127,
						-0.526 -0.850 -0.000,
						-0.674 -0.739 -0.000,
						-0.798 -0.596 -0.090,
						-0.798 -0.603 -0.000,
						-0.895 -0.446 -0.000,
						-0.962 -0.271 -0.041,
						-0.962 -0.274 -0.000,
						-0.996 -0.092 -0.000,
						-0.996 0.091 0.014,
						-0.996 0.092 -0.000,
						-0.962 0.274 -0.000,
						-0.895 0.441 0.066,
						-0.895 0.446 -0.000,
						-0.798 0.603 -0.000,
						-0.674 0.731 0.110,
						-0.674 0.739 -0.000,
						-0.526 0.850 -0.000,
						-0.361 0.922 0.139,
						-0.361 0.932 -0.000,
						0.000 0.500 0.866,
						0.361 0.466 0.808,
						0.361 0.684 0.634,
						0.674 0.542 0.503,
						0.674 0.666 0.321,
						-0.361 0.466 0.808,
						0.000 0.733 0.680,
						0.361 0.840 0.405,
						-0.674 0.370 0.640,
						-0.361 0.684 0.634,
						0.000 0.901 0.434,
						-0.361 0.840 0.405,
						-0.674 0.666 0.321,
						-0.895 0.402 0.193,
						-0.996 0.083 0.040,
						-0.962 -0.247 -0.119,
						-0.798 -0.543 -0.261,
						-0.526 -0.766 -0.369,
						-0.184 -0.886 -0.426,
						0.184 -0.886 -0.426,
						0.526 -0.766 -0.369,
						0.798 -0.543 -0.261,
						0.962 -0.247 -0.119,
						0.674 0.370 0.640,
						0.962 -0.137 -0.237,
						0.962 -0.201 -0.186,
						0.798 -0.301 -0.522,
						0.798 -0.442 -0.410,
						0.526 -0.425 -0.736,
						0.526 -0.623 -0.578,
						0.184 -0.491 -0.851,
						0.184 -0.721 -0.669,
						-0.184 -0.491 -0.851,
						-0.184 -0.721 -0.669,
						-0.526 -0.425 -0.736,
						-0.526 -0.623 -0.578,
						-0.798 -0.301 -0.522,
						-0.798 -0.442 -0.410,
						-0.962 -0.137 -0.237,
						-0.962 -0.201 -0.186,
						-0.996 0.046 0.080,
						-0.996 0.068 0.063,
						-0.895 0.223 0.386,
						-0.895 0.327 0.303,
						-0.674 0.542 0.503
					]
				}
				normalIndex
				[
					0, 1, 2, -1,
					2, 1, 3, -1,
					2, 3, 4, -1,
					4, 3, 5, -1,
					4, 5, 6, -1,
					4, 6, 7, -1,
					7, 6, 8, -1,
					7, 8, 9, -1,
					7, 9, 10, -1,
					10, 9, 11, -1,
					10, 11, 12, -1,
					10, 12, 13, -1,
					13, 12, 14, -1,
					13, 14, 15, -1,
					13, 15, 16, -1,
					16, 15, 17, -1,
					16, 17, 18, -1,
					16, 18, 19, -1,
					19, 18, 20, -1,
					19, 20, 21, -1,
					19, 21, 22, -1,
					22, 21, 23, -1,
					22, 23, 24, -1,
					22, 24, 25, -1,
					25, 24, 26, -1,
					25, 26, 27, -1,
					25, 27, 28, -1,
					28, 27, 29, -1,
					28, 29, 30, -1,
					30, 31, 28, -1,
					28, 31, 32, -1,
					28, 32, 33, -1,
					33, 32, 34, -1,
					33, 34, 35, -1,
					35, 34, 36, -1,
					35, 36, 37, -1,
					37, 36, 38, -1,
					37, 38, 39, -1,
					39, 38, 40, -1,
					39, 40, 41, -1,
					41, 40, 42, -1,
					31, 43, 32, -1,
					32, 43, 44, -1,
					32, 44, 45, -1,
					45, 44, 46, -1,
					45, 46, 47, -1,
					45, 47, 48, -1,
					48, 47, 49, -1,
					48, 49, 50, -1,
					48, 50, 51, -1,
					51, 50, 52, -1,
					51, 52, 53, -1,
					51, 53, 54, -1,
					54, 53, 55, -1,
					54, 55, 56, -1,
					54, 56, 57, -1,
					57, 56, 58, -1,
					57, 58, 59, -1,
					57, 59, 60, -1,
					60, 59, 61, -1,
					60, 61, 62, -1,
					60, 62, 2, -1,
					2, 62, 0, -1,
					63, 64, 65, -1,
					65, 64, 66, -1,
					65, 66, 67, -1,
					67, 66, 68, -1,
					67, 68, 69, -1,
					67, 69, 70, -1,
					70, 69, 71, -1,
					70, 71, 72, -1,
					70, 72, 40, -1,
					40, 72, 42, -1,
					41, 73, 39, -1,
					39, 73, 74, -1,
					39, 74, 75, -1,
					75, 74, 76, -1,
					75, 76, 77, -1,
					75, 77, 78, -1,
					78, 77, 79, -1,
					78, 79, 80, -1,
					78, 80, 81, -1,
					81, 80, 82, -1,
					81, 82, 83, -1,
					81, 83, 84, -1,
					84, 83, 85, -1,
					84, 85, 86, -1,
					84, 86, 87, -1,
					87, 86, 88, -1,
					87, 88, 89, -1,
					87, 89, 90, -1,
					90, 89, 91, -1,
					90, 91, 92, -1,
					90, 92, 93, -1,
					93, 92, 94, -1,
					93, 94, 95, -1,
					93, 95, 96, -1,
					96, 95, 97, -1,
					96, 97, 98, -1,
					96, 98, 99, -1,
					99, 98, 100, -1,
					99, 100, 101, -1,
					99, 101, 102, -1,
					102, 101, 103, -1,
					102, 103, 104, -1,
					102, 104, 105, -1,
					105, 104, 106, -1,
					105, 106, 107, -1,
					105, 107, 108, -1,
					108, 107, 109, -1,
					108, 109, 63, -1,
					51, 110, 111, -1,
					111, 110, 112, -1,
					111, 112, 113, -1,
					113, 112, 114, -1,
					113, 114, 38, -1,
					38, 114, 40, -1,
					54, 115, 110, -1,
					110, 115, 116, -1,
					110, 116, 112, -1,
					112, 116, 117, -1,
					112, 117, 114, -1,
					114, 117, 70, -1,
					114, 70, 40, -1,
					110, 51, 54, -1,
					57, 118, 115, -1,
					115, 118, 119, -1,
					115, 119, 116, -1,
					116, 119, 120, -1,
					116, 120, 117, -1,
					117, 120, 67, -1,
					117, 67, 70, -1,
					67, 120, 65, -1,
					65, 120, 121, -1,
					65, 121, 108, -1,
					108, 121, 122, -1,
					108, 122, 105, -1,
					105, 122, 123, -1,
					105, 123, 102, -1,
					102, 123, 124, -1,
					102, 124, 99, -1,
					99, 124, 125, -1,
					99, 125, 96, -1,
					96, 125, 126, -1,
					96, 126, 93, -1,
					93, 126, 127, -1,
					93, 127, 90, -1,
					90, 127, 128, -1,
					90, 128, 87, -1,
					87, 128, 129, -1,
					87, 129, 84, -1,
					84, 129, 130, -1,
					84, 130, 81, -1,
					81, 130, 131, -1,
					81, 131, 78, -1,
					78, 131, 132, -1,
					78, 132, 75, -1,
					75, 132, 37, -1,
					75, 37, 39, -1,
					65, 108, 63, -1,
					51, 111, 48, -1,
					48, 111, 133, -1,
					48, 133, 45, -1,
					45, 133, 34, -1,
					45, 34, 32, -1,
					25, 28, 134, -1,
					134, 28, 33, -1,
					134, 33, 135, -1,
					135, 33, 35, -1,
					135, 35, 132, -1,
					132, 35, 37, -1,
					22, 25, 136, -1,
					136, 25, 134, -1,
					136, 134, 137, -1,
					137, 134, 135, -1,
					137, 135, 131, -1,
					131, 135, 132, -1,
					19, 22, 138, -1,
					138, 22, 136, -1,
					138, 136, 139, -1,
					139, 136, 137, -1,
					139, 137, 130, -1,
					130, 137, 131, -1,
					16, 19, 140, -1,
					140, 19, 138, -1,
					140, 138, 141, -1,
					141, 138, 139, -1,
					141, 139, 129, -1,
					129, 139, 130, -1,
					13, 16, 142, -1,
					142, 16, 140, -1,
					142, 140, 143, -1,
					143, 140, 141, -1,
					143, 141, 128, -1,
					128, 141, 129, -1,
					10, 13, 144, -1,
					144, 13, 142, -1,
					144, 142, 145, -1,
					145, 142, 143, -1,
					145, 143, 127, -1,
					127, 143, 128, -1,
					7, 10, 146, -1,
					146, 10, 144, -1,
					146, 144, 147, -1,
					147, 144, 145, -1,
					147, 145, 126, -1,
					126, 145, 127, -1,
					4, 7, 148, -1,
					148, 7, 146, -1,
					148, 146, 149, -1,
					149, 146, 147, -1,
					149, 147, 125, -1,
					125, 147, 126, -1,
					2, 4, 150, -1,
					150, 4, 148, -1,
					150, 148, 151, -1,
					151, 148, 149, -1,
					151, 149, 124, -1,
					124, 149, 125, -1,
					60, 2, 152, -1,
					152, 2, 150, -1,
					152, 150, 153, -1,
					153, 150, 151, -1,
					153, 151, 123, -1,
					123, 151, 124, -1,
					57, 60, 118, -1,
					118, 60, 152, -1,
					118, 152, 154, -1,
					154, 152, 153, -1,
					154, 153, 122, -1,
					122, 153, 123, -1,
					54, 57, 115, -1,
					111, 113, 133, -1,
					133, 113, 36, -1,
					133, 36, 34, -1,
					36, 113, 38, -1,
					118, 154, 119, -1,
					119, 154, 121, -1,
					119, 121, 120, -1,
					122, 121, 154, -1
				]
			}
		}
		Shape
		{
			appearance Appearance
			{
				material Material
				{
					diffuseColor 0.812 0.812 0.812
				}
			}
			geometry IndexedFaceSet
			{
				creaseAngle 0.5
				solid TRUE
				coord Coordinate
				{
					point
					[
						-0.854 0.059 -0.020,
						-0.853 -0.540 -0.030,
						-0.855 0.059 0.000,
						-0.855 -0.540 0.000,
						-0.854 -0.540 0.020,
						-0.847 0.059 -0.060,
						-0.847 -0.540 -0.060,
						-0.832 -0.540 -0.098,
						-0.832 0.059 -0.098,
						-0.811 0.059 -0.133,
						-0.783 0.059 -0.163,
						-0.783 -0.540 -0.163,
						-0.811 -0.540 -0.133,
						-0.751 0.059 -0.187,
						-0.751 -0.540 -0.187,
						-0.714 -0.540 -0.205,
						-0.714 0.059 -0.205,
						-0.675 0.059 -0.216,
						-0.635 0.059 -0.220,
						-0.635 -0.540 -0.220,
						-0.675 -0.540 -0.216,
						-0.595 0.059 -0.216,
						-0.595 -0.540 -0.216,
						-0.556 -0.540 -0.205,
						-0.556 0.059 -0.205,
						-0.519 0.059 -0.187,
						-0.487 0.059 -0.163,
						-0.487 -0.540 -0.163,
						-0.519 -0.540 -0.187,
						-0.459 0.059 -0.133,
						-0.459 -0.540 -0.133,
						-0.438 -0.540 -0.098,
						-0.438 0.059 -0.098,
						-0.423 0.059 -0.060,
						-0.423 0.059 0.060,
						-0.423 -0.540 0.060,
						-0.417 0.059 0.030,
						-0.416 -0.540 0.020,
						-0.415 0.059 0.000,
						-0.415 -0.540 0.000,
						-0.416 0.059 -0.020,
						-0.417 -0.540 -0.030,
						-0.423 -0.540 -0.060,
						-0.438 0.059 0.098,
						-0.438 -0.540 0.098,
						-0.459 -0.540 0.133,
						-0.459 0.059 0.133,
						-0.487 0.059 0.163,
						-0.519 0.059 0.187,
						-0.519 -0.540 0.187,
						-0.487 -0.540 0.163,
						-0.556 0.059 0.205,
						-0.556 -0.540 0.205,
						-0.595 -0.540 0.216,
						-0.595 0.059 0.216,
						-0.635 0.059 0.220,
						-0.675 0.059 0.216,
						-0.675 -0.540 0.216,
						-0.635 -0.540 0.220,
						-0.714 0.059 0.205,
						-0.714 -0.540 0.205,
						-0.751 -0.540 0.187,
						-0.751 0.059 0.187,
						-0.783 0.059 0.163,
						-0.811 0.059 0.133,
						-0.811 -0.540 0.133,
						-0.783 -0.540 0.163,
						-0.832 0.059 0.098,
						-0.832 -0.540 0.098,
						-0.847 -0.540 0.060,
						-0.847 0.059 0.060,
						-0.853 0.059 0.030
					]
				}
				coordIndex
				[
					0, 1, 2, -1,
					2, 1, 3, -1,
					2, 3, 4, -1,
					0, 5, 1, -1,
					1, 5, 6, -1,
					6, 5, 7, -1,
					7, 5, 8, -1,
					7, 8, 9, -1,
					10, 11, 9, -1,
					9, 11, 12, -1,
					9, 12, 7, -1,
					10, 13, 11, -1,
					11, 13, 14, -1,
					14, 13, 15, -1,
					15, 13, 16, -1,
					15, 16, 17, -1,
					18, 19, 17, -1,
					17, 19, 20, -1,
					17, 20, 15, -1,
					18, 21, 19, -1,
					19, 21, 22, -1,
					22, 21, 23, -1,
					23, 21, 24, -1,
					23, 24, 25, -1,
					26, 27, 25, -1,
					25, 27, 28, -1,
					25, 28, 23, -1,
					26, 29, 27, -1,
					27, 29, 30, -1,
					30, 29, 31, -1,
					31, 29, 32, -1,
					31, 32, 33, -1,
					34, 35, 36, -1,
					36, 35, 37, -1,
					36, 37, 38, -1,
					38, 37, 39, -1,
					38, 39, 40, -1,
					40, 39, 41, -1,
					40, 41, 33, -1,
					33, 41, 42, -1,
					33, 42, 31, -1,
					34, 43, 35, -1,
					35, 43, 44, -1,
					44, 43, 45, -1,
					45, 43, 46, -1,
					45, 46, 47, -1,
					48, 49, 47, -1,
					47, 49, 50, -1,
					47, 50, 45, -1,
					48, 51, 49, -1,
					49, 51, 52, -1,
					52, 51, 53, -1,
					53, 51, 54, -1,
					53, 54, 55, -1,
					56, 57, 55, -1,
					55, 57, 58, -1,
					55, 58, 53, -1,
					56, 59, 57, -1,
					57, 59, 60, -1,
					60, 59, 61, -1,
					61, 59, 62, -1,
					61, 62, 63, -1,
					64, 65, 63, -1,
					63, 65, 66, -1,
					63, 66, 61, -1,
					64, 67, 65, -1,
					65, 67, 68, -1,
					68, 67, 69, -1,
					69, 67, 70, -1,
					69, 70, 71, -1,
					69, 71, 4, -1,
					4, 71, 2, -1
				]
				normal Normal
				{
					vector
					[
						-0.996 0.000 -0.092,
						-0.990 0.000 -0.138,
						-1.000 0.000 0.000,
						-0.996 0.000 0.092,
						-0.962 0.000 -0.274,
						-0.895 0.000 -0.446,
						-0.798 0.000 -0.603,
						-0.674 0.000 -0.739,
						-0.526 0.000 -0.850,
						-0.361 0.000 -0.932,
						-0.184 0.000 -0.983,
						0.000 0.000 -1.000,
						0.184 0.000 -0.983,
						0.361 0.000 -0.932,
						0.526 0.000 -0.850,
						0.674 0.000 -0.739,
						0.798 0.000 -0.603,
						0.895 0.000 -0.446,
						0.962 0.000 -0.274,
						0.962 0.000 0.274,
						0.990 0.000 0.138,
						0.996 0.000 0.092,
						1.000 -0.000 -0.000,
						0.996 0.000 -0.092,
						0.990 0.000 -0.138,
						0.895 0.000 0.446,
						0.798 0.000 0.603,
						0.674 0.000 0.739,
						0.526 0.000 0.850,
						0.361 0.000 0.932,
						0.184 0.000 0.983,
						0.000 0.000 1.000,
						-0.184 0.000 0.983,
						-0.361 0.000 0.932,
						-0.526 0.000 0.850,
						-0.674 0.000 0.739,
						-0.798 0.000 0.603,
						-0.895 0.000 0.446,
						-0.962 0.000 0.274,
						-0.990 0.000 0.138
					]
				}
				normalIndex
				[
					0, 1, 2, -1,
					2, 1, 2, -1,
					2, 2, 3, -1,
					0, 4, 1, -1,
					1, 4, 4, -1,
					4, 4, 5, -1,
					5, 4, 5, -1,
					5, 5, 6, -1,
					7, 7, 6, -1,
					6, 7, 6, -1,
					6, 6, 5, -1,
					7, 8, 7, -1,
					7, 8, 8, -1,
					8, 8, 9, -1,
					9, 8, 9, -1,
					9, 9, 10, -1,
					11, 11, 10, -1,
					10, 11, 10, -1,
					10, 10, 9, -1,
					11, 12, 11, -1,
					11, 12, 12, -1,
					12, 12, 13, -1,
					13, 12, 13, -1,
					13, 13, 14, -1,
					15, 15, 14, -1,
					14, 15, 14, -1,
					14, 14, 13, -1,
					15, 16, 15, -1,
					15, 16, 16, -1,
					16, 16, 17, -1,
					17, 16, 17, -1,
					17, 17, 18, -1,
					19, 19, 20, -1,
					20, 19, 21, -1,
					20, 21, 22, -1,
					22, 21, 22, -1,
					22, 22, 23, -1,
					23, 22, 24, -1,
					23, 24, 18, -1,
					18, 24, 18, -1,
					18, 18, 17, -1,
					19, 25, 19, -1,
					19, 25, 25, -1,
					25, 25, 26, -1,
					26, 25, 26, -1,
					26, 26, 27, -1,
					28, 28, 27, -1,
					27, 28, 27, -1,
					27, 27, 26, -1,
					28, 29, 28, -1,
					28, 29, 29, -1,
					29, 29, 30, -1,
					30, 29, 30, -1,
					30, 30, 31, -1,
					32, 32, 31, -1,
					31, 32, 31, -1,
					31, 31, 30, -1,
					32, 33, 32, -1,
					32, 33, 33, -1,
					33, 33, 34, -1,
					34, 33, 34, -1,
					34, 34, 35, -1,
					36, 36, 35, -1,
					35, 36, 35, -1,
					35, 35, 34, -1,
					36, 37, 36, -1,
					36, 37, 37, -1,
					37, 37, 38, -1,
					38, 37, 38, -1,
					38, 38, 39, -1,
					38, 39, 3, -1,
					3, 39, 2, -1
				]
			}
		}
		Shape
		{
			appearance Appearance
			{
				material Material
				{
					diffuseColor 0.812 0.812 0.812
				}
			}
			geometry IndexedFaceSet
			{
				creaseAngle 0.5
				solid TRUE
				coord Coordinate
				{
					point
					[
						-0.882 0.129 0.034,
						-0.884 0.129 0.000,
						-0.880 0.126 -0.023,
						-0.883 0.129 -0.023,
						-0.875 0.129 -0.068,
						-0.855 0.126 -0.110,
						-0.858 0.129 -0.111,
						-0.834 0.129 -0.150,
						-0.801 0.126 -0.182,
						-0.803 0.129 -0.184,
						-0.766 0.129 -0.212,
						-0.724 0.126 -0.229,
						-0.725 0.129 -0.232,
						-0.681 0.129 -0.245,
						-0.635 0.126 -0.246,
						-0.635 0.129 -0.249,
						-0.589 0.129 -0.245,
						-0.546 0.126 -0.229,
						-0.545 0.129 -0.232,
						-0.504 0.129 -0.212,
						-0.469 0.126 -0.182,
						-0.467 0.129 -0.184,
						-0.436 0.129 -0.150,
						-0.415 0.126 -0.110,
						-0.412 0.129 -0.111,
						-0.395 0.129 -0.068,
						-0.390 0.126 -0.023,
						-0.387 0.129 -0.023,
						-0.386 0.129 0.000,
						-0.388 0.129 0.034,
						-0.398 0.126 0.067,
						-0.417 0.095 0.062,
						-0.454 0.095 0.137,
						-0.438 0.059 0.098,
						-0.459 0.059 0.133,
						-0.395 0.129 0.068,
						-0.412 0.129 0.111,
						-0.439 0.126 0.148,
						-0.436 0.129 0.150,
						-0.467 0.129 0.184,
						-0.505 0.126 0.209,
						-0.504 0.129 0.212,
						-0.545 0.129 0.232,
						-0.590 0.126 0.242,
						-0.589 0.129 0.245,
						-0.635 0.129 0.249,
						-0.680 0.126 0.242,
						-0.681 0.129 0.245,
						-0.725 0.129 0.232,
						-0.765 0.126 0.209,
						-0.766 0.129 0.212,
						-0.803 0.129 0.184,
						-0.831 0.126 0.148,
						-0.834 0.129 0.150,
						-0.858 0.129 0.111,
						-0.872 0.126 0.067,
						-0.875 0.129 0.068,
						-0.854 0.059 -0.020,
						-0.855 0.059 0.000,
						-0.861 0.095 -0.021,
						-0.853 0.059 0.030,
						-0.853 0.095 0.062,
						-0.847 0.059 0.060,
						-0.832 0.059 0.098,
						-0.816 0.095 0.137,
						-0.811 0.059 0.133,
						-0.783 0.059 0.163,
						-0.754 0.095 0.193,
						-0.751 0.059 0.187,
						-0.714 0.059 0.205,
						-0.677 0.095 0.223,
						-0.675 0.059 0.216,
						-0.635 0.059 0.220,
						-0.593 0.095 0.223,
						-0.595 0.059 0.216,
						-0.556 0.059 0.205,
						-0.516 0.095 0.193,
						-0.519 0.059 0.187,
						-0.487 0.059 0.163,
						-0.423 0.059 0.060,
						-0.417 0.059 0.030,
						-0.409 0.095 -0.021,
						-0.415 0.059 0.000,
						-0.416 0.059 -0.020,
						-0.423 0.059 -0.060,
						-0.432 0.095 -0.101,
						-0.438 0.059 -0.098,
						-0.459 0.059 -0.133,
						-0.482 0.095 -0.168,
						-0.487 0.059 -0.163,
						-0.519 0.059 -0.187,
						-0.553 0.095 -0.211,
						-0.556 0.059 -0.205,
						-0.595 0.059 -0.216,
						-0.635 0.095 -0.227,
						-0.635 0.059 -0.220,
						-0.675 0.059 -0.216,
						-0.717 0.095 -0.211,
						-0.714 0.059 -0.205,
						-0.751 0.059 -0.187,
						-0.788 0.095 -0.168,
						-0.783 0.059 -0.163,
						-0.811 0.059 -0.133,
						-0.838 0.095 -0.101,
						-0.832 0.059 -0.098,
						-0.847 0.059 -0.060
					]
				}
				coordIndex
				[
					0, 1, 2, -1,
					2, 1, 3, -1,
					2, 3, 4, -1,
					2, 4, 5, -1,
					5, 4, 6, -1,
					5, 6, 7, -1,
					5, 7, 8, -1,
					8, 7, 9, -1,
					8, 9, 10, -1,
					8, 10, 11, -1,
					11, 10, 12, -1,
					11, 12, 13, -1,
					11, 13, 14, -1,
					14, 13, 15, -1,
					14, 15, 16, -1,
					14, 16, 17, -1,
					17, 16, 18, -1,
					17, 18, 19, -1,
					17, 19, 20, -1,
					20, 19, 21, -1,
					20, 21, 22, -1,
					20, 22, 23, -1,
					23, 22, 24, -1,
					23, 24, 25, -1,
					23, 25, 26, -1,
					26, 25, 27, -1,
					26, 27, 28, -1,
					28, 29, 26, -1,
					26, 29, 30, -1,
					26, 30, 31, -1,
					31, 30, 32, -1,
					31, 32, 33, -1,
					33, 32, 34, -1,
					29, 35, 30, -1,
					30, 35, 36, -1,
					30, 36, 37, -1,
					37, 36, 38, -1,
					37, 38, 39, -1,
					37, 39, 40, -1,
					40, 39, 41, -1,
					40, 41, 42, -1,
					40, 42, 43, -1,
					43, 42, 44, -1,
					43, 44, 45, -1,
					43, 45, 46, -1,
					46, 45, 47, -1,
					46, 47, 48, -1,
					46, 48, 49, -1,
					49, 48, 50, -1,
					49, 50, 51, -1,
					49, 51, 52, -1,
					52, 51, 53, -1,
					52, 53, 54, -1,
					52, 54, 55, -1,
					55, 54, 56, -1,
					55, 56, 0, -1,
					57, 58, 59, -1,
					59, 58, 60, -1,
					59, 60, 61, -1,
					61, 60, 62, -1,
					61, 62, 63, -1,
					61, 63, 64, -1,
					64, 63, 65, -1,
					64, 65, 66, -1,
					64, 66, 67, -1,
					67, 66, 68, -1,
					67, 68, 69, -1,
					67, 69, 70, -1,
					70, 69, 71, -1,
					70, 71, 72, -1,
					70, 72, 73, -1,
					73, 72, 74, -1,
					73, 74, 75, -1,
					73, 75, 76, -1,
					76, 75, 77, -1,
					76, 77, 78, -1,
					76, 78, 32, -1,
					32, 78, 34, -1,
					33, 79, 31, -1,
					31, 79, 80, -1,
					31, 80, 81, -1,
					81, 80, 82, -1,
					81, 82, 83, -1,
					83, 84, 81, -1,
					81, 84, 85, -1,
					81, 85, 23, -1,
					23, 85, 20, -1,
					84, 86, 85, -1,
					85, 86, 87, -1,
					85, 87, 88, -1,
					88, 87, 89, -1,
					88, 89, 90, -1,
					88, 90, 91, -1,
					91, 90, 92, -1,
					91, 92, 93, -1,
					91, 93, 94, -1,
					94, 93, 95, -1,
					94, 95, 96, -1,
					94, 96, 97, -1,
					97, 96, 98, -1,
					97, 98, 99, -1,
					97, 99, 100, -1,
					100, 99, 101, -1,
					100, 101, 102, -1,
					100, 102, 103, -1,
					103, 102, 104, -1,
					103, 104, 105, -1,
					103, 105, 59, -1,
					59, 105, 57, -1,
					20, 88, 17, -1,
					17, 88, 91, -1,
					17, 91, 14, -1,
					14, 91, 94, -1,
					14, 94, 11, -1,
					11, 94, 97, -1,
					11, 97, 8, -1,
					8, 97, 100, -1,
					8, 100, 5, -1,
					5, 100, 103, -1,
					5, 103, 2, -1,
					2, 103, 59, -1,
					2, 59, 55, -1,
					55, 59, 61, -1,
					55, 61, 52, -1,
					52, 61, 64, -1,
					52, 64, 49, -1,
					49, 64, 67, -1,
					49, 67, 46, -1,
					46, 67, 70, -1,
					46, 70, 43, -1,
					43, 70, 73, -1,
					43, 73, 40, -1,
					40, 73, 76, -1,
					40, 76, 37, -1,
					37, 76, 32, -1,
					37, 32, 30, -1,
					2, 55, 0, -1,
					88, 20, 85, -1,
					31, 81, 26, -1,
					26, 81, 23, -1
				]
				normal Normal
				{
					vector
					[
						-0.700 -0.707 0.098,
						-0.707 -0.707 -0.000,
						-0.736 -0.674 -0.068,
						-0.704 -0.707 -0.065,
						-0.680 -0.707 -0.194,
						-0.662 -0.674 -0.329,
						-0.633 -0.707 -0.315,
						-0.564 -0.707 -0.426,
						-0.498 -0.674 -0.546,
						-0.476 -0.707 -0.523,
						-0.372 -0.707 -0.601,
						-0.267 -0.674 -0.689,
						-0.255 -0.707 -0.659,
						-0.130 -0.707 -0.695,
						-0.000 -0.674 -0.739,
						0.000 -0.707 -0.707,
						0.130 -0.707 -0.695,
						0.267 -0.674 -0.689,
						0.255 -0.707 -0.659,
						0.372 -0.707 -0.601,
						0.498 -0.674 -0.546,
						0.476 -0.707 -0.523,
						0.564 -0.707 -0.426,
						0.662 -0.674 -0.329,
						0.633 -0.707 -0.315,
						0.680 -0.707 -0.194,
						0.736 -0.674 -0.068,
						0.704 -0.707 -0.065,
						0.707 -0.707 0.000,
						0.700 -0.707 0.098,
						0.711 -0.674 0.202,
						0.897 -0.361 0.255,
						0.744 -0.361 0.562,
						0.895 0.000 0.446,
						0.798 0.000 0.603,
						0.680 -0.707 0.194,
						0.633 -0.707 0.315,
						0.590 -0.674 0.445,
						0.564 -0.707 0.426,
						0.476 -0.707 0.523,
						0.389 -0.674 0.628,
						0.372 -0.707 0.601,
						0.255 -0.707 0.659,
						0.136 -0.674 0.726,
						0.130 -0.707 0.695,
						-0.000 -0.707 0.707,
						-0.136 -0.674 0.726,
						-0.130 -0.707 0.695,
						-0.255 -0.707 0.659,
						-0.389 -0.674 0.628,
						-0.372 -0.707 0.601,
						-0.476 -0.707 0.523,
						-0.590 -0.674 0.445,
						-0.564 -0.707 0.426,
						-0.633 -0.707 0.315,
						-0.711 -0.674 0.202,
						-0.680 -0.707 0.194,
						-0.996 0.000 -0.092,
						-1.000 0.000 -0.000,
						-0.928 -0.361 -0.086,
						-0.990 0.000 0.138,
						-0.897 -0.361 0.255,
						-0.962 0.000 0.274,
						-0.895 0.000 0.446,
						-0.744 -0.361 0.562,
						-0.798 0.000 0.603,
						-0.674 0.000 0.739,
						-0.491 -0.361 0.793,
						-0.526 0.000 0.850,
						-0.361 0.000 0.932,
						-0.171 -0.361 0.917,
						-0.184 0.000 0.983,
						-0.000 0.000 1.000,
						0.171 -0.361 0.917,
						0.184 0.000 0.983,
						0.361 0.000 0.932,
						0.491 -0.361 0.793,
						0.526 0.000 0.850,
						0.674 0.000 0.739,
						0.962 0.000 0.274,
						0.990 0.000 0.138,
						0.928 -0.361 -0.086,
						1.000 0.000 0.000,
						0.996 0.000 -0.092,
						0.962 0.000 -0.274,
						0.835 -0.361 -0.416,
						0.895 0.000 -0.446,
						0.798 0.000 -0.603,
						0.628 -0.361 -0.689,
						0.674 0.000 -0.739,
						0.526 0.000 -0.850,
						0.337 -0.361 -0.870,
						0.361 0.000 -0.932,
						0.184 0.000 -0.983,
						0.000 -0.361 -0.932,
						-0.000 -0.000 -1.000,
						-0.184 0.000 -0.983,
						-0.337 -0.361 -0.870,
						-0.361 0.000 -0.932,
						-0.526 0.000 -0.850,
						-0.628 -0.361 -0.689,
						-0.674 0.000 -0.739,
						-0.798 0.000 -0.603,
						-0.835 -0.361 -0.416,
						-0.895 0.000 -0.446,
						-0.962 0.000 -0.274
					]
				}
				normalIndex
				[
					0, 1, 2, -1,
					2, 1, 3, -1,
					2, 3, 4, -1,
					2, 4, 5, -1,
					5, 4, 6, -1,
					5, 6, 7, -1,
					5, 7, 8, -1,
					8, 7, 9, -1,
					8, 9, 10, -1,
					8, 10, 11, -1,
					11, 10, 12, -1,
					11, 12, 13, -1,
					11, 13, 14, -1,
					14, 13, 15, -1,
					14, 15, 16, -1,
					14, 16, 17, -1,
					17, 16, 18, -1,
					17, 18, 19, -1,
					17, 19, 20, -1,
					20, 19, 21, -1,
					20, 21, 22, -1,
					20, 22, 23, -1,
					23, 22, 24, -1,
					23, 24, 25, -1,
					23, 25, 26, -1,
					26, 25, 27, -1,
					26, 27, 28, -1,
					28, 29, 26, -1,
					26, 29, 30, -1,
					26, 30, 31, -1,
					31, 30, 32, -1,
					31, 32, 33, -1,
					33, 32, 34, -1,
					29, 35, 30, -1,
					30, 35, 36, -1,
					30, 36, 37, -1,
					37, 36, 38, -1,
					37, 38, 39, -1,
					37, 39, 40, -1,
					40, 39, 41, -1,
					40, 41, 42, -1,
					40, 42, 43, -1,
					43, 42, 44, -1,
					43, 44, 45, -1,
					43, 45, 46, -1,
					46, 45, 47, -1,
					46, 47, 48, -1,
					46, 48, 49, -1,
					49, 48, 50, -1,
					49, 50, 51, -1,
					49, 51, 52, -1,
					52, 51, 53, -1,
					52, 53, 54, -1,
					52, 54, 55, -1,
					55, 54, 56, -1,
					55, 56, 0, -1,
					57, 58, 59, -1,
					59, 58, 60, -1,
					59, 60, 61, -1,
					61, 60, 62, -1,
					61, 62, 63, -1,
					61, 63, 64, -1,
					64, 63, 65, -1,
					64, 65, 66, -1,
					64, 66, 67, -1,
					67, 66, 68, -1,
					67, 68, 69, -1,
					67, 69, 70, -1,
					70, 69, 71, -1,
					70, 71, 72, -1,
					70, 72, 73, -1,
					73, 72, 74, -1,
					73, 74, 75, -1,
					73, 75, 76, -1,
					76, 75, 77, -1,
					76, 77, 78, -1,
					76, 78, 32, -1,
					32, 78, 34, -1,
					33, 79, 31, -1,
					31, 79, 80, -1,
					31, 80, 81, -1,
					81, 80, 82, -1,
					81, 82, 83, -1,
					83, 84, 81, -1,
					81, 84, 85, -1,
					81, 85, 23, -1,
					23, 85, 20, -1,
					84, 86, 85, -1,
					85, 86, 87, -1,
					85, 87, 88, -1,
					88, 87, 89, -1,
					88, 89, 90, -1,
					88, 90, 91, -1,
					91, 90, 92, -1,
					91, 92, 93, -1,
					91, 93, 94, -1,
					94, 93, 95, -1,
					94, 95, 96, -1,
					94, 96, 97, -1,
					97, 96, 98, -1,
					97, 98, 99, -1,
					97, 99, 100, -1,
					100, 99, 101, -1,
					100, 101, 102, -1,
					100, 102, 103, -1,
					103, 102, 104, -1,
					103, 104, 105, -1,
					103, 105, 59, -1,
					59, 105, 57, -1,
					20, 88, 17, -1,
					17, 88, 91, -1,
					17, 91, 14, -1,
					14, 91, 94, -1,
					14, 94, 11, -1,
					11, 94, 97, -1,
					11, 97, 8, -1,
					8, 97, 100, -1,
					8, 100, 5, -1,
					5, 100, 103, -1,
					5, 103, 2, -1,
					2, 103, 59, -1,
					2, 59, 55, -1,
					55, 59, 61, -1,
					55, 61, 52, -1,
					52, 61, 64, -1,
					52, 64, 49, -1,
					49, 64, 67, -1,
					49, 67, 46, -1,
					46, 67, 70, -1,
					46, 70, 43, -1,
					43, 70, 73, -1,
					43, 73, 40, -1,
					40, 73, 76, -1,
					40, 76, 37, -1,
					37, 76, 32, -1,
					37, 32, 30, -1,
					2, 55, 0, -1,
					88, 20, 85, -1,
					31, 81, 26, -1,
					26, 81, 23, -1
				]
			}
		}
		Shape
		{
			appearance Appearance
			{
				material Material
				{
					diffuseColor 0.812 0.812 0.812
				}
			}
			geometry IndexedFaceSet
			{
				creaseAngle 0.5
				solid TRUE
				coord Coordinate
				{
					point
					[
						-2.153 0.129 -0.023,
						-2.154 0.129 0.000,
						-2.225 0.200 0.000,
						-2.152 0.129 0.034,
						-2.214 0.200 0.083,
						-2.145 0.129 0.068,
						-2.128 0.129 0.111,
						-2.182 0.200 0.160,
						-2.104 0.129 0.150,
						-2.131 0.200 0.226,
						-2.073 0.129 0.184,
						-2.036 0.129 0.212,
						-2.065 0.200 0.277,
						-1.995 0.129 0.232,
						-1.988 0.200 0.309,
						-1.951 0.129 0.245,
						-1.905 0.200 0.320,
						-1.905 0.129 0.249,
						-1.859 0.129 0.245,
						-1.822 0.200 0.309,
						-1.815 0.129 0.232,
						-1.745 0.200 0.277,
						-1.774 0.129 0.212,
						-1.737 0.129 0.184,
						-1.679 0.200 0.226,
						-1.706 0.129 0.150,
						-1.628 0.200 0.160,
						-1.682 0.129 0.111,
						-1.596 0.200 0.083,
						-1.665 0.129 0.068,
						-1.658 0.129 0.034,
						-1.585 0.200 -0.000,
						-1.656 0.129 0.000,
						-1.657 0.129 -0.023,
						-1.596 0.200 -0.083,
						-1.665 0.129 -0.068,
						-1.682 0.129 -0.111,
						-1.628 0.200 -0.160,
						-1.706 0.129 -0.150,
						-1.679 0.200 -0.226,
						-1.737 0.129 -0.184,
						-1.774 0.129 -0.212,
						-1.745 0.200 -0.277,
						-1.815 0.129 -0.232,
						-1.822 0.200 -0.309,
						-1.859 0.129 -0.245,
						-1.905 0.200 -0.320,
						-1.905 0.129 -0.249,
						-1.951 0.129 -0.245,
						-1.988 0.200 -0.309,
						-1.995 0.129 -0.232,
						-2.065 0.200 -0.277,
						-2.036 0.129 -0.212,
						-2.073 0.129 -0.184,
						-2.131 0.200 -0.226,
						-2.104 0.129 -0.150,
						-2.182 0.200 -0.160,
						-2.128 0.129 -0.111,
						-2.214 0.200 -0.083,
						-2.145 0.129 -0.068
					]
				}
				coordIndex
				[
					0, 1, 2, -1,
					2, 1, 3, -1,
					2, 3, 4, -1,
					4, 3, 5, -1,
					4, 5, 6, -1,
					4, 6, 7, -1,
					7, 6, 8, -1,
					7, 8, 9, -1,
					9, 8, 10, -1,
					9, 10, 11, -1,
					9, 11, 12, -1,
					12, 11, 13, -1,
					12, 13, 14, -1,
					14, 13, 15, -1,
					14, 15, 16, -1,
					16, 15, 17, -1,
					16, 17, 18, -1,
					16, 18, 19, -1,
					19, 18, 20, -1,
					19, 20, 21, -1,
					21, 20, 22, -1,
					21, 22, 23, -1,
					21, 23, 24, -1,
					24, 23, 25, -1,
					24, 25, 26, -1,
					26, 25, 27, -1,
					26, 27, 28, -1,
					28, 27, 29, -1,
					28, 29, 30, -1,
					28, 30, 31, -1,
					31, 30, 32, -1,
					31, 32, 33, -1,
					31, 33, 34, -1,
					34, 33, 35, -1,
					34, 35, 36, -1,
					34, 36, 37, -1,
					37, 36, 38, -1,
					37, 38, 39, -1,
					39, 38, 40, -1,
					39, 40, 41, -1,
					39, 41, 42, -1,
					42, 41, 43, -1,
					42, 43, 44, -1,
					44, 43, 45, -1,
					44, 45, 46, -1,
					46, 45, 47, -1,
					46, 47, 48, -1,
					46, 48, 49, -1,
					49, 48, 50, -1,
					49, 50, 51, -1,
					51, 50, 52, -1,
					51, 52, 53, -1,
					51, 53, 54, -1,
					54, 53, 55, -1,
					54, 55, 56, -1,
					56, 55, 57, -1,
					56, 57, 58, -1,
					58, 57, 59, -1,
					58, 59, 0, -1,
					2, 58, 0, -1
				]
				normal Normal
				{
					vector
					[
						-0.704 -0.707 -0.065,
						-0.707 -0.707 -0.000,
						-0.700 -0.707 0.098,
						-0.683 -0.707 0.183,
						-0.680 -0.707 0.194,
						-0.633 -0.707 0.315,
						-0.612 -0.707 0.354,
						-0.564 -0.707 0.426,
						-0.500 -0.707 0.500,
						-0.476 -0.707 0.523,
						-0.372 -0.707 0.601,
						-0.354 -0.707 0.612,
						-0.255 -0.707 0.659,
						-0.183 -0.707 0.683,
						-0.130 -0.707 0.695,
						-0.000 -0.707 0.707,
						0.130 -0.707 0.695,
						0.183 -0.707 0.683,
						0.255 -0.707 0.659,
						0.354 -0.707 0.612,
						0.372 -0.707 0.601,
						0.476 -0.707 0.523,
						0.500 -0.707 0.500,
						0.564 -0.707 0.426,
						0.612 -0.707 0.354,
						0.633 -0.707 0.315,
						0.683 -0.707 0.183,
						0.680 -0.707 0.194,
						0.700 -0.707 0.098,
						0.707 -0.707 0.000,
						0.704 -0.707 -0.065,
						0.683 -0.707 -0.183,
						0.680 -0.707 -0.194,
						0.633 -0.707 -0.315,
						0.612 -0.707 -0.354,
						0.564 -0.707 -0.426,
						0.500 -0.707 -0.500,
						0.476 -0.707 -0.523,
						0.372 -0.707 -0.601,
						0.354 -0.707 -0.612,
						0.255 -0.707 -0.659,
						0.183 -0.707 -0.683,
						0.130 -0.707 -0.695,
						-0.000 -0.707 -0.707,
						-0.130 -0.707 -0.695,
						-0.183 -0.707 -0.683,
						-0.255 -0.707 -0.659,
						-0.354 -0.707 -0.612,
						-0.372 -0.707 -0.601,
						-0.476 -0.707 -0.523,
						-0.500 -0.707 -0.500,
						-0.564 -0.707 -0.426,
						-0.612 -0.707 -0.354,
						-0.633 -0.707 -0.315,
						-0.683 -0.707 -0.183,
						-0.680 -0.707 -0.194
					]
				}
				normalIndex
				[
					0, 1, 1, -1,
					1, 1, 2, -1,
					1, 2, 3, -1,
					3, 2, 4, -1,
					3, 4, 5, -1,
					3, 5, 6, -1,
					6, 5, 7, -1,
					6, 7, 8, -1,
					8, 7, 9, -1,
					8, 9, 10, -1,
					8, 10, 11, -1,
					11, 10, 12, -1,
					11, 12, 13, -1,
					13, 12, 14, -1,
					13, 14, 15, -1,
					15, 14, 15, -1,
					15, 15, 16, -1,
					15, 16, 17, -1,
					17, 16, 18, -1,
					17, 18, 19, -1,
					19, 18, 20, -1,
					19, 20, 21, -1,
					19, 21, 22, -1,
					22, 21, 23, -1,
					22, 23, 24, -1,
					24, 23, 25, -1,
					24, 25, 26, -1,
					26, 25, 27, -1,
					26, 27, 28, -1,
					26, 28, 29, -1,
					29, 28, 29, -1,
					29, 29, 30, -1,
					29, 30, 31, -1,
					31, 30, 32, -1,
					31, 32, 33, -1,
					31, 33, 34, -1,
					34, 33, 35, -1,
					34, 35, 36, -1,
					36, 35, 37, -1,
					36, 37, 38, -1,
					36, 38, 39, -1,
					39, 38, 40, -1,
					39, 40, 41, -1,
					41, 40, 42, -1,
					41, 42, 43, -1,
					43, 42, 43, -1,
					43, 43, 44, -1,
					43, 44, 45, -1,
					45, 44, 46, -1,
					45, 46, 47, -1,
					47, 46, 48, -1,
					47, 48, 49, -1,
					47, 49, 50, -1,
					50, 49, 51, -1,
					50, 51, 52, -1,
					52, 51, 53, -1,
					52, 53, 54, -1,
					54, 53, 55, -1,
					54, 55, 0, -1,
					1, 54, 0, -1
				]
			}
		}
		Shape
		{
			appearance Appearance
			{
				material Material
				{
					diffuseColor 0.812 0.812 0.812
				}
			}
			geometry IndexedFaceSet
			{
				creaseAngle 0.5
				solid TRUE
				coord Coordinate
				{
					point
					[
						-1.714 -1.090 3.880,
						-1.721 -1.086 3.918,
						-1.692 -1.143 3.880,
						-1.692 -1.160 3.918,
						-1.685 -1.200 3.880,
						-1.692 -1.240 3.918,
						-1.692 -1.257 3.880,
						-1.721 -1.314 3.918,
						-1.714 -1.310 3.880,
						-1.749 -1.356 3.880,
						-1.749 -1.044 3.880,
						-1.774 -1.027 3.918,
						-1.790 -1.048 3.990,
						-1.853 -1.017 3.990,
						-1.866 -1.064 4.049,
						-1.918 -1.059 4.049,
						-1.912 -1.125 4.087,
						-1.939 -1.133 4.087,
						-1.905 -1.200 4.100,
						-1.795 -1.009 3.880,
						-1.846 -0.992 3.918,
						-1.923 -1.010 3.990,
						-1.968 -1.073 4.049,
						-1.961 -1.149 4.087,
						-1.848 -0.987 3.880,
						-1.905 -0.980 3.880,
						-1.925 -0.984 3.918,
						-1.962 -0.987 3.880,
						-2.002 -1.006 3.918,
						-2.015 -1.009 3.880,
						-2.065 -1.054 3.918,
						-2.061 -1.044 3.880,
						-2.096 -1.090 3.880,
						-2.107 -1.122 3.918,
						-2.118 -1.143 3.880,
						-2.122 -1.200 3.918,
						-2.125 -1.200 3.880,
						-2.118 -1.257 3.880,
						-2.107 -1.278 3.918,
						-2.096 -1.310 3.880,
						-2.065 -1.346 3.918,
						-2.061 -1.356 3.880,
						-2.015 -1.391 3.880,
						-2.002 -1.394 3.918,
						-1.962 -1.413 3.880,
						-1.925 -1.416 3.918,
						-1.905 -1.420 3.880,
						-1.846 -1.408 3.918,
						-1.848 -1.413 3.880,
						-1.795 -1.391 3.880,
						-1.774 -1.373 3.918,
						-1.884 -1.128 4.087,
						-1.743 -1.100 3.990,
						-1.718 -1.165 3.990,
						-1.718 -1.235 3.990,
						-1.743 -1.300 3.990,
						-1.790 -1.352 3.990,
						-1.853 -1.383 3.990,
						-1.923 -1.390 3.990,
						-1.990 -1.371 3.990,
						-2.046 -1.328 3.990,
						-2.083 -1.269 3.990,
						-2.096 -1.200 3.990,
						-2.083 -1.131 3.990,
						-2.046 -1.072 3.990,
						-1.990 -1.029 3.990,
						-1.820 -1.087 4.049,
						-1.785 -1.126 4.049,
						-1.766 -1.174 4.049,
						-1.766 -1.226 4.049,
						-1.785 -1.274 4.049,
						-1.820 -1.313 4.049,
						-1.866 -1.336 4.049,
						-1.918 -1.341 4.049,
						-1.968 -1.327 4.049,
						-2.010 -1.295 4.049,
						-2.037 -1.251 4.049,
						-2.046 -1.200 4.049,
						-2.037 -1.149 4.049,
						-2.010 -1.105 4.049,
						-1.860 -1.140 4.087,
						-1.841 -1.160 4.087,
						-1.831 -1.186 4.087,
						-1.831 -1.214 4.087,
						-1.841 -1.240 4.087,
						-1.860 -1.260 4.087,
						-1.884 -1.272 4.087,
						-1.912 -1.275 4.087,
						-1.939 -1.267 4.087,
						-1.961 -1.251 4.087,
						-1.975 -1.227 4.087,
						-1.980 -1.200 4.087,
						-1.975 -1.173 4.087
					]
				}
				coordIndex
				[
					0, 1, 2, -1,
					2, 1, 3, -1,
					2, 3, 4, -1,
					4, 3, 5, -1,
					4, 5, 6, -1,
					6, 5, 7, -1,
					6, 7, 8, -1,
					8, 7, 9, -1,
					0, 10, 1, -1,
					1, 10, 11, -1,
					1, 11, 12, -1,
					12, 11, 13, -1,
					12, 13, 14, -1,
					14, 13, 15, -1,
					14, 15, 16, -1,
					16, 15, 17, -1,
					16, 17, 18, -1,
					10, 19, 11, -1,
					11, 19, 20, -1,
					11, 20, 13, -1,
					13, 20, 21, -1,
					13, 21, 15, -1,
					15, 21, 22, -1,
					15, 22, 17, -1,
					17, 22, 23, -1,
					17, 23, 18, -1,
					19, 24, 20, -1,
					20, 24, 25, -1,
					20, 25, 26, -1,
					26, 25, 27, -1,
					26, 27, 28, -1,
					28, 27, 29, -1,
					28, 29, 30, -1,
					30, 29, 31, -1,
					30, 31, 32, -1,
					30, 32, 33, -1,
					33, 32, 34, -1,
					33, 34, 35, -1,
					35, 34, 36, -1,
					35, 36, 37, -1,
					35, 37, 38, -1,
					38, 37, 39, -1,
					38, 39, 40, -1,
					40, 39, 41, -1,
					40, 41, 42, -1,
					40, 42, 43, -1,
					43, 42, 44, -1,
					43, 44, 45, -1,
					45, 44, 46, -1,
					45, 46, 47, -1,
					47, 46, 48, -1,
					47, 48, 49, -1,
					47, 49, 50, -1,
					50, 49, 9, -1,
					50, 9, 7, -1,
					16, 18, 51, -1,
					1, 52, 3, -1,
					3, 52, 53, -1,
					3, 53, 5, -1,
					5, 53, 54, -1,
					5, 54, 7, -1,
					7, 54, 55, -1,
					7, 55, 50, -1,
					50, 55, 56, -1,
					50, 56, 47, -1,
					47, 56, 57, -1,
					47, 57, 45, -1,
					45, 57, 58, -1,
					45, 58, 43, -1,
					43, 58, 59, -1,
					43, 59, 40, -1,
					40, 59, 60, -1,
					40, 60, 38, -1,
					38, 60, 61, -1,
					38, 61, 35, -1,
					35, 61, 62, -1,
					35, 62, 33, -1,
					33, 62, 63, -1,
					33, 63, 30, -1,
					30, 63, 64, -1,
					30, 64, 28, -1,
					28, 64, 65, -1,
					28, 65, 26, -1,
					26, 65, 21, -1,
					26, 21, 20, -1,
					12, 66, 52, -1,
					52, 66, 67, -1,
					52, 67, 53, -1,
					53, 67, 68, -1,
					53, 68, 54, -1,
					54, 68, 69, -1,
					54, 69, 55, -1,
					55, 69, 70, -1,
					55, 70, 56, -1,
					56, 70, 71, -1,
					56, 71, 57, -1,
					57, 71, 72, -1,
					57, 72, 58, -1,
					58, 72, 73, -1,
					58, 73, 59, -1,
					59, 73, 74, -1,
					59, 74, 60, -1,
					60, 74, 75, -1,
					60, 75, 61, -1,
					61, 75, 76, -1,
					61, 76, 62, -1,
					62, 76, 77, -1,
					62, 77, 63, -1,
					63, 77, 78, -1,
					63, 78, 64, -1,
					64, 78, 79, -1,
					64, 79, 65, -1,
					65, 79, 22, -1,
					65, 22, 21, -1,
					14, 51, 66, -1,
					66, 51, 80, -1,
					66, 80, 67, -1,
					67, 80, 81, -1,
					67, 81, 68, -1,
					68, 81, 82, -1,
					68, 82, 69, -1,
					69, 82, 83, -1,
					69, 83, 70, -1,
					70, 83, 84, -1,
					70, 84, 71, -1,
					71, 84, 85, -1,
					71, 85, 72, -1,
					72, 85, 86, -1,
					72, 86, 73, -1,
					73, 86, 87, -1,
					73, 87, 74, -1,
					74, 87, 88, -1,
					74, 88, 75, -1,
					75, 88, 89, -1,
					75, 89, 76, -1,
					76, 89, 90, -1,
					76, 90, 77, -1,
					77, 90, 91, -1,
					77, 91, 78, -1,
					78, 91, 92, -1,
					78, 92, 79, -1,
					79, 92, 23, -1,
					79, 23, 22, -1,
					91, 18, 92, -1,
					82, 18, 83, -1,
					83, 18, 84, -1,
					52, 1, 12, -1,
					81, 18, 82, -1,
					66, 12, 14, -1,
					80, 18, 81, -1,
					51, 18, 80, -1,
					51, 14, 16, -1,
					92, 18, 23, -1,
					90, 18, 91, -1,
					89, 18, 90, -1,
					88, 18, 89, -1,
					87, 18, 88, -1,
					86, 18, 87, -1,
					85, 18, 86, -1,
					84, 18, 85, -1
				]
				normal Normal
				{
					vector
					[
						0.866 0.500 -0.000,
						0.837 0.518 0.174,
						0.966 0.259 -0.000,
						0.968 0.181 0.174,
						1.000 -0.000 -0.000,
						0.968 -0.181 0.174,
						0.966 -0.259 -0.000,
						0.837 -0.518 0.174,
						0.866 -0.500 -0.000,
						0.707 -0.707 -0.000,
						0.707 0.707 -0.000,
						0.593 0.786 0.174,
						0.522 0.691 0.500,
						0.237 0.833 0.500,
						0.176 0.618 0.766,
						-0.059 0.640 0.766,
						-0.032 0.341 0.940,
						-0.152 0.306 0.940,
						-0.000 -0.000 1.000,
						0.500 0.866 -0.000,
						0.270 0.947 0.174,
						-0.080 0.862 0.500,
						-0.287 0.575 0.766,
						-0.253 0.230 0.940,
						0.259 0.966 -0.000,
						0.000 1.000 -0.000,
						-0.091 0.981 0.174,
						-0.259 0.966 -0.000,
						-0.439 0.882 0.174,
						-0.500 0.866 -0.000,
						-0.728 0.663 0.174,
						-0.707 0.707 -0.000,
						-0.866 0.500 -0.000,
						-0.918 0.356 0.174,
						-0.966 0.259 -0.000,
						-0.985 0.000 0.174,
						-1.000 -0.000 -0.000,
						-0.966 -0.259 -0.000,
						-0.918 -0.356 0.174,
						-0.866 -0.500 -0.000,
						-0.728 -0.663 0.174,
						-0.707 -0.707 -0.000,
						-0.500 -0.866 -0.000,
						-0.439 -0.882 0.174,
						-0.259 -0.966 -0.000,
						-0.091 -0.981 0.174,
						0.000 -1.000 -0.000,
						0.270 -0.947 0.174,
						0.259 -0.966 -0.000,
						0.500 -0.866 -0.000,
						0.593 -0.786 0.174,
						0.094 0.329 0.940,
						0.736 0.456 0.500,
						0.851 0.159 0.500,
						0.851 -0.159 0.500,
						0.736 -0.456 0.500,
						0.522 -0.691 0.500,
						0.237 -0.833 0.500,
						-0.080 -0.862 0.500,
						-0.386 -0.775 0.500,
						-0.640 -0.583 0.500,
						-0.808 -0.313 0.500,
						-0.866 0.000 0.500,
						-0.808 0.313 0.500,
						-0.640 0.583 0.500,
						-0.386 0.775 0.500,
						0.387 0.513 0.766,
						0.547 0.338 0.766,
						0.632 0.118 0.766,
						0.632 -0.118 0.766,
						0.547 -0.338 0.766,
						0.387 -0.513 0.766,
						0.176 -0.618 0.766,
						-0.059 -0.640 0.766,
						-0.287 -0.575 0.766,
						-0.475 -0.433 0.766,
						-0.599 -0.232 0.766,
						-0.643 0.000 0.766,
						-0.599 0.232 0.766,
						-0.475 0.433 0.766,
						0.206 0.273 0.940,
						0.291 0.180 0.940,
						0.336 0.063 0.940,
						0.336 -0.063 0.940,
						0.291 -0.180 0.940,
						0.206 -0.273 0.940,
						0.094 -0.329 0.940,
						-0.032 -0.341 0.940,
						-0.152 -0.306 0.940,
						-0.253 -0.230 0.940,
						-0.319 -0.124 0.940,
						-0.342 -0.000 0.940,
						-0.319 0.124 0.940
					]
				}
				normalIndex
				[
					0, 1, 2, -1,
					2, 1, 3, -1,
					2, 3, 4, -1,
					4, 3, 5, -1,
					4, 5, 6, -1,
					6, 5, 7, -1,
					6, 7, 8, -1,
					8, 7, 9, -1,
					0, 10, 1, -1,
					1, 10, 11, -1,
					1, 11, 12, -1,
					12, 11, 13, -1,
					12, 13, 14, -1,
					14, 13, 15, -1,
					14, 15, 16, -1,
					16, 15, 17, -1,
					16, 17, 18, -1,
					10, 19, 11, -1,
					11, 19, 20, -1,
					11, 20, 13, -1,
					13, 20, 21, -1,
					13, 21, 15, -1,
					15, 21, 22, -1,
					15, 22, 17, -1,
					17, 22, 23, -1,
					17, 23, 18, -1,
					19, 24, 20, -1,
					20, 24, 25, -1,
					20, 25, 26, -1,
					26, 25, 27, -1,
					26, 27, 28, -1,
					28, 27, 29, -1,
					28, 29, 30, -1,
					30, 29, 31, -1,
					30, 31, 32, -1,
					30, 32, 33, -1,
					33, 32, 34, -1,
					33, 34, 35, -1,
					35, 34, 36, -1,
					35, 36, 37, -1,
					35, 37, 38, -1,
					38, 37, 39, -1,
					38, 39, 40, -1,
					40, 39, 41, -1,
					40, 41, 42, -1,
					40, 42, 43, -1,
					43, 42, 44, -1,
					43, 44, 45, -1,
					45, 44, 46, -1,
					45, 46, 47, -1,
					47, 46, 48, -1,
					47, 48, 49, -1,
					47, 49, 50, -1,
					50, 49, 9, -1,
					50, 9, 7, -1,
					16, 18, 51, -1,
					1, 52, 3, -1,
					3, 52, 53, -1,
					3, 53, 5, -1,
					5, 53, 54, -1,
					5, 54, 7, -1,
					7, 54, 55, -1,
					7, 55, 50, -1,
					50, 55, 56, -1,
					50, 56, 47, -1,
					47, 56, 57, -1,
					47, 57, 45, -1,
					45, 57, 58, -1,
					45, 58, 43, -1,
					43, 58, 59, -1,
					43, 59, 40, -1,
					40, 59, 60, -1,
					40, 60, 38, -1,
					38, 60, 61, -1,
					38, 61, 35, -1,
					35, 61, 62, -1,
					35, 62, 33, -1,
					33, 62, 63, -1,
					33, 63, 30, -1,
					30, 63, 64, -1,
					30, 64, 28, -1,
					28, 64, 65, -1,
					28, 65, 26, -1,
					26, 65, 21, -1,
					26, 21, 20, -1,
					12, 66, 52, -1,
					52, 66, 67, -1,
					52, 67, 53, -1,
					53, 67, 68, -1,
					53, 68, 54, -1,
					54, 68, 69, -1,
					54, 69, 55, -1,
					55, 69, 70, -1,
					55, 70, 56, -1,
					56, 70, 71, -1,
					56, 71, 57, -1,
					57, 71, 72, -1,
					57, 72, 58, -1,
					58, 72, 73, -1,
					58, 73, 59, -1,
					59, 73, 74, -1,
					59, 74, 60, -1,
					60, 74, 75, -1,
					60, 75, 61, -1,
					61, 75, 76, -1,
					61, 76, 62, -1,
					62, 76, 77, -1,
					62, 77, 63, -1,
					63, 77, 78, -1,
					63, 78, 64, -1,
					64, 78, 79, -1,
					64, 79, 65, -1,
					65, 79, 22, -1,
					65, 22, 21, -1,
					14, 51, 66, -1,
					66, 51, 80, -1,
					66, 80, 67, -1,
					67, 80, 81, -1,
					67, 81, 68, -1,
					68, 81, 82, -1,
					68, 82, 69, -1,
					69, 82, 83, -1,
					69, 83, 70, -1,
					70, 83, 84, -1,
					70, 84, 71, -1,
					71, 84, 85, -1,
					71, 85, 72, -1,
					72, 85, 86, -1,
					72, 86, 73, -1,
					73, 86, 87, -1,
					73, 87, 74, -1,
					74, 87, 88, -1,
					74, 88, 75, -1,
					75, 88, 89, -1,
					75, 89, 76, -1,
					76, 89, 90, -1,
					76, 90, 77, -1,
					77, 90, 91, -1,
					77, 91, 78, -1,
					78, 91, 92, -1,
					78, 92, 79, -1,
					79, 92, 23, -1,
					79, 23, 22, -1,
					91, 18, 92, -1,
					82, 18, 83, -1,
					83, 18, 84, -1,
					52, 1, 12, -1,
					81, 18, 82, -1,
					66, 12, 14, -1,
					80, 18, 81, -1,
					51, 18, 80, -1,
					51, 14, 16, -1,
					92, 18, 23, -1,
					90, 18, 91, -1,
					89, 18, 90, -1,
					88, 18, 89, -1,
					87, 18, 88, -1,
					86, 18, 87, -1,
					85, 18, 86, -1,
					84, 18, 85, -1
				]
			}
		}
		Shape
		{
			appearance Appearance
			{
				material Material
				{
					diffuseColor 0.812 0.812 0.812
				}
			}
			geometry IndexedFaceSet
			{
				creaseAngle 0.5
				solid TRUE
				coord Coordinate
				{
					point
					[
						-1.865 -0.984 0.660,
						-1.905 -0.980 0.660,
						-1.905 -0.980 3.880,
						-1.945 -0.984 0.660,
						-1.962 -0.987 3.880,
						-1.984 -0.995 0.660,
						-2.015 -1.009 3.880,
						-2.021 -1.013 0.660,
						-2.053 -1.037 0.660,
						-2.061 -1.044 3.880,
						-2.081 -1.067 0.660,
						-2.096 -1.090 3.880,
						-2.102 -1.102 0.660,
						-2.118 -1.143 3.880,
						-2.117 -1.140 0.660,
						-2.124 -1.180 0.660,
						-2.125 -1.200 3.880,
						-2.124 -1.220 0.660,
						-2.118 -1.257 3.880,
						-2.117 -1.260 0.660,
						-2.102 -1.298 0.660,
						-2.096 -1.310 3.880,
						-2.081 -1.333 0.660,
						-2.061 -1.356 3.880,
						-2.053 -1.363 0.660,
						-2.021 -1.387 0.660,
						-2.015 -1.391 3.880,
						-1.984 -1.405 0.660,
						-1.962 -1.413 3.880,
						-1.945 -1.416 0.660,
						-1.905 -1.420 3.880,
						-1.905 -1.420 0.660,
						-1.865 -1.416 0.660,
						-1.848 -1.413 3.880,
						-1.826 -1.405 0.660,
						-1.795 -1.391 3.880,
						-1.789 -1.387 0.660,
						-1.757 -1.363 0.660,
						-1.749 -1.356 3.880,
						-1.729 -1.333 0.660,
						-1.714 -1.310 3.880,
						-1.708 -1.298 0.660,
						-1.692 -1.257 3.880,
						-1.693 -1.260 0.660,
						-1.686 -1.220 0.660,
						-1.685 -1.200 3.880,
						-1.686 -1.180 0.660,
						-1.692 -1.143 3.880,
						-1.693 -1.140 0.660,
						-1.708 -1.102 0.660,
						-1.714 -1.090 3.880,
						-1.729 -1.067 0.660,
						-1.749 -1.044 3.880,
						-1.757 -1.037 0.660,
						-1.789 -1.013 0.660,
						-1.795 -1.009 3.880,
						-1.826 -0.995 0.660,
						-1.848 -0.987 3.880
					]
				}
				coordIndex
				[
					0, 1, 2, -1,
					2, 1, 3, -1,
					2, 3, 4, -1,
					4, 3, 5, -1,
					4, 5, 6, -1,
					6, 5, 7, -1,
					6, 7, 8, -1,
					6, 8, 9, -1,
					9, 8, 10, -1,
					9, 10, 11, -1,
					11, 10, 12, -1,
					11, 12, 13, -1,
					13, 12, 14, -1,
					13, 14, 15, -1,
					13, 15, 16, -1,
					16, 15, 17, -1,
					16, 17, 18, -1,
					18, 17, 19, -1,
					18, 19, 20, -1,
					18, 20, 21, -1,
					21, 20, 22, -1,
					21, 22, 23, -1,
					23, 22, 24, -1,
					23, 24, 25, -1,
					23, 25, 26, -1,
					26, 25, 27, -1,
					26, 27, 28, -1,
					28, 27, 29, -1,
					28, 29, 30, -1,
					30, 29, 31, -1,
					30, 31, 32, -1,
					30, 32, 33, -1,
					33, 32, 34, -1,
					33, 34, 35, -1,
					35, 34, 36, -1,
					35, 36, 37, -1,
					35, 37, 38, -1,
					38, 37, 39, -1,
					38, 39, 40, -1,
					40, 39, 41, -1,
					40, 41, 42, -1,
					42, 41, 43, -1,
					42, 43, 44, -1,
					42, 44, 45, -1,
					45, 44, 46, -1,
					45, 46, 47, -1,
					47, 46, 48, -1,
					47, 48, 49, -1,
					47, 49, 50, -1,
					50, 49, 51, -1,
					50, 51, 52, -1,
					52, 51, 53, -1,
					52, 53, 54, -1,
					52, 54, 55, -1,
					55, 54, 56, -1,
					55, 56, 57, -1,
					57, 56, 0, -1,
					57, 0, 2, -1
				]
				normal Normal
				{
					vector
					[
						0.184 0.983 -0.000,
						0.000 1.000 0.000,
						-0.184 0.983 0.000,
						-0.259 0.966 0.000,
						-0.361 0.932 0.000,
						-0.500 0.866 0.000,
						-0.526 0.850 0.000,
						-0.674 0.739 0.000,
						-0.707 0.707 0.000,
						-0.798 0.603 0.000,
						-0.866 0.500 -0.000,
						-0.895 0.446 0.000,
						-0.966 0.259 0.000,
						-0.962 0.274 0.000,
						-0.996 0.092 -0.000,
						-1.000 -0.000 0.000,
						-0.996 -0.092 0.000,
						-0.966 -0.259 0.000,
						-0.962 -0.274 0.000,
						-0.895 -0.446 0.000,
						-0.866 -0.500 0.000,
						-0.798 -0.603 0.000,
						-0.707 -0.707 0.000,
						-0.674 -0.739 0.000,
						-0.526 -0.850 0.000,
						-0.500 -0.866 0.000,
						-0.361 -0.932 0.000,
						-0.259 -0.966 0.000,
						-0.184 -0.983 0.000,
						0.000 -1.000 0.000,
						0.184 -0.983 0.000,
						0.259 -0.966 0.000,
						0.361 -0.932 0.000,
						0.500 -0.866 0.000,
						0.526 -0.850 0.000,
						0.674 -0.739 0.000,
						0.707 -0.707 0.000,
						0.798 -0.603 0.000,
						0.866 -0.500 -0.000,
						0.895 -0.446 0.000,
						0.966 -0.259 0.000,
						0.962 -0.274 -0.000,
						0.996 -0.092 0.000,
						1.000 0.000 0.000,
						0.996 0.092 0.000,
						0.966 0.259 0.000,
						0.962 0.274 0.000,
						0.895 0.446 0.000,
						0.866 0.500 0.000,
						0.798 0.603 0.000,
						0.707 0.707 0.000,
						0.674 0.739 0.000,
						0.526 0.850 0.000,
						0.500 0.866 0.000,
						0.361 0.932 0.000,
						0.259 0.966 0.000
					]
				}
				normalIndex
				[
					0, 1, 1, -1,
					1, 1, 2, -1,
					1, 2, 3, -1,
					3, 2, 4, -1,
					3, 4, 5, -1,
					5, 4, 6, -1,
					5, 6, 7, -1,
					5, 7, 8, -1,
					8, 7, 9, -1,
					8, 9, 10, -1,
					10, 9, 11, -1,
					10, 11, 12, -1,
					12, 11, 13, -1,
					12, 13, 14, -1,
					12, 14, 15, -1,
					15, 14, 16, -1,
					15, 16, 17, -1,
					17, 16, 18, -1,
					17, 18, 19, -1,
					17, 19, 20, -1,
					20, 19, 21, -1,
					20, 21, 22, -1,
					22, 21, 23, -1,
					22, 23, 24, -1,
					22, 24, 25, -1,
					25, 24, 26, -1,
					25, 26, 27, -1,
					27, 26, 28, -1,
					27, 28, 29, -1,
					29, 28, 29, -1,
					29, 29, 30, -1,
					29, 30, 31, -1,
					31, 30, 32, -1,
					31, 32, 33, -1,
					33, 32, 34, -1,
					33, 34, 35, -1,
					33, 35, 36, -1,
					36, 35, 37, -1,
					36, 37, 38, -1,
					38, 37, 39, -1,
					38, 39, 40, -1,
					40, 39, 41, -1,
					40, 41, 42, -1,
					40, 42, 43, -1,
					43, 42, 44, -1,
					43, 44, 45, -1,
					45, 44, 46, -1,
					45, 46, 47, -1,
					45, 47, 48, -1,
					48, 47, 49, -1,
					48, 49, 50, -1,
					50, 49, 51, -1,
					50, 51, 52, -1,
					50, 52, 53, -1,
					53, 52, 54, -1,
					53, 54, 55, -1,
					55, 54, 0, -1,
					55, 0, 1, -1
				]
			}
		}
		Shape
		{
			appearance Appearance
			{
				material Material
				{
					diffuseColor 0.812 0.812 0.812
				}
			}
			geometry IndexedFaceSet
			{
				creaseAngle 0.5
				solid TRUE
				coord Coordinate
				{
					point
					[
						-2.124 -0.540 0.020,
						-2.125 -0.540 0.000,
						-2.124 -0.682 0.036,
						-2.123 -0.540 -0.030,
						-2.117 -0.700 -0.042,
						-2.117 -0.540 -0.060,
						-2.102 -0.540 -0.098,
						-2.081 -0.716 -0.113,
						-2.081 -0.540 -0.133,
						-2.053 -0.540 -0.163,
						-2.021 -0.728 -0.166,
						-2.021 -0.540 -0.187,
						-1.984 -0.540 -0.205,
						-1.945 -0.735 -0.194,
						-1.945 -0.540 -0.216,
						-1.905 -0.540 -0.220,
						-1.865 -0.735 -0.194,
						-1.865 -0.540 -0.216,
						-1.826 -0.540 -0.205,
						-1.789 -0.728 -0.166,
						-1.789 -0.540 -0.187,
						-1.757 -0.540 -0.163,
						-1.729 -0.716 -0.113,
						-1.729 -0.540 -0.133,
						-1.708 -0.540 -0.098,
						-1.693 -0.700 -0.042,
						-1.693 -0.540 -0.060,
						-1.687 -0.540 -0.030,
						-1.686 -0.682 0.036,
						-1.685 -0.540 0.000,
						-1.686 -0.540 0.020,
						-1.693 -0.540 0.060,
						-1.708 -0.665 0.112,
						-1.686 -0.860 0.106,
						-1.708 -0.821 0.173,
						-1.686 -1.009 0.225,
						-1.708 -0.952 0.278,
						-1.686 -1.116 0.382,
						-1.708 -1.046 0.416,
						-1.686 -1.173 0.565,
						-1.708 -1.096 0.576,
						-1.693 -1.140 0.660,
						-1.708 -1.102 0.660,
						-1.708 -0.540 0.098,
						-1.729 -0.540 0.133,
						-1.757 -0.651 0.175,
						-1.757 -0.540 0.163,
						-1.789 -0.540 0.187,
						-1.826 -0.641 0.217,
						-1.826 -0.540 0.205,
						-1.865 -0.540 0.216,
						-1.905 -0.638 0.231,
						-1.905 -0.540 0.220,
						-1.945 -0.540 0.216,
						-1.984 -0.641 0.217,
						-1.984 -0.540 0.205,
						-2.021 -0.540 0.187,
						-2.053 -0.651 0.175,
						-2.053 -0.540 0.163,
						-2.081 -0.540 0.133,
						-2.102 -0.665 0.112,
						-2.102 -0.540 0.098,
						-2.117 -0.540 0.060,
						-1.945 -0.984 0.660,
						-1.905 -0.980 0.660,
						-1.905 -0.975 0.594,
						-1.865 -0.984 0.660,
						-1.826 -0.990 0.592,
						-1.826 -0.995 0.660,
						-1.789 -1.013 0.660,
						-1.757 -1.032 0.586,
						-1.757 -1.037 0.660,
						-1.729 -1.067 0.660,
						-1.686 -1.180 0.660,
						-1.686 -1.220 0.660,
						-1.693 -1.252 0.553,
						-1.693 -1.260 0.660,
						-1.708 -1.298 0.660,
						-1.729 -1.324 0.542,
						-1.729 -1.333 0.660,
						-1.757 -1.363 0.660,
						-1.789 -1.378 0.534,
						-1.789 -1.387 0.660,
						-1.826 -1.405 0.660,
						-1.865 -1.406 0.529,
						-1.865 -1.416 0.660,
						-1.905 -1.420 0.660,
						-1.945 -1.406 0.529,
						-1.945 -1.416 0.660,
						-1.984 -1.405 0.660,
						-2.021 -1.378 0.534,
						-2.021 -1.387 0.660,
						-2.053 -1.363 0.660,
						-2.081 -1.324 0.542,
						-2.081 -1.333 0.660,
						-2.102 -1.298 0.660,
						-2.117 -1.252 0.553,
						-2.117 -1.260 0.660,
						-2.124 -1.220 0.660,
						-2.124 -1.173 0.565,
						-2.124 -1.180 0.660,
						-2.117 -1.140 0.660,
						-2.102 -1.096 0.576,
						-2.102 -1.102 0.660,
						-2.081 -1.067 0.660,
						-2.053 -1.032 0.586,
						-2.053 -1.037 0.660,
						-2.021 -1.013 0.660,
						-1.984 -0.990 0.592,
						-1.984 -0.995 0.660,
						-1.905 -0.760 0.279,
						-1.826 -0.767 0.266,
						-1.826 -0.873 0.351,
						-1.757 -0.905 0.322,
						-1.757 -0.988 0.444,
						-1.984 -0.767 0.266,
						-1.905 -0.863 0.361,
						-1.826 -0.950 0.463,
						-2.053 -0.789 0.229,
						-1.984 -0.873 0.351,
						-1.905 -0.936 0.469,
						-1.984 -0.950 0.463,
						-2.053 -0.988 0.444,
						-2.102 -1.046 0.416,
						-2.124 -1.116 0.382,
						-2.117 -1.189 0.348,
						-2.081 -1.254 0.316,
						-2.021 -1.303 0.292,
						-1.945 -1.329 0.280,
						-1.865 -1.329 0.280,
						-1.789 -1.303 0.292,
						-1.729 -1.254 0.316,
						-1.693 -1.189 0.348,
						-1.757 -0.789 0.229,
						-1.693 -0.900 0.036,
						-1.693 -1.068 0.170,
						-1.729 -0.936 -0.026,
						-1.729 -1.121 0.121,
						-1.789 -0.964 -0.074,
						-1.789 -1.161 0.084,
						-1.865 -0.978 -0.099,
						-1.865 -1.182 0.064,
						-1.945 -0.978 -0.099,
						-1.945 -1.182 0.064,
						-2.021 -0.964 -0.074,
						-2.021 -1.161 0.084,
						-2.081 -0.936 -0.026,
						-2.081 -1.121 0.121,
						-2.117 -0.900 0.036,
						-2.117 -1.068 0.170,
						-2.124 -0.860 0.106,
						-2.124 -1.009 0.225,
						-2.102 -0.821 0.173,
						-2.102 -0.952 0.278,
						-2.053 -0.905 0.322
					]
				}
				coordIndex
				[
					0, 1, 2, -1,
					2, 1, 3, -1,
					2, 3, 4, -1,
					4, 3, 5, -1,
					4, 5, 6, -1,
					4, 6, 7, -1,
					7, 6, 8, -1,
					7, 8, 9, -1,
					7, 9, 10, -1,
					10, 9, 11, -1,
					10, 11, 12, -1,
					10, 12, 13, -1,
					13, 12, 14, -1,
					13, 14, 15, -1,
					13, 15, 16, -1,
					16, 15, 17, -1,
					16, 17, 18, -1,
					16, 18, 19, -1,
					19, 18, 20, -1,
					19, 20, 21, -1,
					19, 21, 22, -1,
					22, 21, 23, -1,
					22, 23, 24, -1,
					22, 24, 25, -1,
					25, 24, 26, -1,
					25, 26, 27, -1,
					25, 27, 28, -1,
					28, 27, 29, -1,
					28, 29, 30, -1,
					30, 31, 28, -1,
					28, 31, 32, -1,
					28, 32, 33, -1,
					33, 32, 34, -1,
					33, 34, 35, -1,
					35, 34, 36, -1,
					35, 36, 37, -1,
					37, 36, 38, -1,
					37, 38, 39, -1,
					39, 38, 40, -1,
					39, 40, 41, -1,
					41, 40, 42, -1,
					31, 43, 32, -1,
					32, 43, 44, -1,
					32, 44, 45, -1,
					45, 44, 46, -1,
					45, 46, 47, -1,
					45, 47, 48, -1,
					48, 47, 49, -1,
					48, 49, 50, -1,
					48, 50, 51, -1,
					51, 50, 52, -1,
					51, 52, 53, -1,
					51, 53, 54, -1,
					54, 53, 55, -1,
					54, 55, 56, -1,
					54, 56, 57, -1,
					57, 56, 58, -1,
					57, 58, 59, -1,
					57, 59, 60, -1,
					60, 59, 61, -1,
					60, 61, 62, -1,
					60, 62, 2, -1,
					2, 62, 0, -1,
					63, 64, 65, -1,
					65, 64, 66, -1,
					65, 66, 67, -1,
					67, 66, 68, -1,
					67, 68, 69, -1,
					67, 69, 70, -1,
					70, 69, 71, -1,
					70, 71, 72, -1,
					70, 72, 40, -1,
					40, 72, 42, -1,
					41, 73, 39, -1,
					39, 73, 74, -1,
					39, 74, 75, -1,
					75, 74, 76, -1,
					75, 76, 77, -1,
					75, 77, 78, -1,
					78, 77, 79, -1,
					78, 79, 80, -1,
					78, 80, 81, -1,
					81, 80, 82, -1,
					81, 82, 83, -1,
					81, 83, 84, -1,
					84, 83, 85, -1,
					84, 85, 86, -1,
					84, 86, 87, -1,
					87, 86, 88, -1,
					87, 88, 89, -1,
					87, 89, 90, -1,
					90, 89, 91, -1,
					90, 91, 92, -1,
					90, 92, 93, -1,
					93, 92, 94, -1,
					93, 94, 95, -1,
					93, 95, 96, -1,
					96, 95, 97, -1,
					96, 97, 98, -1,
					96, 98, 99, -1,
					99, 98, 100, -1,
					99, 100, 101, -1,
					99, 101, 102, -1,
					102, 101, 103, -1,
					102, 103, 104, -1,
					102, 104, 105, -1,
					105, 104, 106, -1,
					105, 106, 107, -1,
					105, 107, 108, -1,
					108, 107, 109, -1,
					108, 109, 63, -1,
					51, 110, 111, -1,
					111, 110, 112, -1,
					111, 112, 113, -1,
					113, 112, 114, -1,
					113, 114, 38, -1,
					38, 114, 40, -1,
					54, 115, 110, -1,
					110, 115, 116, -1,
					110, 116, 112, -1,
					112, 116, 117, -1,
					112, 117, 114, -1,
					114, 117, 70, -1,
					114, 70, 40, -1,
					110, 51, 54, -1,
					57, 118, 115, -1,
					115, 118, 119, -1,
					115, 119, 116, -1,
					116, 119, 120, -1,
					116, 120, 117, -1,
					117, 120, 67, -1,
					117, 67, 70, -1,
					67, 120, 65, -1,
					65, 120, 121, -1,
					65, 121, 108, -1,
					108, 121, 122, -1,
					108, 122, 105, -1,
					105, 122, 123, -1,
					105, 123, 102, -1,
					102, 123, 124, -1,
					102, 124, 99, -1,
					99, 124, 125, -1,
					99, 125, 96, -1,
					96, 125, 126, -1,
					96, 126, 93, -1,
					93, 126, 127, -1,
					93, 127, 90, -1,
					90, 127, 128, -1,
					90, 128, 87, -1,
					87, 128, 129, -1,
					87, 129, 84, -1,
					84, 129, 130, -1,
					84, 130, 81, -1,
					81, 130, 131, -1,
					81, 131, 78, -1,
					78, 131, 132, -1,
					78, 132, 75, -1,
					75, 132, 37, -1,
					75, 37, 39, -1,
					65, 108, 63, -1,
					51, 111, 48, -1,
					48, 111, 133, -1,
					48, 133, 45, -1,
					45, 133, 34, -1,
					45, 34, 32, -1,
					25, 28, 134, -1,
					134, 28, 33, -1,
					134, 33, 135, -1,
					135, 33, 35, -1,
					135, 35, 132, -1,
					132, 35, 37, -1,
					22, 25, 136, -1,
					136, 25, 134, -1,
					136, 134, 137, -1,
					137, 134, 135, -1,
					137, 135, 131, -1,
					131, 135, 132, -1,
					19, 22, 138, -1,
					138, 22, 136, -1,
					138, 136, 139, -1,
					139, 136, 137, -1,
					139, 137, 130, -1,
					130, 137, 131, -1,
					16, 19, 140, -1,
					140, 19, 138, -1,
					140, 138, 141, -1,
					141, 138, 139, -1,
					141, 139, 129, -1,
					129, 139, 130, -1,
					13, 16, 142, -1,
					142, 16, 140, -1,
					142, 140, 143, -1,
					143, 140, 141, -1,
					143, 141, 128, -1,
					128, 141, 129, -1,
					10, 13, 144, -1,
					144, 13, 142, -1,
					144, 142, 145, -1,
					145, 142, 143, -1,
					145, 143, 127, -1,
					127, 143, 128, -1,
					7, 10, 146, -1,
					146, 10, 144, -1,
					146, 144, 147, -1,
					147, 144, 145, -1,
					147, 145, 126, -1,
					126, 145, 127, -1,
					4, 7, 148, -1,
					148, 7, 146, -1,
					148, 146, 149, -1,
					149, 146, 147, -1,
					149, 147, 125, -1,
					125, 147, 126, -1,
					2, 4, 150, -1,
					150, 4, 148, -1,
					150, 148, 151, -1,
					151, 148, 149, -1,
					151, 149, 124, -1,
					124, 149, 125, -1,
					60, 2, 152, -1,
					152, 2, 150, -1,
					152, 150, 153, -1,
					153, 150, 151, -1,
					153, 151, 123, -1,
					123, 151, 124, -1,
					57, 60, 118, -1,
					118, 60, 152, -1,
					118, 152, 154, -1,
					154, 152, 153, -1,
					154, 153, 122, -1,
					122, 153, 123, -1,
					54, 57, 115, -1,
					111, 113, 133, -1,
					133, 113, 36, -1,
					133, 36, 34, -1,
					36, 113, 38, -1,
					118, 154, 119, -1,
					119, 154, 121, -1,
					119, 121, 120, -1,
					122, 121, 154, -1
				]
				normal Normal
				{
					vector
					[
						-0.996 -0.000 0.092,
						-1.000 -0.000 0.000,
						-0.996 0.021 0.090,
						-0.990 0.000 -0.138,
						-0.962 -0.061 -0.267,
						-0.962 0.000 -0.274,
						-0.895 0.000 -0.446,
						-0.798 -0.134 -0.588,
						-0.798 0.000 -0.603,
						-0.674 0.000 -0.739,
						-0.526 -0.189 -0.829,
						-0.526 0.000 -0.850,
						-0.361 0.000 -0.932,
						-0.184 -0.219 -0.958,
						-0.184 0.000 -0.983,
						0.000 0.000 -1.000,
						0.184 -0.219 -0.958,
						0.184 0.000 -0.983,
						0.361 0.000 -0.932,
						0.526 -0.189 -0.829,
						0.526 0.000 -0.850,
						0.674 0.000 -0.739,
						0.798 -0.134 -0.588,
						0.798 0.000 -0.603,
						0.895 0.000 -0.446,
						0.962 -0.061 -0.267,
						0.962 0.000 -0.274,
						0.990 0.000 -0.138,
						0.996 0.021 0.090,
						1.000 0.000 0.000,
						0.996 -0.000 0.092,
						0.962 -0.000 0.274,
						0.895 0.099 0.435,
						0.996 0.046 0.080,
						0.895 0.223 0.386,
						0.996 0.068 0.063,
						0.895 0.327 0.303,
						0.996 0.083 0.040,
						0.895 0.402 0.193,
						0.996 0.091 0.014,
						0.895 0.441 0.066,
						0.962 0.274 0.000,
						0.895 0.446 0.000,
						0.895 -0.000 0.446,
						0.798 -0.000 0.603,
						0.674 0.164 0.720,
						0.674 -0.000 0.739,
						0.526 -0.000 0.850,
						0.361 0.207 0.909,
						0.361 -0.000 0.932,
						0.184 -0.000 0.983,
						0.000 0.223 0.975,
						-0.000 -0.000 1.000,
						-0.184 -0.000 0.983,
						-0.361 0.207 0.909,
						-0.361 -0.000 0.932,
						-0.526 -0.000 0.850,
						-0.674 0.164 0.720,
						-0.674 -0.000 0.739,
						-0.798 -0.000 0.603,
						-0.895 0.099 0.435,
						-0.895 -0.000 0.446,
						-0.962 -0.000 0.274,
						-0.184 0.983 -0.000,
						0.000 1.000 0.000,
						-0.000 0.989 0.149,
						0.184 0.983 0.000,
						0.361 0.922 0.139,
						0.361 0.932 0.000,
						0.526 0.850 0.000,
						0.674 0.731 0.110,
						0.674 0.739 0.000,
						0.798 0.603 0.000,
						0.996 0.092 0.000,
						0.996 -0.092 0.000,
						0.962 -0.271 -0.041,
						0.962 -0.274 0.000,
						0.895 -0.446 0.000,
						0.798 -0.596 -0.090,
						0.798 -0.603 0.000,
						0.674 -0.739 0.000,
						0.526 -0.841 -0.127,
						0.526 -0.850 0.000,
						0.361 -0.932 0.000,
						0.184 -0.972 -0.147,
						0.184 -0.983 0.000,
						-0.000 -1.000 -0.000,
						-0.184 -0.972 -0.147,
						-0.184 -0.983 -0.000,
						-0.361 -0.932 -0.000,
						-0.526 -0.841 -0.127,
						-0.526 -0.850 -0.000,
						-0.674 -0.739 -0.000,
						-0.798 -0.596 -0.090,
						-0.798 -0.603 -0.000,
						-0.895 -0.446 -0.000,
						-0.962 -0.271 -0.041,
						-0.962 -0.274 -0.000,
						-0.996 -0.092 -0.000,
						-0.996 0.091 0.014,
						-0.996 0.092 -0.000,
						-0.962 0.274 -0.000,
						-0.895 0.441 0.066,
						-0.895 0.446 -0.000,
						-0.798 0.603 -0.000,
						-0.674 0.731 0.110,
						-0.674 0.739 -0.000,
						-0.526 0.850 -0.000,
						-0.361 0.922 0.139,
						-0.361 0.932 -0.000,
						0.000 0.500 0.866,
						0.361 0.466 0.808,
						0.361 0.684 0.634,
						0.674 0.542 0.503,
						0.674 0.666 0.321,
						-0.361 0.466 0.808,
						0.000 0.733 0.680,
						0.361 0.840 0.405,
						-0.674 0.370 0.640,
						-0.361 0.684 0.634,
						0.000 0.901 0.434,
						-0.361 0.840 0.405,
						-0.674 0.666 0.321,
						-0.895 0.402 0.193,
						-0.996 0.083 0.040,
						-0.962 -0.247 -0.119,
						-0.798 -0.543 -0.261,
						-0.526 -0.766 -0.369,
						-0.184 -0.886 -0.426,
						0.184 -0.886 -0.426,
						0.526 -0.766 -0.369,
						0.798 -0.543 -0.261,
						0.962 -0.247 -0.119,
						0.674 0.370 0.640,
						0.962 -0.137 -0.237,
						0.962 -0.201 -0.186,
						0.798 -0.301 -0.522,
						0.798 -0.442 -0.410,
						0.526 -0.425 -0.736,
						0.526 -0.623 -0.578,
						0.184 -0.491 -0.851,
						0.184 -0.721 -0.669,
						-0.184 -0.491 -0.851,
						-0.184 -0.721 -0.669,
						-0.526 -0.425 -0.736,
						-0.526 -0.623 -0.578,
						-0.798 -0.301 -0.522,
						-0.798 -0.442 -0.410,
						-0.962 -0.137 -0.237,
						-0.962 -0.201 -0.186,
						-0.996 0.046 0.080,
						-0.996 0.068 0.063,
						-0.895 0.223 0.386,
						-0.895 0.327 0.303,
						-0.674 0.542 0.503
					]
				}
				normalIndex
				[
					0, 1, 2, -1,
					2, 1, 3, -1,
					2, 3, 4, -1,
					4, 3, 5, -1,
					4, 5, 6, -1,
					4, 6, 7, -1,
					7, 6, 8, -1,
					7, 8, 9, -1,
					7, 9, 10, -1,
					10, 9, 11, -1,
					10, 11, 12, -1,
					10, 12, 13, -1,
					13, 12, 14, -1,
					13, 14, 15, -1,
					13, 15, 16, -1,
					16, 15, 17, -1,
					16, 17, 18, -1,
					16, 18, 19, -1,
					19, 18, 20, -1,
					19, 20, 21, -1,
					19, 21, 22, -1,
					22, 21, 23, -1,
					22, 23, 24, -1,
					22, 24, 25, -1,
					25, 24, 26, -1,
					25, 26, 27, -1,
					25, 27, 28, -1,
					28, 27, 29, -1,
					28, 29, 30, -1,
					30, 31, 28, -1,
					28, 31, 32, -1,
					28, 32, 33, -1,
					33, 32, 34, -1,
					33, 34, 35, -1,
					35, 34, 36, -1,
					35, 36, 37, -1,
					37, 36, 38, -1,
					37, 38, 39, -1,
					39, 38, 40, -1,
					39, 40, 41, -1,
					41, 40, 42, -1,
					31, 43, 32, -1,
					32, 43, 44, -1,
					32, 44, 45, -1,
					45, 44, 46, -1,
					45, 46, 47, -1,
					45, 47, 48, -1,
					48, 47, 49, -1,
					48, 49, 50, -1,
					48, 50, 51, -1,
					51, 50, 52, -1,
					51, 52, 53, -1,
					51, 53, 54, -1,
					54, 53, 55, -1,
					54, 55, 56, -1,
					54, 56, 57, -1,
					57, 56, 58, -1,
					57, 58, 59, -1,
					57, 59, 60, -1,
					60, 59, 61, -1,
					60, 61, 62, -1,
					60, 62, 2, -1,
					2, 62, 0, -1,
					63, 64, 65, -1,
					65, 64, 66, -1,
					65, 66, 67, -1,
					67, 66, 68, -1,
					67, 68, 69, -1,
					67, 69, 70, -1,
					70, 69, 71, -1,
					70, 71, 72, -1,
					70, 72, 40, -1,
					40, 72, 42, -1,
					41, 73, 39, -1,
					39, 73, 74, -1,
					39, 74, 75, -1,
					75, 74, 76, -1,
					75, 76, 77, -1,
					75, 77, 78, -1,
					78, 77, 79, -1,
					78, 79, 80, -1,
					78, 80, 81, -1,
					81, 80, 82, -1,
					81, 82, 83, -1,
					81, 83, 84, -1,
					84, 83, 85, -1,
					84, 85, 86, -1,
					84, 86, 87, -1,
					87, 86, 88, -1,
					87, 88, 89, -1,
					87, 89, 90, -1,
					90, 89, 91, -1,
					90, 91, 92, -1,
					90, 92, 93, -1,
					93, 92, 94, -1,
					93, 94, 95, -1,
					93, 95, 96, -1,
					96, 95, 97, -1,
					96, 97, 98, -1,
					96, 98, 99, -1,
					99, 98, 100, -1,
					99, 100, 101, -1,
					99, 101, 102, -1,
					102, 101, 103, -1,
					102, 103, 104, -1,
					102, 104, 105, -1,
					105, 104, 106, -1,
					105, 106, 107, -1,
					105, 107, 108, -1,
					108, 107, 109, -1,
					108, 109, 63, -1,
					51, 110, 111, -1,
					111, 110, 112, -1,
					111, 112, 113, -1,
					113, 112, 114, -1,
					113, 114, 38, -1,
					38, 114, 40, -1,
					54, 115, 110, -1,
					110, 115, 116, -1,
					110, 116, 112, -1,
					112, 116, 117, -1,
					112, 117, 114, -1,
					114, 117, 70, -1,
					114, 70, 40, -1,
					110, 51, 54, -1,
					57, 118, 115, -1,
					115, 118, 119, -1,
					115, 119, 116, -1,
					116, 119, 120, -1,
					116, 120, 117, -1,
					117, 120, 67, -1,
					117, 67, 70, -1,
					67, 120, 65, -1,
					65, 120, 121, -1,
					65, 121, 108, -1,
					108, 121, 122, -1,
					108, 122, 105, -1,
					105, 122, 123, -1,
					105, 123, 102, -1,
					102, 123, 124, -1,
					102, 124, 99, -1,
					99, 124, 125, -1,
					99, 125, 96, -1,
					96, 125, 126, -1,
					96, 126, 93, -1,
					93, 126, 127, -1,
					93, 127, 90, -1,
					90, 127, 128, -1,
					90, 128, 87, -1,
					87, 128, 129, -1,
					87, 129, 84, -1,
					84, 129, 130, -1,
					84, 130, 81, -1,
					81, 130, 131, -1,
					81, 131, 78, -1,
					78, 131, 132, -1,
					78, 132, 75, -1,
					75, 132, 37, -1,
					75, 37, 39, -1,
					65, 108, 63, -1,
					51, 111, 48, -1,
					48, 111, 133, -1,
					48, 133, 45, -1,
					45, 133, 34, -1,
					45, 34, 32, -1,
					25, 28, 134, -1,
					134, 28, 33, -1,
					134, 33, 135, -1,
					135, 33, 35, -1,
					135, 35, 132, -1,
					132, 35, 37, -1,
					22, 25, 136, -1,
					136, 25, 134, -1,
					136, 134, 137, -1,
					137, 134, 135, -1,
					137, 135, 131, -1,
					131, 135, 132, -1,
					19, 22, 138, -1,
					138, 22, 136, -1,
					138, 136, 139, -1,
					139, 136, 137, -1,
					139, 137, 130, -1,
					130, 137, 131, -1,
					16, 19, 140, -1,
					140, 19, 138, -1,
					140, 138, 141, -1,
					141, 138, 139, -1,
					141, 139, 129, -1,
					129, 139, 130, -1,
					13, 16, 142, -1,
					142, 16, 140, -1,
					142, 140, 143, -1,
					143, 140, 141, -1,
					143, 141, 128, -1,
					128, 141, 129, -1,
					10, 13, 144, -1,
					144, 13, 142, -1,
					144, 142, 145, -1,
					145, 142, 143, -1,
					145, 143, 127, -1,
					127, 143, 128, -1,
					7, 10, 146, -1,
					146, 10, 144, -1,
					146, 144, 147, -1,
					147, 144, 145, -1,
					147, 145, 126, -1,
					126, 145, 127, -1,
					4, 7, 148, -1,
					148, 7, 146, -1,
					148, 146, 149, -1,
					149, 146, 147, -1,
					149, 147, 125, -1,
					125, 147, 126, -1,
					2, 4, 150, -1,
					150, 4, 148, -1,
					150, 148, 151, -1,
					151, 148, 149, -1,
					151, 149, 124, -1,
					124, 149, 125, -1,
					60, 2, 152, -1,
					152, 2, 150, -1,
					152, 150, 153, -1,
					153, 150, 151, -1,
					153, 151, 123, -1,
					123, 151, 124, -1,
					57, 60, 118, -1,
					118, 60, 152, -1,
					118, 152, 154, -1,
					154, 152, 153, -1,
					154, 153, 122, -1,
					122, 153, 123, -1,
					54, 57, 115, -1,
					111, 113, 133, -1,
					133, 113, 36, -1,
					133, 36, 34, -1,
					36, 113, 38, -1,
					118, 154, 119, -1,
					119, 154, 121, -1,
					119, 121, 120, -1,
					122, 121, 154, -1
				]
			}
		}
		Shape
		{
			appearance Appearance
			{
				material Material
				{
					diffuseColor 0.812 0.812 0.812
				}
			}
			geometry IndexedFaceSet
			{
				creaseAngle 0.5
				solid TRUE
				coord Coordinate
				{
					point
					[
						-2.124 0.059 -0.020,
						-2.123 -0.540 -0.030,
						-2.125 0.059 0.000,
						-2.125 -0.540 0.000,
						-2.124 -0.540 0.020,
						-2.117 0.059 -0.060,
						-2.117 -0.540 -0.060,
						-2.102 -0.540 -0.098,
						-2.102 0.059 -0.098,
						-2.081 0.059 -0.133,
						-2.053 0.059 -0.163,
						-2.053 -0.540 -0.163,
						-2.081 -0.540 -0.133,
						-2.021 0.059 -0.187,
						-2.021 -0.540 -0.187,
						-1.984 -0.540 -0.205,
						-1.984 0.059 -0.205,
						-1.945 0.059 -0.216,
						-1.905 0.059 -0.220,
						-1.905 -0.540 -0.220,
						-1.945 -0.540 -0.216,
						-1.865 0.059 -0.216,
						-1.865 -0.540 -0.216,
						-1.826 -0.540 -0.205,
						-1.826 0.059 -0.205,
						-1.789 0.059 -0.187,
						-1.757 0.059 -0.163,
						-1.757 -0.540 -0.163,
						-1.789 -0.540 -0.187,
						-1.729 0.059 -0.133,
						-1.729 -0.540 -0.133,
						-1.708 -0.540 -0.098,
						-1.708 0.059 -0.098,
						-1.693 0.059 -0.060,
						-1.693 0.059 0.060,
						-1.693 -0.540 0.060,
						-1.687 0.059 0.030,
						-1.686 -0.540 0.020,
						-1.685 0.059 0.000,
						-1.685 -0.540 0.000,
						-1.686 0.059 -0.020,
						-1.687 -0.540 -0.030,
						-1.693 -0.540 -0.060,
						-1.708 0.059 0.098,
						-1.708 -0.540 0.098,
						-1.729 -0.540 0.133,
						-1.729 0.059 0.133,
						-1.757 0.059 0.163,
						-1.789 0.059 0.187,
						-1.789 -0.540 0.187,
						-1.757 -0.540 0.163,
						-1.826 0.059 0.205,
						-1.826 -0.540 0.205,
						-1.865 -0.540 0.216,
						-1.865 0.059 0.216,
						-1.905 0.059 0.220,
						-1.945 0.059 0.216,
						-1.945 -0.540 0.216,
						-1.905 -0.540 0.220,
						-1.984 0.059 0.205,
						-1.984 -0.540 0.205,
						-2.021 -0.540 0.187,
						-2.021 0.059 0.187,
						-2.053 0.059 0.163,
						-2.081 0.059 0.133,
						-2.081 -0.540 0.133,
						-2.053 -0.540 0.163,
						-2.102 0.059 0.098,
						-2.102 -0.540 0.098,
						-2.117 -0.540 0.060,
						-2.117 0.059 0.060,
						-2.123 0.059 0.030
					]
				}
				coordIndex
				[
					0, 1, 2, -1,
					2, 1, 3, -1,
					2, 3, 4, -1,
					0, 5, 1, -1,
					1, 5, 6, -1,
					6, 5, 7, -1,
					7, 5, 8, -1,
					7, 8, 9, -1,
					10, 11, 9, -1,
					9, 11, 12, -1,
					9, 12, 7, -1,
					10, 13, 11, -1,
					11, 13, 14, -1,
					14, 13, 15, -1,
					15, 13, 16, -1,
					15, 16, 17, -1,
					18, 19, 17, -1,
					17, 19, 20, -1,
					17, 20, 15, -1,
					18, 21, 19, -1,
					19, 21, 22, -1,
					22, 21, 23, -1,
					23, 21, 24, -1,
					23, 24, 25, -1,
					26, 27, 25, -1,
					25, 27, 28, -1,
					25, 28, 23, -1,
					26, 29, 27, -1,
					27, 29, 30, -1,
					30, 29, 31, -1,
					31, 29, 32, -1,
					31, 32, 33, -1,
					34, 35, 36, -1,
					36, 35, 37, -1,
					36, 37, 38, -1,
					38, 37, 39, -1,
					38, 39, 40, -1,
					40, 39, 41, -1,
					40, 41, 33, -1,
					33, 41, 42, -1,
					33, 42, 31, -1,
					34, 43, 35, -1,
					35, 43, 44, -1,
					44, 43, 45, -1,
					45, 43, 46, -1,
					45, 46, 47, -1,
					48, 49, 47, -1,
					47, 49, 50, -1,
					47, 50, 45, -1,
					48, 51, 49, -1,
					49, 51, 52, -1,
					52, 51, 53, -1,
					53, 51, 54, -1,
					53, 54, 55, -1,
					56, 57, 55, -1,
					55, 57, 58, -1,
					55, 58, 53, -1,
					56, 59, 57, -1,
					57, 59, 60, -1,
					60, 59, 61, -1,
					61, 59, 62, -1,
					61, 62, 63, -1,
					64, 65, 63, -1,
					63, 65, 66, -1,
					63, 66, 61, -1,
					64, 67, 65, -1,
					65, 67, 68, -1,
					68, 67, 69, -1,
					69, 67, 70, -1,
					69, 70, 71, -1,
					69, 71, 4, -1,
					4, 71, 2, -1
				]
				normal Normal
				{
					vector
					[
						-0.996 0.000 -0.092,
						-0.990 0.000 -0.138,
						-1.000 0.000 0.000,
						-0.996 0.000 0.092,
						-0.962 0.000 -0.274,
						-0.895 0.000 -0.446,
						-0.798 0.000 -0.603,
						-0.674 0.000 -0.739,
						-0.526 0.000 -0.850,
						-0.361 0.000 -0.932,
						-0.184 0.000 -0.983,
						0.000 0.000 -1.000,
						0.184 0.000 -0.983,
						0.361 0.000 -0.932,
						0.526 0.000 -0.850,
						0.674 0.000 -0.739,
						0.798 0.000 -0.603,
						0.895 0.000 -0.446,
						0.962 0.000 -0.274,
						0.962 0.000 0.274,
						0.990 0.000 0.138,
						0.996 0.000 0.092,
						1.000 -0.000 -0.000,
						0.996 0.000 -0.092,
						0.990 0.000 -0.138,
						0.895 0.000 0.446,
						0.798 0.000 0.603,
						0.674 0.000 0.739,
						0.526 0.000 0.850,
						0.361 0.000 0.932,
						0.184 0.000 0.983,
						0.000 0.000 1.000,
						-0.184 0.000 0.983,
						-0.361 0.000 0.932,
						-0.526 0.000 0.850,
						-0.674 0.000 0.739,
						-0.798 0.000 0.603,
						-0.895 0.000 0.446,
						-0.962 0.000 0.274,
						-0.990 0.000 0.138
					]
				}
				normalIndex
				[
					0, 1, 2, -1,
					2, 1, 2, -1,
					2, 2, 3, -1,
					0, 4, 1, -1,
					1, 4, 4, -1,
					4, 4, 5, -1,
					5, 4, 5, -1,
					5, 5, 6, -1,
					7, 7, 6, -1,
					6, 7, 6, -1,
					6, 6, 5, -1,
					7, 8, 7, -1,
					7, 8, 8, -1,
					8, 8, 9, -1,
					9, 8, 9, -1,
					9, 9, 10, -1,
					11, 11, 10, -1,
					10, 11, 10, -1,
					10, 10, 9, -1,
					11, 12, 11, -1,
					11, 12, 12, -1,
					12, 12, 13, -1,
					13, 12, 13, -1,
					13, 13, 14, -1,
					15, 15, 14, -1,
					14, 15, 14, -1,
					14, 14, 13, -1,
					15, 16, 15, -1,
					15, 16, 16, -1,
					16, 16, 17, -1,
					17, 16, 17, -1,
					17, 17, 18, -1,
					19, 19, 20, -1,
					20, 19, 21, -1,
					20, 21, 22, -1,
					22, 21, 22, -1,
					22, 22, 23, -1,
					23, 22, 24, -1,
					23, 24, 18, -1,
					18, 24, 18, -1,
					18, 18, 17, -1,
					19, 25, 19, -1,
					19, 25, 25, -1,
					25, 25, 26, -1,
					26, 25, 26, -1,
					26, 26, 27, -1,
					28, 28, 27, -1,
					27, 28, 27, -1,
					27, 27, 26, -1,
					28, 29, 28, -1,
					28, 29, 29, -1,
					29, 29, 30, -1,
					30, 29, 30, -1,
					30, 30, 31, -1,
					32, 32, 31, -1,
					31, 32, 31, -1,
					31, 31, 30, -1,
					32, 33, 32, -1,
					32, 33, 33, -1,
					33, 33, 34, -1,
					34, 33, 34, -1,
					34, 34, 35, -1,
					36, 36, 35, -1,
					35, 36, 35, -1,
					35, 35, 34, -1,
					36, 37, 36, -1,
					36, 37, 37, -1,
					37, 37, 38, -1,
					38, 37, 38, -1,
					38, 38, 39, -1,
					38, 39, 3, -1,
					3, 39, 2, -1
				]
			}
		}
		Shape
		{
			appearance Appearance
			{
				material Material
				{
					diffuseColor 0.812 0.812 0.812
				}
			}
			geometry IndexedFaceSet
			{
				creaseAngle 0.5
				solid TRUE
				coord Coordinate
				{
					point
					[
						-2.152 0.129 0.034,
						-2.154 0.129 0.000,
						-2.150 0.126 -0.023,
						-2.153 0.129 -0.023,
						-2.145 0.129 -0.068,
						-2.125 0.126 -0.110,
						-2.128 0.129 -0.111,
						-2.104 0.129 -0.150,
						-2.071 0.126 -0.182,
						-2.073 0.129 -0.184,
						-2.036 0.129 -0.212,
						-1.994 0.126 -0.229,
						-1.995 0.129 -0.232,
						-1.951 0.129 -0.245,
						-1.905 0.126 -0.246,
						-1.905 0.129 -0.249,
						-1.859 0.129 -0.245,
						-1.816 0.126 -0.229,
						-1.815 0.129 -0.232,
						-1.774 0.129 -0.212,
						-1.739 0.126 -0.182,
						-1.737 0.129 -0.184,
						-1.706 0.129 -0.150,
						-1.685 0.126 -0.110,
						-1.682 0.129 -0.111,
						-1.665 0.129 -0.068,
						-1.660 0.126 -0.023,
						-1.657 0.129 -0.023,
						-1.656 0.129 0.000,
						-1.658 0.129 0.034,
						-1.668 0.126 0.067,
						-1.687 0.095 0.062,
						-1.724 0.095 0.137,
						-1.708 0.059 0.098,
						-1.729 0.059 0.133,
						-1.665 0.129 0.068,
						-1.682 0.129 0.111,
						-1.709 0.126 0.148,
						-1.706 0.129 0.150,
						-1.737 0.129 0.184,
						-1.775 0.126 0.209,
						-1.774 0.129 0.212,
						-1.815 0.129 0.232,
						-1.860 0.126 0.242,
						-1.859 0.129 0.245,
						-1.905 0.129 0.249,
						-1.950 0.126 0.242,
						-1.951 0.129 0.245,
						-1.995 0.129 0.232,
						-2.035 0.126 0.209,
						-2.036 0.129 0.212,
						-2.073 0.129 0.184,
						-2.101 0.126 0.148,
						-2.104 0.129 0.150,
						-2.128 0.129 0.111,
						-2.142 0.126 0.067,
						-2.145 0.129 0.068,
						-2.124 0.059 -0.020,
						-2.125 0.059 0.000,
						-2.131 0.095 -0.021,
						-2.123 0.059 0.030,
						-2.123 0.095 0.062,
						-2.117 0.059 0.060,
						-2.102 0.059 0.098,
						-2.086 0.095 0.137,
						-2.081 0.059 0.133,
						-2.053 0.059 0.163,
						-2.024 0.095 0.193,
						-2.021 0.059 0.187,
						-1.984 0.059 0.205,
						-1.947 0.095 0.223,
						-1.945 0.059 0.216,
						-1.905 0.059 0.220,
						-1.863 0.095 0.223,
						-1.865 0.059 0.216,
						-1.826 0.059 0.205,
						-1.786 0.095 0.193,
						-1.789 0.059 0.187,
						-1.757 0.059 0.163,
						-1.693 0.059 0.060,
						-1.687 0.059 0.030,
						-1.679 0.095 -0.021,
						-1.685 0.059 0.000,
						-1.686 0.059 -0.020,
						-1.693 0.059 -0.060,
						-1.702 0.095 -0.101,
						-1.708 0.059 -0.098,
						-1.729 0.059 -0.133,
						-1.752 0.095 -0.168,
						-1.757 0.059 -0.163,
						-1.789 0.059 -0.187,
						-1.823 0.095 -0.211,
						-1.826 0.059 -0.205,
						-1.865 0.059 -0.216,
						-1.905 0.095 -0.227,
						-1.905 0.059 -0.220,
						-1.945 0.059 -0.216,
						-1.987 0.095 -0.211,
						-1.984 0.059 -0.205,
						-2.021 0.059 -0.187,
						-2.058 0.095 -0.168,
						-2.053 0.059 -0.163,
						-2.081 0.059 -0.133,
						-2.108 0.095 -0.101,
						-2.102 0.059 -0.098,
						-2.117 0.059 -0.060
					]
				}
				coordIndex
				[
					0, 1, 2, -1,
					2, 1, 3, -1,
					2, 3, 4, -1,
					2, 4, 5, -1,
					5, 4, 6, -1,
					5, 6, 7, -1,
					5, 7, 8, -1,
					8, 7, 9, -1,
					8, 9, 10, -1,
					8, 10, 11, -1,
					11, 10, 12, -1,
					11, 12, 13, -1,
					11, 13, 14, -1,
					14, 13, 15, -1,
					14, 15, 16, -1,
					14, 16, 17, -1,
					17, 16, 18, -1,
					17, 18, 19, -1,
					17, 19, 20, -1,
					20, 19, 21, -1,
					20, 21, 22, -1,
					20, 22, 23, -1,
					23, 22, 24, -1,
					23, 24, 25, -1,
					23, 25, 26, -1,
					26, 25, 27, -1,
					26, 27, 28, -1,
					28, 29, 26, -1,
					26, 29, 30, -1,
					26, 30, 31, -1,
					31, 30, 32, -1,
					31, 32, 33, -1,
					33, 32, 34, -1,
					29, 35, 30, -1,
					30, 35, 36, -1,
					30, 36, 37, -1,
					37, 36, 38, -1,
					37, 38, 39, -1,
					37, 39, 40, -1,
					40, 39, 41, -1,
					40, 41, 42, -1,
					40, 42, 43, -1,
					43, 42, 44, -1,
					43, 44, 45, -1,
					43, 45, 46, -1,
					46, 45, 47, -1,
					46, 47, 48, -1,
					46, 48, 49, -1,
					49, 48, 50, -1,
					49, 50, 51, -1,
					49, 51, 52, -1,
					52, 51, 53, -1,
					52, 53, 54, -1,
					52, 54, 55, -1,
					55, 54, 56, -1,
					55, 56, 0, -1,
					57, 58, 59, -1,
					59, 58, 60, -1,
					59, 60, 61, -1,
					61, 60, 62, -1,
					61, 62, 63, -1,
					61, 63, 64, -1,
					64, 63, 65, -1,
					64, 65, 66, -1,
					64, 66, 67, -1,
					67, 66, 68, -1,
					67, 68, 69, -1,
					67, 69, 70, -1,
					70, 69, 71, -1,
					70, 71, 72, -1,
					70, 72, 73, -1,
					73, 72, 74, -1,
					73, 74, 75, -1,
					73, 75, 76, -1,
					76, 75, 77, -1,
					76, 77, 78, -1,
					76, 78, 32, -1,
					32, 78, 34, -1,
					33, 79, 31, -1,
					31, 79, 80, -1,
					31, 80, 81, -1,
					81, 80, 82, -1,
					81, 82, 83, -1,
					83, 84, 81, -1,
					81, 84, 85, -1,
					81, 85, 23, -1,
					23, 85, 20, -1,
					84, 86, 85, -1,
					85, 86, 87, -1,
					85, 87, 88, -1,
					88, 87, 89, -1,
					88, 89, 90, -1,
					88, 90, 91, -1,
					91, 90, 92, -1,
					91, 92, 93, -1,
					91, 93, 94, -1,
					94, 93, 95, -1,
					94, 95, 96, -1,
					94, 96, 97, -1,
					97, 96, 98, -1,
					97, 98, 99, -1,
					97, 99, 100, -1,
					100, 99, 101, -1,
					100, 101, 102, -1,
					100, 102, 103, -1,
					103, 102, 104, -1,
					103, 104, 105, -1,
					103, 105, 59, -1,
					59, 105, 57, -1,
					20, 88, 17, -1,
					17, 88, 91, -1,
					17, 91, 14, -1,
					14, 91, 94, -1,
					14, 94, 11, -1,
					11, 94, 97, -1,
					11, 97, 8, -1,
					8, 97, 100, -1,
					8, 100, 5, -1,
					5, 100, 103, -1,
					5, 103, 2, -1,
					2, 103, 59, -1,
					2, 59, 55, -1,
					55, 59, 61, -1,
					55, 61, 52, -1,
					52, 61, 64, -1,
					52, 64, 49, -1,
					49, 64, 67, -1,
					49, 67, 46, -1,
					46, 67, 70, -1,
					46, 70, 43, -1,
					43, 70, 73, -1,
					43, 73, 40, -1,
					40, 73, 76, -1,
					40, 76, 37, -1,
					37, 76, 32, -1,
					37, 32, 30, -1,
					2, 55, 0, -1,
					88, 20, 85, -1,
					31, 81, 26, -1,
					26, 81, 23, -1
				]
				normal Normal
				{
					vector
					[
						-0.700 -0.707 0.098,
						-0.707 -0.707 -0.000,
						-0.736 -0.674 -0.068,
						-0.704 -0.707 -0.065,
						-0.680 -0.707 -0.194,
						-0.662 -0.674 -0.329,
						-0.633 -0.707 -0.315,
						-0.564 -0.707 -0.426,
						-0.498 -0.674 -0.546,
						-0.476 -0.707 -0.523,
						-0.372 -0.707 -0.601,
						-0.267 -0.674 -0.689,
						-0.255 -0.707 -0.659,
						-0.130 -0.707 -0.695,
						-0.000 -0.674 -0.739,
						0.000 -0.707 -0.707,
						0.130 -0.707 -0.695,
						0.267 -0.674 -0.689,
						0.255 -0.707 -0.659,
						0.372 -0.707 -0.601,
						0.498 -0.674 -0.546,
						0.476 -0.707 -0.523,
						0.564 -0.707 -0.426,
						0.662 -0.674 -0.329,
						0.633 -0.707 -0.315,
						0.680 -0.707 -0.194,
						0.736 -0.674 -0.068,
						0.704 -0.707 -0.065,
						0.707 -0.707 0.000,
						0.700 -0.707 0.098,
						0.711 -0.674 0.202,
						0.897 -0.361 0.255,
						0.744 -0.361 0.562,
						0.895 0.000 0.446,
						0.798 0.000 0.603,
						0.680 -0.707 0.194,
						0.633 -0.707 0.315,
						0.590 -0.674 0.445,
						0.564 -0.707 0.426,
						0.476 -0.707 0.523,
						0.389 -0.674 0.628,
						0.372 -0.707 0.601,
						0.255 -0.707 0.659,
						0.136 -0.674 0.726,
						0.130 -0.707 0.695,
						-0.000 -0.707 0.707,
						-0.136 -0.674 0.726,
						-0.130 -0.707 0.695,
						-0.255 -0.707 0.659,
						-0.389 -0.674 0.628,
						-0.372 -0.707 0.601,
						-0.476 -0.707 0.523,
						-0.590 -0.674 0.445,
						-0.564 -0.707 0.426,
						-0.633 -0.707 0.315,
						-0.711 -0.674 0.202,
						-0.680 -0.707 0.194,
						-0.996 0.000 -0.092,
						-1.000 0.000 -0.000,
						-0.928 -0.361 -0.086,
						-0.990 0.000 0.138,
						-0.897 -0.361 0.255,
						-0.962 0.000 0.274,
						-0.895 0.000 0.446,
						-0.744 -0.361 0.562,
						-0.798 0.000 0.603,
						-0.674 0.000 0.739,
						-0.491 -0.361 0.793,
						-0.526 0.000 0.850,
						-0.361 0.000 0.932,
						-0.171 -0.361 0.917,
						-0.184 0.000 0.983,
						-0.000 0.000 1.000,
						0.171 -0.361 0.917,
						0.184 0.000 0.983,
						0.361 0.000 0.932,
						0.491 -0.361 0.793,
						0.526 0.000 0.850,
						0.674 0.000 0.739,
						0.962 0.000 0.274,
						0.990 0.000 0.138,
						0.928 -0.361 -0.086,
						1.000 0.000 0.000,
						0.996 0.000 -0.092,
						0.962 0.000 -0.274,
						0.835 -0.361 -0.416,
						0.895 0.000 -0.446,
						0.798 0.000 -0.603,
						0.628 -0.361 -0.689,
						0.674 0.000 -0.739,
						0.526 0.000 -0.850,
						0.337 -0.361 -0.870,
						0.361 0.000 -0.932,
						0.184 0.000 -0.983,
						0.000 -0.361 -0.932,
						-0.000 -0.000 -1.000,
						-0.184 0.000 -0.983,
						-0.337 -0.361 -0.870,
						-0.361 0.000 -0.932,
						-0.526 0.000 -0.850,
						-0.628 -0.361 -0.689,
						-0.674 0.000 -0.739,
						-0.798 0.000 -0.603,
						-0.835 -0.361 -0.416,
						-0.895 0.000 -0.446,
						-0.962 0.000 -0.274
					]
				}
				normalIndex
				[
					0, 1, 2, -1,
					2, 1, 3, -1,
					2, 3, 4, -1,
					2, 4, 5, -1,
					5, 4, 6, -1,
					5, 6, 7, -1,
					5, 7, 8, -1,
					8, 7, 9, -1,
					8, 9, 10, -1,
					8, 10, 11, -1,
					11, 10, 12, -1,
					11, 12, 13, -1,
					11, 13, 14, -1,
					14, 13, 15, -1,
					14, 15, 16, -1,
					14, 16, 17, -1,
					17, 16, 18, -1,
					17, 18, 19, -1,
					17, 19, 20, -1,
					20, 19, 21, -1,
					20, 21, 22, -1,
					20, 22, 23, -1,
					23, 22, 24, -1,
					23, 24, 25, -1,
					23, 25, 26, -1,
					26, 25, 27, -1,
					26, 27, 28, -1,
					28, 29, 26, -1,
					26, 29, 30, -1,
					26, 30, 31, -1,
					31, 30, 32, -1,
					31, 32, 33, -1,
					33, 32, 34, -1,
					29, 35, 30, -1,
					30, 35, 36, -1,
					30, 36, 37, -1,
					37, 36, 38, -1,
					37, 38, 39, -1,
					37, 39, 40, -1,
					40, 39, 41, -1,
					40, 41, 42, -1,
					40, 42, 43, -1,
					43, 42, 44, -1,
					43, 44, 45, -1,
					43, 45, 46, -1,
					46, 45, 47, -1,
					46, 47, 48, -1,
					46, 48, 49, -1,
					49, 48, 50, -1,
					49, 50, 51, -1,
					49, 51, 52, -1,
					52, 51, 53, -1,
					52, 53, 54, -1,
					52, 54, 55, -1,
					55, 54, 56, -1,
					55, 56, 0, -1,
					57, 58, 59, -1,
					59, 58, 60, -1,
					59, 60, 61, -1,
					61, 60, 62, -1,
					61, 62, 63, -1,
					61, 63, 64, -1,
					64, 63, 65, -1,
					64, 65, 66, -1,
					64, 66, 67, -1,
					67, 66, 68, -1,
					67, 68, 69, -1,
					67, 69, 70, -1,
					70, 69, 71, -1,
					70, 71, 72, -1,
					70, 72, 73, -1,
					73, 72, 74, -1,
					73, 74, 75, -1,
					73, 75, 76, -1,
					76, 75, 77, -1,
					76, 77, 78, -1,
					76, 78, 32, -1,
					32, 78, 34, -1,
					33, 79, 31, -1,
					31, 79, 80, -1,
					31, 80, 81, -1,
					81, 80, 82, -1,
					81, 82, 83, -1,
					83, 84, 81, -1,
					81, 84, 85, -1,
					81, 85, 23, -1,
					23, 85, 20, -1,
					84, 86, 85, -1,
					85, 86, 87, -1,
					85, 87, 88, -1,
					88, 87, 89, -1,
					88, 89, 90, -1,
					88, 90, 91, -1,
					91, 90, 92, -1,
					91, 92, 93, -1,
					91, 93, 94, -1,
					94, 93, 95, -1,
					94, 95, 96, -1,
					94, 96, 97, -1,
					97, 96, 98, -1,
					97, 98, 99, -1,
					97, 99, 100, -1,
					100, 99, 101, -1,
					100, 101, 102, -1,
					100, 102, 103, -1,
					103, 102, 104, -1,
					103, 104, 105, -1,
					103, 105, 59, -1,
					59, 105, 57, -1,
					20, 88, 17, -1,
					17, 88, 91, -1,
					17, 91, 14, -1,
					14, 91, 94, -1,
					14, 94, 11, -1,
					11, 94, 97, -1,
					11, 97, 8, -1,
					8, 97, 100, -1,
					8, 100, 5, -1,
					5, 100, 103, -1,
					5, 103, 2, -1,
					2, 103, 59, -1,
					2, 59, 55, -1,
					55, 59, 61, -1,
					55, 61, 52, -1,
					52, 61, 64, -1,
					52, 64, 49, -1,
					49, 64, 67, -1,
					49, 67, 46, -1,
					46, 67, 70, -1,
					46, 70, 43, -1,
					43, 70, 73, -1,
					43, 73, 40, -1,
					40, 73, 76, -1,
					40, 76, 37, -1,
					37, 76, 32, -1,
					37, 32, 30, -1,
					2, 55, 0, -1,
					88, 20, 85, -1,
					31, 81, 26, -1,
					26, 81, 23, -1
				]
			}
		}
		Shape
		{
			appearance Appearance
			{
				material Material
				{
					diffuseColor 0.000 0.000 0.000
				}
			}
			geometry IndexedFaceSet
			{
				creaseAngle 0.5
				solid TRUE
				coord Coordinate
				{
					point
					[
						2.167 0.200 -0.600,
						2.167 0.200 -1.100,
						2.240 0.000 -0.715,
						2.240 0.000 -1.100
					]
				}
				coordIndex
				[
					0, 1, 2, -1,
					2, 1, 3, -1
				]
				normal Normal
				{
					vector
					[
						-0.940 -0.342 -0.000
					]
				}
				normalIndex
				[
					0, 0, 0, -1,
					0, 0, 0, -1
				]
			}
		}
		Shape
		{
			appearance Appearance
			{
				material Material
				{
					diffuseColor 0.000 0.000 0.000
				}
			}
			geometry IndexedFaceSet
			{
				creaseAngle 0.5
				solid TRUE
				coord Coordinate
				{
					point
					[
						2.240 0.000 1.100,
						2.167 0.200 1.100,
						2.240 0.000 0.715,
						2.167 0.200 0.600
					]
				}
				coordIndex
				[
					0, 1, 2, -1,
					2, 1, 3, -1
				]
				normal Normal
				{
					vector
					[
						-0.940 -0.342 -0.000
					]
				}
				normalIndex
				[
					0, 0, 0, -1,
					0, 0, 0, -1
				]
			}
		}
		Shape
		{
			appearance Appearance
			{
				material Material
				{
					diffuseColor 0.000 0.000 0.000
				}
			}
			geometry IndexedFaceSet
			{
				creaseAngle 0.5
				solid TRUE
				coord Coordinate
				{
					point
					[
						1.643 0.200 -0.600,
						1.570 0.000 -0.715,
						1.643 0.200 -1.100,
						1.570 0.000 -1.100
					]
				}
				coordIndex
				[
					0, 1, 2, -1,
					2, 1, 3, -1
				]
				normal Normal
				{
					vector
					[
						0.940 -0.342 -0.000
					]
				}
				normalIndex
				[
					0, 0, 0, -1,
					0, 0, 0, -1
				]
			}
		}
		Shape
		{
			appearance Appearance
			{
				material Material
				{
					diffuseColor 0.000 0.000 0.000
				}
			}
			geometry IndexedFaceSet
			{
				creaseAngle 0.5
				solid TRUE
				coord Coordinate
				{
					point
					[
						1.570 0.000 1.100,
						1.570 0.000 0.715,
						1.643 0.200 1.100,
						1.643 0.200 0.600
					]
				}
				coordIndex
				[
					0, 1, 2, -1,
					2, 1, 3, -1
				]
				normal Normal
				{
					vector
					[
						0.940 -0.342 -0.000
					]
				}
				normalIndex
				[
					0, 0, 0, -1,
					0, 0, 0, -1
				]
			}
		}
		Shape
		{
			appearance Appearance
			{
				material Material
				{
					diffuseColor 0.000 0.000 0.000
				}
			}
			geometry IndexedFaceSet
			{
				creaseAngle 0.5
				solid TRUE
				coord Coordinate
				{
					point
					[
						1.570 0.000 0.715,
						1.570 0.000 1.100,
						0.970 0.000 0.715,
						0.970 0.000 1.100
					]
				}
				coordIndex
				[
					0, 1, 2, -1,
					2, 1, 3, -1
				]
				normal Normal
				{
					vector
					[
						-0.000 -1.000 -0.000
					]
				}
				normalIndex
				[
					0, 0, 0, -1,
					0, 0, 0, -1
				]
			}
		}
		Shape
		{
			appearance Appearance
			{
				material Material
				{
					diffuseColor 0.000 0.000 0.000
				}
			}
			geometry IndexedFaceSet
			{
				creaseAngle 0.5
				solid TRUE
				coord Coordinate
				{
					point
					[
						2.240 0.000 1.100,
						2.240 0.000 0.715,
						2.745 0.000 1.100,
						2.745 0.000 0.715
					]
				}
				coordIndex
				[
					0, 1, 2, -1,
					2, 1, 3, -1
				]
				normal Normal
				{
					vector
					[
						-0.000 -1.000 -0.000
					]
				}
				normalIndex
				[
					0, 0, 0, -1,
					0, 0, 0, -1
				]
			}
		}
		Shape
		{
			appearance Appearance
			{
				material Material
				{
					diffuseColor 0.000 0.000 0.000
				}
			}
			geometry IndexedFaceSet
			{
				creaseAngle 0.5
				solid TRUE
				coord Coordinate
				{
					point
					[
						1.643 0.200 0.600,
						1.570 0.000 0.715,
						0.897 0.200 0.600,
						0.970 0.000 0.715
					]
				}
				coordIndex
				[
					0, 1, 2, -1,
					2, 1, 3, -1
				]
				normal Normal
				{
					vector
					[
						0.000 -0.500 -0.866
					]
				}
				normalIndex
				[
					0, 0, 0, -1,
					0, 0, 0, -1
				]
			}
		}
		Shape
		{
			appearance Appearance
			{
				material Material
				{
					diffuseColor 0.000 0.000 0.000
				}
			}
			geometry IndexedFaceSet
			{
				creaseAngle 0.5
				solid TRUE
				coord Coordinate
				{
					point
					[
						2.167 0.200 0.600,
						2.745 0.200 0.600,
						2.240 0.000 0.715,
						2.745 0.000 0.715
					]
				}
				coordIndex
				[
					0, 1, 2, -1,
					2, 1, 3, -1
				]
				normal Normal
				{
					vector
					[
						0.000 -0.500 -0.866
					]
				}
				normalIndex
				[
					0, 0, 0, -1,
					0, 0, 0, -1
				]
			}
		}
		Shape
		{
			appearance Appearance
			{
				material Material
				{
					diffuseColor 0.000 0.000 0.000
				}
			}
			geometry IndexedFaceSet
			{
				creaseAngle 0.5
				solid TRUE
				coord Coordinate
				{
					point
					[
						2.240 0.000 -1.100,
						2.167 0.200 -1.100,
						2.745 0.000 -1.100,
						2.745 4.100 -1.100,
						1.643 0.200 -1.100,
						0.897 0.200 -1.100,
						0.373 0.200 -1.100,
						1.570 0.000 -1.100,
						0.970 0.000 -1.100,
						0.300 0.000 -1.100,
						-0.300 0.000 -1.100,
						-0.373 0.200 -1.100,
						-2.745 4.100 -1.100,
						-0.897 0.200 -1.100,
						-1.643 0.200 -1.100,
						-2.167 0.200 -1.100,
						-0.970 0.000 -1.100,
						-1.570 0.000 -1.100,
						-2.240 0.000 -1.100,
						-2.745 0.000 -1.100
					]
				}
				coordIndex
				[
					0, 1, 2, -1,
					2, 1, 3, -1,
					1, 4, 3, -1,
					3, 4, 5, -1,
					3, 5, 6, -1,
					7, 8, 4, -1,
					4, 8, 5, -1,
					9, 10, 6, -1,
					6, 10, 11, -1,
					6, 11, 3, -1,
					3, 11, 12, -1,
					11, 13, 12, -1,
					12, 13, 14, -1,
					12, 14, 15, -1,
					16, 17, 13, -1,
					13, 17, 14, -1,
					18, 19, 15, -1,
					15, 19, 12, -1
				]
				normal Normal
				{
					vector
					[
						-0.000 -0.000 -1.000
					]
				}
				normalIndex
				[
					0, 0, 0, -1,
					0, 0, 0, -1,
					0, 0, 0, -1,
					0, 0, 0, -1,
					0, 0, 0, -1,
					0, 0, 0, -1,
					0, 0, 0, -1,
					0, 0, 0, -1,
					0, 0, 0, -1,
					0, 0, 0, -1,
					0, 0, 0, -1,
					0, 0, 0, -1,
					0, 0, 0, -1,
					0, 0, 0, -1,
					0, 0, 0, -1,
					0, 0, 0, -1,
					0, 0, 0, -1,
					0, 0, 0, -1
				]
			}
		}
		Shape
		{
			appearance Appearance
			{
				material Material
				{
					diffuseColor 0.000 0.000 0.000
				}
			}
			geometry IndexedFaceSet
			{
				creaseAngle 0.5
				solid TRUE
				coord Coordinate
				{
					point
					[
						2.214 0.200 -0.083,
						2.745 0.200 -0.600,
						2.225 0.200 -0.000,
						2.745 0.200 0.600,
						2.214 0.200 0.083,
						2.182 0.200 0.160,
						2.182 0.200 -0.160,
						2.167 0.200 -0.600,
						2.131 0.200 -0.226,
						2.065 0.200 -0.277,
						1.988 0.200 -0.309,
						1.905 0.200 -0.320,
						1.643 0.200 -0.600,
						1.643 0.200 -1.100,
						1.822 0.200 -0.309,
						1.745 0.200 -0.277,
						1.679 0.200 -0.226,
						1.628 0.200 -0.160,
						0.897 0.200 -0.600,
						1.596 0.200 -0.083,
						0.944 0.200 -0.083,
						0.912 0.200 -0.160,
						0.861 0.200 -0.226,
						0.795 0.200 -0.277,
						1.585 0.200 0.000,
						0.955 0.200 -0.000,
						0.944 0.200 0.083,
						1.596 0.200 0.083,
						1.628 0.200 0.160,
						1.679 0.200 0.226,
						1.643 0.200 0.600,
						0.897 0.200 0.600,
						0.912 0.200 0.160,
						0.861 0.200 0.226,
						1.745 0.200 0.277,
						1.822 0.200 0.309,
						1.905 0.200 0.320,
						2.167 0.200 0.600,
						1.988 0.200 0.309,
						2.065 0.200 0.277,
						2.131 0.200 0.226,
						0.718 0.200 -0.309,
						0.635 0.200 -0.320,
						0.373 0.200 -0.600,
						0.552 0.200 -0.309,
						0.475 0.200 -0.277,
						0.409 0.200 -0.226,
						0.358 0.200 -0.160,
						-0.373 0.200 -0.600,
						-0.358 0.200 -0.160,
						-0.409 0.200 -0.226,
						-0.326 0.200 -0.083,
						0.326 0.200 -0.083,
						0.315 0.200 0.000,
						0.326 0.200 0.083,
						-0.326 0.200 0.083,
						-0.315 0.200 -0.000,
						0.358 0.200 0.160,
						-0.358 0.200 0.160,
						0.409 0.200 0.226,
						0.373 0.200 0.600,
						-0.373 0.200 0.600,
						-0.409 0.200 0.226,
						0.475 0.200 0.277,
						0.552 0.200 0.309,
						0.635 0.200 0.320,
						0.718 0.200 0.309,
						0.795 0.200 0.277,
						-0.475 0.200 -0.277,
						-0.552 0.200 -0.309,
						-0.635 0.200 -0.320,
						-0.897 0.200 -0.600,
						-0.718 0.200 -0.309,
						-0.795 0.200 -0.277,
						-0.861 0.200 -0.226,
						-0.912 0.200 -0.160,
						-1.643 0.200 -0.600,
						-1.628 0.200 -0.160,
						-1.679 0.200 -0.226,
						-1.596 0.200 -0.083,
						-0.944 0.200 -0.083,
						-0.955 0.200 0.000,
						-0.944 0.200 0.083,
						-1.596 0.200 0.083,
						-1.585 0.200 -0.000,
						-0.912 0.200 0.160,
						-1.628 0.200 0.160,
						-0.861 0.200 0.226,
						-0.897 0.200 0.600,
						-1.643 0.200 0.600,
						-1.679 0.200 0.226,
						-0.795 0.200 0.277,
						-0.718 0.200 0.309,
						-0.635 0.200 0.320,
						-0.552 0.200 0.309,
						-0.475 0.200 0.277,
						-1.745 0.200 -0.277,
						-1.822 0.200 -0.309,
						-1.905 0.200 -0.320,
						-2.167 0.200 -0.600,
						-1.988 0.200 -0.309,
						-2.065 0.200 -0.277,
						-2.131 0.200 -0.226,
						-2.182 0.200 -0.160,
						-2.745 0.200 -0.600,
						-2.214 0.200 -0.083,
						-2.225 0.200 0.000,
						-2.745 0.200 0.600,
						-2.214 0.200 0.083,
						-2.182 0.200 0.160,
						-2.167 0.200 0.600,
						-2.131 0.200 0.226,
						-2.065 0.200 0.277,
						-1.988 0.200 0.309,
						-1.905 0.200 0.320,
						-1.822 0.200 0.309,
						-1.745 0.200 0.277,
						2.167 0.200 1.100,
						1.643 0.200 1.100,
						0.897 0.200 1.100,
						0.373 0.200 1.100,
						-0.373 0.200 1.100,
						-0.897 0.200 1.100,
						-1.643 0.200 1.100,
						-2.167 0.200 1.100,
						-2.167 0.200 -1.100,
						-1.643 0.200 -1.100,
						-0.897 0.200 -1.100,
						-0.373 0.200 -1.100,
						0.373 0.200 -1.100,
						0.897 0.200 -1.100,
						2.167 0.200 -1.100
					]
				}
				coordIndex
				[
					0, 1, 2, -1,
					2, 1, 3, -1,
					2, 3, 4, -1,
					4, 3, 5, -1,
					0, 6, 1, -1,
					1, 6, 7, -1,
					6, 8, 7, -1,
					7, 8, 9, -1,
					7, 9, 10, -1,
					10, 11, 7, -1,
					7, 11, 12, -1,
					7, 12, 13, -1,
					11, 14, 12, -1,
					12, 14, 15, -1,
					12, 15, 16, -1,
					16, 17, 12, -1,
					12, 17, 18, -1,
					19, 20, 17, -1,
					17, 20, 21, -1,
					17, 21, 18, -1,
					18, 21, 22, -1,
					18, 22, 23, -1,
					19, 24, 20, -1,
					20, 24, 25, -1,
					25, 24, 26, -1,
					26, 24, 27, -1,
					26, 27, 28, -1,
					29, 30, 28, -1,
					28, 30, 31, -1,
					28, 31, 32, -1,
					32, 31, 33, -1,
					29, 34, 30, -1,
					30, 34, 35, -1,
					30, 35, 36, -1,
					30, 36, 37, -1,
					37, 36, 38, -1,
					37, 38, 39, -1,
					39, 40, 37, -1,
					37, 40, 5, -1,
					37, 5, 3, -1,
					23, 41, 18, -1,
					18, 41, 42, -1,
					18, 42, 43, -1,
					43, 42, 44, -1,
					43, 44, 45, -1,
					45, 46, 43, -1,
					43, 46, 47, -1,
					43, 47, 48, -1,
					48, 47, 49, -1,
					48, 49, 50, -1,
					49, 47, 51, -1,
					51, 47, 52, -1,
					51, 52, 53, -1,
					54, 55, 53, -1,
					53, 55, 56, -1,
					53, 56, 51, -1,
					54, 57, 55, -1,
					55, 57, 58, -1,
					59, 60, 57, -1,
					57, 60, 61, -1,
					57, 61, 58, -1,
					58, 61, 62, -1,
					59, 63, 60, -1,
					60, 63, 64, -1,
					60, 64, 65, -1,
					60, 65, 31, -1,
					31, 65, 66, -1,
					31, 66, 67, -1,
					67, 33, 31, -1,
					32, 26, 28, -1,
					50, 68, 48, -1,
					48, 68, 69, -1,
					48, 69, 70, -1,
					48, 70, 71, -1,
					71, 70, 72, -1,
					71, 72, 73, -1,
					73, 74, 71, -1,
					71, 74, 75, -1,
					71, 75, 76, -1,
					76, 75, 77, -1,
					76, 77, 78, -1,
					77, 75, 79, -1,
					79, 75, 80, -1,
					79, 80, 81, -1,
					82, 83, 81, -1,
					81, 83, 84, -1,
					81, 84, 79, -1,
					82, 85, 83, -1,
					83, 85, 86, -1,
					87, 88, 85, -1,
					85, 88, 89, -1,
					85, 89, 86, -1,
					86, 89, 90, -1,
					87, 91, 88, -1,
					88, 91, 92, -1,
					88, 92, 93, -1,
					88, 93, 61, -1,
					61, 93, 94, -1,
					61, 94, 95, -1,
					95, 62, 61, -1,
					78, 96, 76, -1,
					76, 96, 97, -1,
					76, 97, 98, -1,
					76, 98, 99, -1,
					99, 98, 100, -1,
					99, 100, 101, -1,
					101, 102, 99, -1,
					99, 102, 103, -1,
					99, 103, 104, -1,
					104, 103, 105, -1,
					104, 105, 106, -1,
					104, 106, 107, -1,
					107, 106, 108, -1,
					107, 108, 109, -1,
					107, 109, 110, -1,
					110, 109, 111, -1,
					110, 111, 112, -1,
					112, 113, 110, -1,
					110, 113, 114, -1,
					110, 114, 89, -1,
					89, 114, 115, -1,
					89, 115, 116, -1,
					116, 90, 89, -1,
					37, 117, 30, -1,
					30, 117, 118, -1,
					31, 119, 60, -1,
					60, 119, 120, -1,
					61, 121, 88, -1,
					88, 121, 122, -1,
					89, 123, 110, -1,
					110, 123, 124, -1,
					99, 125, 76, -1,
					76, 125, 126, -1,
					71, 127, 48, -1,
					48, 127, 128, -1,
					43, 129, 18, -1,
					18, 129, 130, -1,
					13, 131, 7, -1
				]
				normal Normal
				{
					vector
					[
						-0.000 -1.000 -0.000
					]
				}
				normalIndex
				[
					0, 0, 0, -1,
					0, 0, 0, -1,
					0, 0, 0, -1,
					0, 0, 0, -1,
					0, 0, 0, -1,
					0, 0, 0, -1,
					0, 0, 0, -1,
					0, 0, 0, -1,
					0, 0, 0, -1,
					0, 0, 0, -1,
					0, 0, 0, -1,
					0, 0, 0, -1,
					0, 0, 0, -1,
					0, 0, 0, -1,
					0, 0, 0, -1,
					0, 0, 0, -1,
					0, 0, 0, -1,
					0, 0, 0, -1,
					0, 0, 0, -1,
					0, 0, 0, -1,
					0, 0, 0, -1,
					0, 0, 0, -1,
					0, 0, 0, -1,
					0, 0, 0, -1,
					0, 0, 0, -1,
					0, 0, 0, -1,
					0, 0, 0, -1,
					0, 0, 0, -1,
					0, 0, 0, -1,
					0, 0, 0, -1,
					0, 0, 0, -1,
					0, 0, 0, -1,
					0, 0, 0, -1,
					0, 0, 0, -1,
					0, 0, 0, -1,
					0, 0, 0, -1,
					0, 0, 0, -1,
					0, 0, 0, -1,
					0, 0, 0, -1,
					0, 0, 0, -1,
					0, 0, 0, -1,
					0, 0, 0, -1,
					0, 0, 0, -1,
					0, 0, 0, -1,
					0, 0, 0, -1,
					0, 0, 0, -1,
					0, 0, 0, -1,
					0, 0, 0, -1,
					0, 0, 0, -1,
					0, 0, 0, -1,
					0, 0, 0, -1,
					0, 0, 0, -1,
					0, 0, 0, -1,
					0, 0, 0, -1,
					0, 0, 0, -1,
					0, 0, 0, -1,
					0, 0, 0, -1,
					0, 0, 0, -1,
					0, 0, 0, -1,
					0, 0, 0, -1,
					0, 0, 0, -1,
					0, 0, 0, -1,
					0, 0, 0, -1,
					0, 0, 0, -1,
					0, 0, 0, -1,
					0, 0, 0, -1,
					0, 0, 0, -1,
					0, 0, 0, -1,
					0, 0, 0, -1,
					0, 0, 0, -1,
					0, 0, 0, -1,
					0, 0, 0, -1,
					0, 0, 0, -1,
					0, 0, 0, -1,
					0, 0, 0, -1,
					0, 0, 0, -1,
					0, 0, 0, -1,
					0, 0, 0, -1,
					0, 0, 0, -1,
					0, 0, 0, -1,
					0, 0, 0, -1,
					0, 0, 0, -1,
					0, 0, 0, -1,
					0, 0, 0, -1,
					0, 0, 0, -1,
					0, 0, 0, -1,
					0, 0, 0, -1,
					0, 0, 0, -1,
					0, 0, 0, -1,
					0, 0, 0, -1,
					0, 0, 0, -1,
					0, 0, 0, -1,
					0, 0, 0, -1,
					0, 0, 0, -1,
					0, 0, 0, -1,
					0, 0, 0, -1,
					0, 0, 0, -1,
					0, 0, 0, -1,
					0, 0, 0, -1,
					0, 0, 0, -1,
					0, 0, 0, -1,
					0, 0, 0, -1,
					0, 0, 0, -1,
					0, 0, 0, -1,
					0, 0, 0, -1,
					0, 0, 0, -1,
					0, 0, 0, -1,
					0, 0, 0, -1,
					0, 0, 0, -1,
					0, 0, 0, -1,
					0, 0, 0, -1,
					0, 0, 0, -1,
					0, 0, 0, -1,
					0, 0, 0, -1,
					0, 0, 0, -1,
					0, 0, 0, -1,
					0, 0, 0, -1,
					0, 0, 0, -1,
					0, 0, 0, -1,
					0, 0, 0, -1,
					0, 0, 0, -1,
					0, 0, 0, -1,
					0, 0, 0, -1,
					0, 0, 0, -1,
					0, 0, 0, -1,
					0, 0, 0, -1,
					0, 0, 0, -1,
					0, 0, 0, -1,
					0, 0, 0, -1,
					0, 0, 0, -1,
					0, 0, 0, -1,
					0, 0, 0, -1,
					0, 0, 0, -1,
					0, 0, 0, -1,
					0, 0, 0, -1,
					0, 0, 0, -1,
					0, 0, 0, -1,
					0, 0, 0, -1
				]
			}
		}
		Shape
		{
			appearance Appearance
			{
				material Material
				{
					diffuseColor 0.000 0.000 0.000
				}
			}
			geometry IndexedFaceSet
			{
				creaseAngle 0.5
				solid TRUE
				coord Coordinate
				{
					point
					[
						1.643 0.200 -0.600,
						0.897 0.200 -0.600,
						1.570 0.000 -0.715,
						0.970 0.000 -0.715
					]
				}
				coordIndex
				[
					0, 1, 2, -1,
					2, 1, 3, -1
				]
				normal Normal
				{
					vector
					[
						-0.000 -0.500 0.866
					]
				}
				normalIndex
				[
					0, 0, 0, -1,
					0, 0, 0, -1
				]
			}
		}
		Shape
		{
			appearance Appearance
			{
				material Material
				{
					diffuseColor 0.000 0.000 0.000
				}
			}
			geometry IndexedFaceSet
			{
				creaseAngle 0.5
				solid TRUE
				coord Coordinate
				{
					point
					[
						1.570 0.000 -1.100,
						1.570 0.000 -0.715,
						0.970 0.000 -1.100,
						0.970 0.000 -0.715
					]
				}
				coordIndex
				[
					0, 1, 2, -1,
					2, 1, 3, -1
				]
				normal Normal
				{
					vector
					[
						-0.000 -1.000 -0.000
					]
				}
				normalIndex
				[
					0, 0, 0, -1,
					0, 0, 0, -1
				]
			}
		}
		Shape
		{
			appearance Appearance
			{
				material Material
				{
					diffuseColor 0.000 0.000 0.000
				}
			}
			geometry IndexedFaceSet
			{
				creaseAngle 0.5
				solid TRUE
				coord Coordinate
				{
					point
					[
						2.240 0.000 -0.715,
						2.240 0.000 -1.100,
						2.745 0.000 -0.715,
						2.745 0.000 -1.100
					]
				}
				coordIndex
				[
					0, 1, 2, -1,
					2, 1, 3, -1
				]
				normal Normal
				{
					vector
					[
						-0.000 -1.000 -0.000
					]
				}
				normalIndex
				[
					0, 0, 0, -1,
					0, 0, 0, -1
				]
			}
		}
		Shape
		{
			appearance Appearance
			{
				material Material
				{
					diffuseColor 0.000 0.000 0.000
				}
			}
			geometry IndexedFaceSet
			{
				creaseAngle 0.5
				solid TRUE
				coord Coordinate
				{
					point
					[
						0.897 0.200 -0.600,
						0.897 0.200 -1.100,
						0.970 0.000 -0.715,
						0.970 0.000 -1.100
					]
				}
				coordIndex
				[
					0, 1, 2, -1,
					2, 1, 3, -1
				]
				normal Normal
				{
					vector
					[
						-0.940 -0.342 -0.000
					]
				}
				normalIndex
				[
					0, 0, 0, -1,
					0, 0, 0, -1
				]
			}
		}
		Shape
		{
			appearance Appearance
			{
				material Material
				{
					diffuseColor 0.000 0.000 0.000
				}
			}
			geometry IndexedFaceSet
			{
				creaseAngle 0.5
				solid TRUE
				coord Coordinate
				{
					point
					[
						0.970 0.000 1.100,
						0.897 0.200 1.100,
						0.970 0.000 0.715,
						0.897 0.200 0.600
					]
				}
				coordIndex
				[
					0, 1, 2, -1,
					2, 1, 3, -1
				]
				normal Normal
				{
					vector
					[
						-0.940 -0.342 -0.000
					]
				}
				normalIndex
				[
					0, 0, 0, -1,
					0, 0, 0, -1
				]
			}
		}
		Shape
		{
			appearance Appearance
			{
				material Material
				{
					diffuseColor 0.000 0.000 0.000
				}
			}
			geometry IndexedFaceSet
			{
				creaseAngle 0.5
				solid TRUE
				coord Coordinate
				{
					point
					[
						0.373 0.200 -0.600,
						0.300 0.000 -0.715,
						0.373 0.200 -1.100,
						0.300 0.000 -1.100
					]
				}
				coordIndex
				[
					0, 1, 2, -1,
					2, 1, 3, -1
				]
				normal Normal
				{
					vector
					[
						0.940 -0.342 -0.000
					]
				}
				normalIndex
				[
					0, 0, 0, -1,
					0, 0, 0, -1
				]
			}
		}
		Shape
		{
			appearance Appearance
			{
				material Material
				{
					diffuseColor 0.000 0.000 0.000
				}
			}
			geometry IndexedFaceSet
			{
				creaseAngle 0.5
				solid TRUE
				coord Coordinate
				{
					point
					[
						0.300 0.000 1.100,
						0.300 0.000 0.715,
						0.373 0.200 1.100,
						0.373 0.200 0.600
					]
				}
				coordIndex
				[
					0, 1, 2, -1,
					2, 1, 3, -1
				]
				normal Normal
				{
					vector
					[
						0.940 -0.342 -0.000
					]
				}
				normalIndex
				[
					0, 0, 0, -1,
					0, 0, 0, -1
				]
			}
		}
		Shape
		{
			appearance Appearance
			{
				material Material
				{
					diffuseColor 0.000 0.000 0.000
				}
			}
			geometry IndexedFaceSet
			{
				creaseAngle 0.5
				solid TRUE
				coord Coordinate
				{
					point
					[
						0.300 0.000 0.715,
						0.300 0.000 1.100,
						-0.300 0.000 0.715,
						-0.300 0.000 1.100
					]
				}
				coordIndex
				[
					0, 1, 2, -1,
					2, 1, 3, -1
				]
				normal Normal
				{
					vector
					[
						-0.000 -1.000 -0.000
					]
				}
				normalIndex
				[
					0, 0, 0, -1,
					0, 0, 0, -1
				]
			}
		}
		Shape
		{
			appearance Appearance
			{
				material Material
				{
					diffuseColor 0.000 0.000 0.000
				}
			}
			geometry IndexedFaceSet
			{
				creaseAngle 0.5
				solid TRUE
				coord Coordinate
				{
					point
					[
						0.373 0.200 0.600,
						0.300 0.000 0.715,
						-0.373 0.200 0.600,
						-0.300 0.000 0.715
					]
				}
				coordIndex
				[
					0, 1, 2, -1,
					2, 1, 3, -1
				]
				normal Normal
				{
					vector
					[
						0.000 -0.500 -0.866
					]
				}
				normalIndex
				[
					0, 0, 0, -1,
					0, 0, 0, -1
				]
			}
		}
		Shape
		{
			appearance Appearance
			{
				material Material
				{
					diffuseColor 0.000 0.000 0.000
				}
			}
			geometry IndexedFaceSet
			{
				creaseAngle 0.5
				solid TRUE
				coord Coordinate
				{
					point
					[
						0.373 0.200 -0.600,
						-0.373 0.200 -0.600,
						0.300 0.000 -0.715,
						-0.300 0.000 -0.715
					]
				}
				coordIndex
				[
					0, 1, 2, -1,
					2, 1, 3, -1
				]
				normal Normal
				{
					vector
					[
						-0.000 -0.500 0.866
					]
				}
				normalIndex
				[
					0, 0, 0, -1,
					0, 0, 0, -1
				]
			}
		}
		Shape
		{
			appearance Appearance
			{
				material Material
				{
					diffuseColor 0.000 0.000 0.000
				}
			}
			geometry IndexedFaceSet
			{
				creaseAngle 0.5
				solid TRUE
				coord Coordinate
				{
					point
					[
						0.300 0.000 -1.100,
						0.300 0.000 -0.715,
						-0.300 0.000 -1.100,
						-0.300 0.000 -0.715
					]
				}
				coordIndex
				[
					0, 1, 2, -1,
					2, 1, 3, -1
				]
				normal Normal
				{
					vector
					[
						-0.000 -1.000 -0.000
					]
				}
				normalIndex
				[
					0, 0, 0, -1,
					0, 0, 0, -1
				]
			}
		}
		Shape
		{
			appearance Appearance
			{
				material Material
				{
					diffuseColor 0.000 0.000 0.000
				}
			}
			geometry IndexedFaceSet
			{
				creaseAngle 0.5
				solid TRUE
				coord Coordinate
				{
					point
					[
						-0.373 0.200 -0.600,
						-0.373 0.200 -1.100,
						-0.300 0.000 -0.715,
						-0.300 0.000 -1.100
					]
				}
				coordIndex
				[
					0, 1, 2, -1,
					2, 1, 3, -1
				]
				normal Normal
				{
					vector
					[
						-0.940 -0.342 -0.000
					]
				}
				normalIndex
				[
					0, 0, 0, -1,
					0, 0, 0, -1
				]
			}
		}
		Shape
		{
			appearance Appearance
			{
				material Material
				{
					diffuseColor 0.000 0.000 0.000
				}
			}
			geometry IndexedFaceSet
			{
				creaseAngle 0.5
				solid TRUE
				coord Coordinate
				{
					point
					[
						-0.300 0.000 1.100,
						-0.373 0.200 1.100,
						-0.300 0.000 0.715,
						-0.373 0.200 0.600
					]
				}
				coordIndex
				[
					0, 1, 2, -1,
					2, 1, 3, -1
				]
				normal Normal
				{
					vector
					[
						-0.940 -0.342 -0.000
					]
				}
				normalIndex
				[
					0, 0, 0, -1,
					0, 0, 0, -1
				]
			}
		}
		Shape
		{
			appearance Appearance
			{
				material Material
				{
					diffuseColor 0.000 0.000 0.000
				}
			}
			geometry IndexedFaceSet
			{
				creaseAngle 0.5
				solid TRUE
				coord Coordinate
				{
					point
					[
						-0.897 0.200 -0.600,
						-0.970 0.000 -0.715,
						-0.897 0.200 -1.100,
						-0.970 0.000 -1.100
					]
				}
				coordIndex
				[
					0, 1, 2, -1,
					2, 1, 3, -1
				]
				normal Normal
				{
					vector
					[
						0.940 -0.342 -0.000
					]
				}
				normalIndex
				[
					0, 0, 0, -1,
					0, 0, 0, -1
				]
			}
		}
		Shape
		{
			appearance Appearance
			{
				material Material
				{
					diffuseColor 0.000 0.000 0.000
				}
			}
			geometry IndexedFaceSet
			{
				creaseAngle 0.5
				solid TRUE
				coord Coordinate
				{
					point
					[
						-0.970 0.000 1.100,
						-0.970 0.000 0.715,
						-0.897 0.200 1.100,
						-0.897 0.200 0.600
					]
				}
				coordIndex
				[
					0, 1, 2, -1,
					2, 1, 3, -1
				]
				normal Normal
				{
					vector
					[
						0.940 -0.342 -0.000
					]
				}
				normalIndex
				[
					0, 0, 0, -1,
					0, 0, 0, -1
				]
			}
		}
		Shape
		{
			appearance Appearance
			{
				material Material
				{
					diffuseColor 0.000 0.000 0.000
				}
			}
			geometry IndexedFaceSet
			{
				creaseAngle 0.5
				solid TRUE
				coord Coordinate
				{
					point
					[
						-0.970 0.000 0.715,
						-0.970 0.000 1.100,
						-1.570 0.000 0.715,
						-1.570 0.000 1.100
					]
				}
				coordIndex
				[
					0, 1, 2, -1,
					2, 1, 3, -1
				]
				normal Normal
				{
					vector
					[
						-0.000 -1.000 -0.000
					]
				}
				normalIndex
				[
					0, 0, 0, -1,
					0, 0, 0, -1
				]
			}
		}
		Shape
		{
			appearance Appearance
			{
				material Material
				{
					diffuseColor 0.000 0.000 0.000
				}
			}
			geometry IndexedFaceSet
			{
				creaseAngle 0.5
				solid TRUE
				coord Coordinate
				{
					point
					[
						-0.897 0.200 0.600,
						-0.970 0.000 0.715,
						-1.643 0.200 0.600,
						-1.570 0.000 0.715
					]
				}
				coordIndex
				[
					0, 1, 2, -1,
					2, 1, 3, -1
				]
				normal Normal
				{
					vector
					[
						0.000 -0.500 -0.866
					]
				}
				normalIndex
				[
					0, 0, 0, -1,
					0, 0, 0, -1
				]
			}
		}
		Shape
		{
			appearance Appearance
			{
				material Material
				{
					diffuseColor 0.000 0.000 0.000
				}
			}
			geometry IndexedFaceSet
			{
				creaseAngle 0.5
				solid TRUE
				coord Coordinate
				{
					point
					[
						-0.897 0.200 -0.600,
						-1.643 0.200 -0.600,
						-0.970 0.000 -0.715,
						-1.570 0.000 -0.715
					]
				}
				coordIndex
				[
					0, 1, 2, -1,
					2, 1, 3, -1
				]
				normal Normal
				{
					vector
					[
						-0.000 -0.500 0.866
					]
				}
				normalIndex
				[
					0, 0, 0, -1,
					0, 0, 0, -1
				]
			}
		}
		Shape
		{
			appearance Appearance
			{
				material Material
				{
					diffuseColor 0.000 0.000 0.000
				}
			}
			geometry IndexedFaceSet
			{
				creaseAngle 0.5
				solid TRUE
				coord Coordinate
				{
					point
					[
						-0.970 0.000 -1.100,
						-0.970 0.000 -0.715,
						-1.570 0.000 -1.100,
						-1.570 0.000 -0.715
					]
				}
				coordIndex
				[
					0, 1, 2, -1,
					2, 1, 3, -1
				]
				normal Normal
				{
					vector
					[
						-0.000 -1.000 -0.000
					]
				}
				normalIndex
				[
					0, 0, 0, -1,
					0, 0, 0, -1
				]
			}
		}
		Shape
		{
			appearance Appearance
			{
				material Material
				{
					diffuseColor 0.000 0.000 0.000
				}
			}
			geometry IndexedFaceSet
			{
				creaseAngle 0.5
				solid TRUE
				coord Coordinate
				{
					point
					[
						-1.570 0.000 -1.100,
						-1.570 0.000 -0.715,
						-1.643 0.200 -1.100,
						-1.643 0.200 -0.600
					]
				}
				coordIndex
				[
					0, 1, 2, -1,
					2, 1, 3, -1
				]
				normal Normal
				{
					vector
					[
						-0.940 -0.342 -0.000
					]
				}
				normalIndex
				[
					0, 0, 0, -1,
					0, 0, 0, -1
				]
			}
		}
		Shape
		{
			appearance Appearance
			{
				material Material
				{
					diffuseColor 0.000 0.000 0.000
				}
			}
			geometry IndexedFaceSet
			{
				creaseAngle 0.5
				solid TRUE
				coord Coordinate
				{
					point
					[
						-1.570 0.000 1.100,
						-1.643 0.200 1.100,
						-1.570 0.000 0.715,
						-1.643 0.200 0.600
					]
				}
				coordIndex
				[
					0, 1, 2, -1,
					2, 1, 3, -1
				]
				normal Normal
				{
					vector
					[
						-0.940 -0.342 -0.000
					]
				}
				normalIndex
				[
					0, 0, 0, -1,
					0, 0, 0, -1
				]
			}
		}
		Shape
		{
			appearance Appearance
			{
				material Material
				{
					diffuseColor 0.000 0.000 0.000
				}
			}
			geometry IndexedFaceSet
			{
				creaseAngle 0.5
				solid TRUE
				coord Coordinate
				{
					point
					[
						-2.240 0.000 -1.100,
						-2.167 0.200 -1.100,
						-2.240 0.000 -0.715,
						-2.167 0.200 -0.600
					]
				}
				coordIndex
				[
					0, 1, 2, -1,
					2, 1, 3, -1
				]
				normal Normal
				{
					vector
					[
						0.940 -0.342 -0.000
					]
				}
				normalIndex
				[
					0, 0, 0, -1,
					0, 0, 0, -1
				]
			}
		}
		Shape
		{
			appearance Appearance
			{
				material Material
				{
					diffuseColor 0.000 0.000 0.000
				}
			}
			geometry IndexedFaceSet
			{
				creaseAngle 0.5
				solid TRUE
				coord Coordinate
				{
					point
					[
						-2.240 0.000 1.100,
						-2.240 0.000 0.715,
						-2.167 0.200 1.100,
						-2.167 0.200 0.600
					]
				}
				coordIndex
				[
					0, 1, 2, -1,
					2, 1, 3, -1
				]
				normal Normal
				{
					vector
					[
						0.940 -0.342 -0.000
					]
				}
				normalIndex
				[
					0, 0, 0, -1,
					0, 0, 0, -1
				]
			}
		}
		Shape
		{
			appearance Appearance
			{
				material Material
				{
					diffuseColor 0.000 0.000 0.000
				}
			}
			geometry IndexedFaceSet
			{
				creaseAngle 0.5
				solid TRUE
				coord Coordinate
				{
					point
					[
						-2.240 0.000 0.715,
						-2.240 0.000 1.100,
						-2.745 0.000 0.715,
						-2.745 0.000 1.100
					]
				}
				coordIndex
				[
					0, 1, 2, -1,
					2, 1, 3, -1
				]
				normal Normal
				{
					vector
					[
						-0.000 -1.000 -0.000
					]
				}
				normalIndex
				[
					0, 0, 0, -1,
					0, 0, 0, -1
				]
			}
		}
		Shape
		{
			appearance Appearance
			{
				material Material
				{
					diffuseColor 0.000 0.000 0.000
				}
			}
			geometry IndexedFaceSet
			{
				creaseAngle 0.5
				solid TRUE
				coord Coordinate
				{
					point
					[
						-2.240 0.000 -1.100,
						-2.240 0.000 -0.715,
						-2.745 0.000 -1.100,
						-2.745 0.000 -0.715
					]
				}
				coordIndex
				[
					0, 1, 2, -1,
					2, 1, 3, -1
				]
				normal Normal
				{
					vector
					[
						-0.000 -1.000 -0.000
					]
				}
				normalIndex
				[
					0, 0, 0, -1,
					0, 0, 0, -1
				]
			}
		}
		Shape
		{
			appearance Appearance
			{
				material Material
				{
					diffuseColor 0.000 0.000 0.000
				}
			}
			geometry IndexedFaceSet
			{
				creaseAngle 0.5
				solid TRUE
				coord Coordinate
				{
					point
					[
						-2.167 0.200 0.600,
						-2.240 0.000 0.715,
						-2.745 0.200 0.600,
						-2.745 0.000 0.715
					]
				}
				coordIndex
				[
					0, 1, 2, -1,
					2, 1, 3, -1
				]
				normal Normal
				{
					vector
					[
						0.000 -0.500 -0.866
					]
				}
				normalIndex
				[
					0, 0, 0, -1,
					0, 0, 0, -1
				]
			}
		}
		Shape
		{
			appearance Appearance
			{
				material Material
				{
					diffuseColor 0.000 0.000 0.000
				}
			}
			geometry IndexedFaceSet
			{
				creaseAngle 0.5
				solid TRUE
				coord Coordinate
				{
					point
					[
						-2.167 0.200 -0.600,
						-2.745 0.200 -0.600,
						-2.240 0.000 -0.715,
						-2.745 0.000 -0.715
					]
				}
				coordIndex
				[
					0, 1, 2, -1,
					2, 1, 3, -1
				]
				normal Normal
				{
					vector
					[
						-0.000 -0.500 0.866
					]
				}
				normalIndex
				[
					0, 0, 0, -1,
					0, 0, 0, -1
				]
			}
		}
		Shape
		{
			appearance Appearance
			{
				material Material
				{
					diffuseColor 0.000 0.000 0.000
				}
			}
			geometry IndexedFaceSet
			{
				creaseAngle 0.5
				solid TRUE
				coord Coordinate
				{
					point
					[
						2.167 0.200 -0.600,
						2.240 0.000 -0.715,
						2.745 0.200 -0.600,
						2.745 0.000 -0.715
					]
				}
				coordIndex
				[
					0, 1, 2, -1,
					2, 1, 3, -1
				]
				normal Normal
				{
					vector
					[
						-0.000 -0.500 0.866
					]
				}
				normalIndex
				[
					0, 0, 0, -1,
					0, 0, 0, -1
				]
			}
		}
		Shape
		{
			appearance Appearance
			{
				material Material
				{
					diffuseColor 0.000 0.000 0.000
				}
			}
			geometry IndexedFaceSet
			{
				creaseAngle 0.5
				solid TRUE
				coord Coordinate
				{
					point
					[
						-2.745 0.000 -0.715,
						-2.745 0.200 -0.600,
						-2.745 0.000 -1.100,
						-2.745 4.100 -1.100,
						-2.745 0.200 0.600,
						-2.745 4.100 1.100,
						-2.745 0.000 0.715,
						-2.745 0.000 1.100
					]
				}
				coordIndex
				[
					0, 1, 2, -1,
					2, 1, 3, -1,
					1, 4, 3, -1,
					3, 4, 5, -1,
					6, 7, 4, -1,
					4, 7, 5, -1
				]
				normal Normal
				{
					vector
					[
						-1.000 -0.000 -0.000
					]
				}
				normalIndex
				[
					0, 0, 0, -1,
					0, 0, 0, -1,
					0, 0, 0, -1,
					0, 0, 0, -1,
					0, 0, 0, -1,
					0, 0, 0, -1
				]
			}
		}
		Shape
		{
			appearance Appearance
			{
				material Material
				{
					diffuseColor 0.000 0.000 0.000
				}
			}
			geometry IndexedFaceSet
			{
				creaseAngle 0.5
				solid TRUE
				coord Coordinate
				{
					point
					[
						2.240 0.000 1.100,
						2.745 0.000 1.100,
						2.167 0.200 1.100,
						2.745 4.100 1.100,
						1.643 0.200 1.100,
						0.897 0.200 1.100,
						1.570 0.000 1.100,
						0.970 0.000 1.100,
						0.373 0.200 1.100,
						-2.745 4.100 1.100,
						-0.373 0.200 1.100,
						-0.897 0.200 1.100,
						-2.745 0.000 1.100,
						-2.167 0.200 1.100,
						-1.643 0.200 1.100,
						-0.970 0.000 1.100,
						-2.240 0.000 1.100,
						-1.570 0.000 1.100,
						-0.300 0.000 1.100,
						0.300 0.000 1.100
					]
				}
				coordIndex
				[
					0, 1, 2, -1,
					2, 1, 3, -1,
					2, 3, 4, -1,
					4, 3, 5, -1,
					4, 5, 6, -1,
					6, 5, 7, -1,
					5, 3, 8, -1,
					8, 3, 9, -1,
					8, 9, 10, -1,
					10, 9, 11, -1,
					12, 13, 9, -1,
					9, 13, 14, -1,
					9, 14, 11, -1,
					11, 14, 15, -1,
					12, 16, 13, -1,
					14, 17, 15, -1,
					18, 19, 10, -1,
					10, 19, 8, -1
				]
				normal Normal
				{
					vector
					[
						0.000 0.000 1.000
					]
				}
				normalIndex
				[
					0, 0, 0, -1,
					0, 0, 0, -1,
					0, 0, 0, -1,
					0, 0, 0, -1,
					0, 0, 0, -1,
					0, 0, 0, -1,
					0, 0, 0, -1,
					0, 0, 0, -1,
					0, 0, 0, -1,
					0, 0, 0, -1,
					0, 0, 0, -1,
					0, 0, 0, -1,
					0, 0, 0, -1,
					0, 0, 0, -1,
					0, 0, 0, -1,
					0, 0, 0, -1,
					0, 0, 0, -1,
					0, 0, 0, -1
				]
			}
		}
		Shape
		{
			appearance Appearance
			{
				material Material
				{
					diffuseColor 0.000 0.000 0.000
				}
			}
			geometry IndexedFaceSet
			{
				creaseAngle 0.5
				solid TRUE
				coord Coordinate
				{
					point
					[
						2.388 4.100 0.129,
						2.745 4.100 1.100,
						2.405 4.100 0.000,
						2.745 4.100 -1.100,
						2.388 4.100 -0.129,
						2.338 4.100 -0.250,
						2.338 4.100 0.250,
						2.259 4.100 0.354,
						2.155 4.100 0.433,
						2.034 4.100 0.483,
						1.905 4.100 0.500,
						1.776 4.100 0.483,
						0.764 4.100 0.483,
						1.655 4.100 0.433,
						0.885 4.100 0.433,
						1.551 4.100 0.354,
						0.989 4.100 0.354,
						1.472 4.100 0.250,
						1.068 4.100 0.250,
						1.422 4.100 0.129,
						1.118 4.100 0.129,
						1.405 4.100 0.000,
						1.135 4.100 0.000,
						1.118 4.100 -0.129,
						1.422 4.100 -0.129,
						1.068 4.100 -0.250,
						1.472 4.100 -0.250,
						0.989 4.100 -0.354,
						1.551 4.100 -0.354,
						0.885 4.100 -0.433,
						1.655 4.100 -0.433,
						0.764 4.100 -0.483,
						1.776 4.100 -0.483,
						0.635 4.100 -0.500,
						-2.745 4.100 -1.100,
						-0.635 4.100 -0.500,
						-0.764 4.100 -0.483,
						1.905 4.100 -0.500,
						2.034 4.100 -0.483,
						2.155 4.100 -0.433,
						2.259 4.100 -0.354,
						0.635 4.100 0.500,
						-2.745 4.100 1.100,
						0.506 4.100 0.483,
						-0.506 4.100 0.483,
						-0.635 4.100 0.500,
						-0.764 4.100 0.483,
						-1.776 4.100 0.483,
						-1.655 4.100 0.433,
						0.385 4.100 0.433,
						-0.385 4.100 0.433,
						0.281 4.100 0.354,
						-0.281 4.100 0.354,
						0.202 4.100 0.250,
						-0.202 4.100 0.250,
						0.152 4.100 0.129,
						-0.152 4.100 0.129,
						0.135 4.100 0.000,
						-0.135 4.100 0.000,
						-0.152 4.100 -0.129,
						0.152 4.100 -0.129,
						-0.202 4.100 -0.250,
						0.202 4.100 -0.250,
						-0.281 4.100 -0.354,
						0.281 4.100 -0.354,
						-0.385 4.100 -0.433,
						0.385 4.100 -0.433,
						-0.506 4.100 -0.483,
						0.506 4.100 -0.483,
						-0.885 4.100 0.433,
						-0.989 4.100 0.354,
						-1.551 4.100 0.354,
						-1.068 4.100 0.250,
						-1.472 4.100 0.250,
						-1.118 4.100 0.129,
						-1.422 4.100 0.129,
						-1.135 4.100 0.000,
						-1.405 4.100 0.000,
						-1.422 4.100 -0.129,
						-1.118 4.100 -0.129,
						-1.472 4.100 -0.250,
						-1.068 4.100 -0.250,
						-1.551 4.100 -0.354,
						-0.989 4.100 -0.354,
						-1.655 4.100 -0.433,
						-0.885 4.100 -0.433,
						-1.776 4.100 -0.483,
						-1.905 4.100 -0.500,
						-2.034 4.100 -0.483,
						-1.905 4.100 0.500,
						-2.034 4.100 0.483,
						-2.155 4.100 0.433,
						-2.259 4.100 0.354,
						-2.338 4.100 0.250,
						-2.388 4.100 0.129,
						-2.405 4.100 0.000,
						-2.388 4.100 -0.129,
						-2.338 4.100 -0.250,
						-2.259 4.100 -0.354,
						-2.155 4.100 -0.433
					]
				}
				coordIndex
				[
					0, 1, 2, -1,
					2, 1, 3, -1,
					2, 3, 4, -1,
					4, 3, 5, -1,
					0, 6, 1, -1,
					1, 6, 7, -1,
					1, 7, 8, -1,
					8, 9, 1, -1,
					1, 9, 10, -1,
					1, 10, 11, -1,
					1, 11, 12, -1,
					12, 11, 13, -1,
					12, 13, 14, -1,
					14, 13, 15, -1,
					14, 15, 16, -1,
					16, 15, 17, -1,
					16, 17, 18, -1,
					18, 17, 19, -1,
					18, 19, 20, -1,
					20, 19, 21, -1,
					20, 21, 22, -1,
					22, 21, 23, -1,
					21, 24, 23, -1,
					23, 24, 25, -1,
					24, 26, 25, -1,
					25, 26, 27, -1,
					26, 28, 27, -1,
					27, 28, 29, -1,
					28, 30, 29, -1,
					29, 30, 31, -1,
					30, 32, 31, -1,
					31, 32, 3, -1,
					31, 3, 33, -1,
					33, 3, 34, -1,
					33, 34, 35, -1,
					35, 34, 36, -1,
					32, 37, 3, -1,
					3, 37, 38, -1,
					3, 38, 39, -1,
					39, 40, 3, -1,
					3, 40, 5, -1,
					12, 41, 1, -1,
					1, 41, 42, -1,
					43, 44, 41, -1,
					41, 44, 45, -1,
					41, 45, 42, -1,
					42, 45, 46, -1,
					42, 46, 47, -1,
					47, 46, 48, -1,
					43, 49, 44, -1,
					44, 49, 50, -1,
					49, 51, 50, -1,
					50, 51, 52, -1,
					51, 53, 52, -1,
					52, 53, 54, -1,
					53, 55, 54, -1,
					54, 55, 56, -1,
					55, 57, 56, -1,
					56, 57, 58, -1,
					58, 57, 59, -1,
					59, 57, 60, -1,
					59, 60, 61, -1,
					61, 60, 62, -1,
					61, 62, 63, -1,
					63, 62, 64, -1,
					63, 64, 65, -1,
					65, 64, 66, -1,
					65, 66, 67, -1,
					67, 66, 68, -1,
					67, 68, 33, -1,
					46, 69, 48, -1,
					48, 69, 70, -1,
					48, 70, 71, -1,
					71, 70, 72, -1,
					71, 72, 73, -1,
					73, 72, 74, -1,
					73, 74, 75, -1,
					75, 74, 76, -1,
					75, 76, 77, -1,
					77, 76, 78, -1,
					76, 79, 78, -1,
					78, 79, 80, -1,
					79, 81, 80, -1,
					80, 81, 82, -1,
					81, 83, 82, -1,
					82, 83, 84, -1,
					83, 85, 84, -1,
					84, 85, 36, -1,
					84, 36, 86, -1,
					86, 36, 34, -1,
					86, 34, 87, -1,
					87, 34, 88, -1,
					35, 67, 33, -1,
					47, 89, 42, -1,
					42, 89, 90, -1,
					42, 90, 91, -1,
					91, 92, 42, -1,
					42, 92, 93, -1,
					42, 93, 94, -1,
					94, 95, 42, -1,
					42, 95, 34, -1,
					95, 96, 34, -1,
					34, 96, 97, -1,
					34, 97, 98, -1,
					98, 99, 34, -1,
					34, 99, 88, -1
				]
				normal Normal
				{
					vector
					[
						-0.000 1.000 -0.000
					]
				}
				normalIndex
				[
					0, 0, 0, -1,
					0, 0, 0, -1,
					0, 0, 0, -1,
					0, 0, 0, -1,
					0, 0, 0, -1,
					0, 0, 0, -1,
					0, 0, 0, -1,
					0, 0, 0, -1,
					0, 0, 0, -1,
					0, 0, 0, -1,
					0, 0, 0, -1,
					0, 0, 0, -1,
					0, 0, 0, -1,
					0, 0, 0, -1,
					0, 0, 0, -1,
					0, 0, 0, -1,
					0, 0, 0, -1,
					0, 0, 0, -1,
					0, 0, 0, -1,
					0, 0, 0, -1,
					0, 0, 0, -1,
					0, 0, 0, -1,
					0, 0, 0, -1,
					0, 0, 0, -1,
					0, 0, 0, -1,
					0, 0, 0, -1,
					0, 0, 0, -1,
					0, 0, 0, -1,
					0, 0, 0, -1,
					0, 0, 0, -1,
					0, 0, 0, -1,
					0, 0, 0, -1,
					0, 0, 0, -1,
					0, 0, 0, -1,
					0, 0, 0, -1,
					0, 0, 0, -1,
					0, 0, 0, -1,
					0, 0, 0, -1,
					0, 0, 0, -1,
					0, 0, 0, -1,
					0, 0, 0, -1,
					0, 0, 0, -1,
					0, 0, 0, -1,
					0, 0, 0, -1,
					0, 0, 0, -1,
					0, 0, 0, -1,
					0, 0, 0, -1,
					0, 0, 0, -1,
					0, 0, 0, -1,
					0, 0, 0, -1,
					0, 0, 0, -1,
					0, 0, 0, -1,
					0, 0, 0, -1,
					0, 0, 0, -1,
					0, 0, 0, -1,
					0, 0, 0, -1,
					0, 0, 0, -1,
					0, 0, 0, -1,
					0, 0, 0, -1,
					0, 0, 0, -1,
					0, 0, 0, -1,
					0, 0, 0, -1,
					0, 0, 0, -1,
					0, 0, 0, -1,
					0, 0, 0, -1,
					0, 0, 0, -1,
					0, 0, 0, -1,
					0, 0, 0, -1,
					0, 0, 0, -1,
					0, 0, 0, -1,
					0, 0, 0, -1,
					0, 0, 0, -1,
					0, 0, 0, -1,
					0, 0, 0, -1,
					0, 0, 0, -1,
					0, 0, 0, -1,
					0, 0, 0, -1,
					0, 0, 0, -1,
					0, 0, 0, -1,
					0, 0, 0, -1,
					0, 0, 0, -1,
					0, 0, 0, -1,
					0, 0, 0, -1,
					0, 0, 0, -1,
					0, 0, 0, -1,
					0, 0, 0, -1,
					0, 0, 0, -1,
					0, 0, 0, -1,
					0, 0, 0, -1,
					0, 0, 0, -1,
					0, 0, 0, -1,
					0, 0, 0, -1,
					0, 0, 0, -1,
					0, 0, 0, -1,
					0, 0, 0, -1,
					0, 0, 0, -1,
					0, 0, 0, -1,
					0, 0, 0, -1,
					0, 0, 0, -1,
					0, 0, 0, -1,
					0, 0, 0, -1,
					0, 0, 0, -1,
					0, 0, 0, -1,
					0, 0, 0, -1,
					0, 0, 0, -1,
					0, 0, 0, -1
				]
			}
		}
		Shape
		{
			appearance Appearance
			{
				material Material
				{
					diffuseColor 0.000 0.000 0.000
				}
			}
			geometry IndexedFaceSet
			{
				creaseAngle 0.5
				solid TRUE
				coord Coordinate
				{
					point
					[
						2.745 0.000 -0.715,
						2.745 0.000 -1.100,
						2.745 0.200 -0.600,
						2.745 4.100 -1.100,
						2.745 4.100 1.100,
						2.745 0.200 0.600,
						2.745 0.000 1.100,
						2.745 0.000 0.715
					]
				}
				coordIndex
				[
					0, 1, 2, -1,
					2, 1, 3, -1,
					2, 3, 4, -1,
					2, 4, 5, -1,
					5, 4, 6, -1,
					5, 6, 7, -1
				]
				normal Normal
				{
					vector
					[
						1.000 -0.000 -0.000
					]
				}
				normalIndex
				[
					0, 0, 0, -1,
					0, 0, 0, -1,
					0, 0, 0, -1,
					0, 0, 0, -1,
					0, 0, 0, -1,
					0, 0, 0, -1
				]
			}
		}
	]
}
NavigationInfo
{
	headlight TRUE
	type "EXAMINE"
}
