ISO-10303-21;
HEADER;
FILE_DESCRIPTION (( 'STEP AP214' ),
    '1' );
FILE_NAME ('14C7A70D-6ED5-4663-8708-50AE433D3D4A.STEP',
    '2026-03-08T23:35:41',
    ( '' ),
    ( '' ),
    'SwSTEP 2.0',
    'SolidWorks 2022',
    '' );
FILE_SCHEMA (( 'AUTOMOTIVE_DESIGN' ));
ENDSEC;

DATA;
#1 = DIRECTION ( 'NONE',  ( 3.614007241618348771E-16, 1.000000000000000000, 1.606225440719265874E-16 ) ) ;
#2 = FACE_OUTER_BOUND ( 'NONE', #2246, .T. ) ;
#3 = ORIENTED_EDGE ( 'NONE', *, *, #3548, .F. ) ;
#4 = PRESENTATION_STYLE_ASSIGNMENT (( #1198 ) ) ;
#5 = PLANE ( 'NONE',  #3058 ) ;
#6 = EDGE_CURVE ( 'NONE', #7, #863, #3358, .T. ) ;
#7 = VERTEX_POINT ( 'NONE', #167 ) ;
#8 = ADVANCED_BREP_SHAPE_REPRESENTATION ( '14C7A70D-6ED5-4663-8708-50AE433D3D4A', ( #2010, #3322, #1355 ), #2123 ) ;
#9 = DIRECTION ( 'NONE',  ( 1.000000000000000000, -3.614007241618348771E-16, 0.0000000000000000000 ) ) ;
#10 = DIRECTION ( 'NONE',  ( -1.000000000000000000, 0.0000000000000000000, 0.0000000000000000000 ) ) ;
#11 = EDGE_CURVE ( 'NONE', #1150, #1464, #413, .T. ) ;
#12 = EDGE_LOOP ( 'NONE', ( #2637, #3368, #839, #32, #2039, #2587, #3572, #3873 ) ) ;
#13 = DIRECTION ( 'NONE',  ( -0.7071067811865467956, 1.916616770854218782E-16, -0.7071067811865483499 ) ) ;
#14 = PLANE ( 'NONE',  #2462 ) ;
#15 = CIRCLE ( 'NONE', #2750, 0.7500000000000000000 ) ;
#16 = STYLED_ITEM ( 'NONE', ( #479 ), #3696 ) ;
#17 = MECHANICAL_DESIGN_GEOMETRIC_PRESENTATION_REPRESENTATION (  '', ( #2689 ), #2943 ) ;
#18 = ORIENTED_EDGE ( 'NONE', *, *, #1318, .T. ) ;
#19 = CARTESIAN_POINT ( 'NONE',  ( 2.250000000000000888, 0.3999999999999997446, 0.09816659063474836300 ) ) ;
#20 = VECTOR ( 'NONE', #3832, 1000.000000000000000 ) ;
#21 = DIRECTION ( 'NONE',  ( 1.000000000000000000, 0.0000000000000000000, 0.0000000000000000000 ) ) ;
#22 = PRESENTATION_STYLE_ASSIGNMENT (( #2752 ) ) ;
#23 = DIRECTION ( 'NONE',  ( 0.0000000000000000000, 0.0000000000000000000, -1.000000000000000000 ) ) ;
#24 = COLOUR_RGB ( '',0.7647058823529411242, 0.7647058823529411242, 0.7647058823529411242 ) ;
#25 = ORIENTED_EDGE ( 'NONE', *, *, #2889, .F. ) ;
#26 = CARTESIAN_POINT ( 'NONE',  ( -2.250000000000000444, 1.150000000000000799, 1.318166590634746838 ) ) ;
#27 = DIRECTION ( 'NONE',  ( -1.000000000000000000, 3.614007241618348771E-16, 0.0000000000000000000 ) ) ;
#28 = VERTEX_POINT ( 'NONE', #2600 ) ;
#29 = EDGE_CURVE ( 'NONE', #1210, #3712, #3798, .T. ) ;
#30 = FILL_AREA_STYLE_COLOUR ( '', #3622 ) ;
#31 = LINE ( 'NONE', #1866, #1918 ) ;
#32 = ORIENTED_EDGE ( 'NONE', *, *, #3253, .F. ) ;
#33 = PLANE ( 'NONE',  #2313 ) ;
#34 = LINE ( 'NONE', #2788, #3483 ) ;
#35 = EDGE_CURVE ( 'NONE', #2238, #1987, #114, .T. ) ;
#36 = ORIENTED_EDGE ( 'NONE', *, *, #2882, .T. ) ;
#37 = DIRECTION ( 'NONE',  ( -3.614007241618348771E-16, -1.000000000000000000, 0.0000000000000000000 ) ) ;
#38 = EDGE_CURVE ( 'NONE', #3807, #2201, #998, .T. ) ;
#39 = DIRECTION ( 'NONE',  ( -1.000000000000000000, 3.614007241618348771E-16, 0.0000000000000000000 ) ) ;
#40 = UNCERTAINTY_MEASURE_WITH_UNIT (LENGTH_MEASURE( 1.000000000000000082E-05 ), #2799, 'distance_accuracy_value', 'NONE');
#41 =( GEOMETRIC_REPRESENTATION_CONTEXT ( 3 ) GLOBAL_UNCERTAINTY_ASSIGNED_CONTEXT ( ( #3710 ) ) GLOBAL_UNIT_ASSIGNED_CONTEXT ( ( #1626, #1064, #685 ) ) REPRESENTATION_CONTEXT ( 'NONE', 'WORKASPACE' ) );
#42 = ORIENTED_EDGE ( 'NONE', *, *, #743, .T. ) ;
#43 = VECTOR ( 'NONE', #3054, 1000.000000000000000 ) ;
#44 = LINE ( 'NONE', #953, #2287 ) ;
#45 = APPLICATION_CONTEXT ( 'automotive_design' ) ;
#46 = COLOUR_RGB ( '',0.2980392156862745057, 0.2980392156862745057, 0.2980392156862745057 ) ;
#47 = PRESENTATION_LAYER_ASSIGNMENT (  '', '', ( #1832 ) ) ;
#48 = ORIENTED_EDGE ( 'NONE', *, *, #127, .F. ) ;
#49 =( LENGTH_UNIT ( ) NAMED_UNIT ( * ) SI_UNIT ( .MILLI., .METRE. ) );
#50 = VECTOR ( 'NONE', #3306, 1000.000000000000000 ) ;
#51 = ORIENTED_EDGE ( 'NONE', *, *, #1088, .F. ) ;
#52 = DIRECTION ( 'NONE',  ( 1.000000000000000000, -2.710505431213760592E-16, 0.0000000000000000000 ) ) ;
#53 = CARTESIAN_POINT ( 'NONE',  ( 2.049999999999999822, 0.4999999999999993339, -0.001833409365251462142 ) ) ;
#54 = SURFACE_STYLE_FILL_AREA ( #708 ) ;
#55 = EDGE_CURVE ( 'NONE', #1426, #3503, #2081, .T. ) ;
#56 = EDGE_LOOP ( 'NONE', ( #2731, #1126, #1341, #846 ) ) ;
#57 = LINE ( 'NONE', #1269, #3016 ) ;
#58 = ORIENTED_EDGE ( 'NONE', *, *, #1157, .F. ) ;
#59 = VECTOR ( 'NONE', #1956, 1000.000000000000000 ) ;
#60 = CARTESIAN_POINT ( 'NONE',  ( 2.049999999999999822, -1.550000000000000933, -0.001833409365251895823 ) ) ;
#61 = EDGE_CURVE ( 'NONE', #1775, #1184, #3433, .T. ) ;
#62 = ORIENTED_EDGE ( 'NONE', *, *, #3514, .T. ) ;
#63 = CARTESIAN_POINT ( 'NONE',  ( -4.151666203960727053, -0.5499999999999986011, 0.9981665906347485517 ) ) ;
#64 = CARTESIAN_POINT ( 'NONE',  ( 1.400000000000001021, 0.8999999999999993561, 1.348166590634748641 ) ) ;
#65 = VERTEX_POINT ( 'NONE', #2268 ) ;
#66 = VECTOR ( 'NONE', #3695, 1000.000000000000000 ) ;
#67 = SURFACE_STYLE_FILL_AREA ( #1960 ) ;
#68 = COLOUR_RGB ( '',0.2980392156862745057, 0.2980392156862745057, 0.2980392156862745057 ) ;
#69 = DIRECTION ( 'NONE',  ( 0.0000000000000000000, -0.0000000000000000000, -1.000000000000000000 ) ) ;
#70 = PLANE ( 'NONE',  #1089 ) ;
#71 = COLOUR_RGB ( '',0.2980392156862745057, 0.2980392156862745057, 0.2980392156862745057 ) ;
#72 = ORIENTED_EDGE ( 'NONE', *, *, #2565, .F. ) ;
#73 = DIRECTION ( 'NONE',  ( 1.000000000000000000, -3.614007241618348771E-16, -0.0000000000000000000 ) ) ;
#74 = ORIENTED_EDGE ( 'NONE', *, *, #553, .T. ) ;
#75 = VECTOR ( 'NONE', #987, 1000.000000000000000 ) ;
#76 = EDGE_CURVE ( 'NONE', #729, #1184, #3210, .T. ) ;
#77 = FACE_OUTER_BOUND ( 'NONE', #2674, .T. ) ;
#78 = CARTESIAN_POINT ( 'NONE',  ( 1.150000000000000355, -1.600000000000001199, 0.1281665906347498052 ) ) ;
#79 = UNCERTAINTY_MEASURE_WITH_UNIT (LENGTH_MEASURE( 1.000000000000000082E-05 ), #188, 'distance_accuracy_value', 'NONE');
#80 = DIRECTION ( 'NONE',  ( 5.804910374431051436E-32, 1.606225440719266120E-16, 1.000000000000000000 ) ) ;
#81 = ORIENTED_EDGE ( 'NONE', *, *, #3136, .T. ) ;
#82 = STYLED_ITEM ( 'NONE', ( #2237 ), #3825 ) ;
#83 = STYLED_ITEM ( 'NONE', ( #1110 ), #3131 ) ;
#84 = EDGE_CURVE ( 'NONE', #2358, #1118, #1616, .T. ) ;
#85 = CARTESIAN_POINT ( 'NONE',  ( 2.050000000000000711, -1.000000000000000888, 1.348166590634748196 ) ) ;
#86 = PRESENTATION_STYLE_ASSIGNMENT (( #1021 ) ) ;
#87 = VECTOR ( 'NONE', #1324, 1000.000000000000000 ) ;
#88 = ADVANCED_FACE ( 'NONE', ( #2580 ), #1370, .F. ) ;
#89 = CARTESIAN_POINT ( 'NONE',  ( -3.658012784032873110, -1.549999999999999600, 1.348166590634748419 ) ) ;
#90 = EDGE_LOOP ( 'NONE', ( #391, #1688, #25, #589 ) ) ;
#91 = DIRECTION ( 'NONE',  ( 0.0000000000000000000, -0.0000000000000000000, 1.000000000000000000 ) ) ;
#92 = ORIENTED_EDGE ( 'NONE', *, *, #29, .T. ) ;
#93 = CARTESIAN_POINT ( 'NONE',  ( 3.658012784032873110, -1.550000000000001599, 1.348166590634748196 ) ) ;
#94 = DIRECTION ( 'NONE',  ( -1.000000000000000000, 2.710505431213760592E-16, -0.0000000000000000000 ) ) ;
#95 = DIRECTION ( 'NONE',  ( 7.228014483236700500E-16, 1.000000000000000000, 0.0000000000000000000 ) ) ;
#96 = LINE ( 'NONE', #1543, #2493 ) ;
#97 = ORIENTED_EDGE ( 'NONE', *, *, #2228, .T. ) ;
#98 = CARTESIAN_POINT ( 'NONE',  ( -2.150000000000000355, 1.550000000000000044, 1.798166590634748596 ) ) ;
#99 = SURFACE_STYLE_FILL_AREA ( #3124 ) ;
#100 = CARTESIAN_POINT ( 'NONE',  ( 2.050000000000001155, 1.599999999999999423, 1.798166590634748596 ) ) ;
#101 = ADVANCED_FACE ( 'NONE', ( #2233 ), #3446, .T. ) ;
#102 = ORIENTED_EDGE ( 'NONE', *, *, #472, .T. ) ;
#103 = VECTOR ( 'NONE', #1043, 1000.000000000000000 ) ;
#104 = PRESENTATION_LAYER_ASSIGNMENT (  '', '', ( #807 ) ) ;
#105 = CARTESIAN_POINT ( 'NONE',  ( -2.250000000000000444, 1.550000000000001155, 1.318166590634746838 ) ) ;
#106 = FACE_OUTER_BOUND ( 'NONE', #366, .T. ) ;
#107 = PRESENTATION_LAYER_ASSIGNMENT (  '', '', ( #1831 ) ) ;
#108 =( GEOMETRIC_REPRESENTATION_CONTEXT ( 3 ) GLOBAL_UNCERTAINTY_ASSIGNED_CONTEXT ( ( #2993 ) ) GLOBAL_UNIT_ASSIGNED_CONTEXT ( ( #1904, #771, #728 ) ) REPRESENTATION_CONTEXT ( 'NONE', 'WORKASPACE' ) );
#109 = ORIENTED_EDGE ( 'NONE', *, *, #543, .F. ) ;
#110 = AXIS2_PLACEMENT_3D ( 'NONE', #139, #3106, #2860 ) ;
#111 =( LENGTH_UNIT ( ) NAMED_UNIT ( * ) SI_UNIT ( .MILLI., .METRE. ) );
#112 = VERTEX_POINT ( 'NONE', #1111 ) ;
#113 = CARTESIAN_POINT ( 'NONE',  ( 2.049999999999999822, 1.549999999999999378, -0.001833409365251462142 ) ) ;
#114 = LINE ( 'NONE', #1634, #1639 ) ;
#115 =( NAMED_UNIT ( * ) SI_UNIT ( $, .STERADIAN. ) SOLID_ANGLE_UNIT ( ) );
#116 = DIRECTION ( 'NONE',  ( -1.000000000000000000, 0.0000000000000000000, -0.0000000000000000000 ) ) ;
#117 = UNCERTAINTY_MEASURE_WITH_UNIT (LENGTH_MEASURE( 1.000000000000000082E-05 ), #3002, 'distance_accuracy_value', 'NONE');
#118 = PLANE ( 'NONE',  #2782 ) ;
#119 = CARTESIAN_POINT ( 'NONE',  ( -1.400000000000000577, -0.4999999999999993339, 1.348166590634748641 ) ) ;
#120 = SURFACE_SIDE_STYLE ('',( #3237 ) ) ;
#121 = DIRECTION ( 'NONE',  ( -0.0000000000000000000, 1.000000000000000000, -0.0000000000000000000 ) ) ;
#122 = SURFACE_STYLE_USAGE ( .BOTH. , #1690 ) ;
#123 = EDGE_CURVE ( 'NONE', #3079, #3750, #1170, .T. ) ;
#124 = VERTEX_POINT ( 'NONE', #2663 ) ;
#125 = LINE ( 'NONE', #1653, #204 ) ;
#126 = FILL_AREA_STYLE_COLOUR ( '', #1383 ) ;
#127 = EDGE_CURVE ( 'NONE', #1210, #2509, #1790, .T. ) ;
#128 = SURFACE_SIDE_STYLE ('',( #452 ) ) ;
#129 = VERTEX_POINT ( 'NONE', #2030 ) ;
#130 =( NAMED_UNIT ( * ) PLANE_ANGLE_UNIT ( ) SI_UNIT ( $, .RADIAN. ) );
#131 = CARTESIAN_POINT ( 'NONE',  ( 1.150000000000000799, 0.5499999999999993783, 0.9981665906347485517 ) ) ;
#132 = SURFACE_STYLE_FILL_AREA ( #1768 ) ;
#133 = PRESENTATION_STYLE_ASSIGNMENT (( #2507 ) ) ;
#134 = ORIENTED_EDGE ( 'NONE', *, *, #1483, .F. ) ;
#135 = DIRECTION ( 'NONE',  ( -0.0000000000000000000, -0.0000000000000000000, -1.000000000000000000 ) ) ;
#136 = PRESENTATION_STYLE_ASSIGNMENT (( #461 ) ) ;
#137 = ORIENTED_EDGE ( 'NONE', *, *, #818, .T. ) ;
#138 =( GEOMETRIC_REPRESENTATION_CONTEXT ( 3 ) GLOBAL_UNCERTAINTY_ASSIGNED_CONTEXT ( ( #3229 ) ) GLOBAL_UNIT_ASSIGNED_CONTEXT ( ( #1246, #2502, #3386 ) ) REPRESENTATION_CONTEXT ( 'NONE', 'WORKASPACE' ) );
#139 = CARTESIAN_POINT ( 'NONE',  ( -1.150000000000000133, -1.600000000000000533, 0.09816659063474836300 ) ) ;
#140 = CARTESIAN_POINT ( 'NONE',  ( 2.250000000000000888, 1.149999999999998801, 1.348166590634748641 ) ) ;
#141 = ORIENTED_EDGE ( 'NONE', *, *, #3441, .F. ) ;
#142 = SURFACE_STYLE_USAGE ( .BOTH. , #706 ) ;
#143 = LINE ( 'NONE', #3791, #3857 ) ;
#144 = DIRECTION ( 'NONE',  ( -0.0000000000000000000, -0.0000000000000000000, -1.000000000000000000 ) ) ;
#145 = ORIENTED_EDGE ( 'NONE', *, *, #2737, .F. ) ;
#146 = LINE ( 'NONE', #3528, #1098 ) ;
#147 = EDGE_CURVE ( 'NONE', #260, #362, #2345, .T. ) ;
#148 = DIRECTION ( 'NONE',  ( 0.0000000000000000000, 1.000000000000000000, 0.0000000000000000000 ) ) ;
#149 = LINE ( 'NONE', #3213, #1787 ) ;
#150 = UNCERTAINTY_MEASURE_WITH_UNIT (LENGTH_MEASURE( 1.000000000000000082E-05 ), #3610, 'distance_accuracy_value', 'NONE');
#151 = DIRECTION ( 'NONE',  ( 1.000000000000000000, 1.008560160451632221E-16, 0.0000000000000000000 ) ) ;
#152 = ORIENTED_EDGE ( 'NONE', *, *, #3541, .T. ) ;
#153 = EDGE_CURVE ( 'NONE', #440, #1553, #3875, .T. ) ;
#154 = CARTESIAN_POINT ( 'NONE',  ( 2.149999999999999467, 1.550000000000000488, 1.798166590634748596 ) ) ;
#155 =( NAMED_UNIT ( * ) SI_UNIT ( $, .STERADIAN. ) SOLID_ANGLE_UNIT ( ) );
#156 = DIRECTION ( 'NONE',  ( 0.0000000000000000000, 0.0000000000000000000, -1.000000000000000000 ) ) ;
#157 = ORIENTED_EDGE ( 'NONE', *, *, #175, .F. ) ;
#158 = FACE_OUTER_BOUND ( 'NONE', #2633, .T. ) ;
#159 = LINE ( 'NONE', #2843, #87 ) ;
#160 = SURFACE_STYLE_USAGE ( .BOTH. , #1785 ) ;
#161 = STYLED_ITEM ( 'NONE', ( #1234 ), #1299 ) ;
#162 = VECTOR ( 'NONE', #359, 1000.000000000000000 ) ;
#163 = FACE_OUTER_BOUND ( 'NONE', #1934, .T. ) ;
#164 = STYLED_ITEM ( 'NONE', ( #3725 ), #1393 ) ;
#165 = SURFACE_SIDE_STYLE ('',( #1071 ) ) ;
#166 = VECTOR ( 'NONE', #549, 1000.000000000000000 ) ;
#167 = CARTESIAN_POINT ( 'NONE',  ( 1.149999999999999911, -0.5500000000000003775, 0.2481665906347483852 ) ) ;
#168 = MECHANICAL_DESIGN_GEOMETRIC_PRESENTATION_REPRESENTATION (  '', ( #1452 ), #750 ) ;
#169 = FACE_OUTER_BOUND ( 'NONE', #3724, .T. ) ;
#170 = ADVANCED_FACE ( 'NONE', ( #2946 ), #1499, .F. ) ;
#171 = PRESENTATION_STYLE_ASSIGNMENT (( #2871 ) ) ;
#172 = ORIENTED_EDGE ( 'NONE', *, *, #1884, .T. ) ;
#173 = PRESENTATION_STYLE_ASSIGNMENT (( #3804 ) ) ;
#174 = CYLINDRICAL_SURFACE ( 'NONE', #1591, 0.2000000000000000944 ) ;
#175 = EDGE_CURVE ( 'NONE', #3178, #1070, #3567, .T. ) ;
#176 = CARTESIAN_POINT ( 'NONE',  ( 2.049999999999999822, 0.4999999999999993339, 0.1981665906347486183 ) ) ;
#177 = LINE ( 'NONE', #1397, #1922 ) ;
#178 = ORIENTED_EDGE ( 'NONE', *, *, #3501, .T. ) ;
#179 = CARTESIAN_POINT ( 'NONE',  ( 2.250000000000000444, 1.149999999999998357, 1.318166590634747060 ) ) ;
#180 = CARTESIAN_POINT ( 'NONE',  ( -2.250000000000000444, 1.550000000000001599, 1.318166590634746393 ) ) ;
#181 = DIRECTION ( 'NONE',  ( 1.000000000000000000, -2.710505431213760592E-16, 0.0000000000000000000 ) ) ;
#182 = PRODUCT_DEFINITION_SHAPE ( 'NONE', 'NONE',  #2224 ) ;
#183 = ORIENTED_EDGE ( 'NONE', *, *, #3036, .F. ) ;
#184 = FACE_OUTER_BOUND ( 'NONE', #1239, .T. ) ;
#185 = SURFACE_STYLE_FILL_AREA ( #3250 ) ;
#186 = VECTOR ( 'NONE', #3120, 1000.000000000000000 ) ;
#187 = PRESENTATION_STYLE_ASSIGNMENT (( #1112 ) ) ;
#188 =( LENGTH_UNIT ( ) NAMED_UNIT ( * ) SI_UNIT ( .MILLI., .METRE. ) );
#189 = EDGE_LOOP ( 'NONE', ( #645, #2371, #604, #526, #2973, #3233, #607, #2254 ) ) ;
#190 = ADVANCED_FACE ( 'NONE', ( #3292 ), #1454, .F. ) ;
#191 = FACE_OUTER_BOUND ( 'NONE', #3407, .T. ) ;
#192 = CARTESIAN_POINT ( 'NONE',  ( 2.250000000000000888, -1.000000000000000888, 0.09816659063474836300 ) ) ;
#193 = LINE ( 'NONE', #213, #3082 ) ;
#194 = VERTEX_POINT ( 'NONE', #251 ) ;
#195 = VERTEX_POINT ( 'NONE', #2466 ) ;
#196 = ADVANCED_FACE ( 'NONE', ( #609 ), #3028, .F. ) ;
#197 = CARTESIAN_POINT ( 'NONE',  ( -1.400000000000000133, 1.517883041479706996E-15, -0.001833409365251462142 ) ) ;
#198 = COLOUR_RGB ( '',0.2980392156862745057, 0.2980392156862745057, 0.2980392156862745057 ) ;
#199 = ORIENTED_EDGE ( 'NONE', *, *, #818, .F. ) ;
#200 = MECHANICAL_DESIGN_GEOMETRIC_PRESENTATION_REPRESENTATION (  '', ( #82 ), #2821 ) ;
#201 = AXIS2_PLACEMENT_3D ( 'NONE', #250, #590, #2786 ) ;
#202 = ADVANCED_FACE ( 'NONE', ( #3074 ), #3347, .F. ) ;
#203 = FACE_OUTER_BOUND ( 'NONE', #1944, .T. ) ;
#204 = VECTOR ( 'NONE', #2863, 1000.000000000000000 ) ;
#205 = VERTEX_POINT ( 'NONE', #3648 ) ;
#206 = FILL_AREA_STYLE_COLOUR ( '', #615 ) ;
#207 = FACE_OUTER_BOUND ( 'NONE', #3444, .T. ) ;
#208 = CARTESIAN_POINT ( 'NONE',  ( 2.049999999999999822, 0.4999999999999987232, 0.1981665906347486183 ) ) ;
#209 =( NAMED_UNIT ( * ) SI_UNIT ( $, .STERADIAN. ) SOLID_ANGLE_UNIT ( ) );
#210 = ORIENTED_EDGE ( 'NONE', *, *, #919, .T. ) ;
#211 = LINE ( 'NONE', #2630, #2080 ) ;
#212 = DIRECTION ( 'NONE',  ( -0.7071067811865526798, 0.0000000000000000000, -0.7071067811865424657 ) ) ;
#213 = CARTESIAN_POINT ( 'NONE',  ( -2.050000000000000711, -0.4999999999999990563, 0.09816659063474836300 ) ) ;
#214 = ORIENTED_EDGE ( 'NONE', *, *, #924, .F. ) ;
#215 = ORIENTED_EDGE ( 'NONE', *, *, #407, .T. ) ;
#216 =( NAMED_UNIT ( * ) SI_UNIT ( $, .STERADIAN. ) SOLID_ANGLE_UNIT ( ) );
#217 = EDGE_CURVE ( 'NONE', #3539, #2716, #34, .T. ) ;
#218 = ORIENTED_EDGE ( 'NONE', *, *, #2470, .T. ) ;
#219 = DIRECTION ( 'NONE',  ( 1.000000000000000000, 0.0000000000000000000, -0.0000000000000000000 ) ) ;
#220 = CARTESIAN_POINT ( 'NONE',  ( 1.150000000000000799, 0.5499999999999996003, 1.748166590634748552 ) ) ;
#221 = AXIS2_PLACEMENT_3D ( 'NONE', #3420, #3733, #1590 ) ;
#222 = DIRECTION ( 'NONE',  ( 0.0000000000000000000, 1.000000000000000000, 2.710505431213761578E-16 ) ) ;
#223 = ORIENTED_EDGE ( 'NONE', *, *, #2375, .T. ) ;
#224 = FILL_AREA_STYLE ('',( #3874 ) ) ;
#225 = CARTESIAN_POINT ( 'NONE',  ( 2.219999999999998419, 1.149999999999998357, 1.348166590634748641 ) ) ;
#226 = AXIS2_PLACEMENT_3D ( 'NONE', #437, #94, #471 ) ;
#227 =( NAMED_UNIT ( * ) PLANE_ANGLE_UNIT ( ) SI_UNIT ( $, .RADIAN. ) );
#228 = FILL_AREA_STYLE ('',( #2348 ) ) ;
#229 = UNCERTAINTY_MEASURE_WITH_UNIT (LENGTH_MEASURE( 1.000000000000000082E-05 ), #2085, 'distance_accuracy_value', 'NONE');
#230 = CARTESIAN_POINT ( 'NONE',  ( 2.250000000000000888, -1.000000000000000888, 0.09816659063474836300 ) ) ;
#231 = MECHANICAL_DESIGN_GEOMETRIC_PRESENTATION_REPRESENTATION (  '', ( #1124 ), #2654 ) ;
#232 = STYLED_ITEM ( 'NONE', ( #3846 ), #625 ) ;
#233 = ORIENTED_EDGE ( 'NONE', *, *, #1646, .F. ) ;
#234 = FACE_OUTER_BOUND ( 'NONE', #885, .T. ) ;
#235 =( GEOMETRIC_REPRESENTATION_CONTEXT ( 3 ) GLOBAL_UNCERTAINTY_ASSIGNED_CONTEXT ( ( #676 ) ) GLOBAL_UNIT_ASSIGNED_CONTEXT ( ( #1961, #2823, #1065 ) ) REPRESENTATION_CONTEXT ( 'NONE', 'WORKASPACE' ) );
#236 = SURFACE_STYLE_USAGE ( .BOTH. , #2412 ) ;
#237 = DIRECTION ( 'NONE',  ( 0.0000000000000000000, 1.000000000000000000, 0.0000000000000000000 ) ) ;
#238 =( NAMED_UNIT ( * ) SI_UNIT ( $, .STERADIAN. ) SOLID_ANGLE_UNIT ( ) );
#239 = LINE ( 'NONE', #2691, #906 ) ;
#240 = ORIENTED_EDGE ( 'NONE', *, *, #1327, .F. ) ;
#241 = ORIENTED_EDGE ( 'NONE', *, *, #2659, .T. ) ;
#242 =( NAMED_UNIT ( * ) SI_UNIT ( $, .STERADIAN. ) SOLID_ANGLE_UNIT ( ) );
#243 = EDGE_LOOP ( 'NONE', ( #1081, #2099, #3813, #2563 ) ) ;
#244 = AXIS2_PLACEMENT_3D ( 'NONE', #2294, #539, #1777 ) ;
#245 = PLANE ( 'NONE',  #1100 ) ;
#246 = EDGE_CURVE ( 'NONE', #3319, #1417, #2746, .T. ) ;
#247 = LINE ( 'NONE', #2305, #3682 ) ;
#248 = SURFACE_STYLE_USAGE ( .BOTH. , #2850 ) ;
#249 = SURFACE_SIDE_STYLE ('',( #1533 ) ) ;
#250 = CARTESIAN_POINT ( 'NONE',  ( -1.400000000000000133, 1.517883041479706996E-15, 2.198166590634748729 ) ) ;
#251 = CARTESIAN_POINT ( 'NONE',  ( 2.050000000000000711, -1.550000000000000488, 1.798166590634748596 ) ) ;
#252 = EDGE_CURVE ( 'NONE', #270, #384, #1186, .T. ) ;
#253 = LINE ( 'NONE', #1477, #1984 ) ;
#254 = VERTEX_POINT ( 'NONE', #3325 ) ;
#255 = PLANE ( 'NONE',  #1611 ) ;
#256 = COLOUR_RGB ( '',0.2980392156862745057, 0.2980392156862745057, 0.2980392156862745057 ) ;
#257 = EDGE_CURVE ( 'NONE', #2569, #547, #424, .T. ) ;
#258 = DIRECTION ( 'NONE',  ( 1.000000000000000000, -3.614007241618348771E-16, 0.0000000000000000000 ) ) ;
#259 = CARTESIAN_POINT ( 'NONE',  ( 2.050000000000000711, -1.600000000000000755, 0.09816659063474836300 ) ) ;
#260 = VERTEX_POINT ( 'NONE', #2447 ) ;
#261 = LINE ( 'NONE', #327, #3108 ) ;
#262 = PLANE ( 'NONE',  #3859 ) ;
#263 = FACE_OUTER_BOUND ( 'NONE', #3224, .T. ) ;
#264 = VECTOR ( 'NONE', #212, 1000.000000000000000 ) ;
#265 = PRESENTATION_LAYER_ASSIGNMENT (  '', '', ( #3012 ) ) ;
#266 = SURFACE_SIDE_STYLE ('',( #331 ) ) ;
#267 = DIRECTION ( 'NONE',  ( -1.000000000000000000, 3.614007241618348771E-16, -0.0000000000000000000 ) ) ;
#268 = CARTESIAN_POINT ( 'NONE',  ( -3.658012784032873110, -1.149999999999998357, 1.348166590634748641 ) ) ;
#269 = AXIS2_PLACEMENT_3D ( 'NONE', #3814, #775, #3466 ) ;
#270 = VERTEX_POINT ( 'NONE', #2767 ) ;
#271 = PRESENTATION_STYLE_ASSIGNMENT (( #1750 ) ) ;
#272 = DIRECTION ( 'NONE',  ( 0.0000000000000000000, 0.0000000000000000000, 1.000000000000000000 ) ) ;
#273 = VECTOR ( 'NONE', #3129, 1000.000000000000000 ) ;
#274 = SURFACE_STYLE_USAGE ( .BOTH. , #1793 ) ;
#275 = UNCERTAINTY_MEASURE_WITH_UNIT (LENGTH_MEASURE( 1.000000000000000082E-05 ), #3154, 'distance_accuracy_value', 'NONE');
#276 = ADVANCED_FACE ( 'NONE', ( #2705 ), #14, .T. ) ;
#277 = ORIENTED_EDGE ( 'NONE', *, *, #646, .F. ) ;
#278 = PLANE ( 'NONE',  #585 ) ;
#279 =( GEOMETRIC_REPRESENTATION_CONTEXT ( 3 ) GLOBAL_UNCERTAINTY_ASSIGNED_CONTEXT ( ( #1074 ) ) GLOBAL_UNIT_ASSIGNED_CONTEXT ( ( #809, #3540, #2401 ) ) REPRESENTATION_CONTEXT ( 'NONE', 'WORKASPACE' ) );
#280 =( NAMED_UNIT ( * ) SI_UNIT ( $, .STERADIAN. ) SOLID_ANGLE_UNIT ( ) );
#281 = FACE_OUTER_BOUND ( 'NONE', #632, .T. ) ;
#282 = CARTESIAN_POINT ( 'NONE',  ( -2.050000000000000711, -0.4999999999999995559, 0.09816659063474839075 ) ) ;
#283 = EDGE_CURVE ( 'NONE', #3215, #2450, #3918, .T. ) ;
#284 = ORIENTED_EDGE ( 'NONE', *, *, #1937, .F. ) ;
#285 = ORIENTED_EDGE ( 'NONE', *, *, #2978, .T. ) ;
#286 = FILL_AREA_STYLE_COLOUR ( '', #3041 ) ;
#287 = ORIENTED_EDGE ( 'NONE', *, *, #2033, .T. ) ;
#288 =( NAMED_UNIT ( * ) SI_UNIT ( $, .STERADIAN. ) SOLID_ANGLE_UNIT ( ) );
#289 =( LENGTH_UNIT ( ) NAMED_UNIT ( * ) SI_UNIT ( .MILLI., .METRE. ) );
#290 = CARTESIAN_POINT ( 'NONE',  ( 2.149999999999999911, -1.550000000000000488, 1.798166590634748596 ) ) ;
#291 = ORIENTED_EDGE ( 'NONE', *, *, #1699, .T. ) ;
#292 = CARTESIAN_POINT ( 'NONE',  ( -2.250000000000000444, -0.4999999999999993339, 0.1981665906347486183 ) ) ;
#293 = CARTESIAN_POINT ( 'NONE',  ( 2.050000000000000711, -1.550000000000000933, 0.09816659063474836300 ) ) ;
#294 = DIRECTION ( 'NONE',  ( -5.804910374431050341E-32, -1.606225440719265874E-16, 1.000000000000000000 ) ) ;
#295 = LINE ( 'NONE', #634, #901 ) ;
#296 = ORIENTED_EDGE ( 'NONE', *, *, #325, .F. ) ;
#297 = MECHANICAL_DESIGN_GEOMETRIC_PRESENTATION_REPRESENTATION (  '', ( #3357 ), #2586 ) ;
#298 = CARTESIAN_POINT ( 'NONE',  ( -1.149999999999999911, 0.5499999999999994893, 0.2481665906347483297 ) ) ;
#299 = VECTOR ( 'NONE', #2047, 1000.000000000000000 ) ;
#300 = EDGE_CURVE ( 'NONE', #1592, #2433, #3387, .T. ) ;
#301 = LINE ( 'NONE', #598, #371 ) ;
#302 = VECTOR ( 'NONE', #1599, 1000.000000000000000 ) ;
#303 = VECTOR ( 'NONE', #2597, 1000.000000000000000 ) ;
#304 = CARTESIAN_POINT ( 'NONE',  ( -4.151666203960727053, 0.5500000000000008216, 0.9981665906347485517 ) ) ;
#305 = DIRECTION ( 'NONE',  ( -1.000000000000000000, -0.0000000000000000000, 0.0000000000000000000 ) ) ;
#306 = VERTEX_POINT ( 'NONE', #2133 ) ;
#307 = AXIS2_PLACEMENT_3D ( 'NONE', #1668, #1921, #3789 ) ;
#308 =( GEOMETRIC_REPRESENTATION_CONTEXT ( 3 ) GLOBAL_UNCERTAINTY_ASSIGNED_CONTEXT ( ( #927 ) ) GLOBAL_UNIT_ASSIGNED_CONTEXT ( ( #2249, #692, #1286 ) ) REPRESENTATION_CONTEXT ( 'NONE', 'WORKASPACE' ) );
#309 = EDGE_CURVE ( 'NONE', #2121, #3215, #1846, .T. ) ;
#310 = LINE ( 'NONE', #643, #1949 ) ;
#311 = DIRECTION ( 'NONE',  ( 1.000000000000000000, 0.0000000000000000000, -0.0000000000000000000 ) ) ;
#312 = SURFACE_STYLE_FILL_AREA ( #2761 ) ;
#313 = CARTESIAN_POINT ( 'NONE',  ( 3.658012784032873110, -1.150000000000001243, -0.001833409365251895823 ) ) ;
#314 = DIRECTION ( 'NONE',  ( 0.7071067811865501263, 0.0000000000000000000, -0.7071067811865450192 ) ) ;
#315 = VECTOR ( 'NONE', #1334, 1000.000000000000000 ) ;
#316 = ORIENTED_EDGE ( 'NONE', *, *, #1694, .F. ) ;
#317 = DIRECTION ( 'NONE',  ( 1.000000000000000000, 0.0000000000000000000, -0.0000000000000000000 ) ) ;
#318 = CARTESIAN_POINT ( 'NONE',  ( -3.658012784032873110, -0.4999999999999985012, 1.348166590634748641 ) ) ;
#319 = PLANE ( 'NONE',  #3653 ) ;
#320 = SURFACE_STYLE_USAGE ( .BOTH. , #3597 ) ;
#321 = SURFACE_STYLE_FILL_AREA ( #1837 ) ;
#322 = UNCERTAINTY_MEASURE_WITH_UNIT (LENGTH_MEASURE( 1.000000000000000082E-05 ), #1798, 'distance_accuracy_value', 'NONE');
#323 = PRESENTATION_STYLE_ASSIGNMENT (( #620 ) ) ;
#324 = ORIENTED_EDGE ( 'NONE', *, *, #2640, .T. ) ;
#325 = EDGE_CURVE ( 'NONE', #2045, #1055, #3671, .T. ) ;
#326 = VECTOR ( 'NONE', #258, 1000.000000000000000 ) ;
#327 = CARTESIAN_POINT ( 'NONE',  ( 2.149999999999999467, 1.550000000000000488, 1.798166590634748596 ) ) ;
#328 = SURFACE_SIDE_STYLE ('',( #2101 ) ) ;
#329 = EDGE_CURVE ( 'NONE', #481, #1298, #3369, .T. ) ;
#330 = MECHANICAL_DESIGN_GEOMETRIC_PRESENTATION_REPRESENTATION (  '', ( #3262 ), #3882 ) ;
#331 = SURFACE_STYLE_FILL_AREA ( #3363 ) ;
#332 = CARTESIAN_POINT ( 'NONE',  ( -2.049999999999999822, -1.549999999999999600, 0.1981665906347486183 ) ) ;
#333 = VECTOR ( 'NONE', #1769, 1000.000000000000000 ) ;
#334 = DIRECTION ( 'NONE',  ( 0.7071067811865526798, 0.0000000000000000000, -0.7071067811865424657 ) ) ;
#335 = PLANE ( 'NONE',  #981 ) ;
#336 = EDGE_CURVE ( 'NONE', #1598, #949, #339, .T. ) ;
#337 = ORIENTED_EDGE ( 'NONE', *, *, #3548, .T. ) ;
#338 =( NAMED_UNIT ( * ) PLANE_ANGLE_UNIT ( ) SI_UNIT ( $, .RADIAN. ) );
#339 = LINE ( 'NONE', #1247, #3613 ) ;
#340 = AXIS2_PLACEMENT_3D ( 'NONE', #2073, #844, #520 ) ;
#341 = DIRECTION ( 'NONE',  ( -1.000000000000000000, 3.614007241618348771E-16, -0.0000000000000000000 ) ) ;
#342 = VECTOR ( 'NONE', #3805, 1000.000000000000000 ) ;
#343 = PLANE ( 'NONE',  #1149 ) ;
#344 =( GEOMETRIC_REPRESENTATION_CONTEXT ( 3 ) GLOBAL_UNCERTAINTY_ASSIGNED_CONTEXT ( ( #2707 ) ) GLOBAL_UNIT_ASSIGNED_CONTEXT ( ( #2749, #897, #3573 ) ) REPRESENTATION_CONTEXT ( 'NONE', 'WORKASPACE' ) );
#345 = SURFACE_STYLE_USAGE ( .BOTH. , #396 ) ;
#346 =( LENGTH_UNIT ( ) NAMED_UNIT ( * ) SI_UNIT ( .MILLI., .METRE. ) );
#347 =( NAMED_UNIT ( * ) SI_UNIT ( $, .STERADIAN. ) SOLID_ANGLE_UNIT ( ) );
#348 = CARTESIAN_POINT ( 'NONE',  ( -2.049999999999999822, -0.4999999999999987232, -0.001833409365251462142 ) ) ;
#349 = PRESENTATION_LAYER_ASSIGNMENT (  '', '', ( #3211 ) ) ;
#350 = ORIENTED_EDGE ( 'NONE', *, *, #3601, .F. ) ;
#351 = DIRECTION ( 'NONE',  ( -0.0000000000000000000, -0.0000000000000000000, 1.000000000000000000 ) ) ;
#352 = CARTESIAN_POINT ( 'NONE',  ( -2.050000000000000711, -0.4999999999999990563, 1.348166590634748641 ) ) ;
#353 = CARTESIAN_POINT ( 'NONE',  ( -2.149999999999999911, -0.4000000000000006328, 1.798166590634748596 ) ) ;
#354 = CARTESIAN_POINT ( 'NONE',  ( 2.049999999999999822, 0.8999999999999993561, -0.001833409365251462142 ) ) ;
#355 = EDGE_CURVE ( 'NONE', #1901, #2000, #960, .T. ) ;
#356 = SURFACE_STYLE_FILL_AREA ( #1302 ) ;
#357 = ORIENTED_EDGE ( 'NONE', *, *, #309, .F. ) ;
#358 = DIRECTION ( 'NONE',  ( -1.084202172485504631E-15, -1.000000000000000000, 0.0000000000000000000 ) ) ;
#359 = DIRECTION ( 'NONE',  ( 1.000000000000000000, 0.0000000000000000000, -0.0000000000000000000 ) ) ;
#360 = ORIENTED_EDGE ( 'NONE', *, *, #618, .T. ) ;
#361 = CARTESIAN_POINT ( 'NONE',  ( 2.050000000000000711, -1.000000000000000888, 0.09816659063474836300 ) ) ;
#362 = VERTEX_POINT ( 'NONE', #1811 ) ;
#363 =( LENGTH_UNIT ( ) NAMED_UNIT ( * ) SI_UNIT ( .MILLI., .METRE. ) );
#364 = DIRECTION ( 'NONE',  ( -0.7071067811865479058, 1.916616770854216810E-16, -0.7071067811865472397 ) ) ;
#365 = VECTOR ( 'NONE', #3866, 1000.000000000000000 ) ;
#366 = EDGE_LOOP ( 'NONE', ( #3753, #3668, #3618, #210 ) ) ;
#367 = PRESENTATION_LAYER_ASSIGNMENT (  '', '', ( #3357 ) ) ;
#368 = VECTOR ( 'NONE', #148, 1000.000000000000000 ) ;
#369 = SURFACE_SIDE_STYLE ('',( #701 ) ) ;
#370 = CARTESIAN_POINT ( 'NONE',  ( 2.050000000000000711, 0.0000000000000000000, 1.798166590634748596 ) ) ;
#371 = VECTOR ( 'NONE', #2710, 1000.000000000000000 ) ;
#372 = CARTESIAN_POINT ( 'NONE',  ( -2.050000000000000266, 1.000000000000000222, 1.798166590634748596 ) ) ;
#373 = VECTOR ( 'NONE', #2861, 1000.000000000000000 ) ;
#374 = CARTESIAN_POINT ( 'NONE',  ( 3.658012784032873110, 0.4999999999999987232, -0.001833409365251462142 ) ) ;
#375 = ORIENTED_EDGE ( 'NONE', *, *, #336, .F. ) ;
#376 = EDGE_CURVE ( 'NONE', #260, #112, #593, .T. ) ;
#377 = DIRECTION ( 'NONE',  ( 0.0000000000000000000, 0.0000000000000000000, 1.000000000000000000 ) ) ;
#378 = ORIENTED_EDGE ( 'NONE', *, *, #618, .F. ) ;
#379 = SURFACE_STYLE_FILL_AREA ( #2451 ) ;
#380 = ORIENTED_EDGE ( 'NONE', *, *, #2912, .T. ) ;
#381 = STYLED_ITEM ( 'NONE', ( #86 ), #1959 ) ;
#382 = CARTESIAN_POINT ( 'NONE',  ( -3.658012784032873110, -1.149999999999998579, -0.001833409365251462142 ) ) ;
#383 = FILL_AREA_STYLE_COLOUR ( '', #2931 ) ;
#384 = VERTEX_POINT ( 'NONE', #2428 ) ;
#385 = EDGE_CURVE ( 'NONE', #2259, #3062, #1594, .T. ) ;
#386 = CARTESIAN_POINT ( 'NONE',  ( 2.250000000000000444, -1.550000000000000933, 0.1981665906347482020 ) ) ;
#387 = LINE ( 'NONE', #1936, #564 ) ;
#388 = STYLED_ITEM ( 'NONE', ( #2271 ), #2184 ) ;
#389 = FACE_OUTER_BOUND ( 'NONE', #2410, .T. ) ;
#390 =( GEOMETRIC_REPRESENTATION_CONTEXT ( 3 ) GLOBAL_UNCERTAINTY_ASSIGNED_CONTEXT ( ( #3435 ) ) GLOBAL_UNIT_ASSIGNED_CONTEXT ( ( #1735, #3311, #1519 ) ) REPRESENTATION_CONTEXT ( 'NONE', 'WORKASPACE' ) );
#391 = ORIENTED_EDGE ( 'NONE', *, *, #3821, .T. ) ;
#392 = CARTESIAN_POINT ( 'NONE',  ( 2.049999999999999822, -1.550000000000000933, 0.1981665906347482020 ) ) ;
#393 = STYLED_ITEM ( 'NONE', ( #2385 ), #2497 ) ;
#394 = FILL_AREA_STYLE ('',( #1366 ) ) ;
#395 = ORIENTED_EDGE ( 'NONE', *, *, #1651, .F. ) ;
#396 = SURFACE_SIDE_STYLE ('',( #379 ) ) ;
#397 = ORIENTED_EDGE ( 'NONE', *, *, #2659, .F. ) ;
#398 = MECHANICAL_DESIGN_GEOMETRIC_PRESENTATION_REPRESENTATION (  '', ( #1858 ), #3329 ) ;
#399 =( NAMED_UNIT ( * ) PLANE_ANGLE_UNIT ( ) SI_UNIT ( $, .RADIAN. ) );
#400 = EDGE_CURVE ( 'NONE', #826, #2309, #1267, .T. ) ;
#401 = UNCERTAINTY_MEASURE_WITH_UNIT (LENGTH_MEASURE( 1.000000000000000082E-05 ), #111, 'distance_accuracy_value', 'NONE');
#402 =( NAMED_UNIT ( * ) SI_UNIT ( $, .STERADIAN. ) SOLID_ANGLE_UNIT ( ) );
#403 = ORIENTED_EDGE ( 'NONE', *, *, #35, .F. ) ;
#404 = COLOUR_RGB ( '',0.7921568627450980005, 0.8196078431372548767, 0.9333333333333333481 ) ;
#405 = LINE ( 'NONE', #2873, #3731 ) ;
#406 = LINE ( 'NONE', #2800, #1778 ) ;
#407 = EDGE_CURVE ( 'NONE', #1808, #2450, #3076, .T. ) ;
#408 =( NAMED_UNIT ( * ) SI_UNIT ( $, .STERADIAN. ) SOLID_ANGLE_UNIT ( ) );
#409 = EDGE_LOOP ( 'NONE', ( #2290, #1971, #3698, #2647, #464, #3608, #2866, #1330, #3052, #3465, #1404, #483, #1296, #3040, #2662, #218, #1206, #3903, #851, #3911 ) ) ;
#410 = ORIENTED_EDGE ( 'NONE', *, *, #1034, .F. ) ;
#411 = ORIENTED_EDGE ( 'NONE', *, *, #1078, .F. ) ;
#412 = CARTESIAN_POINT ( 'NONE',  ( 2.050000000000000711, -1.600000000000000977, 0.09816659063474847402 ) ) ;
#413 = LINE ( 'NONE', #1388, #1004 ) ;
#414 = SURFACE_SIDE_STYLE ('',( #1910 ) ) ;
#415 =( NAMED_UNIT ( * ) SI_UNIT ( $, .STERADIAN. ) SOLID_ANGLE_UNIT ( ) );
#416 = LINE ( 'NONE', #3471, #1097 ) ;
#417 = ORIENTED_EDGE ( 'NONE', *, *, #3783, .F. ) ;
#418 = EDGE_CURVE ( 'NONE', #3340, #1465, #920, .T. ) ;
#419 = VECTOR ( 'NONE', #2285, 1000.000000000000000 ) ;
#420 = FILL_AREA_STYLE ('',( #1606 ) ) ;
#421 = DIRECTION ( 'NONE',  ( 0.0000000000000000000, 0.0000000000000000000, 1.000000000000000000 ) ) ;
#422 = FILL_AREA_STYLE ('',( #3180 ) ) ;
#423 = ORIENTED_EDGE ( 'NONE', *, *, #2208, .F. ) ;
#424 = CIRCLE ( 'NONE', #1891, 0.7500000000000001110 ) ;
#425 = EDGE_CURVE ( 'NONE', #2433, #2716, #3029, .T. ) ;
#426 = DIRECTION ( 'NONE',  ( 1.000000000000000000, -3.614007241618348771E-16, 0.0000000000000000000 ) ) ;
#427 = DIRECTION ( 'NONE',  ( -0.7071067811865462405, 0.0000000000000000000, 0.7071067811865489050 ) ) ;
#428 = MECHANICAL_DESIGN_GEOMETRIC_PRESENTATION_REPRESENTATION (  '', ( #161 ), #1953 ) ;
#429 = AXIS2_PLACEMENT_3D ( 'NONE', #792, #810, #219 ) ;
#430 = CARTESIAN_POINT ( 'NONE',  ( -1.400000000000001688, -1.149999999999999467, 0.09816659063474836300 ) ) ;
#431 = COLOUR_RGB ( '',0.2980392156862745057, 0.2980392156862745057, 0.2980392156862745057 ) ;
#432 = AXIS2_PLACEMENT_3D ( 'NONE', #2164, #1203, #1864 ) ;
#433 =( NAMED_UNIT ( * ) SI_UNIT ( $, .STERADIAN. ) SOLID_ANGLE_UNIT ( ) );
#434 = STYLED_ITEM ( 'NONE', ( #583 ), #1796 ) ;
#435 = ORIENTED_EDGE ( 'NONE', *, *, #2834, .T. ) ;
#436 = FILL_AREA_STYLE_COLOUR ( '', #1356 ) ;
#437 = CARTESIAN_POINT ( 'NONE',  ( 1.149999999999999911, -0.5500000000000000444, 0.9981665906347485517 ) ) ;
#438 = DIRECTION ( 'NONE',  ( -9.795786256852398819E-32, -2.710505431213761578E-16, -1.000000000000000000 ) ) ;
#439 = DIRECTION ( 'NONE',  ( 0.0000000000000000000, 0.0000000000000000000, 1.000000000000000000 ) ) ;
#440 = VERTEX_POINT ( 'NONE', #53 ) ;
#441 = DIRECTION ( 'NONE',  ( 0.0000000000000000000, 0.0000000000000000000, 1.000000000000000000 ) ) ;
#442 =( NAMED_UNIT ( * ) PLANE_ANGLE_UNIT ( ) SI_UNIT ( $, .RADIAN. ) );
#443 = PRESENTATION_STYLE_ASSIGNMENT (( #2858 ) ) ;
#444 = ORIENTED_EDGE ( 'NONE', *, *, #1421, .T. ) ;
#445 = SURFACE_STYLE_FILL_AREA ( #1046 ) ;
#446 = EDGE_CURVE ( 'NONE', #2509, #205, #1556, .T. ) ;
#447 = STYLED_ITEM ( 'NONE', ( #2413 ), #2082 ) ;
#448 = ORIENTED_EDGE ( 'NONE', *, *, #1933, .T. ) ;
#449 = LINE ( 'NONE', #2880, #1744 ) ;
#450 = FILL_AREA_STYLE ('',( #126 ) ) ;
#451 = COLOUR_RGB ( '',0.7647058823529411242, 0.7647058823529411242, 0.7647058823529411242 ) ;
#452 = SURFACE_STYLE_FILL_AREA ( #773 ) ;
#453 = EDGE_CURVE ( 'NONE', #904, #2324, #2409, .T. ) ;
#454 = VERTEX_POINT ( 'NONE', #2768 ) ;
#455 = CARTESIAN_POINT ( 'NONE',  ( 1.400000000000001465, 0.0000000000000000000, 0.09816659063474836300 ) ) ;
#456 = DIRECTION ( 'NONE',  ( -0.0000000000000000000, -1.000000000000000000, -0.0000000000000000000 ) ) ;
#457 = MECHANICAL_DESIGN_GEOMETRIC_PRESENTATION_REPRESENTATION (  '', ( #2182 ), #1346 ) ;
#458 = EDGE_LOOP ( 'NONE', ( #3149, #2542, #3219, #2534 ) ) ;
#459 =( NAMED_UNIT ( * ) PLANE_ANGLE_UNIT ( ) SI_UNIT ( $, .RADIAN. ) );
#460 = LINE ( 'NONE', #1413, #921 ) ;
#461 = SURFACE_STYLE_USAGE ( .BOTH. , #2551 ) ;
#462 = VECTOR ( 'NONE', #151, 1000.000000000000000 ) ;
#463 = MECHANICAL_DESIGN_GEOMETRIC_PRESENTATION_REPRESENTATION (  '', ( #3584 ), #2308 ) ;
#464 = ORIENTED_EDGE ( 'NONE', *, *, #76, .T. ) ;
#465 = AXIS2_PLACEMENT_3D ( 'NONE', #361, #711, #1579 ) ;
#466 =( GEOMETRIC_REPRESENTATION_CONTEXT ( 3 ) GLOBAL_UNCERTAINTY_ASSIGNED_CONTEXT ( ( #1991 ) ) GLOBAL_UNIT_ASSIGNED_CONTEXT ( ( #3073, #338, #3719 ) ) REPRESENTATION_CONTEXT ( 'NONE', 'WORKASPACE' ) );
#467 = ORIENTED_EDGE ( 'NONE', *, *, #793, .F. ) ;
#468 = DIRECTION ( 'NONE',  ( 0.0000000000000000000, -0.0000000000000000000, -1.000000000000000000 ) ) ;
#469 = CARTESIAN_POINT ( 'NONE',  ( -2.250000000000000444, -0.8999999999999993561, 0.1981665906347486183 ) ) ;
#470 = CARTESIAN_POINT ( 'NONE',  ( 1.399999999999998579, -1.550000000000000488, -0.001833409365251895823 ) ) ;
#471 = DIRECTION ( 'NONE',  ( 2.891205793294677833E-16, 1.000000000000000000, 0.0000000000000000000 ) ) ;
#472 = EDGE_CURVE ( 'NONE', #2708, #2531, #2170, .T. ) ;
#473 = DIRECTION ( 'NONE',  ( 0.0000000000000000000, 0.0000000000000000000, 1.000000000000000000 ) ) ;
#474 = UNCERTAINTY_MEASURE_WITH_UNIT (LENGTH_MEASURE( 1.000000000000000082E-05 ), #843, 'distance_accuracy_value', 'NONE');
#475 = DIRECTION ( 'NONE',  ( 0.0000000000000000000, 1.000000000000000000, 2.710505431213761578E-16 ) ) ;
#476 = ORIENTED_EDGE ( 'NONE', *, *, #1818, .T. ) ;
#477 = DIRECTION ( 'NONE',  ( -1.000000000000000000, 0.0000000000000000000, -0.0000000000000000000 ) ) ;
#478 = CARTESIAN_POINT ( 'NONE',  ( 2.050000000000001155, 1.599999999999999423, 1.348166590634748419 ) ) ;
#479 = PRESENTATION_STYLE_ASSIGNMENT (( #2550 ) ) ;
#480 = DIRECTION ( 'NONE',  ( -0.0000000000000000000, 0.0000000000000000000, 1.000000000000000000 ) ) ;
#481 = VERTEX_POINT ( 'NONE', #3348 ) ;
#482 = PLANE ( 'NONE',  #2780 ) ;
#483 = ORIENTED_EDGE ( 'NONE', *, *, #769, .T. ) ;
#484 = LINE ( 'NONE', #749, #1230 ) ;
#485 = CARTESIAN_POINT ( 'NONE',  ( 0.0000000000000000000, 0.0000000000000000000, 0.09816659063474836300 ) ) ;
#486 = AXIS2_PLACEMENT_3D ( 'NONE', #3624, #1073, #3604 ) ;
#487 = VECTOR ( 'NONE', #294, 1000.000000000000000 ) ;
#488 = CARTESIAN_POINT ( 'NONE',  ( 2.250000000000000000, -1.550000000000001377, 0.1981665906347482020 ) ) ;
#489 = ADVANCED_FACE ( 'NONE', ( #1537 ), #2193, .F. ) ;
#490 = VERTEX_POINT ( 'NONE', #1574 ) ;
#491 =( GEOMETRIC_REPRESENTATION_CONTEXT ( 3 ) GLOBAL_UNCERTAINTY_ASSIGNED_CONTEXT ( ( #1601 ) ) GLOBAL_UNIT_ASSIGNED_CONTEXT ( ( #3200, #2040, #242 ) ) REPRESENTATION_CONTEXT ( 'NONE', 'WORKASPACE' ) );
#492 = FACE_OUTER_BOUND ( 'NONE', #989, .T. ) ;
#493 = DIRECTION ( 'NONE',  ( -1.000000000000000000, 0.0000000000000000000, -0.0000000000000000000 ) ) ;
#494 = SURFACE_STYLE_FILL_AREA ( #1697 ) ;
#495 = EDGE_CURVE ( 'NONE', #2324, #1144, #3370, .T. ) ;
#496 = VERTEX_POINT ( 'NONE', #1248 ) ;
#497 = DIRECTION ( 'NONE',  ( -1.000000000000000000, 0.0000000000000000000, 0.0000000000000000000 ) ) ;
#498 = CARTESIAN_POINT ( 'NONE',  ( 2.120000000000000551, -1.519999999999999352, 2.198166590634748285 ) ) ;
#499 = PRESENTATION_LAYER_ASSIGNMENT (  '', '', ( #381 ) ) ;
#500 = LINE ( 'NONE', #1704, #1797 ) ;
#501 = EDGE_CURVE ( 'NONE', #2238, #2419, #3689, .T. ) ;
#502 = ORIENTED_EDGE ( 'NONE', *, *, #3650, .F. ) ;
#503 = ORIENTED_EDGE ( 'NONE', *, *, #1903, .F. ) ;
#504 = LINE ( 'NONE', #179, #1056 ) ;
#505 = DIRECTION ( 'NONE',  ( -0.0000000000000000000, -0.0000000000000000000, -1.000000000000000000 ) ) ;
#506 = ORIENTED_EDGE ( 'NONE', *, *, #1937, .T. ) ;
#507 = DIRECTION ( 'NONE',  ( 1.000000000000000000, -3.614007241618348771E-16, 0.0000000000000000000 ) ) ;
#508 = CARTESIAN_POINT ( 'NONE',  ( 3.658012784032873110, 0.8999999999999986899, -0.001833409365251462142 ) ) ;
#509 = ORIENTED_EDGE ( 'NONE', *, *, #2132, .T. ) ;
#510 = CARTESIAN_POINT ( 'NONE',  ( -2.049999999999999822, -1.149999999999998579, 0.1981665906347486183 ) ) ;
#511 = CARTESIAN_POINT ( 'NONE',  ( 2.149999999999999911, -1.550000000000000488, 1.798166590634748596 ) ) ;
#512 = PRESENTATION_LAYER_ASSIGNMENT (  '', '', ( #388 ) ) ;
#513 = CARTESIAN_POINT ( 'NONE',  ( 0.0000000000000000000, 0.0000000000000000000, 1.798166590634748596 ) ) ;
#514 = SURFACE_STYLE_USAGE ( .BOTH. , #1113 ) ;
#515 = VECTOR ( 'NONE', #671, 1000.000000000000000 ) ;
#516 = ORIENTED_EDGE ( 'NONE', *, *, #3701, .T. ) ;
#517 = EDGE_CURVE ( 'NONE', #129, #1372, #1982, .T. ) ;
#518 = FILL_AREA_STYLE_COLOUR ( '', #2732 ) ;
#519 = CARTESIAN_POINT ( 'NONE',  ( 1.400000000000000133, -1.517883041479705419E-15, 2.198166590634748729 ) ) ;
#520 = DIRECTION ( 'NONE',  ( -1.000000000000000000, 0.0000000000000000000, -0.0000000000000000000 ) ) ;
#521 = ORIENTED_EDGE ( 'NONE', *, *, #709, .T. ) ;
#522 = ADVANCED_FACE ( 'NONE', ( #1630 ), #1672, .F. ) ;
#523 = MECHANICAL_DESIGN_GEOMETRIC_PRESENTATION_REPRESENTATION (  '', ( #713 ), #2051 ) ;
#524 = SURFACE_STYLE_USAGE ( .BOTH. , #2635 ) ;
#525 = AXIS2_PLACEMENT_3D ( 'NONE', #1188, #571, #272 ) ;
#526 = ORIENTED_EDGE ( 'NONE', *, *, #1887, .F. ) ;
#527 = VECTOR ( 'NONE', #2887, 1000.000000000000000 ) ;
#528 = SURFACE_STYLE_USAGE ( .BOTH. , #2084 ) ;
#529 = LINE ( 'NONE', #2581, #944 ) ;
#530 = CARTESIAN_POINT ( 'NONE',  ( 1.399999999999998579, -1.550000000000000711, 1.348166590634748196 ) ) ;
#531 = VECTOR ( 'NONE', #1885, 1000.000000000000000 ) ;
#532 = ORIENTED_EDGE ( 'NONE', *, *, #2763, .F. ) ;
#533 = CARTESIAN_POINT ( 'NONE',  ( 2.250000000000000000, 1.149999999999998579, 0.1981665906347486183 ) ) ;
#534 = DIRECTION ( 'NONE',  ( 1.000000000000000000, 1.398970545142586541E-16, -0.0000000000000000000 ) ) ;
#535 = CARTESIAN_POINT ( 'NONE',  ( 2.050000000000000711, -1.600000000000000755, 1.798166590634748596 ) ) ;
#536 = VERTEX_POINT ( 'NONE', #2577 ) ;
#537 = FACE_OUTER_BOUND ( 'NONE', #1760, .T. ) ;
#538 = CARTESIAN_POINT ( 'NONE',  ( 1.180000000000001714, -3.198396408832243011E-16, 0.09816659063474852953 ) ) ;
#539 = DIRECTION ( 'NONE',  ( 0.0000000000000000000, -1.000000000000000000, 0.0000000000000000000 ) ) ;
#540 = DIRECTION ( 'NONE',  ( -0.7071067811865577868, 0.0000000000000000000, 0.7071067811865373587 ) ) ;
#541 = CARTESIAN_POINT ( 'NONE',  ( 2.149999999999999911, 1.550000000000000488, 2.168166590634747593 ) ) ;
#542 = ORIENTED_EDGE ( 'NONE', *, *, #2517, .F. ) ;
#543 = EDGE_CURVE ( 'NONE', #1072, #3100, #2520, .T. ) ;
#544 = ORIENTED_EDGE ( 'NONE', *, *, #664, .F. ) ;
#545 = DIRECTION ( 'NONE',  ( 0.0000000000000000000, 0.0000000000000000000, 1.000000000000000000 ) ) ;
#546 = ADVANCED_FACE ( 'NONE', ( #3147 ), #2229, .F. ) ;
#547 = VERTEX_POINT ( 'NONE', #2883 ) ;
#548 = FILL_AREA_STYLE ('',( #3286 ) ) ;
#549 = DIRECTION ( 'NONE',  ( -1.084202172485504631E-15, -1.000000000000000000, 0.0000000000000000000 ) ) ;
#550 = DIRECTION ( 'NONE',  ( -0.0000000000000000000, 0.0000000000000000000, 1.000000000000000000 ) ) ;
#551 = CIRCLE ( 'NONE', #1260, 0.2000000000000000944 ) ;
#552 = CARTESIAN_POINT ( 'NONE',  ( -2.050000000000000266, 1.599999999999999867, 1.798166590634748596 ) ) ;
#553 = EDGE_CURVE ( 'NONE', #2984, #904, #143, .T. ) ;
#554 = ORIENTED_EDGE ( 'NONE', *, *, #3152, .T. ) ;
#555 = LINE ( 'NONE', #1772, #3657 ) ;
#556 = DIRECTION ( 'NONE',  ( -3.614007241618348771E-16, -1.000000000000000000, 1.606225440719265874E-16 ) ) ;
#557 = PRESENTATION_LAYER_ASSIGNMENT (  '', '', ( #2902 ) ) ;
#558 = ORIENTED_EDGE ( 'NONE', *, *, #501, .F. ) ;
#559 = LINE ( 'NONE', #3878, #2820 ) ;
#560 = PRESENTATION_LAYER_ASSIGNMENT (  '', '', ( #2023 ) ) ;
#561 = CARTESIAN_POINT ( 'NONE',  ( 2.050000000000000711, 0.8999999999999993561, 1.348166590634748641 ) ) ;
#562 = VERTEX_POINT ( 'NONE', #2286 ) ;
#563 = LINE ( 'NONE', #2340, #3235 ) ;
#564 = VECTOR ( 'NONE', #2874, 1000.000000000000000 ) ;
#565 = CARTESIAN_POINT ( 'NONE',  ( 2.149999999999999467, 1.550000000000000488, 1.798166590634748596 ) ) ;
#566 = EDGE_CURVE ( 'NONE', #7, #3503, #3502, .T. ) ;
#567 =( NAMED_UNIT ( * ) PLANE_ANGLE_UNIT ( ) SI_UNIT ( $, .RADIAN. ) );
#568 = ORIENTED_EDGE ( 'NONE', *, *, #566, .T. ) ;
#569 = DIRECTION ( 'NONE',  ( 0.0000000000000000000, 0.0000000000000000000, 1.000000000000000000 ) ) ;
#570 =( NAMED_UNIT ( * ) SI_UNIT ( $, .STERADIAN. ) SOLID_ANGLE_UNIT ( ) );
#571 = DIRECTION ( 'NONE',  ( 0.0000000000000000000, 1.000000000000000000, 0.0000000000000000000 ) ) ;
#572 = ADVANCED_FACE ( 'NONE', ( #3429 ), #3442, .F. ) ;
#573 = CARTESIAN_POINT ( 'NONE',  ( -1.149999999999999911, 1.600000000000000311, 0.1281665906347501382 ) ) ;
#574 = ORIENTED_EDGE ( 'NONE', *, *, #1455, .T. ) ;
#575 =( NAMED_UNIT ( * ) PLANE_ANGLE_UNIT ( ) SI_UNIT ( $, .RADIAN. ) );
#576 = AXIS2_PLACEMENT_3D ( 'NONE', #2175, #3396, #1876 ) ;
#577 =( GEOMETRIC_REPRESENTATION_CONTEXT ( 3 ) GLOBAL_UNCERTAINTY_ASSIGNED_CONTEXT ( ( #401 ) ) GLOBAL_UNIT_ASSIGNED_CONTEXT ( ( #111, #3464, #433 ) ) REPRESENTATION_CONTEXT ( 'NONE', 'WORKASPACE' ) );
#578 = DIRECTION ( 'NONE',  ( 0.0000000000000000000, 1.000000000000000000, -0.0000000000000000000 ) ) ;
#579 =( NAMED_UNIT ( * ) SI_UNIT ( $, .STERADIAN. ) SOLID_ANGLE_UNIT ( ) );
#580 = ORIENTED_EDGE ( 'NONE', *, *, #3803, .T. ) ;
#581 = PRESENTATION_LAYER_ASSIGNMENT (  '', '', ( #707 ) ) ;
#582 = LINE ( 'NONE', #3341, #742 ) ;
#583 = PRESENTATION_STYLE_ASSIGNMENT (( #1566 ) ) ;
#584 = COLOUR_RGB ( '',0.7647058823529411242, 0.7647058823529411242, 0.7647058823529411242 ) ;
#585 = AXIS2_PLACEMENT_3D ( 'NONE', #2372, #860, #1211 ) ;
#586 = DIRECTION ( 'NONE',  ( 5.421010862427543864E-16, 1.000000000000000000, -0.0000000000000000000 ) ) ;
#587 = DIRECTION ( 'NONE',  ( 0.0000000000000000000, 1.000000000000000000, 0.0000000000000000000 ) ) ;
#588 = DIRECTION ( 'NONE',  ( 0.7071067811865450192, 9.892215591505611291E-17, 0.7071067811865501263 ) ) ;
#589 = ORIENTED_EDGE ( 'NONE', *, *, #3453, .T. ) ;
#590 = DIRECTION ( 'NONE',  ( 1.000000000000000000, -1.084202172485504631E-15, 0.0000000000000000000 ) ) ;
#591 = ADVANCED_FACE ( 'NONE', ( #2660 ), #1712, .T. ) ;
#592 = CARTESIAN_POINT ( 'NONE',  ( -2.219999999999999307, -0.4999999999999985012, 1.348166590634748641 ) ) ;
#593 = LINE ( 'NONE', #2789, #43 ) ;
#594 = VECTOR ( 'NONE', #3521, 1000.000000000000000 ) ;
#595 = UNCERTAINTY_MEASURE_WITH_UNIT (LENGTH_MEASURE( 1.000000000000000082E-05 ), #2289, 'distance_accuracy_value', 'NONE');
#596 = ORIENTED_EDGE ( 'NONE', *, *, #1763, .F. ) ;
#597 = EDGE_CURVE ( 'NONE', #1118, #1705, #1385, .T. ) ;
#598 = CARTESIAN_POINT ( 'NONE',  ( 3.658012784032873110, 1.549999999999998712, -0.001833409365251462142 ) ) ;
#599 = UNCERTAINTY_MEASURE_WITH_UNIT (LENGTH_MEASURE( 1.000000000000000082E-05 ), #346, 'distance_accuracy_value', 'NONE');
#600 = DIRECTION ( 'NONE',  ( 0.0000000000000000000, -1.000000000000000000, -0.0000000000000000000 ) ) ;
#601 = ORIENTED_EDGE ( 'NONE', *, *, #1812, .T. ) ;
#602 = CARTESIAN_POINT ( 'NONE',  ( 2.149999999999999467, 1.550000000000000488, 1.798166590634748596 ) ) ;
#603 = FACE_OUTER_BOUND ( 'NONE', #3868, .T. ) ;
#604 = ORIENTED_EDGE ( 'NONE', *, *, #1978, .F. ) ;
#605 = PLANE ( 'NONE',  #110 ) ;
#606 = LINE ( 'NONE', #3895, #1480 ) ;
#607 = ORIENTED_EDGE ( 'NONE', *, *, #2111, .F. ) ;
#608 = PRESENTATION_STYLE_ASSIGNMENT (( #3110 ) ) ;
#609 = FACE_OUTER_BOUND ( 'NONE', #3440, .T. ) ;
#610 = PRESENTATION_STYLE_ASSIGNMENT (( #3649 ) ) ;
#611 = CARTESIAN_POINT ( 'NONE',  ( -2.149999999999999911, -1.550000000000000711, 1.798166590634748596 ) ) ;
#612 = EDGE_CURVE ( 'NONE', #1553, #2045, #3171, .T. ) ;
#613 = VERTEX_POINT ( 'NONE', #3811 ) ;
#614 = FACE_OUTER_BOUND ( 'NONE', #1993, .T. ) ;
#615 = COLOUR_RGB ( '',0.2980392156862745057, 0.2980392156862745057, 0.2980392156862745057 ) ;
#616 = MECHANICAL_DESIGN_GEOMETRIC_PRESENTATION_REPRESENTATION (  '', ( #879 ), #108 ) ;
#617 = CYLINDRICAL_SURFACE ( 'NONE', #1540, 0.7500000000000000000 ) ;
#618 = EDGE_CURVE ( 'NONE', #907, #972, #247, .T. ) ;
#619 =( LENGTH_UNIT ( ) NAMED_UNIT ( * ) SI_UNIT ( .MILLI., .METRE. ) );
#620 = SURFACE_STYLE_USAGE ( .BOTH. , #1563 ) ;
#621 = ORIENTED_EDGE ( 'NONE', *, *, #2739, .F. ) ;
#622 = VECTOR ( 'NONE', #3107, 1000.000000000000000 ) ;
#623 = LINE ( 'NONE', #1841, #1379 ) ;
#624 = DIRECTION ( 'NONE',  ( 0.0000000000000000000, 0.0000000000000000000, 1.000000000000000000 ) ) ;
#625 = ADVANCED_FACE ( 'NONE', ( #2026 ), #3562, .F. ) ;
#626 = ORIENTED_EDGE ( 'NONE', *, *, #3626, .T. ) ;
#627 = SURFACE_STYLE_USAGE ( .BOTH. , #266 ) ;
#628 = CARTESIAN_POINT ( 'NONE',  ( 2.250000000000000444, 1.549999999999999600, 0.1981665906347486183 ) ) ;
#629 = DIRECTION ( 'NONE',  ( 1.084202172485504040E-15, 1.000000000000000000, 0.0000000000000000000 ) ) ;
#630 =( NAMED_UNIT ( * ) PLANE_ANGLE_UNIT ( ) SI_UNIT ( $, .RADIAN. ) );
#631 = VECTOR ( 'NONE', #1996, 1000.000000000000000 ) ;
#632 = EDGE_LOOP ( 'NONE', ( #3646, #3636, #1258, #800 ) ) ;
#633 = CARTESIAN_POINT ( 'NONE',  ( 1.400000000000000577, 0.0000000000000000000, 0.09816659063474836300 ) ) ;
#634 = CARTESIAN_POINT ( 'NONE',  ( -1.150000000000000133, 0.0000000000000000000, 1.798166590634748596 ) ) ;
#635 = ORIENTED_EDGE ( 'NONE', *, *, #1034, .T. ) ;
#636 = CARTESIAN_POINT ( 'NONE',  ( 2.219999999999998863, 1.149999999999998801, 1.348166590634748419 ) ) ;
#637 = PRODUCT_RELATED_PRODUCT_CATEGORY ( 'part', '', ( #2604 ) ) ;
#638 = UNCERTAINTY_MEASURE_WITH_UNIT (LENGTH_MEASURE( 1.000000000000000082E-05 ), #289, 'distance_accuracy_value', 'NONE');
#639 =( LENGTH_UNIT ( ) NAMED_UNIT ( * ) SI_UNIT ( .MILLI., .METRE. ) );
#640 = CARTESIAN_POINT ( 'NONE',  ( -1.149999999999999911, 0.5499999999999999334, 0.9981665906347485517 ) ) ;
#641 = ORIENTED_EDGE ( 'NONE', *, *, #2583, .T. ) ;
#642 = STYLED_ITEM ( 'NONE', ( #2582 ), #2177 ) ;
#643 = CARTESIAN_POINT ( 'NONE',  ( -2.050000000000000711, -0.8999999999999991340, 0.09816659063474836300 ) ) ;
#644 = PRESENTATION_LAYER_ASSIGNMENT (  '', '', ( #3447 ) ) ;
#645 = ORIENTED_EDGE ( 'NONE', *, *, #407, .F. ) ;
#646 = EDGE_CURVE ( 'NONE', #124, #129, #2383, .T. ) ;
#647 = DIRECTION ( 'NONE',  ( -1.000000000000000000, 3.614007241618348771E-16, 0.0000000000000000000 ) ) ;
#648 = SURFACE_STYLE_USAGE ( .BOTH. , #2129 ) ;
#649 =( GEOMETRIC_REPRESENTATION_CONTEXT ( 3 ) GLOBAL_UNCERTAINTY_ASSIGNED_CONTEXT ( ( #229 ) ) GLOBAL_UNIT_ASSIGNED_CONTEXT ( ( #2085, #567, #1826 ) ) REPRESENTATION_CONTEXT ( 'NONE', 'WORKASPACE' ) );
#650 = FACE_OUTER_BOUND ( 'NONE', #1368, .T. ) ;
#651 = LINE ( 'NONE', #3705, #3276 ) ;
#652 = AXIS2_PLACEMENT_3D ( 'NONE', #176, #3785, #1938 ) ;
#653 = DIRECTION ( 'NONE',  ( -0.0000000000000000000, -0.0000000000000000000, -1.000000000000000000 ) ) ;
#654 = COLOUR_RGB ( '',0.7647058823529411242, 0.7647058823529411242, 0.7647058823529411242 ) ;
#655 = FILL_AREA_STYLE ('',( #3390 ) ) ;
#656 = VECTOR ( 'NONE', #3393, 1000.000000000000000 ) ;
#657 = ORIENTED_EDGE ( 'NONE', *, *, #2640, .F. ) ;
#658 = ORIENTED_EDGE ( 'NONE', *, *, #2686, .T. ) ;
#659 = MECHANICAL_DESIGN_GEOMETRIC_PRESENTATION_REPRESENTATION (  '', ( #83 ), #3592 ) ;
#660 = FILL_AREA_STYLE_COLOUR ( '', #3552 ) ;
#661 = SURFACE_STYLE_FILL_AREA ( #2455 ) ;
#662 = EDGE_LOOP ( 'NONE', ( #993, #97, #1398, #92, #3784, #2275 ) ) ;
#663 = CARTESIAN_POINT ( 'NONE',  ( -4.151666203960727053, -0.5499999999999993783, 0.2481665906347484407 ) ) ;
#664 = EDGE_CURVE ( 'NONE', #384, #2962, #2043, .T. ) ;
#665 = ORIENTED_EDGE ( 'NONE', *, *, #891, .T. ) ;
#666 = CARTESIAN_POINT ( 'NONE',  ( 3.658012784032873110, 0.4999999999999985012, 1.348166590634748641 ) ) ;
#667 = DIRECTION ( 'NONE',  ( 0.0000000000000000000, 0.0000000000000000000, 1.000000000000000000 ) ) ;
#668 = EDGE_CURVE ( 'NONE', #562, #2708, #1106, .T. ) ;
#669 = ORIENTED_EDGE ( 'NONE', *, *, #1573, .T. ) ;
#670 = CARTESIAN_POINT ( 'NONE',  ( 1.400000000000000577, 0.4999999999999993339, 1.348166590634748641 ) ) ;
#671 = DIRECTION ( 'NONE',  ( 5.804910374431050341E-32, 1.606225440719265874E-16, 1.000000000000000000 ) ) ;
#672 = EDGE_CURVE ( 'NONE', #2984, #1553, #3288, .T. ) ;
#673 = ORIENTED_EDGE ( 'NONE', *, *, #147, .F. ) ;
#674 = ORIENTED_EDGE ( 'NONE', *, *, #3349, .F. ) ;
#675 = CARTESIAN_POINT ( 'NONE',  ( 2.250000000000000888, 0.0000000000000000000, 1.798166590634748596 ) ) ;
#676 = UNCERTAINTY_MEASURE_WITH_UNIT (LENGTH_MEASURE( 1.000000000000000082E-05 ), #1961, 'distance_accuracy_value', 'NONE');
#677 = PLANE ( 'NONE',  #2756 ) ;
#678 = COLOUR_RGB ( '',0.2980392156862745057, 0.2980392156862745057, 0.2980392156862745057 ) ;
#679 = ORIENTED_EDGE ( 'NONE', *, *, #2137, .F. ) ;
#680 = PRESENTATION_LAYER_ASSIGNMENT (  '', '', ( #2276 ) ) ;
#681 = VECTOR ( 'NONE', #69, 1000.000000000000000 ) ;
#682 = CARTESIAN_POINT ( 'NONE',  ( 1.533011443886480700E-16, -1.550000000000000488, 2.168166590634747593 ) ) ;
#683 = FILL_AREA_STYLE_COLOUR ( '', #2347 ) ;
#684 = VECTOR ( 'NONE', #1843, 1000.000000000000114 ) ;
#685 =( NAMED_UNIT ( * ) SI_UNIT ( $, .STERADIAN. ) SOLID_ANGLE_UNIT ( ) );
#686 = COLOUR_RGB ( '',0.2980392156862745057, 0.2980392156862745057, 0.2980392156862745057 ) ;
#687 = CARTESIAN_POINT ( 'NONE',  ( 3.658012784032873110, 1.149999999999998357, 1.348166590634748641 ) ) ;
#688 =( LENGTH_UNIT ( ) NAMED_UNIT ( * ) SI_UNIT ( .MILLI., .METRE. ) );
#689 = ORIENTED_EDGE ( 'NONE', *, *, #612, .F. ) ;
#690 = LINE ( 'NONE', #1902, #273 ) ;
#691 = EDGE_CURVE ( 'NONE', #3750, #3704, #1729, .T. ) ;
#692 =( NAMED_UNIT ( * ) PLANE_ANGLE_UNIT ( ) SI_UNIT ( $, .RADIAN. ) );
#693 = SURFACE_STYLE_FILL_AREA ( #1943 ) ;
#694 = ORIENTED_EDGE ( 'NONE', *, *, #3118, .F. ) ;
#695 = CARTESIAN_POINT ( 'NONE',  ( -2.050000000000001599, -1.149999999999999467, 0.09816659063474836300 ) ) ;
#696 = EDGE_LOOP ( 'NONE', ( #3145, #36, #2906, #857 ) ) ;
#697 =( GEOMETRIC_REPRESENTATION_CONTEXT ( 3 ) GLOBAL_UNCERTAINTY_ASSIGNED_CONTEXT ( ( #2116 ) ) GLOBAL_UNIT_ASSIGNED_CONTEXT ( ( #2857, #3766, #2511 ) ) REPRESENTATION_CONTEXT ( 'NONE', 'WORKASPACE' ) );
#698 = ADVANCED_FACE ( 'NONE', ( #203 ), #2960, .F. ) ;
#699 =( NAMED_UNIT ( * ) PLANE_ANGLE_UNIT ( ) SI_UNIT ( $, .RADIAN. ) );
#700 = EDGE_LOOP ( 'NONE', ( #1019, #3392, #2343, #2628 ) ) ;
#701 = SURFACE_STYLE_FILL_AREA ( #3401 ) ;
#702 = PRESENTATION_LAYER_ASSIGNMENT (  '', '', ( #447 ) ) ;
#703 = CARTESIAN_POINT ( 'NONE',  ( -1.149999999999999689, 1.300000000000000044, 0.9981665906347485517 ) ) ;
#704 = DIRECTION ( 'NONE',  ( -1.000000000000000000, 2.655153185220752661E-47, 9.795786256852394440E-32 ) ) ;
#705 = ORIENTED_EDGE ( 'NONE', *, *, #425, .F. ) ;
#706 = SURFACE_SIDE_STYLE ('',( #1670 ) ) ;
#707 = STYLED_ITEM ( 'NONE', ( #1367 ), #2395 ) ;
#708 = FILL_AREA_STYLE ('',( #1558 ) ) ;
#709 = EDGE_CURVE ( 'NONE', #1303, #1283, #3049, .T. ) ;
#710 = ORIENTED_EDGE ( 'NONE', *, *, #35, .T. ) ;
#711 = DIRECTION ( 'NONE',  ( -1.000000000000000000, 0.0000000000000000000, 0.0000000000000000000 ) ) ;
#712 = FILL_AREA_STYLE ('',( #2544 ) ) ;
#713 = STYLED_ITEM ( 'NONE', ( #947 ), #3786 ) ;
#714 = STYLED_ITEM ( 'NONE', ( #187 ), #2865 ) ;
#715 = FILL_AREA_STYLE ('',( #2235 ) ) ;
#716 = CARTESIAN_POINT ( 'NONE',  ( -2.250000000000000000, -1.149999999999998579, 0.1981665906347485906 ) ) ;
#717 = UNCERTAINTY_MEASURE_WITH_UNIT (LENGTH_MEASURE( 1.000000000000000082E-05 ), #49, 'distance_accuracy_value', 'NONE');
#718 = CARTESIAN_POINT ( 'NONE',  ( -2.219999999999998863, -1.149999999999999023, 1.348166590634748641 ) ) ;
#719 = ADVANCED_FACE ( 'NONE', ( #889 ), #2741, .F. ) ;
#720 = VERTEX_POINT ( 'NONE', #353 ) ;
#721 = AXIS2_PLACEMENT_3D ( 'NONE', #510, #2387, #569 ) ;
#722 = CARTESIAN_POINT ( 'NONE',  ( 1.400000000000000799, 0.8999999999999994671, 0.09816659063474836300 ) ) ;
#723 = AXIS2_PLACEMENT_3D ( 'NONE', #1998, #1396, #3556 ) ;
#724 =( NAMED_UNIT ( * ) PLANE_ANGLE_UNIT ( ) SI_UNIT ( $, .RADIAN. ) );
#725 = VERTEX_POINT ( 'NONE', #2722 ) ;
#726 =( NAMED_UNIT ( * ) PLANE_ANGLE_UNIT ( ) SI_UNIT ( $, .RADIAN. ) );
#727 = PLANE ( 'NONE',  #1805 ) ;
#728 =( NAMED_UNIT ( * ) SI_UNIT ( $, .STERADIAN. ) SOLID_ANGLE_UNIT ( ) );
#729 = VERTEX_POINT ( 'NONE', #2700 ) ;
#730 = CARTESIAN_POINT ( 'NONE',  ( -2.050000000000000711, -0.4000000000000006328, 1.798166590634748596 ) ) ;
#731 = DIRECTION ( 'NONE',  ( 0.0000000000000000000, 1.000000000000000000, 0.0000000000000000000 ) ) ;
#732 = ADVANCED_FACE ( 'NONE', ( #3932 ), #3320, .F. ) ;
#733 = FACE_OUTER_BOUND ( 'NONE', #458, .T. ) ;
#734 = FILL_AREA_STYLE_COLOUR ( '', #654 ) ;
#735 = ORIENTED_EDGE ( 'NONE', *, *, #1509, .T. ) ;
#736 = ADVANCED_FACE ( 'NONE', ( #974 ), #605, .F. ) ;
#737 = CARTESIAN_POINT ( 'NONE',  ( -4.151666203960727053, 0.5499999999999991562, 0.2481665906347483297 ) ) ;
#738 = AXIS2_PLACEMENT_3D ( 'NONE', #666, #2128, #647 ) ;
#739 =( NAMED_UNIT ( * ) SI_UNIT ( $, .STERADIAN. ) SOLID_ANGLE_UNIT ( ) );
#740 = DIRECTION ( 'NONE',  ( 1.008560160451632221E-16, -1.000000000000000000, 0.0000000000000000000 ) ) ;
#741 = ORIENTED_EDGE ( 'NONE', *, *, #3514, .F. ) ;
#742 = VECTOR ( 'NONE', #2718, 1000.000000000000000 ) ;
#743 = EDGE_CURVE ( 'NONE', #2785, #725, #3478, .T. ) ;
#744 = SURFACE_STYLE_USAGE ( .BOTH. , #3754 ) ;
#745 = LINE ( 'NONE', #2879, #2979 ) ;
#746 =( GEOMETRIC_REPRESENTATION_CONTEXT ( 3 ) GLOBAL_UNCERTAINTY_ASSIGNED_CONTEXT ( ( #1486 ) ) GLOBAL_UNIT_ASSIGNED_CONTEXT ( ( #363, #699, #3448 ) ) REPRESENTATION_CONTEXT ( 'NONE', 'WORKASPACE' ) );
#747 = MECHANICAL_DESIGN_GEOMETRIC_PRESENTATION_REPRESENTATION (  '', ( #232 ), #3620 ) ;
#748 = ORIENTED_EDGE ( 'NONE', *, *, #1669, .F. ) ;
#749 = CARTESIAN_POINT ( 'NONE',  ( -2.049999999999999822, 1.599999999999999867, 0.09816659063474836300 ) ) ;
#750 =( GEOMETRIC_REPRESENTATION_CONTEXT ( 3 ) GLOBAL_UNCERTAINTY_ASSIGNED_CONTEXT ( ( #638 ) ) GLOBAL_UNIT_ASSIGNED_CONTEXT ( ( #289, #3665, #2803 ) ) REPRESENTATION_CONTEXT ( 'NONE', 'WORKASPACE' ) );
#751 = PRESENTATION_LAYER_ASSIGNMENT (  '', '', ( #2154 ) ) ;
#752 = DIRECTION ( 'NONE',  ( 1.000000000000000000, -0.0000000000000000000, 0.0000000000000000000 ) ) ;
#753 = CARTESIAN_POINT ( 'NONE',  ( -3.658012784032873110, -0.8999999999999984679, 1.348166590634748641 ) ) ;
#754 = VERTEX_POINT ( 'NONE', #105 ) ;
#755 = CARTESIAN_POINT ( 'NONE',  ( 2.149999999999999467, 1.550000000000000488, 1.798166590634748596 ) ) ;
#756 = CARTESIAN_POINT ( 'NONE',  ( -3.658012784032873110, 1.550000000000001599, 1.348166590634748196 ) ) ;
#757 = LINE ( 'NONE', #1470, #2524 ) ;
#758 = SURFACE_STYLE_FILL_AREA ( #228 ) ;
#759 = UNCERTAINTY_MEASURE_WITH_UNIT (LENGTH_MEASURE( 1.000000000000000082E-05 ), #688, 'distance_accuracy_value', 'NONE');
#760 = PLANE ( 'NONE',  #915 ) ;
#761 = PRESENTATION_LAYER_ASSIGNMENT (  '', '', ( #3244 ) ) ;
#762 = DIRECTION ( 'NONE',  ( -1.000000000000000000, 0.0000000000000000000, -0.0000000000000000000 ) ) ;
#763 = PLANE ( 'NONE',  #2476 ) ;
#764 = FILL_AREA_STYLE ('',( #784 ) ) ;
#765 = CARTESIAN_POINT ( 'NONE',  ( -4.151666203960727053, -0.5499999999999987121, 1.748166590634748774 ) ) ;
#766 = ADVANCED_FACE ( 'NONE', ( #2535 ), #1363, .F. ) ;
#767 = ORIENTED_EDGE ( 'NONE', *, *, #123, .F. ) ;
#768 = CARTESIAN_POINT ( 'NONE',  ( 3.658012784032873110, 0.4999999999999987232, 0.09816659063474880709 ) ) ;
#769 = EDGE_CURVE ( 'NONE', #2974, #1906, #3162, .T. ) ;
#770 = DIRECTION ( 'NONE',  ( -1.000000000000000000, 0.0000000000000000000, -0.0000000000000000000 ) ) ;
#771 =( NAMED_UNIT ( * ) PLANE_ANGLE_UNIT ( ) SI_UNIT ( $, .RADIAN. ) );
#772 = AXIS2_PLACEMENT_3D ( 'NONE', #1250, #2790, #3690 ) ;
#773 = FILL_AREA_STYLE ('',( #1425 ) ) ;
#774 = ORIENTED_EDGE ( 'NONE', *, *, #2958, .F. ) ;
#775 = DIRECTION ( 'NONE',  ( -1.000000000000000000, 2.710505431213760592E-16, 0.0000000000000000000 ) ) ;
#776 = DIRECTION ( 'NONE',  ( -1.000000000000000000, 2.710505431213760592E-16, -0.0000000000000000000 ) ) ;
#777 = DIRECTION ( 'NONE',  ( 0.0000000000000000000, -1.000000000000000000, 0.0000000000000000000 ) ) ;
#778 = VECTOR ( 'NONE', #3863, 1000.000000000000000 ) ;
#779 = CARTESIAN_POINT ( 'NONE',  ( -2.049999999999999822, -0.4999999999999993339, -0.001833409365251462142 ) ) ;
#780 = ORIENTED_EDGE ( 'NONE', *, *, #3520, .F. ) ;
#781 = VECTOR ( 'NONE', #1192, 1000.000000000000000 ) ;
#782 = DIRECTION ( 'NONE',  ( 0.0000000000000000000, -0.0000000000000000000, -1.000000000000000000 ) ) ;
#783 = SURFACE_SIDE_STYLE ('',( #3837 ) ) ;
#784 = FILL_AREA_STYLE_COLOUR ( '', #1035 ) ;
#785 = LINE ( 'NONE', #1740, #3326 ) ;
#786 = VECTOR ( 'NONE', #2525, 1000.000000000000000 ) ;
#787 = VERTEX_POINT ( 'NONE', #2839 ) ;
#788 = AXIS2_PLACEMENT_3D ( 'NONE', #2063, #2025, #507 ) ;
#789 = LINE ( 'NONE', #2615, #1007 ) ;
#790 = ORIENTED_EDGE ( 'NONE', *, *, #1349, .F. ) ;
#791 = DIRECTION ( 'NONE',  ( -0.5773502691896215122, -0.5773502691896341688, 0.5773502691896215122 ) ) ;
#792 = CARTESIAN_POINT ( 'NONE',  ( -4.151666203960727053, -0.5499999999999984901, 0.2481665906347483297 ) ) ;
#793 = EDGE_CURVE ( 'NONE', #3807, #3165, #2262, .T. ) ;
#794 = CARTESIAN_POINT ( 'NONE',  ( 2.050000000000001155, 1.599999999999999423, 0.09816659063474836300 ) ) ;
#795 = ORIENTED_EDGE ( 'NONE', *, *, #1399, .T. ) ;
#796 = DIRECTION ( 'NONE',  ( -0.0000000000000000000, -1.000000000000000000, -0.0000000000000000000 ) ) ;
#797 =( LENGTH_UNIT ( ) NAMED_UNIT ( * ) SI_UNIT ( .MILLI., .METRE. ) );
#798 = ADVANCED_FACE ( 'NONE', ( #2243 ), #1300, .T. ) ;
#799 = SURFACE_STYLE_USAGE ( .BOTH. , #2272 ) ;
#800 = ORIENTED_EDGE ( 'NONE', *, *, #2452, .F. ) ;
#801 = CARTESIAN_POINT ( 'NONE',  ( -2.050000000000000711, -1.149999999999999023, 1.348166590634748641 ) ) ;
#802 = SURFACE_STYLE_USAGE ( .BOTH. , #783 ) ;
#803 = DIRECTION ( 'NONE',  ( -0.0000000000000000000, -0.0000000000000000000, 1.000000000000000000 ) ) ;
#804 = ORIENTED_EDGE ( 'NONE', *, *, #2452, .T. ) ;
#805 = LINE ( 'NONE', #2655, #365 ) ;
#806 = VECTOR ( 'NONE', #2161, 1000.000000000000000 ) ;
#807 = STYLED_ITEM ( 'NONE', ( #832 ), #170 ) ;
#808 = ORIENTED_EDGE ( 'NONE', *, *, #325, .T. ) ;
#809 =( LENGTH_UNIT ( ) NAMED_UNIT ( * ) SI_UNIT ( .MILLI., .METRE. ) );
#810 = DIRECTION ( 'NONE',  ( 0.0000000000000000000, 0.0000000000000000000, 1.000000000000000000 ) ) ;
#811 = COLOUR_RGB ( '',0.2980392156862745057, 0.2980392156862745057, 0.2980392156862745057 ) ;
#812 = PRESENTATION_LAYER_ASSIGNMENT (  '', '', ( #879 ) ) ;
#813 =( NAMED_UNIT ( * ) PLANE_ANGLE_UNIT ( ) SI_UNIT ( $, .RADIAN. ) );
#814 = VERTEX_POINT ( 'NONE', #703 ) ;
#815 = MECHANICAL_DESIGN_GEOMETRIC_PRESENTATION_REPRESENTATION (  '', ( #1771 ), #491 ) ;
#816 = LINE ( 'NONE', #2922, #527 ) ;
#817 = VECTOR ( 'NONE', #1920, 1000.000000000000000 ) ;
#818 = EDGE_CURVE ( 'NONE', #3835, #2673, #2514, .T. ) ;
#819 = SURFACE_SIDE_STYLE ('',( #185 ) ) ;
#820 = ORIENTED_EDGE ( 'NONE', *, *, #2693, .T. ) ;
#821 = EDGE_CURVE ( 'NONE', #2808, #1008, #551, .T. ) ;
#822 = FILL_AREA_STYLE ('',( #518 ) ) ;
#823 = CARTESIAN_POINT ( 'NONE',  ( -2.250000000000000888, -0.8999999999999990230, 1.318166590634747948 ) ) ;
#824 = VECTOR ( 'NONE', #3342, 1000.000000000000000 ) ;
#825 = LINE ( 'NONE', #3884, #2114 ) ;
#826 = VERTEX_POINT ( 'NONE', #372 ) ;
#827 = DIRECTION ( 'NONE',  ( 6.994852725713085549E-17, -1.000000000000000000, -6.994852725712932707E-17 ) ) ;
#828 = SURFACE_STYLE_FILL_AREA ( #1467 ) ;
#829 = PLANE ( 'NONE',  #788 ) ;
#830 = CARTESIAN_POINT ( 'NONE',  ( -4.151666203960727053, 0.5500000000000008216, 0.9981665906347485517 ) ) ;
#831 = ORIENTED_EDGE ( 'NONE', *, *, #3701, .F. ) ;
#832 = PRESENTATION_STYLE_ASSIGNMENT (( #2624 ) ) ;
#833 = COLOUR_RGB ( '',0.7647058823529411242, 0.7647058823529411242, 0.7647058823529411242 ) ;
#834 = SURFACE_SIDE_STYLE ('',( #758 ) ) ;
#835 = ADVANCED_FACE ( 'NONE', ( #2802 ), #3770, .F. ) ;
#836 = UNCERTAINTY_MEASURE_WITH_UNIT (LENGTH_MEASURE( 1.000000000000000082E-05 ), #3591, 'distance_accuracy_value', 'NONE');
#837 = DIRECTION ( 'NONE',  ( 0.0000000000000000000, 0.0000000000000000000, 1.000000000000000000 ) ) ;
#838 = STYLED_ITEM ( 'NONE', ( #1209 ), #2284 ) ;
#839 = ORIENTED_EDGE ( 'NONE', *, *, #1743, .F. ) ;
#840 = CIRCLE ( 'NONE', #3078, 0.7500000000000000000 ) ;
#841 = PLANE ( 'NONE',  #2649 ) ;
#842 = ADVANCED_FACE ( 'NONE', ( #158 ), #482, .F. ) ;
#843 =( LENGTH_UNIT ( ) NAMED_UNIT ( * ) SI_UNIT ( .MILLI., .METRE. ) );
#844 = DIRECTION ( 'NONE',  ( 0.0000000000000000000, 0.0000000000000000000, -1.000000000000000000 ) ) ;
#845 = ORIENTED_EDGE ( 'NONE', *, *, #217, .T. ) ;
#846 = ORIENTED_EDGE ( 'NONE', *, *, #1082, .F. ) ;
#847 = CARTESIAN_POINT ( 'NONE',  ( 0.0000000000000000000, -1.600000000000000755, 1.798166590634748596 ) ) ;
#848 = MECHANICAL_DESIGN_GEOMETRIC_PRESENTATION_REPRESENTATION (  '', ( #1610 ), #1411 ) ;
#849 = LINE ( 'NONE', #2022, #1587 ) ;
#850 = AXIS2_PLACEMENT_3D ( 'NONE', #3293, #1774, #2987 ) ;
#851 = ORIENTED_EDGE ( 'NONE', *, *, #3161, .T. ) ;
#852 = DIRECTION ( 'NONE',  ( 0.0000000000000000000, -1.000000000000000000, 0.0000000000000000000 ) ) ;
#853 = FILL_AREA_STYLE ('',( #3585 ) ) ;
#854 = CARTESIAN_POINT ( 'NONE',  ( 1.150000000000001021, 1.600000000000000533, 0.09816659063474836300 ) ) ;
#855 = DIRECTION ( 'NONE',  ( 2.891205793294678326E-16, 1.000000000000000000, 0.0000000000000000000 ) ) ;
#856 = MECHANICAL_DESIGN_GEOMETRIC_PRESENTATION_REPRESENTATION (  '', ( #3662 ), #3525 ) ;
#857 = ORIENTED_EDGE ( 'NONE', *, *, #1738, .T. ) ;
#858 = DIRECTION ( 'NONE',  ( -0.7071067811865495711, 0.0000000000000000000, 0.7071067811865454633 ) ) ;
#859 = ORIENTED_EDGE ( 'NONE', *, *, #2005, .F. ) ;
#860 = DIRECTION ( 'NONE',  ( 0.0000000000000000000, 0.0000000000000000000, 1.000000000000000000 ) ) ;
#861 = DIRECTION ( 'NONE',  ( 0.0000000000000000000, 0.0000000000000000000, 1.000000000000000000 ) ) ;
#862 =( NAMED_UNIT ( * ) SI_UNIT ( $, .STERADIAN. ) SOLID_ANGLE_UNIT ( ) );
#863 = VERTEX_POINT ( 'NONE', #2914 ) ;
#864 = ORIENTED_EDGE ( 'NONE', *, *, #76, .F. ) ;
#865 = EDGE_CURVE ( 'NONE', #2433, #896, #504, .T. ) ;
#866 = DIRECTION ( 'NONE',  ( -0.0000000000000000000, -1.000000000000000000, 0.0000000000000000000 ) ) ;
#867 = ORIENTED_EDGE ( 'NONE', *, *, #3379, .F. ) ;
#868 = SURFACE_STYLE_FILL_AREA ( #2699 ) ;
#869 = ADVANCED_FACE ( 'NONE', ( #1689 ), #3198, .T. ) ;
#870 = DIRECTION ( 'NONE',  ( -0.0000000000000000000, 1.000000000000000000, 0.0000000000000000000 ) ) ;
#871 = FACE_OUTER_BOUND ( 'NONE', #3640, .T. ) ;
#872 = EDGE_LOOP ( 'NONE', ( #2205, #2196, #2209, #2501 ) ) ;
#873 = SURFACE_SIDE_STYLE ('',( #2642 ) ) ;
#874 = AXIS2_PLACEMENT_3D ( 'NONE', #2908, #1683, #762 ) ;
#875 = VECTOR ( 'NONE', #1733, 1000.000000000000000 ) ;
#876 = SURFACE_STYLE_FILL_AREA ( #3055 ) ;
#877 = UNCERTAINTY_MEASURE_WITH_UNIT (LENGTH_MEASURE( 1.000000000000000082E-05 ), #2994, 'distance_accuracy_value', 'NONE');
#878 = AXIS2_PLACEMENT_3D ( 'NONE', #2670, #3658, #2115 ) ;
#879 = STYLED_ITEM ( 'NONE', ( #1654 ), #522 ) ;
#880 = ORIENTED_EDGE ( 'NONE', *, *, #1595, .F. ) ;
#881 = CIRCLE ( 'NONE', #3800, 0.2000000000000000944 ) ;
#882 = DIRECTION ( 'NONE',  ( 5.804910374431050341E-32, 1.606225440719265874E-16, 1.000000000000000000 ) ) ;
#883 = DIRECTION ( 'NONE',  ( -1.084202172485504040E-15, -1.000000000000000000, 0.0000000000000000000 ) ) ;
#884 = DIRECTION ( 'NONE',  ( -1.000000000000000000, 2.710505431213760592E-16, -0.0000000000000000000 ) ) ;
#885 = EDGE_LOOP ( 'NONE', ( #1513, #2913, #3897, #1201 ) ) ;
#886 = LINE ( 'NONE', #1801, #3678 ) ;
#887 = FILL_AREA_STYLE_COLOUR ( '', #431 ) ;
#888 = EDGE_CURVE ( 'NONE', #2419, #3281, #3538, .T. ) ;
#889 = FACE_OUTER_BOUND ( 'NONE', #3339, .T. ) ;
#890 = DIRECTION ( 'NONE',  ( 7.228014483236700500E-16, 1.000000000000000000, 0.0000000000000000000 ) ) ;
#891 = EDGE_CURVE ( 'NONE', #2121, #1808, #3841, .T. ) ;
#892 = ORIENTED_EDGE ( 'NONE', *, *, #2717, .F. ) ;
#893 = DIRECTION ( 'NONE',  ( -1.000000000000000000, -1.008560160451632221E-16, 0.0000000000000000000 ) ) ;
#894 = DIRECTION ( 'NONE',  ( 0.0000000000000000000, -1.000000000000000000, -0.0000000000000000000 ) ) ;
#895 = DIRECTION ( 'NONE',  ( 0.0000000000000000000, -0.0000000000000000000, -1.000000000000000000 ) ) ;
#896 = VERTEX_POINT ( 'NONE', #3560 ) ;
#897 =( NAMED_UNIT ( * ) PLANE_ANGLE_UNIT ( ) SI_UNIT ( $, .RADIAN. ) );
#898 = STYLED_ITEM ( 'NONE', ( #3550 ), #2211 ) ;
#899 = SURFACE_STYLE_FILL_AREA ( #3314 ) ;
#900 = DIRECTION ( 'NONE',  ( -1.000000000000000000, 5.421010862427543864E-16, 0.0000000000000000000 ) ) ;
#901 = VECTOR ( 'NONE', #3900, 1000.000000000000000 ) ;
#902 = DIRECTION ( 'NONE',  ( 0.0000000000000000000, 0.0000000000000000000, -1.000000000000000000 ) ) ;
#903 = VERTEX_POINT ( 'NONE', #2318 ) ;
#904 = VERTEX_POINT ( 'NONE', #3581 ) ;
#905 = CARTESIAN_POINT ( 'NONE',  ( -2.250000000000000888, 1.000000000000000000, 1.798166590634748596 ) ) ;
#906 = VECTOR ( 'NONE', #3218, 1000.000000000000000 ) ;
#907 = VERTEX_POINT ( 'NONE', #2381 ) ;
#908 = STYLED_ITEM ( 'NONE', ( #3535 ), #3670 ) ;
#909 = EDGE_CURVE ( 'NONE', #1283, #1813, #805, .T. ) ;
#910 = AXIS2_PLACEMENT_3D ( 'NONE', #513, #1734, #2388 ) ;
#911 = PRESENTATION_STYLE_ASSIGNMENT (( #160 ) ) ;
#912 = FACE_OUTER_BOUND ( 'NONE', #2574, .T. ) ;
#913 = FACE_OUTER_BOUND ( 'NONE', #2191, .T. ) ;
#914 = LINE ( 'NONE', #3834, #1492 ) ;
#915 = AXIS2_PLACEMENT_3D ( 'NONE', #2602, #2890, #475 ) ;
#916 = ORIENTED_EDGE ( 'NONE', *, *, #2912, .F. ) ;
#917 = DIRECTION ( 'NONE',  ( -1.000000000000000000, 3.614007241618348771E-16, 0.0000000000000000000 ) ) ;
#918 = CARTESIAN_POINT ( 'NONE',  ( -1.149999999999999911, -0.5499999999999994893, 0.9981665906347485517 ) ) ;
#919 = EDGE_CURVE ( 'NONE', #205, #3935, #3887, .T. ) ;
#920 = LINE ( 'NONE', #2134, #1063 ) ;
#921 = VECTOR ( 'NONE', #2573, 1000.000000000000000 ) ;
#922 = LINE ( 'NONE', #611, #3639 ) ;
#923 = ORIENTED_EDGE ( 'NONE', *, *, #1546, .F. ) ;
#924 = EDGE_CURVE ( 'NONE', #2324, #2482, #3284, .T. ) ;
#925 = PRESENTATION_STYLE_ASSIGNMENT (( #320 ) ) ;
#926 = PLANE ( 'NONE',  #576 ) ;
#927 = UNCERTAINTY_MEASURE_WITH_UNIT (LENGTH_MEASURE( 1.000000000000000082E-05 ), #2249, 'distance_accuracy_value', 'NONE');
#928 = DIRECTION ( 'NONE',  ( 1.000000000000000000, -2.710505431213760592E-16, 0.0000000000000000000 ) ) ;
#929 = ORIENTED_EDGE ( 'NONE', *, *, #2709, .F. ) ;
#930 = PRESENTATION_STYLE_ASSIGNMENT (( #1531 ) ) ;
#931 = CARTESIAN_POINT ( 'NONE',  ( 2.219999999999998863, -1.550000000000001155, 1.348166590634747974 ) ) ;
#932 = FILL_AREA_STYLE ('',( #1534 ) ) ;
#933 = ORIENTED_EDGE ( 'NONE', *, *, #300, .F. ) ;
#934 = FILL_AREA_STYLE ('',( #1284 ) ) ;
#935 = DIRECTION ( 'NONE',  ( -5.804910374431050341E-32, -1.606225440719265874E-16, 1.000000000000000000 ) ) ;
#936 = DIRECTION ( 'NONE',  ( -3.614007241618348771E-16, -1.000000000000000000, -1.606225440719265874E-16 ) ) ;
#937 = STYLED_ITEM ( 'NONE', ( #911 ), #698 ) ;
#938 = CARTESIAN_POINT ( 'NONE',  ( 2.050000000000000711, 0.0000000000000000000, 0.09816659063474836300 ) ) ;
#939 = EDGE_CURVE ( 'NONE', #1906, #2121, #310, .T. ) ;
#940 = ORIENTED_EDGE ( 'NONE', *, *, #1887, .T. ) ;
#941 = VECTOR ( 'NONE', #2436, 1000.000000000000000 ) ;
#942 = MECHANICAL_DESIGN_GEOMETRIC_PRESENTATION_REPRESENTATION (  '', ( #807 ), #2021 ) ;
#943 = CARTESIAN_POINT ( 'NONE',  ( -2.050000000000000266, 1.550000000000000933, 1.348166590634748196 ) ) ;
#944 = VECTOR ( 'NONE', #2701, 1000.000000000000000 ) ;
#945 = AXIS2_PLACEMENT_3D ( 'NONE', #830, #181, #3524 ) ;
#946 = SURFACE_SIDE_STYLE ('',( #3315 ) ) ;
#947 = PRESENTATION_STYLE_ASSIGNMENT (( #3674 ) ) ;
#948 = EDGE_CURVE ( 'NONE', #1906, #490, #2100, .T. ) ;
#949 = VERTEX_POINT ( 'NONE', #3359 ) ;
#950 = AXIS2_PLACEMENT_3D ( 'NONE', #3321, #954, #1883 ) ;
#951 = COLOUR_RGB ( '',0.2980392156862745057, 0.2980392156862745057, 0.2980392156862745057 ) ;
#952 = FILL_AREA_STYLE ('',( #286 ) ) ;
#953 = CARTESIAN_POINT ( 'NONE',  ( 2.050000000000001155, 1.149999999999999023, 0.09816659063474836300 ) ) ;
#954 = DIRECTION ( 'NONE',  ( 0.0000000000000000000, 0.0000000000000000000, 1.000000000000000000 ) ) ;
#955 = CARTESIAN_POINT ( 'NONE',  ( -2.120000000000001439, -2.965817555702284099E-16, 2.198166590634748729 ) ) ;
#956 = DIRECTION ( 'NONE',  ( -1.000000000000000000, 0.0000000000000000000, -0.0000000000000000000 ) ) ;
#957 = AXIS2_PLACEMENT_3D ( 'NONE', #3216, #861, #1757 ) ;
#958 = ORIENTED_EDGE ( 'NONE', *, *, #672, .F. ) ;
#959 = DIRECTION ( 'NONE',  ( -0.7071067811865483499, 0.0000000000000000000, 0.7071067811865467956 ) ) ;
#960 = LINE ( 'NONE', #2169, #1764 ) ;
#961 = DIRECTION ( 'NONE',  ( -0.0000000000000000000, 0.0000000000000000000, 1.000000000000000000 ) ) ;
#962 = SURFACE_SIDE_STYLE ('',( #3098 ) ) ;
#963 = ORIENTED_EDGE ( 'NONE', *, *, #1199, .F. ) ;
#964 = EDGE_CURVE ( 'NONE', #3160, #3499, #3301, .T. ) ;
#965 = UNCERTAINTY_MEASURE_WITH_UNIT (LENGTH_MEASURE( 1.000000000000000082E-05 ), #1305, 'distance_accuracy_value', 'NONE');
#966 = STYLED_ITEM ( 'NONE', ( #133 ), #2157 ) ;
#967 = VERTEX_POINT ( 'NONE', #1782 ) ;
#968 = EDGE_CURVE ( 'NONE', #3835, #2003, #261, .T. ) ;
#969 = PRESENTATION_LAYER_ASSIGNMENT (  '', '', ( #2676 ) ) ;
#970 = DIRECTION ( 'NONE',  ( -0.0000000000000000000, -1.000000000000000000, 0.0000000000000000000 ) ) ;
#971 = LINE ( 'NONE', #3402, #1326 ) ;
#972 = VERTEX_POINT ( 'NONE', #2122 ) ;
#973 = EDGE_CURVE ( 'NONE', #2816, #826, #582, .T. ) ;
#974 = FACE_OUTER_BOUND ( 'NONE', #1232, .T. ) ;
#975 = SURFACE_STYLE_FILL_AREA ( #1243 ) ;
#976 =( NAMED_UNIT ( * ) PLANE_ANGLE_UNIT ( ) SI_UNIT ( $, .RADIAN. ) );
#977 = EDGE_LOOP ( 'NONE', ( #1632, #3939, #2653, #1628, #2342 ) ) ;
#978 = COLOUR_RGB ( '',0.2980392156862745057, 0.2980392156862745057, 0.2980392156862745057 ) ;
#979 = MECHANICAL_DESIGN_GEOMETRIC_PRESENTATION_REPRESENTATION (  '', ( #714 ), #2248 ) ;
#980 = DIRECTION ( 'NONE',  ( 1.000000000000000000, -0.0000000000000000000, 0.0000000000000000000 ) ) ;
#981 = AXIS2_PLACEMENT_3D ( 'NONE', #230, #10, #837 ) ;
#982 = COLOUR_RGB ( '',0.2980392156862745057, 0.2980392156862745057, 0.2980392156862745057 ) ;
#983 = ORIENTED_EDGE ( 'NONE', *, *, #2988, .T. ) ;
#984 = DIRECTION ( 'NONE',  ( 0.0000000000000000000, 0.0000000000000000000, 1.000000000000000000 ) ) ;
#985 = ORIENTED_EDGE ( 'NONE', *, *, #821, .T. ) ;
#986 = DIRECTION ( 'NONE',  ( -1.000000000000000000, 0.0000000000000000000, 0.0000000000000000000 ) ) ;
#987 = DIRECTION ( 'NONE',  ( 1.000000000000000000, 0.0000000000000000000, -0.0000000000000000000 ) ) ;
#988 = VECTOR ( 'NONE', #791, 1000.000000000000114 ) ;
#989 = EDGE_LOOP ( 'NONE', ( #3559, #2548, #1292, #2136 ) ) ;
#990 = LINE ( 'NONE', #682, #103 ) ;
#991 = CARTESIAN_POINT ( 'NONE',  ( 0.0000000000000000000, 1.599999999999999423, 0.09816659063474836300 ) ) ;
#992 = EDGE_CURVE ( 'NONE', #3062, #2445, #2397, .T. ) ;
#993 = ORIENTED_EDGE ( 'NONE', *, *, #1455, .F. ) ;
#994 = ORIENTED_EDGE ( 'NONE', *, *, #3181, .F. ) ;
#995 = SURFACE_STYLE_USAGE ( .BOTH. , #2770 ) ;
#996 = ORIENTED_EDGE ( 'NONE', *, *, #2103, .F. ) ;
#997 = CARTESIAN_POINT ( 'NONE',  ( -2.049999999999999822, 1.150000000000000577, 0.1981665906347482020 ) ) ;
#998 = LINE ( 'NONE', #1051, #3923 ) ;
#999 = UNCERTAINTY_MEASURE_WITH_UNIT (LENGTH_MEASURE( 1.000000000000000082E-05 ), #2486, 'distance_accuracy_value', 'NONE');
#1000 = PRESENTATION_STYLE_ASSIGNMENT (( #2487 ) ) ;
#1001 = PRESENTATION_LAYER_ASSIGNMENT (  '', '', ( #3612 ) ) ;
#1002 = ORIENTED_EDGE ( 'NONE', *, *, #2163, .T. ) ;
#1003 = VECTOR ( 'NONE', #550, 1000.000000000000000 ) ;
#1004 = VECTOR ( 'NONE', #731, 1000.000000000000000 ) ;
#1005 = DIRECTION ( 'NONE',  ( -0.7071067811865552333, 0.0000000000000000000, -0.7071067811865398012 ) ) ;
#1006 = LINE ( 'NONE', #991, #2665 ) ;
#1007 = VECTOR ( 'NONE', #1102, 1000.000000000000000 ) ;
#1008 = VERTEX_POINT ( 'NONE', #2417 ) ;
#1009 = DIRECTION ( 'NONE',  ( -1.000000000000000000, -1.398970545142586541E-16, 0.0000000000000000000 ) ) ;
#1010 = LINE ( 'NONE', #3439, #2153 ) ;
#1011 = EDGE_CURVE ( 'NONE', #754, #496, #3043, .T. ) ;
#1012 = ORIENTED_EDGE ( 'NONE', *, *, #2591, .T. ) ;
#1013 = FILL_AREA_STYLE ('',( #3687 ) ) ;
#1014 = SURFACE_SIDE_STYLE ('',( #3740 ) ) ;
#1015 = EDGE_CURVE ( 'NONE', #3499, #3864, #2142, .T. ) ;
#1016 = EDGE_LOOP ( 'NONE', ( #2484, #1502, #3579, #3776 ) ) ;
#1017 = CARTESIAN_POINT ( 'NONE',  ( -2.050000000000000711, 0.0000000000000000000, 0.09816659063474836300 ) ) ;
#1018 =( NAMED_UNIT ( * ) PLANE_ANGLE_UNIT ( ) SI_UNIT ( $, .RADIAN. ) );
#1019 = ORIENTED_EDGE ( 'NONE', *, *, #1679, .F. ) ;
#1020 = LINE ( 'NONE', #1955, #2461 ) ;
#1021 = SURFACE_STYLE_USAGE ( .BOTH. , #2818 ) ;
#1022 = PLANE ( 'NONE',  #2556 ) ;
#1023 = VERTEX_POINT ( 'NONE', #2458 ) ;
#1024 = SURFACE_STYLE_USAGE ( .BOTH. , #3755 ) ;
#1025 = PRESENTATION_LAYER_ASSIGNMENT (  '', '', ( #2044 ) ) ;
#1026 = VERTEX_POINT ( 'NONE', #26 ) ;
#1027 = CARTESIAN_POINT ( 'NONE',  ( -1.150000000000000133, 1.600000000000000089, 0.09816659063474836300 ) ) ;
#1028 = EDGE_CURVE ( 'NONE', #2264, #1894, #2999, .T. ) ;
#1029 =( GEOMETRIC_REPRESENTATION_CONTEXT ( 3 ) GLOBAL_UNCERTAINTY_ASSIGNED_CONTEXT ( ( #2831 ) ) GLOBAL_UNIT_ASSIGNED_CONTEXT ( ( #2941, #813, #3774 ) ) REPRESENTATION_CONTEXT ( 'NONE', 'WORKASPACE' ) );
#1030 = CARTESIAN_POINT ( 'NONE',  ( 1.149999999999999911, -0.5499999999999984901, 0.2481665906347483297 ) ) ;
#1031 = COLOUR_RGB ( '',0.2980392156862745057, 0.2980392156862745057, 0.2980392156862745057 ) ;
#1032 = ORIENTED_EDGE ( 'NONE', *, *, #38, .F. ) ;
#1033 = DIRECTION ( 'NONE',  ( -1.398970545142586541E-16, 1.000000000000000000, 0.0000000000000000000 ) ) ;
#1034 = EDGE_CURVE ( 'NONE', #454, #3178, #623, .T. ) ;
#1035 = COLOUR_RGB ( '',0.2980392156862745057, 0.2980392156862745057, 0.2980392156862745057 ) ;
#1036 = CARTESIAN_POINT ( 'NONE',  ( -2.050000000000000711, -1.550000000000000488, 1.798166590634748596 ) ) ;
#1037 = CARTESIAN_POINT ( 'NONE',  ( -1.400000000000001910, -1.549999999999999378, 1.348166590634748419 ) ) ;
#1038 =( NAMED_UNIT ( * ) SI_UNIT ( $, .STERADIAN. ) SOLID_ANGLE_UNIT ( ) );
#1039 = ORIENTED_EDGE ( 'NONE', *, *, #2541, .T. ) ;
#1040 = COLOUR_RGB ( '',0.7647058823529411242, 0.7647058823529411242, 0.7647058823529411242 ) ;
#1041 = VECTOR ( 'NONE', #2310, 1000.000000000000000 ) ;
#1042 = EDGE_CURVE ( 'NONE', #1828, #3730, #886, .T. ) ;
#1043 = DIRECTION ( 'NONE',  ( 1.000000000000000000, 5.042800802258161104E-17, -5.042800802258161104E-17 ) ) ;
#1044 = FACE_OUTER_BOUND ( 'NONE', #409, .T. ) ;
#1045 = DIRECTION ( 'NONE',  ( -0.7071067811865552333, -9.892215591505749341E-17, 0.7071067811865398012 ) ) ;
#1046 = FILL_AREA_STYLE ('',( #2206 ) ) ;
#1047 = EDGE_LOOP ( 'NONE', ( #1481, #880, #1662, #3316, #2833, #1216, #1819, #892 ) ) ;
#1048 = CARTESIAN_POINT ( 'NONE',  ( -2.050000000000000711, -1.549999999999999600, 0.09816659063474836300 ) ) ;
#1049 = ORIENTED_EDGE ( 'NONE', *, *, #973, .T. ) ;
#1050 = CARTESIAN_POINT ( 'NONE',  ( -2.250000000000000888, -0.4000000000000005773, 0.09816659063474841851 ) ) ;
#1051 = CARTESIAN_POINT ( 'NONE',  ( 2.049999999999999822, -1.550000000000001377, -0.001833409365251895823 ) ) ;
#1052 = SURFACE_STYLE_USAGE ( .BOTH. , #3779 ) ;
#1053 = SURFACE_SIDE_STYLE ('',( #3228 ) ) ;
#1054 = ADVANCED_FACE ( 'NONE', ( #2777 ), #3022, .T. ) ;
#1055 = VERTEX_POINT ( 'NONE', #3751 ) ;
#1056 = VECTOR ( 'NONE', #1400, 1000.000000000000000 ) ;
#1057 = DIRECTION ( 'NONE',  ( 0.0000000000000000000, 0.0000000000000000000, -1.000000000000000000 ) ) ;
#1058 = ADVANCED_FACE ( 'NONE', ( #2260 ), #1916, .T. ) ;
#1059 = FILL_AREA_STYLE_COLOUR ( '', #2369 ) ;
#1060 = DIRECTION ( 'NONE',  ( 1.000000000000000000, 1.008560160451632221E-16, 0.0000000000000000000 ) ) ;
#1061 = EDGE_LOOP ( 'NONE', ( #316, #1889, #3285, #3718, #3197, #1130, #1251, #397, #3916, #1652, #3005, #1698, #1290 ) ) ;
#1062 = VECTOR ( 'NONE', #2738, 1000.000000000000000 ) ;
#1063 = VECTOR ( 'NONE', #980, 1000.000000000000000 ) ;
#1064 =( NAMED_UNIT ( * ) PLANE_ANGLE_UNIT ( ) SI_UNIT ( $, .RADIAN. ) );
#1065 =( NAMED_UNIT ( * ) SI_UNIT ( $, .STERADIAN. ) SOLID_ANGLE_UNIT ( ) );
#1066 = VECTOR ( 'NONE', #870, 1000.000000000000000 ) ;
#1067 = DIRECTION ( 'NONE',  ( -0.0000000000000000000, -0.0000000000000000000, 1.000000000000000000 ) ) ;
#1068 = VECTOR ( 'NONE', #1709, 1000.000000000000000 ) ;
#1069 = DIRECTION ( 'NONE',  ( -1.084202172485504631E-15, -1.000000000000000000, 0.0000000000000000000 ) ) ;
#1070 = VERTEX_POINT ( 'NONE', #2835 ) ;
#1071 = SURFACE_STYLE_FILL_AREA ( #3170 ) ;
#1072 = VERTEX_POINT ( 'NONE', #2221 ) ;
#1073 = DIRECTION ( 'NONE',  ( -4.818676322157797375E-16, -1.000000000000000000, 0.0000000000000000000 ) ) ;
#1074 = UNCERTAINTY_MEASURE_WITH_UNIT (LENGTH_MEASURE( 1.000000000000000082E-05 ), #809, 'distance_accuracy_value', 'NONE');
#1075 = CARTESIAN_POINT ( 'NONE',  ( 2.219999999999998419, -1.150000000000000799, 1.348166590634748196 ) ) ;
#1076 =( GEOMETRIC_REPRESENTATION_CONTEXT ( 3 ) GLOBAL_UNCERTAINTY_ASSIGNED_CONTEXT ( ( #3084 ) ) GLOBAL_UNIT_ASSIGNED_CONTEXT ( ( #3438, #3456, #155 ) ) REPRESENTATION_CONTEXT ( 'NONE', 'WORKASPACE' ) );
#1077 = VERTEX_POINT ( 'NONE', #2856 ) ;
#1078 = EDGE_CURVE ( 'NONE', #2003, #2523, #405, .T. ) ;
#1079 =( NAMED_UNIT ( * ) PLANE_ANGLE_UNIT ( ) SI_UNIT ( $, .RADIAN. ) );
#1080 = LINE ( 'NONE', #1436, #2245 ) ;
#1081 = ORIENTED_EDGE ( 'NONE', *, *, #3441, .T. ) ;
#1082 = EDGE_CURVE ( 'NONE', #3503, #2894, #1605, .T. ) ;
#1083 = SURFACE_STYLE_FILL_AREA ( #1440 ) ;
#1084 = LINE ( 'NONE', #197, #3739 ) ;
#1085 =( GEOMETRIC_REPRESENTATION_CONTEXT ( 3 ) GLOBAL_UNCERTAINTY_ASSIGNED_CONTEXT ( ( #2546 ) ) GLOBAL_UNIT_ASSIGNED_CONTEXT ( ( #2219, #399, #415 ) ) REPRESENTATION_CONTEXT ( 'NONE', 'WORKASPACE' ) );
#1086 = ORIENTED_EDGE ( 'NONE', *, *, #1157, .T. ) ;
#1087 = CARTESIAN_POINT ( 'NONE',  ( 1.150000000000000355, 0.5499999999999992673, 0.2481665906347483297 ) ) ;
#1088 = EDGE_CURVE ( 'NONE', #1987, #720, #3104, .T. ) ;
#1089 = AXIS2_PLACEMENT_3D ( 'NONE', #2920, #3812, #2306 ) ;
#1090 = ORIENTED_EDGE ( 'NONE', *, *, #1199, .T. ) ;
#1091 = SURFACE_STYLE_USAGE ( .BOTH. , #834 ) ;
#1092 = DIRECTION ( 'NONE',  ( -0.7071067811865578978, 0.0000000000000000000, -0.7071067811865372477 ) ) ;
#1093 = ORIENTED_EDGE ( 'NONE', *, *, #1483, .T. ) ;
#1094 = PRESENTATION_LAYER_ASSIGNMENT (  '', '', ( #1858 ) ) ;
#1095 = LINE ( 'NONE', #538, #3111 ) ;
#1096 = CARTESIAN_POINT ( 'NONE',  ( -2.049999999999999822, -0.4999999999999993339, 0.1981665906347486183 ) ) ;
#1097 = VECTOR ( 'NONE', #3451, 1000.000000000000000 ) ;
#1098 = VECTOR ( 'NONE', #3189, 1000.000000000000000 ) ;
#1099 = ORIENTED_EDGE ( 'NONE', *, *, #3736, .T. ) ;
#1100 = AXIS2_PLACEMENT_3D ( 'NONE', #2296, #3159, #2609 ) ;
#1101 = DIRECTION ( 'NONE',  ( 0.0000000000000000000, 1.000000000000000000, 0.0000000000000000000 ) ) ;
#1102 = DIRECTION ( 'NONE',  ( 0.0000000000000000000, -1.000000000000000000, -0.0000000000000000000 ) ) ;
#1103 = EDGE_CURVE ( 'NONE', #3578, #3243, #1020, .T. ) ;
#1104 = EDGE_LOOP ( 'NONE', ( #3686, #1354, #1099, #2658 ) ) ;
#1105 = PRESENTATION_STYLE_ASSIGNMENT (( #142 ) ) ;
#1106 = LINE ( 'NONE', #2322, #1066 ) ;
#1107 =( LENGTH_UNIT ( ) NAMED_UNIT ( * ) SI_UNIT ( .MILLI., .METRE. ) );
#1108 = EDGE_CURVE ( 'NONE', #3281, #2000, #990, .T. ) ;
#1109 = VERTEX_POINT ( 'NONE', #2240 ) ;
#1110 = PRESENTATION_STYLE_ASSIGNMENT (( #1986 ) ) ;
#1111 = CARTESIAN_POINT ( 'NONE',  ( 2.050000000000001599, 1.599999999999999423, 0.09816659063474836300 ) ) ;
#1112 = SURFACE_STYLE_USAGE ( .BOTH. , #2625 ) ;
#1113 = SURFACE_SIDE_STYLE ('',( #3833 ) ) ;
#1114 = LINE ( 'NONE', #3344, #3713 ) ;
#1115 = ORIENTED_EDGE ( 'NONE', *, *, #2591, .F. ) ;
#1116 = DIRECTION ( 'NONE',  ( 0.0000000000000000000, 1.000000000000000000, 0.0000000000000000000 ) ) ;
#1117 = EDGE_LOOP ( 'NONE', ( #2424, #2198, #940, #2126 ) ) ;
#1118 = VERTEX_POINT ( 'NONE', #1895 ) ;
#1119 = VECTOR ( 'NONE', #2638, 1000.000000000000000 ) ;
#1120 = AXIS2_PLACEMENT_3D ( 'NONE', #225, #2368, #858 ) ;
#1121 = VERTEX_POINT ( 'NONE', #386 ) ;
#1122 = SURFACE_SIDE_STYLE ('',( #868 ) ) ;
#1123 = CARTESIAN_POINT ( 'NONE',  ( -3.658012784032873110, -1.549999999999998712, 0.09816659063474836300 ) ) ;
#1124 = STYLED_ITEM ( 'NONE', ( #925 ), #1371 ) ;
#1125 = AXIS2_PLACEMENT_3D ( 'NONE', #3167, #752, #1964 ) ;
#1126 = ORIENTED_EDGE ( 'NONE', *, *, #1812, .F. ) ;
#1127 = PRESENTATION_LAYER_ASSIGNMENT (  '', '', ( #3365 ) ) ;
#1128 = FACE_OUTER_BOUND ( 'NONE', #1770, .T. ) ;
#1129 = SURFACE_STYLE_FILL_AREA ( #2646 ) ;
#1130 = ORIENTED_EDGE ( 'NONE', *, *, #3093, .F. ) ;
#1131 = SURFACE_STYLE_FILL_AREA ( #1482 ) ;
#1132 = SURFACE_STYLE_FILL_AREA ( #1700 ) ;
#1133 = LINE ( 'NONE', #3883, #2878 ) ;
#1134 = CIRCLE ( 'NONE', #2919, 0.2000000000000000944 ) ;
#1135 = DIRECTION ( 'NONE',  ( 0.5773502691896036376, -0.5773502691896369443, 0.5773502691896369443 ) ) ;
#1136 = ORIENTED_EDGE ( 'NONE', *, *, #1015, .T. ) ;
#1137 = FILL_AREA_STYLE_COLOUR ( '', #3050 ) ;
#1138 = ORIENTED_EDGE ( 'NONE', *, *, #668, .T. ) ;
#1139 = DIRECTION ( 'NONE',  ( 0.0000000000000000000, 0.0000000000000000000, 1.000000000000000000 ) ) ;
#1140 = PLANE ( 'NONE',  #2020 ) ;
#1141 = CARTESIAN_POINT ( 'NONE',  ( -1.149999999999999911, 0.5499999999999999334, 0.9981665906347485517 ) ) ;
#1142 = VECTOR ( 'NONE', #3335, 1000.000000000000000 ) ;
#1143 = EDGE_CURVE ( 'NONE', #2259, #2071, #1663, .T. ) ;
#1144 = VERTEX_POINT ( 'NONE', #722 ) ;
#1145 = FACE_OUTER_BOUND ( 'NONE', #2641, .T. ) ;
#1146 =( NAMED_UNIT ( * ) SI_UNIT ( $, .STERADIAN. ) SOLID_ANGLE_UNIT ( ) );
#1147 = UNCERTAINTY_MEASURE_WITH_UNIT (LENGTH_MEASURE( 1.000000000000000082E-05 ), #2945, 'distance_accuracy_value', 'NONE');
#1148 = EDGE_CURVE ( 'NONE', #1378, #1210, #2475, .T. ) ;
#1149 = AXIS2_PLACEMENT_3D ( 'NONE', #3011, #1231, #2449 ) ;
#1150 = VERTEX_POINT ( 'NONE', #3699 ) ;
#1151 = SURFACE_STYLE_FILL_AREA ( #1523 ) ;
#1152 = AXIS2_PLACEMENT_3D ( 'NONE', #2165, #3385, #629 ) ;
#1153 =( NAMED_UNIT ( * ) PLANE_ANGLE_UNIT ( ) SI_UNIT ( $, .RADIAN. ) );
#1154 = SURFACE_STYLE_USAGE ( .BOTH. , #2607 ) ;
#1155 = SURFACE_SIDE_STYLE ('',( #2971 ) ) ;
#1156 = DIRECTION ( 'NONE',  ( 0.0000000000000000000, 1.000000000000000000, 0.0000000000000000000 ) ) ;
#1157 = EDGE_CURVE ( 'NONE', #3499, #270, #2817, .T. ) ;
#1158 = ORIENTED_EDGE ( 'NONE', *, *, #992, .T. ) ;
#1159 = ORIENTED_EDGE ( 'NONE', *, *, #3742, .F. ) ;
#1160 = DIRECTION ( 'NONE',  ( 1.000000000000000000, -1.084202172485504631E-15, 0.0000000000000000000 ) ) ;
#1161 =( NAMED_UNIT ( * ) PLANE_ANGLE_UNIT ( ) SI_UNIT ( $, .RADIAN. ) );
#1162 = VECTOR ( 'NONE', #1615, 1000.000000000000000 ) ;
#1163 = SURFACE_STYLE_FILL_AREA ( #548 ) ;
#1164 = VECTOR ( 'NONE', #2745, 1000.000000000000114 ) ;
#1165 = CARTESIAN_POINT ( 'NONE',  ( -3.658012784032873110, -0.4999999999999985012, 1.348166590634748641 ) ) ;
#1166 = SURFACE_STYLE_USAGE ( .BOTH. , #249 ) ;
#1167 = STYLED_ITEM ( 'NONE', ( #2362 ), #3596 ) ;
#1168 = ORIENTED_EDGE ( 'NONE', *, *, #2490, .F. ) ;
#1169 = FACE_OUTER_BOUND ( 'NONE', #1117, .T. ) ;
#1170 = LINE ( 'NONE', #1716, #2016 ) ;
#1171 = CARTESIAN_POINT ( 'NONE',  ( -2.050000000000000711, -1.600000000000000311, 1.798166590634748596 ) ) ;
#1172 = ORIENTED_EDGE ( 'NONE', *, *, #968, .F. ) ;
#1173 =( NAMED_UNIT ( * ) SI_UNIT ( $, .STERADIAN. ) SOLID_ANGLE_UNIT ( ) );
#1174 = SURFACE_STYLE_USAGE ( .BOTH. , #946 ) ;
#1175 =( NAMED_UNIT ( * ) PLANE_ANGLE_UNIT ( ) SI_UNIT ( $, .RADIAN. ) );
#1176 = CARTESIAN_POINT ( 'NONE',  ( 2.250000000000000444, 1.149999999999999023, 0.1981665906347486183 ) ) ;
#1177 = EDGE_CURVE ( 'NONE', #2829, #754, #2510, .T. ) ;
#1178 = PLANE ( 'NONE',  #3749 ) ;
#1179 = ORIENTED_EDGE ( 'NONE', *, *, #664, .T. ) ;
#1180 = LINE ( 'NONE', #2321, #1997 ) ;
#1181 = LINE ( 'NONE', #2869, #3361 ) ;
#1182 =( GEOMETRIC_REPRESENTATION_CONTEXT ( 3 ) GLOBAL_UNCERTAINTY_ASSIGNED_CONTEXT ( ( #2508 ) ) GLOBAL_UNIT_ASSIGNED_CONTEXT ( ( #3064, #2757, #3473 ) ) REPRESENTATION_CONTEXT ( 'NONE', 'WORKASPACE' ) );
#1183 = DIRECTION ( 'NONE',  ( -1.000000000000000000, 3.614007241618348771E-16, -0.0000000000000000000 ) ) ;
#1184 = VERTEX_POINT ( 'NONE', #3437 ) ;
#1185 = DIRECTION ( 'NONE',  ( -0.0000000000000000000, -0.0000000000000000000, 1.000000000000000000 ) ) ;
#1186 = LINE ( 'NONE', #293, #2146 ) ;
#1187 = CLOSED_SHELL ( 'NONE', ( #2059, #1058, #572, #1205, #2838, #3088, #591 ) ) ;
#1188 = CARTESIAN_POINT ( 'NONE',  ( -2.049999999999999822, -0.4999999999999987232, 0.1981665906347486183 ) ) ;
#1189 = UNCERTAINTY_MEASURE_WITH_UNIT (LENGTH_MEASURE( 1.000000000000000082E-05 ), #1456, 'distance_accuracy_value', 'NONE');
#1190 = AXIS2_PLACEMENT_3D ( 'NONE', #687, #3479, #1627 ) ;
#1191 = ORIENTED_EDGE ( 'NONE', *, *, #1504, .T. ) ;
#1192 = DIRECTION ( 'NONE',  ( -0.0000000000000000000, 1.000000000000000000, 0.0000000000000000000 ) ) ;
#1193 = DIRECTION ( 'NONE',  ( 1.355252715606880296E-16, 1.000000000000000000, 1.355252715606880296E-16 ) ) ;
#1194 = FACE_OUTER_BOUND ( 'NONE', #1666, .T. ) ;
#1195 = DIRECTION ( 'NONE',  ( -1.000000000000000000, 0.0000000000000000000, -0.0000000000000000000 ) ) ;
#1196 = ADVANCED_FACE ( 'NONE', ( #2179 ), #118, .F. ) ;
#1197 = VERTEX_POINT ( 'NONE', #1995 ) ;
#1198 = SURFACE_STYLE_USAGE ( .BOTH. , #1820 ) ;
#1199 = EDGE_CURVE ( 'NONE', #1976, #1150, #3236, .T. ) ;
#1200 = EDGE_CURVE ( 'NONE', #1298, #3115, #211, .T. ) ;
#1201 = ORIENTED_EDGE ( 'NONE', *, *, #2929, .T. ) ;
#1202 = VECTOR ( 'NONE', #2477, 1000.000000000000000 ) ;
#1203 = DIRECTION ( 'NONE',  ( -3.614007241618348771E-16, -1.000000000000000000, 1.606225440719265874E-16 ) ) ;
#1204 = DIRECTION ( 'NONE',  ( 9.795786256852398819E-32, 2.710505431213761578E-16, -1.000000000000000000 ) ) ;
#1205 = ADVANCED_FACE ( 'NONE', ( #2014 ), #2648, .T. ) ;
#1206 = ORIENTED_EDGE ( 'NONE', *, *, #2075, .T. ) ;
#1207 = DIRECTION ( 'NONE',  ( -1.000000000000000000, 1.084202172485504631E-15, 0.0000000000000000000 ) ) ;
#1208 = DIRECTION ( 'NONE',  ( 0.0000000000000000000, -1.000000000000000000, -0.0000000000000000000 ) ) ;
#1209 = PRESENTATION_STYLE_ASSIGNMENT (( #274 ) ) ;
#1210 = VERTEX_POINT ( 'NONE', #2571 ) ;
#1211 = DIRECTION ( 'NONE',  ( 1.000000000000000000, 0.0000000000000000000, -0.0000000000000000000 ) ) ;
#1212 = COLOUR_RGB ( '',0.2980392156862745057, 0.2980392156862745057, 0.2980392156862745057 ) ;
#1213 = FACE_OUTER_BOUND ( 'NONE', #3765, .T. ) ;
#1214 = LINE ( 'NONE', #2651, #264 ) ;
#1215 = CARTESIAN_POINT ( 'NONE',  ( 2.050000000000000711, -1.000000000000000888, 0.09816659063474836300 ) ) ;
#1216 = ORIENTED_EDGE ( 'NONE', *, *, #3422, .T. ) ;
#1217 = CARTESIAN_POINT ( 'NONE',  ( -3.658012784032873110, -1.549999999999998490, 1.348166590634748419 ) ) ;
#1218 = VECTOR ( 'NONE', #1156, 1000.000000000000000 ) ;
#1219 = VERTEX_POINT ( 'NONE', #3836 ) ;
#1220 = AXIS2_PLACEMENT_3D ( 'NONE', #2393, #1461, #1487 ) ;
#1221 = VECTOR ( 'NONE', #1559, 1000.000000000000000 ) ;
#1222 = LINE ( 'NONE', #931, #1259 ) ;
#1223 = ADVANCED_FACE ( 'NONE', ( #191 ), #3495, .F. ) ;
#1224 = LINE ( 'NONE', #3625, #2680 ) ;
#1225 = PRESENTATION_LAYER_ASSIGNMENT (  '', '', ( #2948 ) ) ;
#1226 = ORIENTED_EDGE ( 'NONE', *, *, #376, .F. ) ;
#1227 = SURFACE_SIDE_STYLE ('',( #3669 ) ) ;
#1228 = CARTESIAN_POINT ( 'NONE',  ( 1.400000000000000133, -1.517883041479706996E-15, 2.198166590634748729 ) ) ;
#1229 = CARTESIAN_POINT ( 'NONE',  ( -2.050000000000000711, 1.000000000000000222, 0.09816659063474836300 ) ) ;
#1230 = VECTOR ( 'NONE', #468, 1000.000000000000000 ) ;
#1231 = DIRECTION ( 'NONE',  ( 0.0000000000000000000, 0.0000000000000000000, -1.000000000000000000 ) ) ;
#1232 = EDGE_LOOP ( 'NONE', ( #3515, #2899, #3654, #3172, #1962 ) ) ;
#1233 = CARTESIAN_POINT ( 'NONE',  ( 2.149999999999999911, -1.000000000000000888, 1.798166590634748596 ) ) ;
#1234 = PRESENTATION_STYLE_ASSIGNMENT (( #236 ) ) ;
#1235 = FILL_AREA_STYLE_COLOUR ( '', #1212 ) ;
#1236 = UNCERTAINTY_MEASURE_WITH_UNIT (LENGTH_MEASURE( 1.000000000000000082E-05 ), #2002, 'distance_accuracy_value', 'NONE');
#1237 = SURFACE_SIDE_STYLE ('',( #661 ) ) ;
#1238 = CARTESIAN_POINT ( 'NONE',  ( -2.049999999999999822, 1.550000000000000933, -0.001833409365251895823 ) ) ;
#1239 = EDGE_LOOP ( 'NONE', ( #1596, #3663, #2748, #3605 ) ) ;
#1240 = CARTESIAN_POINT ( 'NONE',  ( -2.250000000000000888, 1.550000000000001155, 1.348166590634748196 ) ) ;
#1241 = ORIENTED_EDGE ( 'NONE', *, *, #355, .F. ) ;
#1242 =( LENGTH_UNIT ( ) NAMED_UNIT ( * ) SI_UNIT ( .MILLI., .METRE. ) );
#1243 = FILL_AREA_STYLE ('',( #30 ) ) ;
#1244 = SURFACE_STYLE_FILL_AREA ( #1687 ) ;
#1245 = ORIENTED_EDGE ( 'NONE', *, *, #1582, .F. ) ;
#1246 =( LENGTH_UNIT ( ) NAMED_UNIT ( * ) SI_UNIT ( .MILLI., .METRE. ) );
#1247 = CARTESIAN_POINT ( 'NONE',  ( -2.049999999999999822, -1.149999999999998579, -0.001833409365251462142 ) ) ;
#1248 = CARTESIAN_POINT ( 'NONE',  ( -2.250000000000000444, 1.550000000000000933, 0.1981665906347482020 ) ) ;
#1249 = PRESENTATION_LAYER_ASSIGNMENT (  '', '', ( #2966 ) ) ;
#1250 = CARTESIAN_POINT ( 'NONE',  ( 1.533011443886480700E-16, -1.519999999999999574, 2.198166590634748729 ) ) ;
#1251 = ORIENTED_EDGE ( 'NONE', *, *, #3821, .F. ) ;
#1252 =( LENGTH_UNIT ( ) NAMED_UNIT ( * ) SI_UNIT ( .MILLI., .METRE. ) );
#1253 = VECTOR ( 'NONE', #1555, 1000.000000000000000 ) ;
#1254 = EDGE_CURVE ( 'NONE', #3844, #1306, #3861, .T. ) ;
#1255 = PRESENTATION_STYLE_ASSIGNMENT (( #2216 ) ) ;
#1256 = AXIS2_PLACEMENT_3D ( 'NONE', #3395, #986, #2471 ) ;
#1257 = FILL_AREA_STYLE_COLOUR ( '', #3199 ) ;
#1258 = ORIENTED_EDGE ( 'NONE', *, *, #3626, .F. ) ;
#1259 = VECTOR ( 'NONE', #2144, 1000.000000000000114 ) ;
#1260 = AXIS2_PLACEMENT_3D ( 'NONE', #3461, #121, #1882 ) ;
#1261 = DIRECTION ( 'NONE',  ( -0.0000000000000000000, -1.000000000000000000, -0.0000000000000000000 ) ) ;
#1262 = VERTEX_POINT ( 'NONE', #3574 ) ;
#1263 = DIRECTION ( 'NONE',  ( -1.000000000000000000, 5.421010862427543864E-16, 0.0000000000000000000 ) ) ;
#1264 = PLANE ( 'NONE',  #1190 ) ;
#1265 = ORIENTED_EDGE ( 'NONE', *, *, #3206, .T. ) ;
#1266 = SURFACE_STYLE_FILL_AREA ( #1013 ) ;
#1267 = LINE ( 'NONE', #1229, #681 ) ;
#1268 = VERTEX_POINT ( 'NONE', #801 ) ;
#1269 = CARTESIAN_POINT ( 'NONE',  ( -1.533011443886480207E-16, 1.550000000000000488, 2.168166590634747593 ) ) ;
#1270 = ORIENTED_EDGE ( 'NONE', *, *, #3879, .F. ) ;
#1271 = LINE ( 'NONE', #675, #3258 ) ;
#1272 = ADVANCED_FACE ( 'NONE', ( #1394 ), #841, .T. ) ;
#1273 = UNCERTAINTY_MEASURE_WITH_UNIT (LENGTH_MEASURE( 1.000000000000000082E-05 ), #1242, 'distance_accuracy_value', 'NONE');
#1274 = CARTESIAN_POINT ( 'NONE',  ( 2.219999999999999307, 0.4999999999999985012, 1.348166590634748641 ) ) ;
#1275 = AXIS2_PLACEMENT_3D ( 'NONE', #1932, #3764, #116 ) ;
#1276 = ORIENTED_EDGE ( 'NONE', *, *, #2954, .T. ) ;
#1277 = MECHANICAL_DESIGN_GEOMETRIC_PRESENTATION_REPRESENTATION (  '', ( #3447 ), #1403 ) ;
#1278 = CARTESIAN_POINT ( 'NONE',  ( -2.050000000000001155, -0.8999999999999992450, 0.09816659063474836300 ) ) ;
#1279 = EDGE_CURVE ( 'NONE', #1619, #3100, #1095, .T. ) ;
#1280 = CARTESIAN_POINT ( 'NONE',  ( -3.658012784032873110, -0.4999999999999987232, -0.001833409365251462142 ) ) ;
#1281 = CARTESIAN_POINT ( 'NONE',  ( 1.150000000000001021, 1.599999999999999867, 0.09816659063474836300 ) ) ;
#1282 = VECTOR ( 'NONE', #2316, 1000.000000000000000 ) ;
#1283 = VERTEX_POINT ( 'NONE', #561 ) ;
#1284 = FILL_AREA_STYLE_COLOUR ( '', #2438 ) ;
#1285 = VECTOR ( 'NONE', #3377, 1000.000000000000000 ) ;
#1286 =( NAMED_UNIT ( * ) SI_UNIT ( $, .STERADIAN. ) SOLID_ANGLE_UNIT ( ) );
#1287 =( GEOMETRIC_REPRESENTATION_CONTEXT ( 3 ) GLOBAL_UNCERTAINTY_ASSIGNED_CONTEXT ( ( #1794 ) ) GLOBAL_UNIT_ASSIGNED_CONTEXT ( ( #2463, #2328, #2032 ) ) REPRESENTATION_CONTEXT ( 'NONE', 'WORKASPACE' ) );
#1288 = LINE ( 'NONE', #3410, #515 ) ;
#1289 = STYLED_ITEM ( 'NONE', ( #2772 ), #3014 ) ;
#1290 = ORIENTED_EDGE ( 'NONE', *, *, #769, .F. ) ;
#1291 = FILL_AREA_STYLE_COLOUR ( '', #2881 ) ;
#1292 = ORIENTED_EDGE ( 'NONE', *, *, #3226, .F. ) ;
#1293 = SURFACE_SIDE_STYLE ('',( #1875 ) ) ;
#1294 =( NAMED_UNIT ( * ) SI_UNIT ( $, .STERADIAN. ) SOLID_ANGLE_UNIT ( ) );
#1295 = PLANE ( 'NONE',  #3081 ) ;
#1296 = ORIENTED_EDGE ( 'NONE', *, *, #948, .T. ) ;
#1297 = DIRECTION ( 'NONE',  ( -1.000000000000000000, -0.0000000000000000000, 0.0000000000000000000 ) ) ;
#1298 = VERTEX_POINT ( 'NONE', #943 ) ;
#1299 = ADVANCED_FACE ( 'NONE', ( #3034 ), #3611, .T. ) ;
#1300 = PLANE ( 'NONE',  #2269 ) ;
#1301 = LINE ( 'NONE', #2515, #2907 ) ;
#1302 = FILL_AREA_STYLE ('',( #1569 ) ) ;
#1303 = VERTEX_POINT ( 'NONE', #2751 ) ;
#1304 = CARTESIAN_POINT ( 'NONE',  ( 1.400000000000000133, -1.517883041479705419E-15, -0.001833409365251895823 ) ) ;
#1305 =( LENGTH_UNIT ( ) NAMED_UNIT ( * ) SI_UNIT ( .MILLI., .METRE. ) );
#1306 = VERTEX_POINT ( 'NONE', #1484 ) ;
#1307 = DIRECTION ( 'NONE',  ( 0.0000000000000000000, 1.000000000000000000, 0.0000000000000000000 ) ) ;
#1308 = LINE ( 'NONE', #382, #302 ) ;
#1309 = PLANE ( 'NONE',  #1275 ) ;
#1310 = FILL_AREA_STYLE ('',( #1257 ) ) ;
#1311 = AXIS2_PLACEMENT_3D ( 'NONE', #63, #3139, #2491 ) ;
#1312 = VECTOR ( 'NONE', #1307, 1000.000000000000000 ) ;
#1313 = VERTEX_POINT ( 'NONE', #1851 ) ;
#1314 = COLOUR_RGB ( '',0.2980392156862745057, 0.2980392156862745057, 0.2980392156862745057 ) ;
#1315 = MECHANICAL_DESIGN_GEOMETRIC_PRESENTATION_REPRESENTATION (  '', ( #1832 ), #3797 ) ;
#1316 = LINE ( 'NONE', #64, #315 ) ;
#1317 = LINE ( 'NONE', #3070, #3886 ) ;
#1318 = EDGE_CURVE ( 'NONE', #2391, #2603, #3059, .T. ) ;
#1319 = STYLED_ITEM ( 'NONE', ( #2300 ), #1791 ) ;
#1320 = ORIENTED_EDGE ( 'NONE', *, *, #1527, .F. ) ;
#1321 = PLANE ( 'NONE',  #2723 ) ;
#1322 = EDGE_CURVE ( 'NONE', #124, #3134, #301, .T. ) ;
#1323 = ORIENTED_EDGE ( 'NONE', *, *, #246, .T. ) ;
#1324 = DIRECTION ( 'NONE',  ( 1.000000000000000000, -5.421010862427543864E-16, -0.0000000000000000000 ) ) ;
#1325 = CARTESIAN_POINT ( 'NONE',  ( 2.050000000000000711, -1.000000000000000888, 0.09816659063474836300 ) ) ;
#1326 = VECTOR ( 'NONE', #1896, 1000.000000000000227 ) ;
#1327 = EDGE_CURVE ( 'NONE', #1444, #1023, #2138, .T. ) ;
#1328 = ORIENTED_EDGE ( 'NONE', *, *, #1952, .T. ) ;
#1329 = CARTESIAN_POINT ( 'NONE',  ( 2.050000000000000711, -1.150000000000000355, 0.09816659063474836300 ) ) ;
#1330 = ORIENTED_EDGE ( 'NONE', *, *, #84, .T. ) ;
#1331 = LINE ( 'NONE', #1037, #1664 ) ;
#1332 = EDGE_LOOP ( 'NONE', ( #1002, #2439, #2980, #2696 ) ) ;
#1333 = SURFACE_STYLE_USAGE ( .BOTH. , #369 ) ;
#1334 = DIRECTION ( 'NONE',  ( 5.804910374431050341E-32, 1.606225440719265874E-16, -1.000000000000000000 ) ) ;
#1335 = FACE_OUTER_BOUND ( 'NONE', #3919, .T. ) ;
#1336 = CARTESIAN_POINT ( 'NONE',  ( -1.149999999999999911, -0.5499999999999994893, 1.748166590634748774 ) ) ;
#1337 = VECTOR ( 'NONE', #900, 1000.000000000000000 ) ;
#1338 = CARTESIAN_POINT ( 'NONE',  ( -2.050000000000001599, 0.0000000000000000000, 0.09816659063474836300 ) ) ;
#1339 = CARTESIAN_POINT ( 'NONE',  ( -2.050000000000000711, -1.149999999999999023, 0.09816659063474836300 ) ) ;
#1340 = SURFACE_SIDE_STYLE ('',( #356 ) ) ;
#1341 = ORIENTED_EDGE ( 'NONE', *, *, #1840, .F. ) ;
#1342 = CARTESIAN_POINT ( 'NONE',  ( 1.150000000000001021, 0.0000000000000000000, 1.798166590634748596 ) ) ;
#1343 = CARTESIAN_POINT ( 'NONE',  ( 1.150000000000000799, 1.599999999999999867, 0.1281665906347501105 ) ) ;
#1344 = DIRECTION ( 'NONE',  ( 0.0000000000000000000, -1.000000000000000000, 0.0000000000000000000 ) ) ;
#1345 =( GEOMETRIC_REPRESENTATION_CONTEXT ( 3 ) GLOBAL_UNCERTAINTY_ASSIGNED_CONTEXT ( ( #2390 ) ) GLOBAL_UNIT_ASSIGNED_CONTEXT ( ( #2315, #442, #739 ) ) REPRESENTATION_CONTEXT ( 'NONE', 'WORKASPACE' ) );
#1346 =( GEOMETRIC_REPRESENTATION_CONTEXT ( 3 ) GLOBAL_UNCERTAINTY_ASSIGNED_CONTEXT ( ( #1431 ) ) GLOBAL_UNIT_ASSIGNED_CONTEXT ( ( #1665, #2593, #862 ) ) REPRESENTATION_CONTEXT ( 'NONE', 'WORKASPACE' ) );
#1347 = EDGE_LOOP ( 'NONE', ( #2921, #2944, #2478, #1410 ) ) ;
#1348 = ORIENTED_EDGE ( 'NONE', *, *, #543, .T. ) ;
#1349 = EDGE_CURVE ( 'NONE', #3578, #3730, #1815, .T. ) ;
#1350 = VECTOR ( 'NONE', #2688, 1000.000000000000000 ) ;
#1351 = CARTESIAN_POINT ( 'NONE',  ( 1.150000000000001021, 1.299999999999999600, 0.9981665906347485517 ) ) ;
#1352 = FILL_AREA_STYLE_COLOUR ( '', #833 ) ;
#1353 =( LENGTH_UNIT ( ) NAMED_UNIT ( * ) SI_UNIT ( .MILLI., .METRE. ) );
#1354 = ORIENTED_EDGE ( 'NONE', *, *, #283, .T. ) ;
#1355 = AXIS2_PLACEMENT_3D ( 'NONE', #2189, #3424, #2516 ) ;
#1356 = COLOUR_RGB ( '',0.2980392156862745057, 0.2980392156862745057, 0.2980392156862745057 ) ;
#1357 = FILL_AREA_STYLE_COLOUR ( '', #1886 ) ;
#1358 = SURFACE_SIDE_STYLE ('',( #3715 ) ) ;
#1359 = PRESENTATION_LAYER_ASSIGNMENT (  '', '', ( #1167 ) ) ;
#1360 = CARTESIAN_POINT ( 'NONE',  ( 2.049999999999999822, -1.550000000000001377, 0.1981665906347482020 ) ) ;
#1361 = FACE_OUTER_BOUND ( 'NONE', #2949, .T. ) ;
#1362 = ORIENTED_EDGE ( 'NONE', *, *, #3404, .T. ) ;
#1363 = PLANE ( 'NONE',  #221 ) ;
#1364 = ORIENTED_EDGE ( 'NONE', *, *, #2326, .F. ) ;
#1365 = CARTESIAN_POINT ( 'NONE',  ( 2.050000000000001599, 1.549999999999999378, 1.348166590634748641 ) ) ;
#1366 = FILL_AREA_STYLE_COLOUR ( '', #3927 ) ;
#1367 = PRESENTATION_STYLE_ASSIGNMENT (( #2620 ) ) ;
#1368 = EDGE_LOOP ( 'NONE', ( #1845, #2827, #2087, #2474 ) ) ;
#1369 = LINE ( 'NONE', #3487, #20 ) ;
#1370 = PLANE ( 'NONE',  #1517 ) ;
#1371 = ADVANCED_FACE ( 'NONE', ( #1776 ), #3940, .F. ) ;
#1372 = VERTEX_POINT ( 'NONE', #3102 ) ;
#1373 = DIRECTION ( 'NONE',  ( 0.0000000000000000000, 0.0000000000000000000, 1.000000000000000000 ) ) ;
#1374 = LINE ( 'NONE', #478, #631 ) ;
#1375 = SURFACE_STYLE_USAGE ( .BOTH. , #120 ) ;
#1376 = DIRECTION ( 'NONE',  ( -1.000000000000000000, 2.710505431213760592E-16, -0.0000000000000000000 ) ) ;
#1377 = ADVANCED_FACE ( 'NONE', ( #2506 ), #2545, .F. ) ;
#1378 = VERTEX_POINT ( 'NONE', #1036 ) ;
#1379 = VECTOR ( 'NONE', #2078, 1000.000000000000000 ) ;
#1380 = SURFACE_STYLE_USAGE ( .BOTH. , #3516 ) ;
#1381 = CARTESIAN_POINT ( 'NONE',  ( -1.400000000000001910, -1.549999999999999600, 0.09816659063474836300 ) ) ;
#1382 = AXIS2_PLACEMENT_3D ( 'NONE', #3434, #1560, #3746 ) ;
#1383 = COLOUR_RGB ( '',0.2980392156862745057, 0.2980392156862745057, 0.2980392156862745057 ) ;
#1384 = VECTOR ( 'NONE', #2555, 1000.000000000000000 ) ;
#1385 = LINE ( 'NONE', #1123, #303 ) ;
#1386 = LINE ( 'NONE', #488, #3318 ) ;
#1387 = ORIENTED_EDGE ( 'NONE', *, *, #1699, .F. ) ;
#1388 = CARTESIAN_POINT ( 'NONE',  ( -2.120000000000001439, 0.0000000000000000000, 2.198166590634748729 ) ) ;
#1389 = PLANE ( 'NONE',  #2613 ) ;
#1390 = UNCERTAINTY_MEASURE_WITH_UNIT (LENGTH_MEASURE( 1.000000000000000082E-05 ), #639, 'distance_accuracy_value', 'NONE');
#1391 = CARTESIAN_POINT ( 'NONE',  ( 2.149999999999999911, -1.550000000000000488, 1.798166590634748596 ) ) ;
#1392 = EDGE_LOOP ( 'NONE', ( #417, #532, #1985, #152 ) ) ;
#1393 = ADVANCED_FACE ( 'NONE', ( #2256 ), #2830, .F. ) ;
#1394 = FACE_OUTER_BOUND ( 'NONE', #2350, .T. ) ;
#1395 = CARTESIAN_POINT ( 'NONE',  ( -2.150000000000000355, 1.000000000000000222, 1.798166590634748596 ) ) ;
#1396 = DIRECTION ( 'NONE',  ( 0.0000000000000000000, -1.000000000000000000, 0.0000000000000000000 ) ) ;
#1397 = CARTESIAN_POINT ( 'NONE',  ( -2.250000000000000888, -1.549999999999998934, 1.318166590634747504 ) ) ;
#1398 = ORIENTED_EDGE ( 'NONE', *, *, #3501, .F. ) ;
#1399 = EDGE_CURVE ( 'NONE', #1598, #3553, #1308, .T. ) ;
#1400 = DIRECTION ( 'NONE',  ( 1.355252715606880789E-16, -1.000000000000000000, 1.355252715606888678E-16 ) ) ;
#1401 = ORIENTED_EDGE ( 'NONE', *, *, #6, .F. ) ;
#1402 = DIRECTION ( 'NONE',  ( 1.355252715606879803E-16, 1.000000000000000000, -1.355252715606882761E-16 ) ) ;
#1403 =( GEOMETRIC_REPRESENTATION_CONTEXT ( 3 ) GLOBAL_UNCERTAINTY_ASSIGNED_CONTEXT ( ( #965 ) ) GLOBAL_UNIT_ASSIGNED_CONTEXT ( ( #1305, #1576, #3721 ) ) REPRESENTATION_CONTEXT ( 'NONE', 'WORKASPACE' ) );
#1404 = ORIENTED_EDGE ( 'NONE', *, *, #2490, .T. ) ;
#1405 = CARTESIAN_POINT ( 'NONE',  ( -2.050000000000000711, 1.000000000000000222, 0.09816659063474836300 ) ) ;
#1406 = DIRECTION ( 'NONE',  ( -1.398970545142586541E-16, 1.000000000000000000, 0.0000000000000000000 ) ) ;
#1407 = VECTOR ( 'NONE', #3496, 1000.000000000000000 ) ;
#1408 = SURFACE_STYLE_FILL_AREA ( #2706 ) ;
#1409 =( NAMED_UNIT ( * ) SI_UNIT ( $, .STERADIAN. ) SOLID_ANGLE_UNIT ( ) );
#1410 = ORIENTED_EDGE ( 'NONE', *, *, #3093, .T. ) ;
#1411 =( GEOMETRIC_REPRESENTATION_CONTEXT ( 3 ) GLOBAL_UNCERTAINTY_ASSIGNED_CONTEXT ( ( #3551 ) ) GLOBAL_UNIT_ASSIGNED_CONTEXT ( ( #619, #2472, #402 ) ) REPRESENTATION_CONTEXT ( 'NONE', 'WORKASPACE' ) );
#1412 = FILL_AREA_STYLE_COLOUR ( '', #2859 ) ;
#1413 = CARTESIAN_POINT ( 'NONE',  ( 2.149999999999999467, 1.550000000000000488, 1.798166590634748596 ) ) ;
#1414 = DIRECTION ( 'NONE',  ( -0.0000000000000000000, -1.000000000000000000, -2.710505431213761578E-16 ) ) ;
#1415 =( GEOMETRIC_REPRESENTATION_CONTEXT ( 3 ) GLOBAL_UNCERTAINTY_ASSIGNED_CONTEXT ( ( #3507 ) ) GLOBAL_UNIT_ASSIGNED_CONTEXT ( ( #2130, #1753, #209 ) ) REPRESENTATION_CONTEXT ( 'NONE', 'WORKASPACE' ) );
#1416 = MECHANICAL_DESIGN_GEOMETRIC_PRESENTATION_REPRESENTATION (  '', ( #3141 ), #1868 ) ;
#1417 = VERTEX_POINT ( 'NONE', #2812 ) ;
#1418 = ADVANCED_FACE ( 'NONE', ( #77 ), #2528, .F. ) ;
#1419 = ORIENTED_EDGE ( 'NONE', *, *, #3136, .F. ) ;
#1420 = DIRECTION ( 'NONE',  ( 1.084202172485504631E-15, 1.000000000000000000, 0.0000000000000000000 ) ) ;
#1421 = EDGE_CURVE ( 'NONE', #1268, #3826, #3586, .T. ) ;
#1422 = ORIENTED_EDGE ( 'NONE', *, *, #1279, .F. ) ;
#1423 = CARTESIAN_POINT ( 'NONE',  ( -1.400000000000001465, 0.0000000000000000000, 0.09816659063474836300 ) ) ;
#1424 = FILL_AREA_STYLE ('',( #3894 ) ) ;
#1425 = FILL_AREA_STYLE_COLOUR ( '', #2747 ) ;
#1426 = VERTEX_POINT ( 'NONE', #1351 ) ;
#1427 = CARTESIAN_POINT ( 'NONE',  ( -2.219999999999998863, -0.8999999999999991340, 1.348166590634748641 ) ) ;
#1428 =( NAMED_UNIT ( * ) PLANE_ANGLE_UNIT ( ) SI_UNIT ( $, .RADIAN. ) );
#1429 = PLANE ( 'NONE',  #850 ) ;
#1430 =( LENGTH_UNIT ( ) NAMED_UNIT ( * ) SI_UNIT ( .MILLI., .METRE. ) );
#1431 = UNCERTAINTY_MEASURE_WITH_UNIT (LENGTH_MEASURE( 1.000000000000000082E-05 ), #1665, 'distance_accuracy_value', 'NONE');
#1432 = CARTESIAN_POINT ( 'NONE',  ( 3.658012784032873110, 0.4999999999999987232, -0.001833409365251462142 ) ) ;
#1433 = ORIENTED_EDGE ( 'NONE', *, *, #495, .T. ) ;
#1434 = SURFACE_SIDE_STYLE ('',( #1132 ) ) ;
#1435 =( NAMED_UNIT ( * ) SI_UNIT ( $, .STERADIAN. ) SOLID_ANGLE_UNIT ( ) );
#1436 = CARTESIAN_POINT ( 'NONE',  ( 0.0000000000000000000, -1.150000000000000355, 0.09816659063474836300 ) ) ;
#1437 = ORIENTED_EDGE ( 'NONE', *, *, #252, .T. ) ;
#1438 = EDGE_LOOP ( 'NONE', ( #2695, #62, #48, #178 ) ) ;
#1439 = COLOUR_RGB ( '',0.2980392156862745057, 0.2980392156862745057, 0.2980392156862745057 ) ;
#1440 = FILL_AREA_STYLE ('',( #2339 ) ) ;
#1441 = CARTESIAN_POINT ( 'NONE',  ( -2.250000000000000888, -0.4000000000000005218, 0.09816659063474836300 ) ) ;
#1442 = EDGE_CURVE ( 'NONE', #1072, #613, #1495, .T. ) ;
#1443 = VECTOR ( 'NONE', #866, 1000.000000000000000 ) ;
#1444 = VERTEX_POINT ( 'NONE', #1680 ) ;
#1445 = DIRECTION ( 'NONE',  ( -5.804910374431050341E-32, -1.606225440719265874E-16, -1.000000000000000000 ) ) ;
#1446 = PRESENTATION_LAYER_ASSIGNMENT (  '', '', ( #2975 ) ) ;
#1447 = AXIS2_PLACEMENT_3D ( 'NONE', #2940, #3871, #3542 ) ;
#1448 =( LENGTH_UNIT ( ) NAMED_UNIT ( * ) SI_UNIT ( .MILLI., .METRE. ) );
#1449 = ADVANCED_FACE ( 'NONE', ( #871 ), #1140, .F. ) ;
#1450 = DIRECTION ( 'NONE',  ( 0.0000000000000000000, 1.000000000000000000, 0.0000000000000000000 ) ) ;
#1451 = ORIENTED_EDGE ( 'NONE', *, *, #2929, .F. ) ;
#1452 = STYLED_ITEM ( 'NONE', ( #2188 ), #1551 ) ;
#1453 = CARTESIAN_POINT ( 'NONE',  ( -2.250000000000000444, 1.150000000000000577, 0.1981665906347482020 ) ) ;
#1454 = PLANE ( 'NONE',  #3109 ) ;
#1455 = EDGE_CURVE ( 'NONE', #2634, #2264, #757, .T. ) ;
#1456 =( LENGTH_UNIT ( ) NAMED_UNIT ( * ) SI_UNIT ( .MILLI., .METRE. ) );
#1457 = ORIENTED_EDGE ( 'NONE', *, *, #61, .T. ) ;
#1458 = CARTESIAN_POINT ( 'NONE',  ( 2.049999999999999822, 1.149999999999998579, -0.001833409365251462142 ) ) ;
#1459 = SURFACE_STYLE_FILL_AREA ( #2094 ) ;
#1460 =( NAMED_UNIT ( * ) SI_UNIT ( $, .STERADIAN. ) SOLID_ANGLE_UNIT ( ) );
#1461 = DIRECTION ( 'NONE',  ( -7.131597286899416631E-17, 0.7071067811865475727, 0.7071067811865475727 ) ) ;
#1462 = MECHANICAL_DESIGN_GEOMETRIC_PRESENTATION_REPRESENTATION (  '', ( #3869 ), #697 ) ;
#1463 = CARTESIAN_POINT ( 'NONE',  ( -2.250000000000000888, 1.000000000000000888, 0.09816659063474836300 ) ) ;
#1464 = VERTEX_POINT ( 'NONE', #2679 ) ;
#1465 = VERTEX_POINT ( 'NONE', #220 ) ;
#1466 = DIRECTION ( 'NONE',  ( 0.0000000000000000000, 1.000000000000000000, 2.710505431213760099E-16 ) ) ;
#1467 = FILL_AREA_STYLE ('',( #1137 ) ) ;
#1468 = CARTESIAN_POINT ( 'NONE',  ( 2.050000000000001155, 1.599999999999999423, 1.348166590634748641 ) ) ;
#1469 =( NAMED_UNIT ( * ) SI_UNIT ( $, .STERADIAN. ) SOLID_ANGLE_UNIT ( ) );
#1470 = CARTESIAN_POINT ( 'NONE',  ( -1.150000000000000133, 1.599999999999999867, 0.09816659063474836300 ) ) ;
#1471 = DIRECTION ( 'NONE',  ( -7.228014483236700500E-16, -1.000000000000000000, -0.0000000000000000000 ) ) ;
#1472 = PRESENTATION_LAYER_ASSIGNMENT (  '', '', ( #642 ) ) ;
#1473 = ORIENTED_EDGE ( 'NONE', *, *, #257, .T. ) ;
#1474 = EDGE_CURVE ( 'NONE', #2965, #967, #529, .T. ) ;
#1475 = CARTESIAN_POINT ( 'NONE',  ( 2.049999999999999822, 0.4999999999999987232, -0.001833409365251462142 ) ) ;
#1476 = COLOUR_RGB ( '',0.2980392156862745057, 0.2980392156862745057, 0.2980392156862745057 ) ;
#1477 = CARTESIAN_POINT ( 'NONE',  ( -2.250000000000000000, 1.550000000000001377, 0.1981665906347481743 ) ) ;
#1478 = LINE ( 'NONE', #2730, #2427 ) ;
#1479 = UNCERTAINTY_MEASURE_WITH_UNIT (LENGTH_MEASURE( 1.000000000000000082E-05 ), #3810, 'distance_accuracy_value', 'NONE');
#1480 = VECTOR ( 'NONE', #1183, 1000.000000000000000 ) ;
#1481 = ORIENTED_EDGE ( 'NONE', *, *, #3803, .F. ) ;
#1482 = FILL_AREA_STYLE ('',( #1539 ) ) ;
#1483 = EDGE_CURVE ( 'NONE', #3864, #254, #1181, .T. ) ;
#1484 = CARTESIAN_POINT ( 'NONE',  ( -1.149999999999999911, 1.550000000000000044, 1.798166590634748596 ) ) ;
#1485 = FILL_AREA_STYLE_COLOUR ( '', #2547 ) ;
#1486 = UNCERTAINTY_MEASURE_WITH_UNIT (LENGTH_MEASURE( 1.000000000000000082E-05 ), #363, 'distance_accuracy_value', 'NONE');
#1487 = DIRECTION ( 'NONE',  ( 0.0000000000000000000, -0.7071067811865474617, 0.7071067811865474617 ) ) ;
#1488 = CARTESIAN_POINT ( 'NONE',  ( -2.250000000000000444, -0.8999999999999992450, 1.318166590634747948 ) ) ;
#1489 = PRESENTATION_LAYER_ASSIGNMENT (  '', '', ( #1610 ) ) ;
#1490 = ORIENTED_EDGE ( 'NONE', *, *, #2565, .T. ) ;
#1491 = DIRECTION ( 'NONE',  ( -1.000000000000000000, -1.008560160451632221E-16, 0.0000000000000000000 ) ) ;
#1492 = VECTOR ( 'NONE', #956, 1000.000000000000000 ) ;
#1493 = CARTESIAN_POINT ( 'NONE',  ( -2.049999999999999822, 1.550000000000000933, 0.1981665906347482020 ) ) ;
#1494 = LINE ( 'NONE', #1468, #2255 ) ;
#1495 = LINE ( 'NONE', #854, #1003 ) ;
#1496 = LINE ( 'NONE', #3872, #2552 ) ;
#1497 = MECHANICAL_DESIGN_GEOMETRIC_PRESENTATION_REPRESENTATION (  '', ( #3338 ), #2567 ) ;
#1498 = DIRECTION ( 'NONE',  ( -1.000000000000000000, -1.008560160451632221E-16, 0.0000000000000000000 ) ) ;
#1499 = PLANE ( 'NONE',  #1120 ) ;
#1500 =( LENGTH_UNIT ( ) NAMED_UNIT ( * ) SI_UNIT ( .MILLI., .METRE. ) );
#1501 = ADVANCED_FACE ( 'NONE', ( #3914 ), #2065, .T. ) ;
#1502 = ORIENTED_EDGE ( 'NONE', *, *, #2005, .T. ) ;
#1503 = LINE ( 'NONE', #2711, #326 ) ;
#1504 = EDGE_CURVE ( 'NONE', #1055, #1813, #3933, .T. ) ;
#1505 = CARTESIAN_POINT ( 'NONE',  ( -1.399999999999999023, 1.150000000000000355, -0.001833409365251895823 ) ) ;
#1506 = CARTESIAN_POINT ( 'NONE',  ( -2.219999999999998863, 1.550000000000000933, 1.348166590634748196 ) ) ;
#1507 = ORIENTED_EDGE ( 'NONE', *, *, #257, .F. ) ;
#1508 = FILL_AREA_STYLE ('',( #887 ) ) ;
#1509 = EDGE_CURVE ( 'NONE', #903, #2391, #2656, .T. ) ;
#1510 = ORIENTED_EDGE ( 'NONE', *, *, #3623, .F. ) ;
#1511 = CARTESIAN_POINT ( 'NONE',  ( 2.050000000000000711, 0.8999999999999999112, 0.09816659063474836300 ) ) ;
#1512 = LINE ( 'NONE', #2104, #2112 ) ;
#1513 = ORIENTED_EDGE ( 'NONE', *, *, #1546, .T. ) ;
#1514 = CARTESIAN_POINT ( 'NONE',  ( 2.050000000000000711, 0.3999999999999997446, 1.798166590634748596 ) ) ;
#1515 = DIRECTION ( 'NONE',  ( -1.000000000000000000, 2.655153185220755092E-47, 9.795786256852398819E-32 ) ) ;
#1516 = PRESENTATION_LAYER_ASSIGNMENT (  '', '', ( #164 ) ) ;
#1517 = AXIS2_PLACEMENT_3D ( 'NONE', #756, #1969, #2527 ) ;
#1518 = CARTESIAN_POINT ( 'NONE',  ( 1.399999999999998801, -1.150000000000000577, 1.348166590634748196 ) ) ;
#1519 =( NAMED_UNIT ( * ) SI_UNIT ( $, .STERADIAN. ) SOLID_ANGLE_UNIT ( ) );
#1520 = VECTOR ( 'NONE', #2225, 1000.000000000000000 ) ;
#1521 = VECTOR ( 'NONE', #3629, 1000.000000000000000 ) ;
#1522 = ORIENTED_EDGE ( 'NONE', *, *, #3181, .T. ) ;
#1523 = FILL_AREA_STYLE ('',( #2351 ) ) ;
#1524 = CARTESIAN_POINT ( 'NONE',  ( -2.250000000000000888, -0.8999999999999990230, 1.348166590634748641 ) ) ;
#1525 = DIRECTION ( 'NONE',  ( 1.000000000000000000, -2.710505431213760592E-16, 0.0000000000000000000 ) ) ;
#1526 = ORIENTED_EDGE ( 'NONE', *, *, #865, .F. ) ;
#1527 = EDGE_CURVE ( 'NONE', #440, #904, #3366, .T. ) ;
#1528 = DIRECTION ( 'NONE',  ( -0.0000000000000000000, 1.000000000000000000, 0.0000000000000000000 ) ) ;
#1529 =( GEOMETRIC_REPRESENTATION_CONTEXT ( 3 ) GLOBAL_UNCERTAINTY_ASSIGNED_CONTEXT ( ( #3352 ) ) GLOBAL_UNIT_ASSIGNED_CONTEXT ( ( #2590, #1079, #1460 ) ) REPRESENTATION_CONTEXT ( 'NONE', 'WORKASPACE' ) );
#1530 = EDGE_CURVE ( 'NONE', #3778, #949, #3384, .T. ) ;
#1531 = SURFACE_STYLE_USAGE ( .BOTH. , #2442 ) ;
#1532 = DIRECTION ( 'NONE',  ( -1.000000000000000000, 3.614007241618348771E-16, 0.0000000000000000000 ) ) ;
#1533 = SURFACE_STYLE_FILL_AREA ( #2405 ) ;
#1534 = FILL_AREA_STYLE_COLOUR ( '', #3203 ) ;
#1535 = ORIENTED_EDGE ( 'NONE', *, *, #3036, .T. ) ;
#1536 = CARTESIAN_POINT ( 'NONE',  ( -3.658012784032873110, -0.8999999999999991340, 1.348166590634748863 ) ) ;
#1537 = FACE_OUTER_BOUND ( 'NONE', #3537, .T. ) ;
#1538 = ORIENTED_EDGE ( 'NONE', *, *, #3112, .T. ) ;
#1539 = FILL_AREA_STYLE_COLOUR ( '', #1863 ) ;
#1540 = AXIS2_PLACEMENT_3D ( 'NONE', #304, #1525, #3924 ) ;
#1541 = SURFACE_SIDE_STYLE ('',( #321 ) ) ;
#1542 = MECHANICAL_DESIGN_GEOMETRIC_PRESENTATION_REPRESENTATION (  '', ( #2044 ), #1029 ) ;
#1543 = CARTESIAN_POINT ( 'NONE',  ( -4.151666203960727053, 1.300000000000000711, 0.9981665906347485517 ) ) ;
#1544 = EDGE_LOOP ( 'NONE', ( #3760, #2400, #2759, #1624 ) ) ;
#1545 = CARTESIAN_POINT ( 'NONE',  ( -1.149999999999999911, -0.5499999999999984901, 0.2481665906347483297 ) ) ;
#1546 = EDGE_CURVE ( 'NONE', #613, #3844, #1865, .T. ) ;
#1547 = AXIS2_PLACEMENT_3D ( 'NONE', #3909, #902, #1195 ) ;
#1548 = CARTESIAN_POINT ( 'NONE',  ( -2.049999999999999822, -1.149999999999999023, -0.001833409365251462142 ) ) ;
#1549 = FACE_OUTER_BOUND ( 'NONE', #3381, .T. ) ;
#1550 = PRESENTATION_STYLE_ASSIGNMENT (( #2765 ) ) ;
#1551 = ADVANCED_FACE ( 'NONE', ( #912 ), #3090, .F. ) ;
#1552 = VECTOR ( 'NONE', #1809, 1000.000000000000000 ) ;
#1553 = VERTEX_POINT ( 'NONE', #354 ) ;
#1554 = LINE ( 'NONE', #2465, #1164 ) ;
#1555 = DIRECTION ( 'NONE',  ( 7.228014483236700500E-16, 1.000000000000000000, 0.0000000000000000000 ) ) ;
#1556 = LINE ( 'NONE', #3409, #1707 ) ;
#1557 = VECTOR ( 'NONE', #1402, 1000.000000000000000 ) ;
#1558 = FILL_AREA_STYLE_COLOUR ( '', #1476 ) ;
#1559 = DIRECTION ( 'NONE',  ( -1.355252715606880789E-16, 1.000000000000000000, 1.355252715606888678E-16 ) ) ;
#1560 = DIRECTION ( 'NONE',  ( 0.7071067811865479058, -1.916616770854216810E-16, -0.7071067811865472397 ) ) ;
#1561 = FACE_OUTER_BOUND ( 'NONE', #1658, .T. ) ;
#1562 = UNCERTAINTY_MEASURE_WITH_UNIT (LENGTH_MEASURE( 1.000000000000000082E-05 ), #1500, 'distance_accuracy_value', 'NONE');
#1563 = SURFACE_SIDE_STYLE ('',( #1838 ) ) ;
#1564 = ORIENTED_EDGE ( 'NONE', *, *, #2441, .T. ) ;
#1565 = CARTESIAN_POINT ( 'NONE',  ( -1.150000000000000133, 1.600000000000000089, 0.1281665906347501660 ) ) ;
#1566 = SURFACE_STYLE_USAGE ( .BOTH. , #328 ) ;
#1567 = EDGE_LOOP ( 'NONE', ( #1719, #1226, #3787, #694, #2837, #657, #1012, #2299, #2379, #3593, #1586, #1842, #1362, #3431, #2901, #2067, #1919, #1179, #994, #3132 ) ) ;
#1568 = CARTESIAN_POINT ( 'NONE',  ( -2.049999999999999822, -0.8999999999999993561, 0.1981665906347486183 ) ) ;
#1569 = FILL_AREA_STYLE_COLOUR ( '', #404 ) ;
#1570 = ORIENTED_EDGE ( 'NONE', *, *, #964, .T. ) ;
#1571 = LINE ( 'NONE', #2192, #531 ) ;
#1572 = DIRECTION ( 'NONE',  ( 0.0000000000000000000, 0.0000000000000000000, 1.000000000000000000 ) ) ;
#1573 = EDGE_CURVE ( 'NONE', #2531, #2201, #1823, .T. ) ;
#1574 = CARTESIAN_POINT ( 'NONE',  ( -1.400000000000001243, -0.8999999999999994671, 0.09816659063474836300 ) ) ;
#1575 = VECTOR ( 'NONE', #1101, 1000.000000000000000 ) ;
#1576 =( NAMED_UNIT ( * ) PLANE_ANGLE_UNIT ( ) SI_UNIT ( $, .RADIAN. ) );
#1577 = EDGE_LOOP ( 'NONE', ( #635, #2599, #241, #3413, #916 ) ) ;
#1578 = VECTOR ( 'NONE', #3679, 1000.000000000000000 ) ;
#1579 = DIRECTION ( 'NONE',  ( 0.0000000000000000000, 0.0000000000000000000, 1.000000000000000000 ) ) ;
#1580 = AXIS2_PLACEMENT_3D ( 'NONE', #131, #776, #2566 ) ;
#1581 = ORIENTED_EDGE ( 'NONE', *, *, #1620, .F. ) ;
#1582 = EDGE_CURVE ( 'NONE', #254, #967, #1222, .T. ) ;
#1583 = PRESENTATION_LAYER_ASSIGNMENT (  '', '', ( #161 ) ) ;
#1584 = LINE ( 'NONE', #2794, #1727 ) ;
#1585 = CARTESIAN_POINT ( 'NONE',  ( -2.250000000000000888, -1.549999999999998934, 1.348166590634748419 ) ) ;
#1586 = ORIENTED_EDGE ( 'NONE', *, *, #1349, .T. ) ;
#1587 = VECTOR ( 'NONE', #2977, 1000.000000000000000 ) ;
#1588 = DIRECTION ( 'NONE',  ( 0.0000000000000000000, 1.000000000000000000, 0.0000000000000000000 ) ) ;
#1589 = ORIENTED_EDGE ( 'NONE', *, *, #6, .T. ) ;
#1590 = DIRECTION ( 'NONE',  ( 1.000000000000000000, -3.614007241618348771E-16, 0.0000000000000000000 ) ) ;
#1591 = AXIS2_PLACEMENT_3D ( 'NONE', #1684, #237, #3881 ) ;
#1592 = VERTEX_POINT ( 'NONE', #628 ) ;
#1593 = PRESENTATION_STYLE_ASSIGNMENT (( #3408 ) ) ;
#1594 = LINE ( 'NONE', #1847, #162 ) ;
#1595 = EDGE_CURVE ( 'NONE', #949, #2721, #881, .T. ) ;
#1596 = ORIENTED_EDGE ( 'NONE', *, *, #1595, .T. ) ;
#1597 = DIRECTION ( 'NONE',  ( -1.000000000000000000, 3.614007241618348771E-16, -0.0000000000000000000 ) ) ;
#1598 = VERTEX_POINT ( 'NONE', #1548 ) ;
#1599 = DIRECTION ( 'NONE',  ( 1.000000000000000000, -3.614007241618348771E-16, 0.0000000000000000000 ) ) ;
#1600 = SURFACE_STYLE_FILL_AREA ( #2257 ) ;
#1601 = UNCERTAINTY_MEASURE_WITH_UNIT (LENGTH_MEASURE( 1.000000000000000082E-05 ), #3200, 'distance_accuracy_value', 'NONE');
#1602 = ADVANCED_FACE ( 'NONE', ( #2762 ), #1264, .F. ) ;
#1603 =( GEOMETRIC_REPRESENTATION_CONTEXT ( 3 ) GLOBAL_UNCERTAINTY_ASSIGNED_CONTEXT ( ( #79 ) ) GLOBAL_UNIT_ASSIGNED_CONTEXT ( ( #188, #2327, #2011 ) ) REPRESENTATION_CONTEXT ( 'NONE', 'WORKASPACE' ) );
#1604 = ORIENTED_EDGE ( 'NONE', *, *, #968, .T. ) ;
#1605 = LINE ( 'NONE', #737, #2015 ) ;
#1606 = FILL_AREA_STYLE_COLOUR ( '', #1655 ) ;
#1607 = AXIS2_PLACEMENT_3D ( 'NONE', #2661, #588, #314 ) ;
#1608 = ORIENTED_EDGE ( 'NONE', *, *, #2537, .F. ) ;
#1609 = SURFACE_SIDE_STYLE ('',( #1266 ) ) ;
#1610 = STYLED_ITEM ( 'NONE', ( #1000 ), #3775 ) ;
#1611 = AXIS2_PLACEMENT_3D ( 'NONE', #3655, #3350, #3033 ) ;
#1612 = STYLED_ITEM ( 'NONE', ( #1650 ), #8 ) ;
#1613 = PRESENTATION_STYLE_ASSIGNMENT (( #2503 ) ) ;
#1614 = ORIENTED_EDGE ( 'NONE', *, *, #2111, .T. ) ;
#1615 = DIRECTION ( 'NONE',  ( -0.0000000000000000000, -0.0000000000000000000, -1.000000000000000000 ) ) ;
#1616 = LINE ( 'NONE', #1017, #1312 ) ;
#1617 = AXIS2_PLACEMENT_3D ( 'NONE', #1980, #3202, #2895 ) ;
#1618 = CARTESIAN_POINT ( 'NONE',  ( 0.0000000000000000000, 0.0000000000000000000, 1.798166590634748596 ) ) ;
#1619 = VERTEX_POINT ( 'NONE', #1899 ) ;
#1620 = EDGE_CURVE ( 'NONE', #896, #2808, #2263, .T. ) ;
#1621 = DIRECTION ( 'NONE',  ( 0.0000000000000000000, -1.000000000000000000, 0.0000000000000000000 ) ) ;
#1622 = CARTESIAN_POINT ( 'NONE',  ( 2.149999999999999911, -1.550000000000000488, 1.798166590634748596 ) ) ;
#1623 = CARTESIAN_POINT ( 'NONE',  ( 1.150000000000000355, -1.550000000000000266, 1.798166590634748596 ) ) ;
#1624 = ORIENTED_EDGE ( 'NONE', *, *, #2137, .T. ) ;
#1625 = ADVANCED_FACE ( 'NONE', ( #389 ), #1941, .F. ) ;
#1626 =( LENGTH_UNIT ( ) NAMED_UNIT ( * ) SI_UNIT ( .MILLI., .METRE. ) );
#1627 = DIRECTION ( 'NONE',  ( -1.000000000000000000, 3.614007241618348771E-16, 0.0000000000000000000 ) ) ;
#1628 = ORIENTED_EDGE ( 'NONE', *, *, #3808, .F. ) ;
#1629 = DIRECTION ( 'NONE',  ( 0.0000000000000000000, 0.0000000000000000000, -1.000000000000000000 ) ) ;
#1630 = FACE_OUTER_BOUND ( 'NONE', #977, .T. ) ;
#1631 = SURFACE_STYLE_USAGE ( .BOTH. , #1905 ) ;
#1632 = ORIENTED_EDGE ( 'NONE', *, *, #1143, .T. ) ;
#1633 = LINE ( 'NONE', #19, #1162 ) ;
#1634 = CARTESIAN_POINT ( 'NONE',  ( -2.150000000000000355, 1.550000000000000044, 1.798166590634748596 ) ) ;
#1635 = VECTOR ( 'NONE', #426, 1000.000000000000000 ) ;
#1636 = FILL_AREA_STYLE ('',( #660 ) ) ;
#1637 =( LENGTH_UNIT ( ) NAMED_UNIT ( * ) SI_UNIT ( .MILLI., .METRE. ) );
#1638 = CARTESIAN_POINT ( 'NONE',  ( 2.250000000000000888, -1.000000000000000888, 0.09816659063474836300 ) ) ;
#1639 = VECTOR ( 'NONE', #3745, 1000.000000000000000 ) ;
#1640 = ORIENTED_EDGE ( 'NONE', *, *, #1738, .F. ) ;
#1641 = VECTOR ( 'NONE', #2733, 1000.000000000000000 ) ;
#1642 = CARTESIAN_POINT ( 'NONE',  ( 2.050000000000000711, -1.000000000000000888, 0.09816659063474836300 ) ) ;
#1643 = SURFACE_SIDE_STYLE ('',( #3806 ) ) ;
#1644 =( GEOMETRIC_REPRESENTATION_CONTEXT ( 3 ) GLOBAL_UNCERTAINTY_ASSIGNED_CONTEXT ( ( #1236 ) ) GLOBAL_UNIT_ASSIGNED_CONTEXT ( ( #2002, #1161, #216 ) ) REPRESENTATION_CONTEXT ( 'NONE', 'WORKASPACE' ) );
#1645 = AXIS2_PLACEMENT_3D ( 'NONE', #1280, #1726, #1762 ) ;
#1646 = EDGE_CURVE ( 'NONE', #1619, #2148, #745, .T. ) ;
#1647 = ORIENTED_EDGE ( 'NONE', *, *, #2983, .F. ) ;
#1648 = PRESENTATION_STYLE_ASSIGNMENT (( #744 ) ) ;
#1649 = DIRECTION ( 'NONE',  ( -1.000000000000000000, 3.614007241618348771E-16, 0.0000000000000000000 ) ) ;
#1650 = PRESENTATION_STYLE_ASSIGNMENT (( #2784 ) ) ;
#1651 = EDGE_CURVE ( 'NONE', #28, #536, #3421, .T. ) ;
#1652 = ORIENTED_EDGE ( 'NONE', *, *, #2664, .F. ) ;
#1653 = CARTESIAN_POINT ( 'NONE',  ( -1.149999999999999467, 0.0000000000000000000, 1.798166590634748596 ) ) ;
#1654 = PRESENTATION_STYLE_ASSIGNMENT (( #3205 ) ) ;
#1655 = COLOUR_RGB ( '',0.2980392156862745057, 0.2980392156862745057, 0.2980392156862745057 ) ;
#1656 = CARTESIAN_POINT ( 'NONE',  ( -2.050000000000000711, -1.600000000000000755, 0.09816659063474836300 ) ) ;
#1657 = ORIENTED_EDGE ( 'NONE', *, *, #888, .F. ) ;
#1658 = EDGE_LOOP ( 'NONE', ( #3756, #2888, #2131, #3818 ) ) ;
#1659 = DIRECTION ( 'NONE',  ( -0.0000000000000000000, -1.000000000000000000, -2.710505431213760099E-16 ) ) ;
#1660 = DIRECTION ( 'NONE',  ( -5.804910374431050341E-32, -1.606225440719265874E-16, -1.000000000000000000 ) ) ;
#1661 = SURFACE_SIDE_STYLE ('',( #3177 ) ) ;
#1662 = ORIENTED_EDGE ( 'NONE', *, *, #1530, .F. ) ;
#1663 = LINE ( 'NONE', #1642, #2521 ) ;
#1664 = VECTOR ( 'NONE', #3468, 1000.000000000000000 ) ;
#1665 =( LENGTH_UNIT ( ) NAMED_UNIT ( * ) SI_UNIT ( .MILLI., .METRE. ) );
#1666 = EDGE_LOOP ( 'NONE', ( #774, #1437, #435, #3125, #467, #3072, #1270, #1245 ) ) ;
#1667 =( NAMED_UNIT ( * ) SI_UNIT ( $, .STERADIAN. ) SOLID_ANGLE_UNIT ( ) );
#1668 = CARTESIAN_POINT ( 'NONE',  ( -2.250000000000000888, 1.000000000000000888, 0.09816659063474836300 ) ) ;
#1669 = EDGE_CURVE ( 'NONE', #536, #3826, #1977, .T. ) ;
#1670 = SURFACE_STYLE_FILL_AREA ( #2539 ) ;
#1671 = STYLED_ITEM ( 'NONE', ( #136 ), #2559 ) ;
#1672 = PLANE ( 'NONE',  #2277 ) ;
#1673 = EDGE_CURVE ( 'NONE', #1008, #129, #1301, .T. ) ;
#1674 = PRESENTATION_STYLE_ASSIGNMENT (( #2561 ) ) ;
#1675 = ORIENTED_EDGE ( 'NONE', *, *, #3494, .T. ) ;
#1676 = SURFACE_STYLE_USAGE ( .BOTH. , #2849 ) ;
#1677 =( GEOMETRIC_REPRESENTATION_CONTEXT ( 3 ) GLOBAL_UNCERTAINTY_ASSIGNED_CONTEXT ( ( #3312 ) ) GLOBAL_UNIT_ASSIGNED_CONTEXT ( ( #1353, #3782, #3531 ) ) REPRESENTATION_CONTEXT ( 'NONE', 'WORKASPACE' ) );
#1678 = VECTOR ( 'NONE', #3133, 999.9999999999998863 ) ;
#1679 = EDGE_CURVE ( 'NONE', #481, #3890, #1010, .T. ) ;
#1680 = CARTESIAN_POINT ( 'NONE',  ( -1.400000000000001243, -0.8999999999999994671, -0.001833409365251462142 ) ) ;
#1681 = ORIENTED_EDGE ( 'NONE', *, *, #300, .T. ) ;
#1682 = VECTOR ( 'NONE', #3324, 1000.000000000000000 ) ;
#1683 = DIRECTION ( 'NONE',  ( 0.0000000000000000000, 0.0000000000000000000, -1.000000000000000000 ) ) ;
#1684 = CARTESIAN_POINT ( 'NONE',  ( -2.049999999999999822, 1.550000000000001377, 0.1981665906347482020 ) ) ;
#1685 = VECTOR ( 'NONE', #3426, 1000.000000000000000 ) ;
#1686 =( NAMED_UNIT ( * ) SI_UNIT ( $, .STERADIAN. ) SOLID_ANGLE_UNIT ( ) );
#1687 = FILL_AREA_STYLE ('',( #3091 ) ) ;
#1688 = ORIENTED_EDGE ( 'NONE', *, *, #3847, .F. ) ;
#1689 = FACE_OUTER_BOUND ( 'NONE', #1332, .T. ) ;
#1690 = SURFACE_SIDE_STYLE ('',( #975 ) ) ;
#1691 = DIRECTION ( 'NONE',  ( 0.0000000000000000000, 1.000000000000000000, 0.0000000000000000000 ) ) ;
#1692 = DIRECTION ( 'NONE',  ( -0.0000000000000000000, 1.000000000000000000, 0.0000000000000000000 ) ) ;
#1693 = LINE ( 'NONE', #2267, #3273 ) ;
#1694 = EDGE_CURVE ( 'NONE', #1268, #2974, #2536, .T. ) ;
#1695 = ORIENTED_EDGE ( 'NONE', *, *, #418, .F. ) ;
#1696 = LINE ( 'NONE', #2926, #3637 ) ;
#1697 = FILL_AREA_STYLE ('',( #3230 ) ) ;
#1698 = ORIENTED_EDGE ( 'NONE', *, *, #939, .F. ) ;
#1699 = EDGE_CURVE ( 'NONE', #1987, #1800, #2840, .T. ) ;
#1700 = FILL_AREA_STYLE ('',( #1357 ) ) ;
#1701 = AXIS2_PLACEMENT_3D ( 'NONE', #2532, #1621, #3455 ) ;
#1702 = LINE ( 'NONE', #3534, #3310 ) ;
#1703 =( NAMED_UNIT ( * ) PLANE_ANGLE_UNIT ( ) SI_UNIT ( $, .RADIAN. ) );
#1704 = CARTESIAN_POINT ( 'NONE',  ( 3.658012784032873110, 0.8999999999999986899, 0.09816659063474836300 ) ) ;
#1705 = VERTEX_POINT ( 'NONE', #1381 ) ;
#1706 =( GEOMETRIC_REPRESENTATION_CONTEXT ( 3 ) GLOBAL_UNCERTAINTY_ASSIGNED_CONTEXT ( ( #999 ) ) GLOBAL_UNIT_ASSIGNED_CONTEXT ( ( #2486, #3414, #115 ) ) REPRESENTATION_CONTEXT ( 'NONE', 'WORKASPACE' ) );
#1707 = VECTOR ( 'NONE', #1208, 1000.000000000000000 ) ;
#1708 = DIRECTION ( 'NONE',  ( 9.795786256852394440E-32, 2.710505431213760099E-16, -1.000000000000000000 ) ) ;
#1709 = DIRECTION ( 'NONE',  ( -1.000000000000000000, 3.614007241618348771E-16, 0.0000000000000000000 ) ) ;
#1710 = PRESENTATION_LAYER_ASSIGNMENT (  '', '', ( #1452 ) ) ;
#1711 = ORIENTED_EDGE ( 'NONE', *, *, #2978, .F. ) ;
#1712 = CYLINDRICAL_SURFACE ( 'NONE', #945, 0.7500000000000000000 ) ;
#1713 = FILL_AREA_STYLE_COLOUR ( '', #68 ) ;
#1714 = ORIENTED_EDGE ( 'NONE', *, *, #1474, .T. ) ;
#1715 = LINE ( 'NONE', #2579, #1041 ) ;
#1716 = CARTESIAN_POINT ( 'NONE',  ( 0.0000000000000000000, 1.150000000000000577, 0.09816659063474836300 ) ) ;
#1717 = ADVANCED_FACE ( 'NONE', ( #106 ), #1321, .T. ) ;
#1718 = VECTOR ( 'NONE', #1588, 1000.000000000000000 ) ;
#1719 = ORIENTED_EDGE ( 'NONE', *, *, #1933, .F. ) ;
#1720 =( NAMED_UNIT ( * ) PLANE_ANGLE_UNIT ( ) SI_UNIT ( $, .RADIAN. ) );
#1721 =( LENGTH_UNIT ( ) NAMED_UNIT ( * ) SI_UNIT ( .MILLI., .METRE. ) );
#1722 = EDGE_CURVE ( 'NONE', #3319, #2482, #2079, .T. ) ;
#1723 =( LENGTH_UNIT ( ) NAMED_UNIT ( * ) SI_UNIT ( .MILLI., .METRE. ) );
#1724 = PLANE ( 'NONE',  #2489 ) ;
#1725 = ORIENTED_EDGE ( 'NONE', *, *, #55, .F. ) ;
#1726 = DIRECTION ( 'NONE',  ( 0.0000000000000000000, 0.0000000000000000000, 1.000000000000000000 ) ) ;
#1727 = VECTOR ( 'NONE', #439, 1000.000000000000000 ) ;
#1728 = LINE ( 'NONE', #3870, #1994 ) ;
#1729 = LINE ( 'NONE', #3265, #50 ) ;
#1730 = PLANE ( 'NONE',  #3450 ) ;
#1731 = EDGE_LOOP ( 'NONE', ( #296, #689, #958, #503, #1115, #521, #3436, #2488 ) ) ;
#1732 = CARTESIAN_POINT ( 'NONE',  ( 2.149999999999999467, 1.550000000000000488, 1.798166590634748596 ) ) ;
#1733 = DIRECTION ( 'NONE',  ( -1.000000000000000000, 3.614007241618348771E-16, -0.0000000000000000000 ) ) ;
#1734 = DIRECTION ( 'NONE',  ( 0.0000000000000000000, 0.0000000000000000000, -1.000000000000000000 ) ) ;
#1735 =( LENGTH_UNIT ( ) NAMED_UNIT ( * ) SI_UNIT ( .MILLI., .METRE. ) );
#1736 = AXIS2_PLACEMENT_3D ( 'NONE', #1096, #3513, #3839 ) ;
#1737 = ORIENTED_EDGE ( 'NONE', *, *, #1884, .F. ) ;
#1738 = EDGE_CURVE ( 'NONE', #2785, #306, #789, .T. ) ;
#1739 = CARTESIAN_POINT ( 'NONE',  ( -1.149999999999999911, -1.600000000000000977, 1.798166590634748596 ) ) ;
#1740 = CARTESIAN_POINT ( 'NONE',  ( -2.050000000000000711, -0.4000000000000006328, 0.09816659063474836300 ) ) ;
#1741 = PRESENTATION_LAYER_ASSIGNMENT (  '', '', ( #82 ) ) ;
#1742 = ORIENTED_EDGE ( 'NONE', *, *, #2737, .T. ) ;
#1743 = EDGE_CURVE ( 'NONE', #1444, #903, #3302, .T. ) ;
#1744 = VECTOR ( 'NONE', #770, 1000.000000000000000 ) ;
#1745 = ORIENTED_EDGE ( 'NONE', *, *, #3475, .T. ) ;
#1746 = EDGE_CURVE ( 'NONE', #28, #1268, #563, .T. ) ;
#1747 = SURFACE_STYLE_FILL_AREA ( #1424 ) ;
#1748 = LINE ( 'NONE', #290, #333 ) ;
#1749 = ORIENTED_EDGE ( 'NONE', *, *, #3287, .F. ) ;
#1750 = SURFACE_STYLE_USAGE ( .BOTH. , #873 ) ;
#1751 = DIRECTION ( 'NONE',  ( 1.000000000000000000, -0.0000000000000000000, 0.0000000000000000000 ) ) ;
#1752 = SURFACE_STYLE_FILL_AREA ( #2346 ) ;
#1753 =( NAMED_UNIT ( * ) PLANE_ANGLE_UNIT ( ) SI_UNIT ( $, .RADIAN. ) );
#1754 = ORIENTED_EDGE ( 'NONE', *, *, #2402, .F. ) ;
#1755 = LINE ( 'NONE', #3594, #3086 ) ;
#1756 =( NAMED_UNIT ( * ) SI_UNIT ( $, .STERADIAN. ) SOLID_ANGLE_UNIT ( ) );
#1757 = DIRECTION ( 'NONE',  ( 1.000000000000000000, 0.0000000000000000000, -0.0000000000000000000 ) ) ;
#1758 = FACE_OUTER_BOUND ( 'NONE', #2842, .T. ) ;
#1759 = DIRECTION ( 'NONE',  ( 0.0000000000000000000, 0.0000000000000000000, -1.000000000000000000 ) ) ;
#1760 = EDGE_LOOP ( 'NONE', ( #360, #3480, #580, #1276 ) ) ;
#1761 = ORIENTED_EDGE ( 'NONE', *, *, #793, .T. ) ;
#1762 = DIRECTION ( 'NONE',  ( 1.000000000000000000, 0.0000000000000000000, -0.0000000000000000000 ) ) ;
#1763 = EDGE_CURVE ( 'NONE', #2000, #2673, #849, .T. ) ;
#1764 = VECTOR ( 'NONE', #961, 1000.000000000000000 ) ;
#1765 = EDGE_LOOP ( 'NONE', ( #558, #710, #2996, #3356, #2826, #1657 ) ) ;
#1766 = SURFACE_SIDE_STYLE ('',( #1163 ) ) ;
#1767 = VECTOR ( 'NONE', #3830, 1000.000000000000000 ) ;
#1768 = FILL_AREA_STYLE ('',( #2982 ) ) ;
#1769 = DIRECTION ( 'NONE',  ( 1.000000000000000000, 1.008560160451632221E-16, 0.0000000000000000000 ) ) ;
#1770 = EDGE_LOOP ( 'NONE', ( #285, #790, #2677, #2102, #780 ) ) ;
#1771 = STYLED_ITEM ( 'NONE', ( #2244 ), #1717 ) ;
#1772 = CARTESIAN_POINT ( 'NONE',  ( -2.219999999999998419, 1.550000000000001599, 1.348166590634748196 ) ) ;
#1773 =( GEOMETRIC_REPRESENTATION_CONTEXT ( 3 ) GLOBAL_UNCERTAINTY_ASSIGNED_CONTEXT ( ( #717 ) ) GLOBAL_UNIT_ASSIGNED_CONTEXT ( ( #49, #3024, #288 ) ) REPRESENTATION_CONTEXT ( 'NONE', 'WORKASPACE' ) );
#1774 = DIRECTION ( 'NONE',  ( 0.0000000000000000000, 1.000000000000000000, 0.0000000000000000000 ) ) ;
#1775 = VERTEX_POINT ( 'NONE', #2937 ) ;
#1776 = FACE_OUTER_BOUND ( 'NONE', #1104, .T. ) ;
#1777 = DIRECTION ( 'NONE',  ( 0.0000000000000000000, -0.0000000000000000000, -1.000000000000000000 ) ) ;
#1778 = VECTOR ( 'NONE', #2203, 1000.000000000000000 ) ;
#1779 = CARTESIAN_POINT ( 'NONE',  ( 2.120000000000000107, 0.0000000000000000000, 2.198166590634748729 ) ) ;
#1780 = EDGE_LOOP ( 'NONE', ( #2797, #476, #3405, #2846, #2252, #2317, #1581, #1647 ) ) ;
#1781 = ORIENTED_EDGE ( 'NONE', *, *, #2983, .T. ) ;
#1782 = CARTESIAN_POINT ( 'NONE',  ( 2.250000000000000444, -1.550000000000001155, 1.318166590634746838 ) ) ;
#1783 = DIRECTION ( 'NONE',  ( -1.000000000000000000, -1.008560160451632221E-16, 0.0000000000000000000 ) ) ;
#1784 = EDGE_CURVE ( 'NONE', #3778, #3553, #1084, .T. ) ;
#1785 = SURFACE_SIDE_STYLE ('',( #2064 ) ) ;
#1786 = DIRECTION ( 'NONE',  ( 0.0000000000000000000, 1.000000000000000000, -0.0000000000000000000 ) ) ;
#1787 = VECTOR ( 'NONE', #473, 1000.000000000000000 ) ;
#1788 = ORIENTED_EDGE ( 'NONE', *, *, #2583, .F. ) ;
#1789 = CARTESIAN_POINT ( 'NONE',  ( 2.149999999999999467, 1.550000000000000488, 1.798166590634748596 ) ) ;
#1790 = LINE ( 'NONE', #511, #3732 ) ;
#1791 = ADVANCED_FACE ( 'NONE', ( #3888 ), #262, .F. ) ;
#1792 = FACE_OUTER_BOUND ( 'NONE', #3066, .T. ) ;
#1793 = SURFACE_SIDE_STYLE ('',( #876 ) ) ;
#1794 = UNCERTAINTY_MEASURE_WITH_UNIT (LENGTH_MEASURE( 1.000000000000000082E-05 ), #2463, 'distance_accuracy_value', 'NONE');
#1795 = VECTOR ( 'NONE', #144, 1000.000000000000000 ) ;
#1796 = ADVANCED_FACE ( 'NONE', ( #3518 ), #2915, .F. ) ;
#1797 = VECTOR ( 'NONE', #2037, 1000.000000000000000 ) ;
#1798 =( LENGTH_UNIT ( ) NAMED_UNIT ( * ) SI_UNIT ( .MILLI., .METRE. ) );
#1799 = PLANE ( 'NONE',  #1547 ) ;
#1800 = VERTEX_POINT ( 'NONE', #905 ) ;
#1801 = CARTESIAN_POINT ( 'NONE',  ( 2.250000000000000888, 0.0000000000000000000, 0.09816659063474836300 ) ) ;
#1802 =( NAMED_UNIT ( * ) SI_UNIT ( $, .STERADIAN. ) SOLID_ANGLE_UNIT ( ) );
#1803 = VECTOR ( 'NONE', #1597, 1000.000000000000000 ) ;
#1804 = ORIENTED_EDGE ( 'NONE', *, *, #3206, .F. ) ;
#1805 = AXIS2_PLACEMENT_3D ( 'NONE', #1027, #2247, #2265 ) ;
#1806 = SURFACE_STYLE_FILL_AREA ( #2499 ) ;
#1807 = CARTESIAN_POINT ( 'NONE',  ( 2.149999999999999911, 0.3999999999999997446, 1.798166590634748596 ) ) ;
#1808 = VERTEX_POINT ( 'NONE', #352 ) ;
#1809 = DIRECTION ( 'NONE',  ( 0.0000000000000000000, -1.000000000000000000, 0.0000000000000000000 ) ) ;
#1810 = CARTESIAN_POINT ( 'NONE',  ( 2.250000000000000888, 1.549999999999998934, 1.348166590634748419 ) ) ;
#1811 = CARTESIAN_POINT ( 'NONE',  ( 1.400000000000001910, 1.549999999999999600, 0.09816659063474836300 ) ) ;
#1812 = EDGE_CURVE ( 'NONE', #547, #7, #2124, .T. ) ;
#1813 = VERTEX_POINT ( 'NONE', #1880 ) ;
#1814 = PRESENTATION_STYLE_ASSIGNMENT (( #2669 ) ) ;
#1815 = LINE ( 'NONE', #3880, #3795 ) ;
#1816 = SURFACE_STYLE_USAGE ( .BOTH. , #1155 ) ;
#1817 = CARTESIAN_POINT ( 'NONE',  ( 0.0000000000000000000, -1.550000000000000933, 0.09816659063474836300 ) ) ;
#1818 = EDGE_CURVE ( 'NONE', #1197, #1313, #44, .T. ) ;
#1819 = ORIENTED_EDGE ( 'NONE', *, *, #1651, .T. ) ;
#1820 = SURFACE_SIDE_STYLE ('',( #3929 ) ) ;
#1821 = CARTESIAN_POINT ( 'NONE',  ( -3.658012784032873110, -1.149999999999998579, -0.001833409365251462142 ) ) ;
#1822 = ORIENTED_EDGE ( 'NONE', *, *, #1673, .T. ) ;
#1823 = LINE ( 'NONE', #313, #2088 ) ;
#1824 = VECTOR ( 'NONE', #2060, 1000.000000000000000 ) ;
#1825 = COLOUR_RGB ( '',0.2980392156862745057, 0.2980392156862745057, 0.2980392156862745057 ) ;
#1826 =( NAMED_UNIT ( * ) SI_UNIT ( $, .STERADIAN. ) SOLID_ANGLE_UNIT ( ) );
#1827 = SURFACE_SIDE_STYLE ('',( #2147 ) ) ;
#1828 = VERTEX_POINT ( 'NONE', #2180 ) ;
#1829 = FACE_OUTER_BOUND ( 'NONE', #3323, .T. ) ;
#1830 = CARTESIAN_POINT ( 'NONE',  ( -3.658012784032873110, 1.550000000000001377, -0.001833409365251895823 ) ) ;
#1831 = STYLED_ITEM ( 'NONE', ( #2270 ), #1501 ) ;
#1832 = STYLED_ITEM ( 'NONE', ( #610 ), #489 ) ;
#1833 =( NAMED_UNIT ( * ) PLANE_ANGLE_UNIT ( ) SI_UNIT ( $, .RADIAN. ) );
#1834 = ORIENTED_EDGE ( 'NONE', *, *, #3373, .F. ) ;
#1835 = EDGE_CURVE ( 'NONE', #496, #2785, #1134, .T. ) ;
#1836 =( LENGTH_UNIT ( ) NAMED_UNIT ( * ) SI_UNIT ( .MILLI., .METRE. ) );
#1837 = FILL_AREA_STYLE ('',( #1235 ) ) ;
#1838 = SURFACE_STYLE_FILL_AREA ( #3355 ) ;
#1839 = ORIENTED_EDGE ( 'NONE', *, *, #3843, .T. ) ;
#1840 = EDGE_CURVE ( 'NONE', #2894, #547, #3065, .T. ) ;
#1841 = CARTESIAN_POINT ( 'NONE',  ( -2.250000000000000888, -0.4000000000000005218, 0.09816659063474836300 ) ) ;
#1842 = ORIENTED_EDGE ( 'NONE', *, *, #1042, .F. ) ;
#1843 = DIRECTION ( 'NONE',  ( -0.7071067811865552333, 0.0000000000000000000, 0.7071067811865398012 ) ) ;
#1844 = PLANE ( 'NONE',  #1152 ) ;
#1845 = ORIENTED_EDGE ( 'NONE', *, *, #691, .T. ) ;
#1846 = LINE ( 'NONE', #1536, #1950 ) ;
#1847 = CARTESIAN_POINT ( 'NONE',  ( 2.050000000000000711, -1.000000000000000888, 1.798166590634748596 ) ) ;
#1848 = FACE_OUTER_BOUND ( 'NONE', #3926, .T. ) ;
#1849 = ORIENTED_EDGE ( 'NONE', *, *, #3541, .F. ) ;
#1850 = CARTESIAN_POINT ( 'NONE',  ( 1.400000000000001021, 0.8999999999999994671, -0.001833409365251462142 ) ) ;
#1851 = CARTESIAN_POINT ( 'NONE',  ( 2.050000000000000711, 1.149999999999999023, 0.09816659063474836300 ) ) ;
#1852 = CARTESIAN_POINT ( 'NONE',  ( 2.049999999999999822, -1.000000000000000888, 0.09816659063474836300 ) ) ;
#1853 = FILL_AREA_STYLE_COLOUR ( '', #1031 ) ;
#1854 = EDGE_LOOP ( 'NONE', ( #1761, #867, #669, #1032 ) ) ;
#1855 = ADVANCED_FACE ( 'NONE', ( #603 ), #1178, .F. ) ;
#1856 = VECTOR ( 'NONE', #2681, 1000.000000000000000 ) ;
#1857 = DIRECTION ( 'NONE',  ( -0.0000000000000000000, -0.0000000000000000000, -1.000000000000000000 ) ) ;
#1858 = STYLED_ITEM ( 'NONE', ( #2117 ), #3757 ) ;
#1859 = PRESENTATION_LAYER_ASSIGNMENT (  '', '', ( #3584 ) ) ;
#1860 = ADVANCED_FACE ( 'NONE', ( #3700 ), #5, .F. ) ;
#1861 = ORIENTED_EDGE ( 'NONE', *, *, #11, .F. ) ;
#1862 = VECTOR ( 'NONE', #3508, 1000.000000000000000 ) ;
#1863 = COLOUR_RGB ( '',0.2980392156862745057, 0.2980392156862745057, 0.2980392156862745057 ) ;
#1864 = DIRECTION ( 'NONE',  ( 1.000000000000000000, -3.614007241618348771E-16, 0.0000000000000000000 ) ) ;
#1865 = LINE ( 'NONE', #2781, #3174 ) ;
#1866 = CARTESIAN_POINT ( 'NONE',  ( 2.219999999999999307, 0.4999999999999990563, 1.348166590634748863 ) ) ;
#1867 = SURFACE_STYLE_USAGE ( .BOTH. , #1827 ) ;
#1868 =( GEOMETRIC_REPRESENTATION_CONTEXT ( 3 ) GLOBAL_UNCERTAINTY_ASSIGNED_CONTEXT ( ( #1147 ) ) GLOBAL_UNIT_ASSIGNED_CONTEXT ( ( #2945, #2963, #3589 ) ) REPRESENTATION_CONTEXT ( 'NONE', 'WORKASPACE' ) );
#1869 = ORIENTED_EDGE ( 'NONE', *, *, #2954, .F. ) ;
#1870 = DIRECTION ( 'NONE',  ( 3.614007241618348771E-16, 1.000000000000000000, -1.606225440719265874E-16 ) ) ;
#1871 = DIRECTION ( 'NONE',  ( -0.0000000000000000000, 1.000000000000000000, 0.0000000000000000000 ) ) ;
#1872 = ORIENTED_EDGE ( 'NONE', *, *, #2619, .F. ) ;
#1873 = PLANE ( 'NONE',  #465 ) ;
#1874 = ORIENTED_EDGE ( 'NONE', *, *, #1011, .F. ) ;
#1875 = SURFACE_STYLE_FILL_AREA ( #1636 ) ;
#1876 = DIRECTION ( 'NONE',  ( -1.000000000000000000, 0.0000000000000000000, -0.0000000000000000000 ) ) ;
#1877 = UNCERTAINTY_MEASURE_WITH_UNIT (LENGTH_MEASURE( 1.000000000000000082E-05 ), #2363, 'distance_accuracy_value', 'NONE');
#1878 = ORIENTED_EDGE ( 'NONE', *, *, #691, .F. ) ;
#1879 = FILL_AREA_STYLE_COLOUR ( '', #678 ) ;
#1880 = CARTESIAN_POINT ( 'NONE',  ( 2.219999999999998863, 0.8999999999999991340, 1.348166590634748641 ) ) ;
#1881 = ORIENTED_EDGE ( 'NONE', *, *, #400, .T. ) ;
#1882 = DIRECTION ( 'NONE',  ( 0.0000000000000000000, 0.0000000000000000000, -1.000000000000000000 ) ) ;
#1883 = DIRECTION ( 'NONE',  ( 1.000000000000000000, 0.0000000000000000000, -0.0000000000000000000 ) ) ;
#1884 = EDGE_CURVE ( 'NONE', #1150, #3281, #971, .T. ) ;
#1885 = DIRECTION ( 'NONE',  ( 1.084202172485504040E-15, 1.000000000000000000, 0.0000000000000000000 ) ) ;
#1886 = COLOUR_RGB ( '',0.2980392156862745057, 0.2980392156862745057, 0.2980392156862745057 ) ;
#1887 = EDGE_CURVE ( 'NONE', #1023, #3677, #3474, .T. ) ;
#1888 = FACE_OUTER_BOUND ( 'NONE', #1731, .T. ) ;
#1889 = ORIENTED_EDGE ( 'NONE', *, *, #1746, .F. ) ;
#1890 = MECHANICAL_DESIGN_GEOMETRIC_PRESENTATION_REPRESENTATION (  '', ( #164 ), #1706 ) ;
#1891 = AXIS2_PLACEMENT_3D ( 'NONE', #918, #52, #3096 ) ;
#1892 = VECTOR ( 'NONE', #1692, 1000.000000000000000 ) ;
#1893 = LINE ( 'NONE', #716, #186 ) ;
#1894 = VERTEX_POINT ( 'NONE', #3158 ) ;
#1895 = CARTESIAN_POINT ( 'NONE',  ( -2.050000000000000711, -1.549999999999999378, 0.09816659063474836300 ) ) ;
#1896 = DIRECTION ( 'NONE',  ( -0.5773502691895854300, -0.5773502691896479355, -0.5773502691896438277 ) ) ;
#1897 = ORIENTED_EDGE ( 'NONE', *, *, #2251, .F. ) ;
#1898 = CARTESIAN_POINT ( 'NONE',  ( 3.658012784032873110, -1.550000000000001377, -0.001833409365251895823 ) ) ;
#1899 = CARTESIAN_POINT ( 'NONE',  ( 1.180000000000001936, -1.600000000000001421, 0.09816659063474837688 ) ) ;
#1900 = APPLICATION_PROTOCOL_DEFINITION ( 'draft international standard', 'automotive_design', 1998, #45 ) ;
#1901 = VERTEX_POINT ( 'NONE', #1622 ) ;
#1902 = CARTESIAN_POINT ( 'NONE',  ( 2.050000000000000711, -1.000000000000000888, 0.09816659063474836300 ) ) ;
#1903 = EDGE_CURVE ( 'NONE', #1144, #2984, #1316, .T. ) ;
#1904 =( LENGTH_UNIT ( ) NAMED_UNIT ( * ) SI_UNIT ( .MILLI., .METRE. ) );
#1905 = SURFACE_SIDE_STYLE ('',( #693 ) ) ;
#1906 = VERTEX_POINT ( 'NONE', #1278 ) ;
#1907 = CARTESIAN_POINT ( 'NONE',  ( 2.250000000000000444, -1.150000000000000799, 1.318166590634746838 ) ) ;
#1908 = EDGE_CURVE ( 'NONE', #454, #1800, #387, .T. ) ;
#1909 = CARTESIAN_POINT ( 'NONE',  ( 0.0000000000000000000, 1.599999999999999867, 0.09816659063474836300 ) ) ;
#1910 = SURFACE_STYLE_FILL_AREA ( #2174 ) ;
#1911 = UNCERTAINTY_MEASURE_WITH_UNIT (LENGTH_MEASURE( 1.000000000000000082E-05 ), #2195, 'distance_accuracy_value', 'NONE');
#1912 = LINE ( 'NONE', #1585, #3517 ) ;
#1913 =( GEOMETRIC_REPRESENTATION_CONTEXT ( 3 ) GLOBAL_UNCERTAINTY_ASSIGNED_CONTEXT ( ( #599 ) ) GLOBAL_UNIT_ASSIGNED_CONTEXT ( ( #346, #3035, #3351 ) ) REPRESENTATION_CONTEXT ( 'NONE', 'WORKASPACE' ) );
#1914 = ORIENTED_EDGE ( 'NONE', *, *, #3879, .T. ) ;
#1915 = ADVANCED_FACE ( 'NONE', ( #1044 ), #763, .T. ) ;
#1916 = CYLINDRICAL_SURFACE ( 'NONE', #1311, 0.7500000000000001110 ) ;
#1917 = SURFACE_STYLE_USAGE ( .BOTH. , #1358 ) ;
#1918 = VECTOR ( 'NONE', #334, 1000.000000000000000 ) ;
#1919 = ORIENTED_EDGE ( 'NONE', *, *, #2834, .F. ) ;
#1920 = DIRECTION ( 'NONE',  ( 0.0000000000000000000, 0.0000000000000000000, 1.000000000000000000 ) ) ;
#1921 = DIRECTION ( 'NONE',  ( 1.000000000000000000, -0.0000000000000000000, 0.0000000000000000000 ) ) ;
#1922 = VECTOR ( 'NONE', #3238, 1000.000000000000000 ) ;
#1923 = APPLICATION_PROTOCOL_DEFINITION ( 'draft international standard', 'automotive_design', 1998, #2694 ) ;
#1924 = LINE ( 'NONE', #3185, #3463 ) ;
#1925 = VECTOR ( 'NONE', #2456, 1000.000000000000000 ) ;
#1926 = CARTESIAN_POINT ( 'NONE',  ( 1.180000000000001936, -3.198396408832243011E-16, 0.09816659063474836300 ) ) ;
#1927 = VECTOR ( 'NONE', #917, 1000.000000000000000 ) ;
#1928 = ORIENTED_EDGE ( 'NONE', *, *, #3287, .T. ) ;
#1929 = LINE ( 'NONE', #2792, #786 ) ;
#1930 = CIRCLE ( 'NONE', #723, 0.2000000000000000944 ) ;
#1931 = SURFACE_STYLE_FILL_AREA ( #715 ) ;
#1932 = CARTESIAN_POINT ( 'NONE',  ( 0.0000000000000000000, 0.0000000000000000000, 1.798166590634748596 ) ) ;
#1933 = EDGE_CURVE ( 'NONE', #112, #3100, #1006, .T. ) ;
#1934 = EDGE_LOOP ( 'NONE', ( #1822, #277, #3840, #2050 ) ) ;
#1935 = CARTESIAN_POINT ( 'NONE',  ( 2.149999999999999911, -1.550000000000000488, 1.798166590634748596 ) ) ;
#1936 = CARTESIAN_POINT ( 'NONE',  ( -2.250000000000000888, 0.0000000000000000000, 1.798166590634748596 ) ) ;
#1937 = EDGE_CURVE ( 'NONE', #3243, #2003, #2280, .T. ) ;
#1938 = DIRECTION ( 'NONE',  ( 0.0000000000000000000, 0.0000000000000000000, -1.000000000000000000 ) ) ;
#1939 = PLANE ( 'NONE',  #340 ) ;
#1940 = ORIENTED_EDGE ( 'NONE', *, *, #3283, .F. ) ;
#1941 = PLANE ( 'NONE',  #307 ) ;
#1942 = SHAPE_DEFINITION_REPRESENTATION ( #182, #8 ) ;
#1943 = FILL_AREA_STYLE ('',( #3148 ) ) ;
#1944 = EDGE_LOOP ( 'NONE', ( #2622, #3023, #214, #3877, #1320, #502, #2113, #2160 ) ) ;
#1945 = DIRECTION ( 'NONE',  ( -0.0000000000000000000, 1.000000000000000000, 0.0000000000000000000 ) ) ;
#1946 = LINE ( 'NONE', #3747, #2360 ) ;
#1947 = UNCERTAINTY_MEASURE_WITH_UNIT (LENGTH_MEASURE( 1.000000000000000082E-05 ), #1637, 'distance_accuracy_value', 'NONE');
#1948 = FILL_AREA_STYLE ('',( #734 ) ) ;
#1949 = VECTOR ( 'NONE', #351, 1000.000000000000000 ) ;
#1950 = VECTOR ( 'NONE', #1515, 1000.000000000000000 ) ;
#1951 = EDGE_LOOP ( 'NONE', ( #674, #1695, #3343, #72 ) ) ;
#1952 = EDGE_CURVE ( 'NONE', #2569, #3340, #406, .T. ) ;
#1953 =( GEOMETRIC_REPRESENTATION_CONTEXT ( 3 ) GLOBAL_UNCERTAINTY_ASSIGNED_CONTEXT ( ( #3781 ) ) GLOBAL_UNIT_ASSIGNED_CONTEXT ( ( #1836, #2374, #1173 ) ) REPRESENTATION_CONTEXT ( 'NONE', 'WORKASPACE' ) );
#1954 = COLOUR_RGB ( '',0.2980392156862745057, 0.2980392156862745057, 0.2980392156862745057 ) ;
#1955 = CARTESIAN_POINT ( 'NONE',  ( 2.050000000000000711, 0.3999999999999997446, 0.09816659063474836300 ) ) ;
#1956 = DIRECTION ( 'NONE',  ( 5.804910374431050341E-32, 1.606225440719265874E-16, 1.000000000000000000 ) ) ;
#1957 = FACE_OUTER_BOUND ( 'NONE', #872, .T. ) ;
#1958 = CARTESIAN_POINT ( 'NONE',  ( 2.149999999999999911, -1.550000000000000488, 1.798166590634748596 ) ) ;
#1959 = ADVANCED_FACE ( 'NONE', ( #3752 ), #3417, .F. ) ;
#1960 = FILL_AREA_STYLE ('',( #3788 ) ) ;
#1961 =( LENGTH_UNIT ( ) NAMED_UNIT ( * ) SI_UNIT ( .MILLI., .METRE. ) );
#1962 = ORIENTED_EDGE ( 'NONE', *, *, #3475, .F. ) ;
#1963 =( NAMED_UNIT ( * ) SI_UNIT ( $, .STERADIAN. ) SOLID_ANGLE_UNIT ( ) );
#1964 = DIRECTION ( 'NONE',  ( 0.0000000000000000000, 0.0000000000000000000, -1.000000000000000000 ) ) ;
#1965 = PRESENTATION_LAYER_ASSIGNMENT (  '', '', ( #3869 ) ) ;
#1966 = FACE_OUTER_BOUND ( 'NONE', #243, .T. ) ;
#1967 = EDGE_LOOP ( 'NONE', ( #2771, #3398, #2740, #1675 ) ) ;
#1968 = CARTESIAN_POINT ( 'NONE',  ( -2.050000000000000266, 1.550000000000000711, 0.09816659063474836300 ) ) ;
#1969 = DIRECTION ( 'NONE',  ( -9.795786256852394440E-32, -2.710505431213760099E-16, -1.000000000000000000 ) ) ;
#1970 =( NAMED_UNIT ( * ) PLANE_ANGLE_UNIT ( ) SI_UNIT ( $, .RADIAN. ) );
#1971 = ORIENTED_EDGE ( 'NONE', *, *, #3498, .T. ) ;
#1972 =( LENGTH_UNIT ( ) NAMED_UNIT ( * ) SI_UNIT ( .MILLI., .METRE. ) );
#1973 = DIRECTION ( 'NONE',  ( -1.000000000000000000, -0.0000000000000000000, 0.0000000000000000000 ) ) ;
#1974 =( GEOMETRIC_REPRESENTATION_CONTEXT ( 3 ) GLOBAL_UNCERTAINTY_ASSIGNED_CONTEXT ( ( #2392 ) ) GLOBAL_UNIT_ASSIGNED_CONTEXT ( ( #1430, #3530, #1409 ) ) REPRESENTATION_CONTEXT ( 'NONE', 'WORKASPACE' ) );
#1975 = SURFACE_SIDE_STYLE ('',( #3217 ) ) ;
#1976 = VERTEX_POINT ( 'NONE', #498 ) ;
#1977 = LINE ( 'NONE', #3127, #1520 ) ;
#1978 = EDGE_CURVE ( 'NONE', #3677, #2766, #1702, .T. ) ;
#1979 = COLOUR_RGB ( '',0.2980392156862745057, 0.2980392156862745057, 0.2980392156862745057 ) ;
#1980 = CARTESIAN_POINT ( 'NONE',  ( 1.150000000000000799, 0.5499999999999993783, 0.9981665906347485517 ) ) ;
#1981 = VECTOR ( 'NONE', #1376, 1000.000000000000000 ) ;
#1982 = LINE ( 'NONE', #2560, #3300 ) ;
#1983 = PLANE ( 'NONE',  #3644 ) ;
#1984 = VECTOR ( 'NONE', #2684, 1000.000000000000000 ) ;
#1985 = ORIENTED_EDGE ( 'NONE', *, *, #418, .T. ) ;
#1986 = SURFACE_STYLE_USAGE ( .BOTH. , #165 ) ;
#1987 = VERTEX_POINT ( 'NONE', #1395 ) ;
#1988 = MECHANICAL_DESIGN_GEOMETRIC_PRESENTATION_REPRESENTATION (  '', ( #2056 ), #1287 ) ;
#1989 = AXIS2_PLACEMENT_3D ( 'NONE', #997, #3116, #984 ) ;
#1990 = DIRECTION ( 'NONE',  ( -0.0000000000000000000, -0.0000000000000000000, -1.000000000000000000 ) ) ;
#1991 = UNCERTAINTY_MEASURE_WITH_UNIT (LENGTH_MEASURE( 1.000000000000000082E-05 ), #3073, 'distance_accuracy_value', 'NONE');
#1992 = CARTESIAN_POINT ( 'NONE',  ( -2.219999999999998419, 1.150000000000000799, 1.348166590634748196 ) ) ;
#1993 = EDGE_LOOP ( 'NONE', ( #3140, #859, #996, #2118, #3013, #411, #284, #2617, #2810, #2801, #3, #2715, #324 ) ) ;
#1994 = VECTOR ( 'NONE', #852, 1000.000000000000000 ) ;
#1995 = CARTESIAN_POINT ( 'NONE',  ( 2.050000000000001599, 1.149999999999999023, 1.348166590634748641 ) ) ;
#1996 = DIRECTION ( 'NONE',  ( -3.614007241618348771E-16, -1.000000000000000000, 0.0000000000000000000 ) ) ;
#1997 = VECTOR ( 'NONE', #2083, 1000.000000000000000 ) ;
#1998 = CARTESIAN_POINT ( 'NONE',  ( 2.049999999999999822, 1.549999999999999600, 0.1981665906347486183 ) ) ;
#1999 = LINE ( 'NONE', #1779, #3008 ) ;
#2000 = VERTEX_POINT ( 'NONE', #2054 ) ;
#2001 =( NAMED_UNIT ( * ) SI_UNIT ( $, .STERADIAN. ) SOLID_ANGLE_UNIT ( ) );
#2002 =( LENGTH_UNIT ( ) NAMED_UNIT ( * ) SI_UNIT ( .MILLI., .METRE. ) );
#2003 = VERTEX_POINT ( 'NONE', #3195 ) ;
#2004 = FILL_AREA_STYLE_COLOUR ( '', #2500 ) ;
#2005 = EDGE_CURVE ( 'NONE', #3539, #1197, #1374, .T. ) ;
#2006 = DIRECTION ( 'NONE',  ( 0.0000000000000000000, 0.0000000000000000000, 1.000000000000000000 ) ) ;
#2007 = EDGE_LOOP ( 'NONE', ( #735, #3270, #2494, #2288 ) ) ;
#2008 = LINE ( 'NONE', #755, #3208 ) ;
#2009 = ADVANCED_FACE ( 'NONE', ( #2909 ), #174, .T. ) ;
#2010 = MANIFOLD_SOLID_BREP ( 'NONE', #1187 ) ;
#2011 =( NAMED_UNIT ( * ) SI_UNIT ( $, .STERADIAN. ) SOLID_ANGLE_UNIT ( ) );
#2012 = FACE_OUTER_BOUND ( 'NONE', #3155, .T. ) ;
#2013 = ORIENTED_EDGE ( 'NONE', *, *, #2418, .F. ) ;
#2014 = FACE_OUTER_BOUND ( 'NONE', #2611, .T. ) ;
#2015 = VECTOR ( 'NONE', #1297, 1000.000000000000000 ) ;
#2016 = VECTOR ( 'NONE', #1751, 1000.000000000000000 ) ;
#2017 = PRESENTATION_STYLE_ASSIGNMENT (( #802 ) ) ;
#2018 = CARTESIAN_POINT ( 'NONE',  ( 1.399999999999998801, -1.150000000000000355, 0.09816659063474858504 ) ) ;
#2019 = EDGE_LOOP ( 'NONE', ( #3308, #3094, #3865, #1608, #3452, #3532, #1874, #2074 ) ) ;
#2020 = AXIS2_PLACEMENT_3D ( 'NONE', #1165, #438, #3266 ) ;
#2021 =( GEOMETRIC_REPRESENTATION_CONTEXT ( 3 ) GLOBAL_UNCERTAINTY_ASSIGNED_CONTEXT ( ( #2795 ) ) GLOBAL_UNIT_ASSIGNED_CONTEXT ( ( #2964, #1428, #3815 ) ) REPRESENTATION_CONTEXT ( 'NONE', 'WORKASPACE' ) );
#2022 = CARTESIAN_POINT ( 'NONE',  ( 2.149999999999999911, 2.965817555702282127E-16, 2.168166590634747593 ) ) ;
#2023 = STYLED_ITEM ( 'NONE', ( #3462 ), #1602 ) ;
#2024 = PRESENTATION_LAYER_ASSIGNMENT (  '', '', ( #2218 ) ) ;
#2025 = DIRECTION ( 'NONE',  ( -3.614007241618348771E-16, -1.000000000000000000, -1.606225440719266120E-16 ) ) ;
#2026 = FACE_OUTER_BOUND ( 'NONE', #1567, .T. ) ;
#2027 = ADVANCED_FACE ( 'NONE', ( #2314 ), #3278, .F. ) ;
#2028 = ORIENTED_EDGE ( 'NONE', *, *, #3112, .F. ) ;
#2029 = DIRECTION ( 'NONE',  ( 1.000000000000000000, 0.0000000000000000000, 0.0000000000000000000 ) ) ;
#2030 = CARTESIAN_POINT ( 'NONE',  ( 1.400000000000001243, 1.149999999999999467, -0.001833409365251462142 ) ) ;
#2031 = FACE_OUTER_BOUND ( 'NONE', #2007, .T. ) ;
#2032 =( NAMED_UNIT ( * ) SI_UNIT ( $, .STERADIAN. ) SOLID_ANGLE_UNIT ( ) );
#2033 = EDGE_CURVE ( 'NONE', #3885, #1023, #1503, .T. ) ;
#2034 = ORIENTED_EDGE ( 'NONE', *, *, #1143, .F. ) ;
#2035 = SURFACE_STYLE_FILL_AREA ( #822 ) ;
#2036 = LINE ( 'NONE', #2690, #2181 ) ;
#2037 = DIRECTION ( 'NONE',  ( -1.000000000000000000, 3.614007241618348771E-16, -0.0000000000000000000 ) ) ;
#2038 = EDGE_CURVE ( 'NONE', #1197, #1109, #2454, .T. ) ;
#2039 = ORIENTED_EDGE ( 'NONE', *, *, #948, .F. ) ;
#2040 =( NAMED_UNIT ( * ) PLANE_ANGLE_UNIT ( ) SI_UNIT ( $, .RADIAN. ) );
#2041 =( GEOMETRIC_REPRESENTATION_CONTEXT ( 3 ) GLOBAL_UNCERTAINTY_ASSIGNED_CONTEXT ( ( #1947 ) ) GLOBAL_UNIT_ASSIGNED_CONTEXT ( ( #1637, #1018, #1294 ) ) REPRESENTATION_CONTEXT ( 'NONE', 'WORKASPACE' ) );
#2042 = SURFACE_STYLE_USAGE ( .BOTH. , #1122 ) ;
#2043 = LINE ( 'NONE', #2918, #1767 ) ;
#2044 = STYLED_ITEM ( 'NONE', ( #1674 ), #2352 ) ;
#2045 = VERTEX_POINT ( 'NONE', #3375 ) ;
#2046 = CARTESIAN_POINT ( 'NONE',  ( -2.250000000000000888, 1.000000000000000000, 0.09816659063474836300 ) ) ;
#2047 = DIRECTION ( 'NONE',  ( 0.0000000000000000000, 1.000000000000000000, 0.0000000000000000000 ) ) ;
#2048 = VECTOR ( 'NONE', #1471, 1000.000000000000000 ) ;
#2049 = CARTESIAN_POINT ( 'NONE',  ( 2.049999999999999822, -1.150000000000000577, -0.001833409365251895823 ) ) ;
#2050 = ORIENTED_EDGE ( 'NONE', *, *, #2898, .F. ) ;
#2051 =( GEOMETRIC_REPRESENTATION_CONTEXT ( 3 ) GLOBAL_UNCERTAINTY_ASSIGNED_CONTEXT ( ( #1390 ) ) GLOBAL_UNIT_ASSIGNED_CONTEXT ( ( #639, #2200, #347 ) ) REPRESENTATION_CONTEXT ( 'NONE', 'WORKASPACE' ) );
#2052 = EDGE_CURVE ( 'NONE', #3553, #3497, #2992, .T. ) ;
#2053 = CARTESIAN_POINT ( 'NONE',  ( 1.400000000000000133, -1.517883041479706996E-15, 2.198166590634748729 ) ) ;
#2054 = CARTESIAN_POINT ( 'NONE',  ( 2.149999999999999911, -1.550000000000000488, 2.168166590634747593 ) ) ;
#2055 = CARTESIAN_POINT ( 'NONE',  ( -2.250000000000000000, -0.4999999999999987232, 0.1981665906347485906 ) ) ;
#2056 = STYLED_ITEM ( 'NONE', ( #1550 ), #3930 ) ;
#2057 = PRESENTATION_LAYER_ASSIGNMENT (  '', '', ( #1289 ) ) ;
#2058 = COLOUR_RGB ( '',0.7647058823529411242, 0.7647058823529411242, 0.7647058823529411242 ) ;
#2059 = ADVANCED_FACE ( 'NONE', ( #1561 ), #617, .T. ) ;
#2060 = DIRECTION ( 'NONE',  ( 1.000000000000000000, 0.0000000000000000000, -0.0000000000000000000 ) ) ;
#2061 = DIRECTION ( 'NONE',  ( 0.0000000000000000000, 0.0000000000000000000, -1.000000000000000000 ) ) ;
#2062 = ORIENTED_EDGE ( 'NONE', *, *, #1743, .T. ) ;
#2063 = CARTESIAN_POINT ( 'NONE',  ( 3.658012784032873110, 1.549999999999998490, 1.348166590634748419 ) ) ;
#2064 = SURFACE_STYLE_FILL_AREA ( #853 ) ;
#2065 = PLANE ( 'NONE',  #950 ) ;
#2066 = PLANE ( 'NONE',  #3135 ) ;
#2067 = ORIENTED_EDGE ( 'NONE', *, *, #668, .F. ) ;
#2068 = CARTESIAN_POINT ( 'NONE',  ( 2.149999999999999467, 1.550000000000000488, 1.798166590634748596 ) ) ;
#2069 = DIRECTION ( 'NONE',  ( 1.000000000000000000, -3.614007241618348771E-16, 0.0000000000000000000 ) ) ;
#2070 = SURFACE_SIDE_STYLE ('',( #1752 ) ) ;
#2071 = VERTEX_POINT ( 'NONE', #1852 ) ;
#2072 = SURFACE_SIDE_STYLE ('',( #1131 ) ) ;
#2073 = CARTESIAN_POINT ( 'NONE',  ( 0.0000000000000000000, 0.0000000000000000000, 1.798166590634748596 ) ) ;
#2074 = ORIENTED_EDGE ( 'NONE', *, *, #1177, .F. ) ;
#2075 = EDGE_CURVE ( 'NONE', #3772, #3178, #2095, .T. ) ;
#2076 = ORIENTED_EDGE ( 'NONE', *, *, #2763, .T. ) ;
#2077 = MECHANICAL_DESIGN_GEOMETRIC_PRESENTATION_REPRESENTATION (  '', ( #2966 ), #41 ) ;
#2078 = DIRECTION ( 'NONE',  ( 0.0000000000000000000, 0.0000000000000000000, -1.000000000000000000 ) ) ;
#2079 = LINE ( 'NONE', #2359, #2282 ) ;
#2080 = VECTOR ( 'NONE', #782, 1000.000000000000000 ) ;
#2081 = CIRCLE ( 'NONE', #1580, 0.7500000000000001110 ) ;
#2082 = ADVANCED_FACE ( 'NONE', ( #1194 ), #3060, .F. ) ;
#2083 = DIRECTION ( 'NONE',  ( 0.0000000000000000000, 0.0000000000000000000, 1.000000000000000000 ) ) ;
#2084 = SURFACE_SIDE_STYLE ('',( #1747 ) ) ;
#2085 =( LENGTH_UNIT ( ) NAMED_UNIT ( * ) SI_UNIT ( .MILLI., .METRE. ) );
#2086 = ADVANCED_FACE ( 'NONE', ( #1213 ), #926, .F. ) ;
#2087 = ORIENTED_EDGE ( 'NONE', *, *, #2537, .T. ) ;
#2088 = VECTOR ( 'NONE', #9, 1000.000000000000000 ) ;
#2089 = CARTESIAN_POINT ( 'NONE',  ( -1.400000000000001465, -0.8999999999999993561, 1.348166590634748641 ) ) ;
#2090 = DIRECTION ( 'NONE',  ( 0.0000000000000000000, 0.0000000000000000000, -1.000000000000000000 ) ) ;
#2091 = DIRECTION ( 'NONE',  ( -0.0000000000000000000, 1.000000000000000000, 0.0000000000000000000 ) ) ;
#2092 = ORIENTED_EDGE ( 'NONE', *, *, #3577, .F. ) ;
#2093 = DIRECTION ( 'NONE',  ( 1.000000000000000000, -5.421010862427543864E-16, -0.0000000000000000000 ) ) ;
#2094 = FILL_AREA_STYLE ('',( #3297 ) ) ;
#2095 = LINE ( 'NONE', #2139, #1337 ) ;
#2096 = PLANE ( 'NONE',  #3457 ) ;
#2097 = STYLED_ITEM ( 'NONE', ( #2017 ), #2027 ) ;
#2098 = CARTESIAN_POINT ( 'NONE',  ( 0.0000000000000000000, 1.599999999999999867, 1.798166590634748596 ) ) ;
#2099 = ORIENTED_EDGE ( 'NONE', *, *, #2619, .T. ) ;
#2100 = LINE ( 'NONE', #3317, #806 ) ;
#2101 = SURFACE_STYLE_FILL_AREA ( #1508 ) ;
#2102 = ORIENTED_EDGE ( 'NONE', *, *, #3067, .F. ) ;
#2103 = EDGE_CURVE ( 'NONE', #260, #3539, #1584, .T. ) ;
#2104 = CARTESIAN_POINT ( 'NONE',  ( -2.050000000000000711, 0.0000000000000000000, 0.09816659063474836300 ) ) ;
#2105 = PRESENTATION_LAYER_ASSIGNMENT (  '', '', ( #3759 ) ) ;
#2106 = ORIENTED_EDGE ( 'NONE', *, *, #1442, .F. ) ;
#2107 = CARTESIAN_POINT ( 'NONE',  ( 2.250000000000000444, -1.150000000000000577, 0.1981665906347482020 ) ) ;
#2108 = CARTESIAN_POINT ( 'NONE',  ( -3.658012784032873110, 1.150000000000001465, 1.348166590634748196 ) ) ;
#2109 = MECHANICAL_DESIGN_GEOMETRIC_PRESENTATION_REPRESENTATION (  '', ( #898 ), #390 ) ;
#2110 = DIRECTION ( 'NONE',  ( -0.7071067811865602293, 0.0000000000000000000, 0.7071067811865348052 ) ) ;
#2111 = EDGE_CURVE ( 'NONE', #2429, #3220, #2568, .T. ) ;
#2112 = VECTOR ( 'NONE', #1450, 1000.000000000000000 ) ;
#2113 = ORIENTED_EDGE ( 'NONE', *, *, #2441, .F. ) ;
#2114 = VECTOR ( 'NONE', #1135, 999.9999999999998863 ) ;
#2115 = DIRECTION ( 'NONE',  ( -0.7071067811865474617, 0.0000000000000000000, -0.7071067811865474617 ) ) ;
#2116 = UNCERTAINTY_MEASURE_WITH_UNIT (LENGTH_MEASURE( 1.000000000000000082E-05 ), #2857, 'distance_accuracy_value', 'NONE');
#2117 = PRESENTATION_STYLE_ASSIGNMENT (( #1816 ) ) ;
#2118 = ORIENTED_EDGE ( 'NONE', *, *, #376, .T. ) ;
#2119 = PRESENTATION_LAYER_ASSIGNMENT (  '', '', ( #908 ) ) ;
#2120 = MECHANICAL_DESIGN_GEOMETRIC_PRESENTATION_REPRESENTATION (  '', ( #2435 ), #2373 ) ;
#2121 = VERTEX_POINT ( 'NONE', #2199 ) ;
#2122 = CARTESIAN_POINT ( 'NONE',  ( -2.250000000000000444, -1.149999999999999023, 0.1981665906347486183 ) ) ;
#2123 =( GEOMETRIC_REPRESENTATION_CONTEXT ( 3 ) GLOBAL_UNCERTAINTY_ASSIGNED_CONTEXT ( ( #1189 ) ) GLOBAL_UNIT_ASSIGNED_CONTEXT ( ( #1456, #630, #3051 ) ) REPRESENTATION_CONTEXT ( 'NONE', 'WORKASPACE' ) );
#2124 = LINE ( 'NONE', #663, #824 ) ;
#2125 = COLOUR_RGB ( '',0.2980392156862745057, 0.2980392156862745057, 0.2980392156862745057 ) ;
#2126 = ORIENTED_EDGE ( 'NONE', *, *, #3564, .F. ) ;
#2127 = PRESENTATION_LAYER_ASSIGNMENT (  '', '', ( #3338 ) ) ;
#2128 = DIRECTION ( 'NONE',  ( 3.614007241618348771E-16, 1.000000000000000000, 1.606225440719265874E-16 ) ) ;
#2129 = SURFACE_SIDE_STYLE ('',( #1806 ) ) ;
#2130 =( LENGTH_UNIT ( ) NAMED_UNIT ( * ) SI_UNIT ( .MILLI., .METRE. ) );
#2131 = ORIENTED_EDGE ( 'NONE', *, *, #55, .T. ) ;
#2132 = EDGE_CURVE ( 'NONE', #2716, #1109, #1946, .T. ) ;
#2133 = CARTESIAN_POINT ( 'NONE',  ( -2.049999999999999822, 1.150000000000000577, -0.001833409365251895823 ) ) ;
#2134 = CARTESIAN_POINT ( 'NONE',  ( -4.151666203960727053, 0.5499999999999998224, 1.748166590634748552 ) ) ;
#2135 = FACE_OUTER_BOUND ( 'NONE', #90, .T. ) ;
#2136 = ORIENTED_EDGE ( 'NONE', *, *, #2228, .F. ) ;
#2137 = EDGE_CURVE ( 'NONE', #1219, #1077, #1271, .T. ) ;
#2138 = LINE ( 'NONE', #3374, #1641 ) ;
#2139 = CARTESIAN_POINT ( 'NONE',  ( -2.050000000000000711, -0.4000000000000006328, 0.09816659063474858504 ) ) ;
#2140 = CARTESIAN_POINT ( 'NONE',  ( -4.151666203960727053, -0.5499999999999987121, 1.748166590634748552 ) ) ;
#2141 = ORIENTED_EDGE ( 'NONE', *, *, #1530, .T. ) ;
#2142 = LINE ( 'NONE', #3664, #3546 ) ;
#2143 =( GEOMETRIC_REPRESENTATION_CONTEXT ( 3 ) GLOBAL_UNCERTAINTY_ASSIGNED_CONTEXT ( ( #1273 ) ) GLOBAL_UNIT_ASSIGNED_CONTEXT ( ( #1242, #726, #1667 ) ) REPRESENTATION_CONTEXT ( 'NONE', 'WORKASPACE' ) );
#2144 = DIRECTION ( 'NONE',  ( 0.7071067811865552333, 0.0000000000000000000, -0.7071067811865398012 ) ) ;
#2145 = VECTOR ( 'NONE', #1005, 1000.000000000000114 ) ;
#2146 = VECTOR ( 'NONE', #653, 1000.000000000000000 ) ;
#2147 = SURFACE_STYLE_FILL_AREA ( #932 ) ;
#2148 = VERTEX_POINT ( 'NONE', #78 ) ;
#2149 = DIRECTION ( 'NONE',  ( 1.000000000000000000, -2.655153185220755092E-47, -9.795786256852398819E-32 ) ) ;
#2150 = DIRECTION ( 'NONE',  ( 1.000000000000000000, -3.614007241618348771E-16, 0.0000000000000000000 ) ) ;
#2151 = CARTESIAN_POINT ( 'NONE',  ( 2.250000000000000888, -1.000000000000000888, 0.09816659063474836300 ) ) ;
#2152 = EDGE_CURVE ( 'NONE', #2721, #972, #1893, .T. ) ;
#2153 = VECTOR ( 'NONE', #704, 1000.000000000000000 ) ;
#2154 = STYLED_ITEM ( 'NONE', ( #3263 ), #842 ) ;
#2155 = ORIENTED_EDGE ( 'NONE', *, *, #3928, .T. ) ;
#2156 = FACE_OUTER_BOUND ( 'NONE', #2934, .T. ) ;
#2157 = ADVANCED_FACE ( 'NONE', ( #3176 ), #1309, .F. ) ;
#2158 = UNCERTAINTY_MEASURE_WITH_UNIT (LENGTH_MEASURE( 1.000000000000000082E-05 ), #797, 'distance_accuracy_value', 'NONE');
#2159 = CARTESIAN_POINT ( 'NONE',  ( 2.049999999999999822, -1.150000000000000577, 0.1981665906347482020 ) ) ;
#2160 = ORIENTED_EDGE ( 'NONE', *, *, #2541, .F. ) ;
#2161 = DIRECTION ( 'NONE',  ( 1.000000000000000000, -3.614007241618348771E-16, -0.0000000000000000000 ) ) ;
#2162 = PRESENTATION_LAYER_ASSIGNMENT (  '', '', ( #2097 ) ) ;
#2163 = EDGE_CURVE ( 'NONE', #1705, #3778, #1331, .T. ) ;
#2164 = CARTESIAN_POINT ( 'NONE',  ( -3.658012784032873110, -1.149999999999998357, 1.348166590634748641 ) ) ;
#2165 = CARTESIAN_POINT ( 'NONE',  ( -1.400000000000000133, 1.517883041479705419E-15, 2.198166590634748729 ) ) ;
#2166 = DIRECTION ( 'NONE',  ( 1.000000000000000000, 0.0000000000000000000, -0.0000000000000000000 ) ) ;
#2167 = ORIENTED_EDGE ( 'NONE', *, *, #1646, .T. ) ;
#2168 = CARTESIAN_POINT ( 'NONE',  ( -1.149999999999999911, 0.5499999999999999334, 1.748166590634748774 ) ) ;
#2169 = CARTESIAN_POINT ( 'NONE',  ( 2.149999999999999911, -1.550000000000000488, 1.798166590634748596 ) ) ;
#2170 = LINE ( 'NONE', #1518, #1521 ) ;
#2171 = COLOUR_RGB ( '',0.7647058823529411242, 0.7647058823529411242, 0.7647058823529411242 ) ;
#2172 =( NAMED_UNIT ( * ) PLANE_ANGLE_UNIT ( ) SI_UNIT ( $, .RADIAN. ) );
#2173 = EDGE_LOOP ( 'NONE', ( #3691, #2553, #1754, #2231, #1159, #2416, #2928, #929, #2013 ) ) ;
#2174 = FILL_AREA_STYLE ('',( #2773 ) ) ;
#2175 = CARTESIAN_POINT ( 'NONE',  ( 0.0000000000000000000, 0.0000000000000000000, 2.198166590634748729 ) ) ;
#2176 = ORIENTED_EDGE ( 'NONE', *, *, #3161, .F. ) ;
#2177 = ADVANCED_FACE ( 'NONE', ( #733 ), #2870, .T. ) ;
#2178 = MECHANICAL_DESIGN_GEOMETRIC_PRESENTATION_REPRESENTATION (  '', ( #1671 ), #3893 ) ;
#2179 = FACE_OUTER_BOUND ( 'NONE', #662, .T. ) ;
#2180 = CARTESIAN_POINT ( 'NONE',  ( 2.250000000000000888, -1.000000000000000888, 0.09816659063474836300 ) ) ;
#2181 = VECTOR ( 'NONE', #540, 1000.000000000000000 ) ;
#2182 = STYLED_ITEM ( 'NONE', ( #443 ), #2570 ) ;
#2183 = EDGE_LOOP ( 'NONE', ( #1881, #2176, #1928, #1387, #423 ) ) ;
#2184 = ADVANCED_FACE ( 'NONE', ( #1128 ), #3252, .F. ) ;
#2185 = STYLED_ITEM ( 'NONE', ( #3254 ), #3906 ) ;
#2186 = CIRCLE ( 'NONE', #3768, 0.2000000000000000944 ) ;
#2187 = FILL_AREA_STYLE_COLOUR ( '', #951 ) ;
#2188 = PRESENTATION_STYLE_ASSIGNMENT (( #648 ) ) ;
#2189 = CARTESIAN_POINT ( 'NONE',  ( 0.0000000000000000000, 0.0000000000000000000, 0.0000000000000000000 ) ) ;
#2190 = VECTOR ( 'NONE', #796, 1000.000000000000000 ) ;
#2191 = EDGE_LOOP ( 'NONE', ( #395, #2302, #444, #748 ) ) ;
#2192 = CARTESIAN_POINT ( 'NONE',  ( -1.400000000000000133, 1.517883041479705419E-15, -0.001833409365251895823 ) ) ;
#2193 = PLANE ( 'NONE',  #3428 ) ;
#2194 = MECHANICAL_DESIGN_GEOMETRIC_PRESENTATION_REPRESENTATION (  '', ( #3211 ), #466 ) ;
#2195 =( LENGTH_UNIT ( ) NAMED_UNIT ( * ) SI_UNIT ( .MILLI., .METRE. ) );
#2196 = ORIENTED_EDGE ( 'NONE', *, *, #2326, .T. ) ;
#2197 = LINE ( 'NONE', #3412, #1803 ) ;
#2198 = ORIENTED_EDGE ( 'NONE', *, *, #1327, .T. ) ;
#2199 = CARTESIAN_POINT ( 'NONE',  ( -2.050000000000000711, -0.8999999999999991340, 1.348166590634748641 ) ) ;
#2200 =( NAMED_UNIT ( * ) PLANE_ANGLE_UNIT ( ) SI_UNIT ( $, .RADIAN. ) );
#2201 = VERTEX_POINT ( 'NONE', #2049 ) ;
#2202 = DIRECTION ( 'NONE',  ( -0.0000000000000000000, 1.000000000000000000, 0.0000000000000000000 ) ) ;
#2203 = DIRECTION ( 'NONE',  ( 0.0000000000000000000, 1.000000000000000000, -0.0000000000000000000 ) ) ;
#2204 = EDGE_CURVE ( 'NONE', #1894, #3712, #149, .T. ) ;
#2205 = ORIENTED_EDGE ( 'NONE', *, *, #2787, .T. ) ;
#2206 = FILL_AREA_STYLE_COLOUR ( '', #686 ) ;
#2207 =( NAMED_UNIT ( * ) SI_UNIT ( $, .STERADIAN. ) SOLID_ANGLE_UNIT ( ) );
#2208 = EDGE_CURVE ( 'NONE', #826, #1987, #1696, .T. ) ;
#2209 = ORIENTED_EDGE ( 'NONE', *, *, #3406, .T. ) ;
#2210 = SURFACE_SIDE_STYLE ('',( #2896 ) ) ;
#2211 = ADVANCED_FACE ( 'NONE', ( #169 ), #1389, .F. ) ;
#2212 = ORIENTED_EDGE ( 'NONE', *, *, #3901, .F. ) ;
#2213 = CARTESIAN_POINT ( 'NONE',  ( -2.050000000000000711, 1.150000000000000577, 0.09816659063474836300 ) ) ;
#2214 = AXIS2_PLACEMENT_3D ( 'NONE', #1830, #1572, #317 ) ;
#2215 = DIRECTION ( 'NONE',  ( -0.0000000000000000000, 1.000000000000000000, 0.0000000000000000000 ) ) ;
#2216 = SURFACE_STYLE_USAGE ( .BOTH. , #414 ) ;
#2217 = COLOUR_RGB ( '',0.2980392156862745057, 0.2980392156862745057, 0.2980392156862745057 ) ;
#2218 = STYLED_ITEM ( 'NONE', ( #3758 ), #546 ) ;
#2219 =( LENGTH_UNIT ( ) NAMED_UNIT ( * ) SI_UNIT ( .MILLI., .METRE. ) );
#2220 = ORIENTED_EDGE ( 'NONE', *, *, #3379, .T. ) ;
#2221 = CARTESIAN_POINT ( 'NONE',  ( 1.150000000000000799, 1.600000000000000533, 0.1281665906347499162 ) ) ;
#2222 = EDGE_LOOP ( 'NONE', ( #3599, #3085, #1745, #1457 ) ) ;
#2223 =( GEOMETRIC_REPRESENTATION_CONTEXT ( 3 ) GLOBAL_UNCERTAINTY_ASSIGNED_CONTEXT ( ( #3907 ) ) GLOBAL_UNIT_ASSIGNED_CONTEXT ( ( #3680, #2398, #1802 ) ) REPRESENTATION_CONTEXT ( 'NONE', 'WORKASPACE' ) );
#2224 = PRODUCT_DEFINITION ( 'UNKNOWN', '', #3656, #3817 ) ;
#2225 = DIRECTION ( 'NONE',  ( 0.0000000000000000000, 1.000000000000000000, 2.710505431213761578E-16 ) ) ;
#2226 = ORIENTED_EDGE ( 'NONE', *, *, #3226, .T. ) ;
#2227 = CARTESIAN_POINT ( 'NONE',  ( 2.050000000000000711, 0.4999999999999991673, 1.348166590634748641 ) ) ;
#2228 = EDGE_CURVE ( 'NONE', #2634, #1306, #295, .T. ) ;
#2229 = PLANE ( 'NONE',  #1125 ) ;
#2230 = CARTESIAN_POINT ( 'NONE',  ( -2.050000000000000711, 1.000000000000000000, 0.09816659063474836300 ) ) ;
#2231 = ORIENTED_EDGE ( 'NONE', *, *, #3430, .T. ) ;
#2232 = CARTESIAN_POINT ( 'NONE',  ( 1.150000000000001021, 1.599999999999999867, 0.1281665906347498607 ) ) ;
#2233 = FACE_OUTER_BOUND ( 'NONE', #3378, .T. ) ;
#2234 = EDGE_CURVE ( 'NONE', #3281, #195, #922, .T. ) ;
#2235 = FILL_AREA_STYLE_COLOUR ( '', #46 ) ;
#2236 = CARTESIAN_POINT ( 'NONE',  ( -2.250000000000000888, -0.4999999999999990563, 1.348166590634748641 ) ) ;
#2237 = PRESENTATION_STYLE_ASSIGNMENT (( #799 ) ) ;
#2238 = VERTEX_POINT ( 'NONE', #3077 ) ;
#2239 = AXIS2_PLACEMENT_3D ( 'NONE', #1926, #2250, #3741 ) ;
#2240 = CARTESIAN_POINT ( 'NONE',  ( 2.219999999999998863, 1.149999999999999023, 1.348166590634748641 ) ) ;
#2241 = LINE ( 'NONE', #765, #1981 ) ;
#2242 = AXIS2_PLACEMENT_3D ( 'NONE', #268, #1204, #222 ) ;
#2243 = FACE_OUTER_BOUND ( 'NONE', #1765, .T. ) ;
#2244 = PRESENTATION_STYLE_ASSIGNMENT (( #1024 ) ) ;
#2245 = VECTOR ( 'NONE', #3576, 1000.000000000000000 ) ;
#2246 = EDGE_LOOP ( 'NONE', ( #102, #2220, #3561, #1138 ) ) ;
#2247 = DIRECTION ( 'NONE',  ( 2.409338161078898687E-16, -1.000000000000000000, 0.0000000000000000000 ) ) ;
#2248 =( GEOMETRIC_REPRESENTATION_CONTEXT ( 3 ) GLOBAL_UNCERTAINTY_ASSIGNED_CONTEXT ( ( #3902 ) ) GLOBAL_UNIT_ASSIGNED_CONTEXT ( ( #3009, #227, #3529 ) ) REPRESENTATION_CONTEXT ( 'NONE', 'WORKASPACE' ) );
#2249 =( LENGTH_UNIT ( ) NAMED_UNIT ( * ) SI_UNIT ( .MILLI., .METRE. ) );
#2250 = DIRECTION ( 'NONE',  ( 0.7071067811865475727, -1.916616770854217303E-16, 0.7071067811865475727 ) ) ;
#2251 = EDGE_CURVE ( 'NONE', #362, #124, #1478, .T. ) ;
#2252 = ORIENTED_EDGE ( 'NONE', *, *, #1673, .F. ) ;
#2253 = DIRECTION ( 'NONE',  ( 0.0000000000000000000, 0.0000000000000000000, -1.000000000000000000 ) ) ;
#2254 = ORIENTED_EDGE ( 'NONE', *, *, #3736, .F. ) ;
#2255 = VECTOR ( 'NONE', #3264, 1000.000000000000000 ) ;
#2256 = FACE_OUTER_BOUND ( 'NONE', #2173, .T. ) ;
#2257 = FILL_AREA_STYLE ('',( #383 ) ) ;
#2258 = CARTESIAN_POINT ( 'NONE',  ( 2.149999999999999911, 1.550000000000000488, 1.798166590634748596 ) ) ;
#2259 = VERTEX_POINT ( 'NONE', #3938 ) ;
#2260 = FACE_OUTER_BOUND ( 'NONE', #3850, .T. ) ;
#2261 = VERTEX_POINT ( 'NONE', #1171 ) ;
#2262 = LINE ( 'NONE', #1898, #3848 ) ;
#2263 = LINE ( 'NONE', #140, #2851 ) ;
#2264 = VERTEX_POINT ( 'NONE', #573 ) ;
#2265 = DIRECTION ( 'NONE',  ( 1.000000000000000000, 2.409338161078898687E-16, 0.0000000000000000000 ) ) ;
#2266 = ORIENTED_EDGE ( 'NONE', *, *, #909, .F. ) ;
#2267 = CARTESIAN_POINT ( 'NONE',  ( 0.0000000000000000000, -1.600000000000001199, 0.09816659063474836300 ) ) ;
#2268 = CARTESIAN_POINT ( 'NONE',  ( -1.399999999999998579, 1.550000000000000488, 0.09816659063474836300 ) ) ;
#2269 = AXIS2_PLACEMENT_3D ( 'NONE', #2575, #1009, #2554 ) ;
#2270 = PRESENTATION_STYLE_ASSIGNMENT (( #1052 ) ) ;
#2271 = PRESENTATION_STYLE_ASSIGNMENT (( #1091 ) ) ;
#2272 = SURFACE_SIDE_STYLE ('',( #494 ) ) ;
#2273 = MECHANICAL_DESIGN_GEOMETRIC_PRESENTATION_REPRESENTATION (  '', ( #3612 ), #1182 ) ;
#2274 = VECTOR ( 'NONE', #341, 1000.000000000000000 ) ;
#2275 = ORIENTED_EDGE ( 'NONE', *, *, #1028, .F. ) ;
#2276 = STYLED_ITEM ( 'NONE', ( #3799 ), #1418 ) ;
#2277 = AXIS2_PLACEMENT_3D ( 'NONE', #1325, #3720, #91 ) ;
#2278 = EDGE_CURVE ( 'NONE', #3578, #2482, #2389, .T. ) ;
#2279 = DIRECTION ( 'NONE',  ( -1.000000000000000000, 0.0000000000000000000, 0.0000000000000000000 ) ) ;
#2280 = LINE ( 'NONE', #370, #1718 ) ;
#2281 = DIRECTION ( 'NONE',  ( 0.0000000000000000000, -1.000000000000000000, 0.0000000000000000000 ) ) ;
#2282 = VECTOR ( 'NONE', #505, 1000.000000000000000 ) ;
#2283 = ORIENTED_EDGE ( 'NONE', *, *, #2988, .F. ) ;
#2284 = ADVANCED_FACE ( 'NONE', ( #2135 ), #343, .T. ) ;
#2285 = DIRECTION ( 'NONE',  ( 0.0000000000000000000, 1.000000000000000000, 0.0000000000000000000 ) ) ;
#2286 = CARTESIAN_POINT ( 'NONE',  ( 1.399999999999998579, -1.550000000000000488, 0.09816659063474869606 ) ) ;
#2287 = VECTOR ( 'NONE', #1857, 1000.000000000000000 ) ;
#2288 = ORIENTED_EDGE ( 'NONE', *, *, #2798, .T. ) ;
#2289 =( LENGTH_UNIT ( ) NAMED_UNIT ( * ) SI_UNIT ( .MILLI., .METRE. ) );
#2290 = ORIENTED_EDGE ( 'NONE', *, *, #123, .T. ) ;
#2291 = SURFACE_STYLE_USAGE ( .BOTH. , #1053 ) ;
#2292 = CARTESIAN_POINT ( 'NONE',  ( 2.250000000000000888, -1.550000000000001155, 1.348166590634748196 ) ) ;
#2293 = ORIENTED_EDGE ( 'NONE', *, *, #1908, .F. ) ;
#2294 = CARTESIAN_POINT ( 'NONE',  ( -2.050000000000000711, 1.000000000000000222, 0.09816659063474836300 ) ) ;
#2295 = MECHANICAL_DESIGN_GEOMETRIC_PRESENTATION_REPRESENTATION (  '', ( #3759 ), #2041 ) ;
#2296 = CARTESIAN_POINT ( 'NONE',  ( 3.658012784032873110, 1.149999999999998357, 1.348166590634748641 ) ) ;
#2297 = FACE_OUTER_BOUND ( 'NONE', #1967, .T. ) ;
#2298 = ADVANCED_FACE ( 'NONE', ( #1848 ), #2666, .T. ) ;
#2299 = ORIENTED_EDGE ( 'NONE', *, *, #495, .F. ) ;
#2300 = PRESENTATION_STYLE_ASSIGNMENT (( #524 ) ) ;
#2301 = ADVANCED_FACE ( 'NONE', ( #2522 ), #2481, .F. ) ;
#2302 = ORIENTED_EDGE ( 'NONE', *, *, #1746, .T. ) ;
#2303 = LINE ( 'NONE', #1342, #594 ) ;
#2304 = CIRCLE ( 'NONE', #1736, 0.2000000000000000944 ) ;
#2305 = CARTESIAN_POINT ( 'NONE',  ( -2.250000000000000888, -1.149999999999998801, 1.348166590634748641 ) ) ;
#2306 = DIRECTION ( 'NONE',  ( 1.000000000000000000, -3.614007241618348771E-16, 0.0000000000000000000 ) ) ;
#2307 = VECTOR ( 'NONE', #3415, 1000.000000000000000 ) ;
#2308 =( GEOMETRIC_REPRESENTATION_CONTEXT ( 3 ) GLOBAL_UNCERTAINTY_ASSIGNED_CONTEXT ( ( #3856 ) ) GLOBAL_UNIT_ASSIGNED_CONTEXT ( ( #3634, #2754, #579 ) ) REPRESENTATION_CONTEXT ( 'NONE', 'WORKASPACE' ) );
#2309 = VERTEX_POINT ( 'NONE', #2230 ) ;
#2310 = DIRECTION ( 'NONE',  ( 0.7071067811865577868, 0.0000000000000000000, 0.7071067811865373587 ) ) ;
#2311 = PRESENTATION_LAYER_ASSIGNMENT (  '', '', ( #83 ) ) ;
#2312 = ORIENTED_EDGE ( 'NONE', *, *, #2709, .T. ) ;
#2313 = AXIS2_PLACEMENT_3D ( 'NONE', #2446, #13, #959 ) ;
#2314 = FACE_OUTER_BOUND ( 'NONE', #2183, .T. ) ;
#2315 =( LENGTH_UNIT ( ) NAMED_UNIT ( * ) SI_UNIT ( .MILLI., .METRE. ) );
#2316 = DIRECTION ( 'NONE',  ( -0.0000000000000000000, 1.000000000000000000, 0.0000000000000000000 ) ) ;
#2317 = ORIENTED_EDGE ( 'NONE', *, *, #821, .F. ) ;
#2318 = CARTESIAN_POINT ( 'NONE',  ( -2.049999999999999822, -0.8999999999999993561, -0.001833409365251462142 ) ) ;
#2319 = EDGE_CURVE ( 'NONE', #3184, #1026, #1288, .T. ) ;
#2320 = EDGE_LOOP ( 'NONE', ( #157, #410, #3727, #1749 ) ) ;
#2321 = CARTESIAN_POINT ( 'NONE',  ( -2.050000000000000711, -1.600000000000000311, 0.09816659063474836300 ) ) ;
#2322 = CARTESIAN_POINT ( 'NONE',  ( 1.399999999999998579, 0.0000000000000000000, 0.09816659063474836300 ) ) ;
#2323 = ADVANCED_FACE ( 'NONE', ( #1888 ), #70, .F. ) ;
#2324 = VERTEX_POINT ( 'NONE', #3543 ) ;
#2325 = LINE ( 'NONE', #730, #2190 ) ;
#2326 = EDGE_CURVE ( 'NONE', #3304, #1121, #1386, .T. ) ;
#2327 =( NAMED_UNIT ( * ) PLANE_ANGLE_UNIT ( ) SI_UNIT ( $, .RADIAN. ) );
#2328 =( NAMED_UNIT ( * ) PLANE_ANGLE_UNIT ( ) SI_UNIT ( $, .RADIAN. ) );
#2329 = EDGE_LOOP ( 'NONE', ( #2266, #337, #1323, #145 ) ) ;
#2330 = VECTOR ( 'NONE', #970, 1000.000000000000000 ) ;
#2331 = VECTOR ( 'NONE', #3545, 1000.000000000000000 ) ;
#2332 =( NAMED_UNIT ( * ) PLANE_ANGLE_UNIT ( ) SI_UNIT ( $, .RADIAN. ) );
#2333 = DIRECTION ( 'NONE',  ( -0.0000000000000000000, -1.000000000000000000, -0.0000000000000000000 ) ) ;
#2334 = DIRECTION ( 'NONE',  ( -0.0000000000000000000, -1.000000000000000000, -0.0000000000000000000 ) ) ;
#2335 = ORIENTED_EDGE ( 'NONE', *, *, #1573, .F. ) ;
#2336 = ORIENTED_EDGE ( 'NONE', *, *, #2686, .F. ) ;
#2337 = MECHANICAL_DESIGN_GEOMETRIC_PRESENTATION_REPRESENTATION (  '', ( #1831 ), #3114 ) ;
#2338 = VECTOR ( 'NONE', #1871, 1000.000000000000000 ) ;
#2339 = FILL_AREA_STYLE_COLOUR ( '', #3860 ) ;
#2340 = CARTESIAN_POINT ( 'NONE',  ( -2.050000000000000711, -0.4000000000000006328, 1.348166590634748641 ) ) ;
#2341 = MECHANICAL_DESIGN_GEOMETRIC_PRESENTATION_REPRESENTATION (  '', ( #3555 ), #2143 ) ;
#2342 = ORIENTED_EDGE ( 'NONE', *, *, #385, .F. ) ;
#2343 = ORIENTED_EDGE ( 'NONE', *, *, #3063, .T. ) ;
#2344 = DIRECTION ( 'NONE',  ( -1.008560160451632221E-16, 1.000000000000000000, 0.0000000000000000000 ) ) ;
#2345 = LINE ( 'NONE', #3007, #875 ) ;
#2346 = FILL_AREA_STYLE ('',( #2644 ) ) ;
#2347 = COLOUR_RGB ( '',0.7647058823529411242, 0.7647058823529411242, 0.7647058823529411242 ) ;
#2348 = FILL_AREA_STYLE_COLOUR ( '', #256 ) ;
#2349 = SURFACE_SIDE_STYLE ('',( #1129 ) ) ;
#2350 = EDGE_LOOP ( 'NONE', ( #3418, #2386, #3331, #2361 ) ) ;
#2351 = FILL_AREA_STYLE_COLOUR ( '', #198 ) ;
#2352 = ADVANCED_FACE ( 'NONE', ( #163 ), #1730, .F. ) ;
#2353 = DIRECTION ( 'NONE',  ( -1.000000000000000000, -1.008560160451632221E-16, 0.0000000000000000000 ) ) ;
#2354 = PRESENTATION_STYLE_ASSIGNMENT (( #1154 ) ) ;
#2355 = CARTESIAN_POINT ( 'NONE',  ( -1.399999999999998801, 1.150000000000000355, 0.09816659063474836300 ) ) ;
#2356 = LINE ( 'NONE', #2972, #3138 ) ;
#2357 = ORIENTED_EDGE ( 'NONE', *, *, #1177, .T. ) ;
#2358 = VERTEX_POINT ( 'NONE', #1656 ) ;
#2359 = CARTESIAN_POINT ( 'NONE',  ( 2.050000000000000711, 0.4999999999999991673, 0.09816659063474836300 ) ) ;
#2360 = VECTOR ( 'NONE', #3449, 1000.000000000000000 ) ;
#2361 = ORIENTED_EDGE ( 'NONE', *, *, #3118, .T. ) ;
#2362 = PRESENTATION_STYLE_ASSIGNMENT (( #2042 ) ) ;
#2363 =( LENGTH_UNIT ( ) NAMED_UNIT ( * ) SI_UNIT ( .MILLI., .METRE. ) );
#2364 =( NAMED_UNIT ( * ) SI_UNIT ( $, .STERADIAN. ) SOLID_ANGLE_UNIT ( ) );
#2365 = VECTOR ( 'NONE', #2091, 1000.000000000000000 ) ;
#2366 = CARTESIAN_POINT ( 'NONE',  ( -2.150000000000000799, 1.550000000000000266, 2.168166590634747593 ) ) ;
#2367 = ORIENTED_EDGE ( 'NONE', *, *, #446, .F. ) ;
#2368 = DIRECTION ( 'NONE',  ( -0.7071067811865454633, -1.916616770854223466E-16, -0.7071067811865495711 ) ) ;
#2369 = COLOUR_RGB ( '',0.7647058823529411242, 0.7647058823529411242, 0.7647058823529411242 ) ;
#2370 = ADVANCED_FACE ( 'NONE', ( #3247 ), #1983, .F. ) ;
#2371 = ORIENTED_EDGE ( 'NONE', *, *, #2664, .T. ) ;
#2372 = CARTESIAN_POINT ( 'NONE',  ( 0.0000000000000000000, 0.0000000000000000000, 1.798166590634748596 ) ) ;
#2373 =( GEOMETRIC_REPRESENTATION_CONTEXT ( 3 ) GLOBAL_UNCERTAINTY_ASSIGNED_CONTEXT ( ( #150 ) ) GLOBAL_UNIT_ASSIGNED_CONTEXT ( ( #3610, #575, #3631 ) ) REPRESENTATION_CONTEXT ( 'NONE', 'WORKASPACE' ) );
#2374 =( NAMED_UNIT ( * ) PLANE_ANGLE_UNIT ( ) SI_UNIT ( $, .RADIAN. ) );
#2375 = EDGE_CURVE ( 'NONE', #2523, #112, #2864, .T. ) ;
#2376 = CARTESIAN_POINT ( 'NONE',  ( 2.250000000000000888, 0.3999999999999997446, 0.09816659063474839075 ) ) ;
#2377 = DIRECTION ( 'NONE',  ( 1.000000000000000000, -0.0000000000000000000, 0.0000000000000000000 ) ) ;
#2378 = VECTOR ( 'NONE', #2505, 1000.000000000000000 ) ;
#2379 = ORIENTED_EDGE ( 'NONE', *, *, #924, .T. ) ;
#2380 = AXIS2_PLACEMENT_3D ( 'NONE', #392, #2519, #1629 ) ;
#2381 = CARTESIAN_POINT ( 'NONE',  ( -2.250000000000000444, -1.149999999999998801, 1.318166590634747504 ) ) ;
#2382 = SURFACE_STYLE_USAGE ( .BOTH. , #1766 ) ;
#2383 = LINE ( 'NONE', #3603, #166 ) ;
#2384 =( NAMED_UNIT ( * ) PLANE_ANGLE_UNIT ( ) SI_UNIT ( $, .RADIAN. ) );
#2385 = PRESENTATION_STYLE_ASSIGNMENT (( #1166 ) ) ;
#2386 = ORIENTED_EDGE ( 'NONE', *, *, #646, .T. ) ;
#2387 = DIRECTION ( 'NONE',  ( 0.0000000000000000000, 1.000000000000000000, 0.0000000000000000000 ) ) ;
#2388 = DIRECTION ( 'NONE',  ( -1.000000000000000000, 0.0000000000000000000, -0.0000000000000000000 ) ) ;
#2389 = LINE ( 'NONE', #938, #2365 ) ;
#2390 = UNCERTAINTY_MEASURE_WITH_UNIT (LENGTH_MEASURE( 1.000000000000000082E-05 ), #2315, 'distance_accuracy_value', 'NONE');
#2391 = VERTEX_POINT ( 'NONE', #469 ) ;
#2392 = UNCERTAINTY_MEASURE_WITH_UNIT (LENGTH_MEASURE( 1.000000000000000082E-05 ), #1430, 'distance_accuracy_value', 'NONE');
#2393 = CARTESIAN_POINT ( 'NONE',  ( -1.533011443886480207E-16, 1.519999999999999130, 2.198166590634748729 ) ) ;
#2394 = DIRECTION ( 'NONE',  ( 0.0000000000000000000, 0.0000000000000000000, -1.000000000000000000 ) ) ;
#2395 = ADVANCED_FACE ( 'NONE', ( #1966 ), #2897, .T. ) ;
#2396 = VECTOR ( 'NONE', #3621, 1000.000000000000000 ) ;
#2397 = LINE ( 'NONE', #602, #2396 ) ;
#2398 =( NAMED_UNIT ( * ) PLANE_ANGLE_UNIT ( ) SI_UNIT ( $, .RADIAN. ) );
#2399 = VECTOR ( 'NONE', #3489, 1000.000000000000000 ) ;
#2400 = ORIENTED_EDGE ( 'NONE', *, *, #992, .F. ) ;
#2401 =( NAMED_UNIT ( * ) SI_UNIT ( $, .STERADIAN. ) SOLID_ANGLE_UNIT ( ) );
#2402 = EDGE_CURVE ( 'NONE', #3261, #2816, #3004, .T. ) ;
#2403 =( NAMED_UNIT ( * ) SI_UNIT ( $, .STERADIAN. ) SOLID_ANGLE_UNIT ( ) );
#2404 = PRESENTATION_LAYER_ASSIGNMENT (  '', '', ( #232 ) ) ;
#2405 = FILL_AREA_STYLE ('',( #2421 ) ) ;
#2406 = EDGE_LOOP ( 'NONE', ( #3026, #509, #1781, #1526 ) ) ;
#2407 = MECHANICAL_DESIGN_GEOMETRIC_PRESENTATION_REPRESENTATION (  '', ( #1319 ), #1644 ) ;
#2408 = CARTESIAN_POINT ( 'NONE',  ( 2.250000000000000888, 0.8999999999999990230, 1.348166590634748641 ) ) ;
#2409 = LINE ( 'NONE', #670, #487 ) ;
#2410 = EDGE_LOOP ( 'NONE', ( #1614, #621, #18, #3188 ) ) ;
#2411 = CARTESIAN_POINT ( 'NONE',  ( 0.0000000000000000000, 1.599999999999999423, 1.798166590634748596 ) ) ;
#2412 = SURFACE_SIDE_STYLE ('',( #1459 ) ) ;
#2413 = PRESENTATION_STYLE_ASSIGNMENT (( #1174 ) ) ;
#2414 = CARTESIAN_POINT ( 'NONE',  ( -2.219999999999998419, 1.550000000000001599, 1.348166590634748196 ) ) ;
#2415 = AXIS2_PLACEMENT_3D ( 'NONE', #2778, #3638, #3360 ) ;
#2416 = ORIENTED_EDGE ( 'NONE', *, *, #1200, .F. ) ;
#2417 = CARTESIAN_POINT ( 'NONE',  ( 2.049999999999999822, 1.149999999999999023, -0.001833409365251462142 ) ) ;
#2418 = EDGE_CURVE ( 'NONE', #2309, #3079, #1224, .T. ) ;
#2419 = VERTEX_POINT ( 'NONE', #2366 ) ;
#2420 = CARTESIAN_POINT ( 'NONE',  ( 2.250000000000000888, 0.8999999999999990230, 1.318166590634747948 ) ) ;
#2421 = FILL_AREA_STYLE_COLOUR ( '', #1979 ) ;
#2422 = EDGE_CURVE ( 'NONE', #3165, #562, #2444, .T. ) ;
#2423 = AXIS2_PLACEMENT_3D ( 'NONE', #3614, #1, #39 ) ;
#2424 = ORIENTED_EDGE ( 'NONE', *, *, #3253, .T. ) ;
#2425 = DIRECTION ( 'NONE',  ( 1.000000000000000000, 1.008560160451632221E-16, 0.0000000000000000000 ) ) ;
#2426 = DIRECTION ( 'NONE',  ( 0.0000000000000000000, 1.000000000000000000, -2.710505431213761578E-16 ) ) ;
#2427 = VECTOR ( 'NONE', #2685, 1000.000000000000000 ) ;
#2428 = CARTESIAN_POINT ( 'NONE',  ( 2.050000000000000266, -1.550000000000000933, 0.09816659063474866831 ) ) ;
#2429 = VERTEX_POINT ( 'NONE', #3666 ) ;
#2430 = SURFACE_SIDE_STYLE ('',( #1151 ) ) ;
#2431 = VECTOR ( 'NONE', #1414, 1000.000000000000000 ) ;
#2432 = FACE_OUTER_BOUND ( 'NONE', #1951, .T. ) ;
#2433 = VERTEX_POINT ( 'NONE', #3645 ) ;
#2434 = COLOUR_RGB ( '',0.2980392156862745057, 0.2980392156862745057, 0.2980392156862745057 ) ;
#2435 = STYLED_ITEM ( 'NONE', ( #3904 ), #2935 ) ;
#2436 = DIRECTION ( 'NONE',  ( -5.804910374431050341E-32, -1.606225440719265874E-16, -1.000000000000000000 ) ) ;
#2437 = STYLED_ITEM ( 'NONE', ( #171 ), #3855 ) ;
#2438 = COLOUR_RGB ( '',0.7921568627450980005, 0.8196078431372548767, 0.9333333333333333481 ) ;
#2439 = ORIENTED_EDGE ( 'NONE', *, *, #1784, .T. ) ;
#2440 = CIRCLE ( 'NONE', #1617, 0.7500000000000001110 ) ;
#2441 = EDGE_CURVE ( 'NONE', #787, #3313, #3587, .T. ) ;
#2442 = SURFACE_SIDE_STYLE ('',( #312 ) ) ;
#2443 = FILL_AREA_STYLE_COLOUR ( '', #2217 ) ;
#2444 = LINE ( 'NONE', #530, #1856 ) ;
#2445 = VERTEX_POINT ( 'NONE', #1807 ) ;
#2446 = CARTESIAN_POINT ( 'NONE',  ( 2.219999999999998419, -1.550000000000001599, 1.348166590634748196 ) ) ;
#2447 = CARTESIAN_POINT ( 'NONE',  ( 2.050000000000001599, 1.549999999999999600, 0.09816659063474836300 ) ) ;
#2448 = ADVANCED_FACE ( 'NONE', ( #913 ), #3267, .F. ) ;
#2449 = DIRECTION ( 'NONE',  ( -1.000000000000000000, 0.0000000000000000000, -0.0000000000000000000 ) ) ;
#2450 = VERTEX_POINT ( 'NONE', #3025 ) ;
#2451 = FILL_AREA_STYLE ('',( #1291 ) ) ;
#2452 = EDGE_CURVE ( 'NONE', #194, #1901, #1748, .T. ) ;
#2453 = FILL_AREA_STYLE_COLOUR ( '', #3231 ) ;
#2454 = LINE ( 'NONE', #3659, #66 ) ;
#2455 = FILL_AREA_STYLE ('',( #3376 ) ) ;
#2456 = DIRECTION ( 'NONE',  ( -0.0000000000000000000, -1.000000000000000000, 0.0000000000000000000 ) ) ;
#2457 = ORIENTED_EDGE ( 'NONE', *, *, #1694, .T. ) ;
#2458 = CARTESIAN_POINT ( 'NONE',  ( -1.400000000000000799, -0.4999999999999995559, -0.001833409365251462142 ) ) ;
#2459 = PRESENTATION_LAYER_ASSIGNMENT (  '', '', ( #937 ) ) ;
#2460 = DIRECTION ( 'NONE',  ( 0.0000000000000000000, 0.0000000000000000000, 1.000000000000000000 ) ) ;
#2461 = VECTOR ( 'NONE', #441, 1000.000000000000000 ) ;
#2462 = AXIS2_PLACEMENT_3D ( 'NONE', #1228, #1207, #358 ) ;
#2463 =( LENGTH_UNIT ( ) NAMED_UNIT ( * ) SI_UNIT ( .MILLI., .METRE. ) );
#2464 = EDGE_LOOP ( 'NONE', ( #2776, #74, #2990, #1433 ) ) ;
#2465 = CARTESIAN_POINT ( 'NONE',  ( -1.180000000000001492, 1.600000000000000089, 0.09816659063474836300 ) ) ;
#2466 = CARTESIAN_POINT ( 'NONE',  ( -2.149999999999999911, -1.550000000000000488, 1.798166590634748596 ) ) ;
#2467 = CARTESIAN_POINT ( 'NONE',  ( 2.250000000000000888, 1.549999999999998934, 1.318166590634747504 ) ) ;
#2468 =( NAMED_UNIT ( * ) SI_UNIT ( $, .STERADIAN. ) SOLID_ANGLE_UNIT ( ) );
#2469 = MECHANICAL_DESIGN_GEOMETRIC_PRESENTATION_REPRESENTATION (  '', ( #3365 ), #3164 ) ;
#2470 = EDGE_CURVE ( 'NONE', #2766, #3772, #1512, .T. ) ;
#2471 = DIRECTION ( 'NONE',  ( 0.0000000000000000000, 0.0000000000000000000, 1.000000000000000000 ) ) ;
#2472 =( NAMED_UNIT ( * ) PLANE_ANGLE_UNIT ( ) SI_UNIT ( $, .RADIAN. ) );
#2473 = EDGE_CURVE ( 'NONE', #3935, #194, #1496, .T. ) ;
#2474 = ORIENTED_EDGE ( 'NONE', *, *, #3498, .F. ) ;
#2475 = LINE ( 'NONE', #1935, #2968 ) ;
#2476 = AXIS2_PLACEMENT_3D ( 'NONE', #2533, #1057, #2492 ) ;
#2477 = DIRECTION ( 'NONE',  ( 0.0000000000000000000, -1.000000000000000000, -0.0000000000000000000 ) ) ;
#2478 = ORIENTED_EDGE ( 'NONE', *, *, #1148, .F. ) ;
#2479 = DIRECTION ( 'NONE',  ( 0.0000000000000000000, 1.000000000000000000, 0.0000000000000000000 ) ) ;
#2480 = CARTESIAN_POINT ( 'NONE',  ( -2.150000000000000355, 1.550000000000000044, 1.798166590634748596 ) ) ;
#2481 = PLANE ( 'NONE',  #2239 ) ;
#2482 = VERTEX_POINT ( 'NONE', #3915 ) ;
#2483 = DIRECTION ( 'NONE',  ( -1.000000000000000000, -5.042800802258161104E-17, -5.042800802258161104E-17 ) ) ;
#2484 = ORIENTED_EDGE ( 'NONE', *, *, #217, .F. ) ;
#2485 = EDGE_CURVE ( 'NONE', #814, #2894, #840, .T. ) ;
#2486 =( LENGTH_UNIT ( ) NAMED_UNIT ( * ) SI_UNIT ( .MILLI., .METRE. ) );
#2487 = SURFACE_STYLE_USAGE ( .BOTH. , #2753 ) ;
#2488 = ORIENTED_EDGE ( 'NONE', *, *, #1504, .F. ) ;
#2489 = AXIS2_PLACEMENT_3D ( 'NONE', #1463, #2377, #1759 ) ;
#2490 = EDGE_CURVE ( 'NONE', #3497, #2974, #606, .T. ) ;
#2491 = DIRECTION ( 'NONE',  ( 0.0000000000000000000, 1.000000000000000000, 0.0000000000000000000 ) ) ;
#2492 = DIRECTION ( 'NONE',  ( -1.000000000000000000, 0.0000000000000000000, -0.0000000000000000000 ) ) ;
#2493 = VECTOR ( 'NONE', #928, 1000.000000000000000 ) ;
#2494 = ORIENTED_EDGE ( 'NONE', *, *, #2636, .T. ) ;
#2495 = PRESENTATION_LAYER_ASSIGNMENT (  '', '', ( #2185 ) ) ;
#2496 = VECTOR ( 'NONE', #1945, 1000.000000000000000 ) ;
#2497 = ADVANCED_FACE ( 'NONE', ( #2725 ), #2066, .T. ) ;
#2498 = CARTESIAN_POINT ( 'NONE',  ( 2.149999999999999467, 1.550000000000000488, 1.798166590634748596 ) ) ;
#2499 = FILL_AREA_STYLE ('',( #2443 ) ) ;
#2500 = COLOUR_RGB ( '',0.2980392156862745057, 0.2980392156862745057, 0.2980392156862745057 ) ;
#2501 = ORIENTED_EDGE ( 'NONE', *, *, #38, .T. ) ;
#2502 =( NAMED_UNIT ( * ) PLANE_ANGLE_UNIT ( ) SI_UNIT ( $, .RADIAN. ) );
#2503 = SURFACE_STYLE_USAGE ( .BOTH. , #962 ) ;
#2504 = ORIENTED_EDGE ( 'NONE', *, *, #3847, .T. ) ;
#2505 = DIRECTION ( 'NONE',  ( -1.000000000000000000, -0.0000000000000000000, -0.0000000000000000000 ) ) ;
#2506 = FACE_OUTER_BOUND ( 'NONE', #3707, .T. ) ;
#2507 = SURFACE_STYLE_USAGE ( .BOTH. , #2853 ) ;
#2508 = UNCERTAINTY_MEASURE_WITH_UNIT (LENGTH_MEASURE( 1.000000000000000082E-05 ), #3064, 'distance_accuracy_value', 'NONE');
#2509 = VERTEX_POINT ( 'NONE', #1623 ) ;
#2510 = LINE ( 'NONE', #3728, #2145 ) ;
#2511 =( NAMED_UNIT ( * ) SI_UNIT ( $, .STERADIAN. ) SOLID_ANGLE_UNIT ( ) );
#2512 = ADVANCED_FACE ( 'NONE', ( #650 ), #1844, .T. ) ;
#2513 = ORIENTED_EDGE ( 'NONE', *, *, #3349, .T. ) ;
#2514 = LINE ( 'NONE', #2498, #817 ) ;
#2515 = CARTESIAN_POINT ( 'NONE',  ( 3.658012784032873110, 1.149999999999998579, -0.001833409365251462142 ) ) ;
#2516 = DIRECTION ( 'NONE',  ( 1.000000000000000000, 0.0000000000000000000, 0.0000000000000000000 ) ) ;
#2517 = EDGE_CURVE ( 'NONE', #1055, #787, #2836, .T. ) ;
#2518 = ORIENTED_EDGE ( 'NONE', *, *, #3643, .F. ) ;
#2519 = DIRECTION ( 'NONE',  ( -0.0000000000000000000, 1.000000000000000000, -0.0000000000000000000 ) ) ;
#2520 = LINE ( 'NONE', #1343, #2724 ) ;
#2521 = VECTOR ( 'NONE', #135, 1000.000000000000000 ) ;
#2522 = FACE_OUTER_BOUND ( 'NONE', #3103, .T. ) ;
#2523 = VERTEX_POINT ( 'NONE', #100 ) ;
#2524 = VECTOR ( 'NONE', #1990, 1000.000000000000000 ) ;
#2525 = DIRECTION ( 'NONE',  ( 1.355252715606880543E-16, 1.000000000000000000, -1.355252715606879310E-16 ) ) ;
#2526 = COLOUR_RGB ( '',0.7647058823529411242, 0.7647058823529411242, 0.7647058823529411242 ) ;
#2527 = DIRECTION ( 'NONE',  ( 0.0000000000000000000, 1.000000000000000000, -2.710505431213760099E-16 ) ) ;
#2528 = PLANE ( 'NONE',  #486 ) ;
#2529 = VECTOR ( 'NONE', #3143, 1000.000000000000000 ) ;
#2530 = DIRECTION ( 'NONE',  ( 0.0000000000000000000, 0.0000000000000000000, 1.000000000000000000 ) ) ;
#2531 = VERTEX_POINT ( 'NONE', #3476 ) ;
#2532 = CARTESIAN_POINT ( 'NONE',  ( 2.049999999999999822, 1.149999999999998579, 0.1981665906347486183 ) ) ;
#2533 = CARTESIAN_POINT ( 'NONE',  ( 0.0000000000000000000, 0.0000000000000000000, 0.09816659063474836300 ) ) ;
#2534 = ORIENTED_EDGE ( 'NONE', *, *, #153, .T. ) ;
#2535 = FACE_OUTER_BOUND ( 'NONE', #189, .T. ) ;
#2536 = LINE ( 'NONE', #1339, #2529 ) ;
#2537 = EDGE_CURVE ( 'NONE', #725, #65, #1317, .T. ) ;
#2538 = ORIENTED_EDGE ( 'NONE', *, *, #1840, .T. ) ;
#2539 = FILL_AREA_STYLE ('',( #2004 ) ) ;
#2540 = DIRECTION ( 'NONE',  ( 0.7071067811865459074, 0.0000000000000000000, -0.7071067811865491270 ) ) ;
#2541 = EDGE_CURVE ( 'NONE', #1417, #787, #31, .T. ) ;
#2542 = ORIENTED_EDGE ( 'NONE', *, *, #3601, .T. ) ;
#2543 = PLANE ( 'NONE',  #2822 ) ;
#2544 = FILL_AREA_STYLE_COLOUR ( '', #1825 ) ;
#2545 = PLANE ( 'NONE',  #1256 ) ;
#2546 = UNCERTAINTY_MEASURE_WITH_UNIT (LENGTH_MEASURE( 1.000000000000000082E-05 ), #2219, 'distance_accuracy_value', 'NONE');
#2547 = COLOUR_RGB ( '',0.7647058823529411242, 0.7647058823529411242, 0.7647058823529411242 ) ;
#2548 = ORIENTED_EDGE ( 'NONE', *, *, #2402, .T. ) ;
#2549 = PRESENTATION_STYLE_ASSIGNMENT (( #1333 ) ) ;
#2550 = SURFACE_STYLE_USAGE ( .BOTH. , #1975 ) ;
#2551 = SURFACE_SIDE_STYLE ('',( #1244 ) ) ;
#2552 = VECTOR ( 'NONE', #1786, 1000.000000000000000 ) ;
#2553 = ORIENTED_EDGE ( 'NONE', *, *, #973, .F. ) ;
#2554 = DIRECTION ( 'NONE',  ( 1.398970545142586541E-16, -1.000000000000000000, 0.0000000000000000000 ) ) ;
#2555 = DIRECTION ( 'NONE',  ( -1.000000000000000000, -0.0000000000000000000, -0.0000000000000000000 ) ) ;
#2556 = AXIS2_PLACEMENT_3D ( 'NONE', #1958, #740, #1060 ) ;
#2557 = CARTESIAN_POINT ( 'NONE',  ( 2.050000000000000711, 0.3999999999999997446, 1.798166590634748596 ) ) ;
#2558 = AXIS2_PLACEMENT_3D ( 'NONE', #1360, #2281, #156 ) ;
#2559 = ADVANCED_FACE ( 'NONE', ( #1549 ), #1022, .T. ) ;
#2560 = CARTESIAN_POINT ( 'NONE',  ( 1.400000000000001465, 1.149999999999999245, 1.348166590634748641 ) ) ;
#2561 = SURFACE_STYLE_USAGE ( .BOTH. , #128 ) ;
#2562 = VECTOR ( 'NONE', #2425, 1000.000000000000000 ) ;
#2563 = ORIENTED_EDGE ( 'NONE', *, *, #1763, .T. ) ;
#2564 = CARTESIAN_POINT ( 'NONE',  ( 0.0000000000000000000, 0.0000000000000000000, 1.798166590634748596 ) ) ;
#2565 = EDGE_CURVE ( 'NONE', #863, #2569, #2241, .T. ) ;
#2566 = DIRECTION ( 'NONE',  ( 2.891205793294677833E-16, 1.000000000000000000, 0.0000000000000000000 ) ) ;
#2567 =( GEOMETRIC_REPRESENTATION_CONTEXT ( 3 ) GLOBAL_UNCERTAINTY_ASSIGNED_CONTEXT ( ( #1479 ) ) GLOBAL_UNIT_ASSIGNED_CONTEXT ( ( #3810, #3166, #1963 ) ) REPRESENTATION_CONTEXT ( 'NONE', 'WORKASPACE' ) );
#2568 = LINE ( 'NONE', #2236, #3071 ) ;
#2569 = VERTEX_POINT ( 'NONE', #1336 ) ;
#2570 = ADVANCED_FACE ( 'NONE', ( #1361 ), #1939, .T. ) ;
#2571 = CARTESIAN_POINT ( 'NONE',  ( -1.149999999999999911, -1.550000000000000488, 1.798166590634748596 ) ) ;
#2572 = PRESENTATION_STYLE_ASSIGNMENT (( #1917 ) ) ;
#2573 = DIRECTION ( 'NONE',  ( -1.398970545142586541E-16, 1.000000000000000000, 0.0000000000000000000 ) ) ;
#2574 = EDGE_LOOP ( 'NONE', ( #1419, #2367, #741, #923, #2106, #2283 ) ) ;
#2575 = CARTESIAN_POINT ( 'NONE',  ( -2.150000000000000355, 1.550000000000000044, 1.798166590634748596 ) ) ;
#2576 = LINE ( 'NONE', #1048, #2950 ) ;
#2577 = CARTESIAN_POINT ( 'NONE',  ( -2.219999999999998863, -1.549999999999999156, 1.348166590634748641 ) ) ;
#2578 = ORIENTED_EDGE ( 'NONE', *, *, #3283, .T. ) ;
#2579 = CARTESIAN_POINT ( 'NONE',  ( -2.250000000000000888, 1.150000000000001021, 1.318166590634746838 ) ) ;
#2580 = FACE_OUTER_BOUND ( 'NONE', #700, .T. ) ;
#2581 = CARTESIAN_POINT ( 'NONE',  ( 2.250000000000000444, -1.550000000000001599, 1.318166590634746393 ) ) ;
#2582 = PRESENTATION_STYLE_ASSIGNMENT (( #2291 ) ) ;
#2583 = EDGE_CURVE ( 'NONE', #2419, #1464, #825, .T. ) ;
#2584 = UNCERTAINTY_MEASURE_WITH_UNIT (LENGTH_MEASURE( 1.000000000000000082E-05 ), #2891, 'distance_accuracy_value', 'NONE');
#2585 = CARTESIAN_POINT ( 'NONE',  ( 1.150000000000001021, 1.550000000000000266, 1.798166590634748596 ) ) ;
#2586 =( GEOMETRIC_REPRESENTATION_CONTEXT ( 3 ) GLOBAL_UNCERTAINTY_ASSIGNED_CONTEXT ( ( #3153 ) ) GLOBAL_UNIT_ASSIGNED_CONTEXT ( ( #1972, #459, #1756 ) ) REPRESENTATION_CONTEXT ( 'NONE', 'WORKASPACE' ) );
#2587 = ORIENTED_EDGE ( 'NONE', *, *, #939, .T. ) ;
#2588 = VECTOR ( 'NONE', #377, 1000.000000000000000 ) ;
#2589 = CARTESIAN_POINT ( 'NONE',  ( 0.0000000000000000000, -1.519999999999999352, 2.198166590634748729 ) ) ;
#2590 =( LENGTH_UNIT ( ) NAMED_UNIT ( * ) SI_UNIT ( .MILLI., .METRE. ) );
#2591 = EDGE_CURVE ( 'NONE', #1303, #1144, #500, .T. ) ;
#2592 = LINE ( 'NONE', #192, #342 ) ;
#2593 =( NAMED_UNIT ( * ) PLANE_ANGLE_UNIT ( ) SI_UNIT ( $, .RADIAN. ) );
#2594 = AXIS2_PLACEMENT_3D ( 'NONE', #1281, #3642, #2742 ) ;
#2595 = ORIENTED_EDGE ( 'NONE', *, *, #2052, .F. ) ;
#2596 = CARTESIAN_POINT ( 'NONE',  ( -1.149999999999999911, -1.600000000000000533, 0.1281665906347501105 ) ) ;
#2597 = DIRECTION ( 'NONE',  ( 1.000000000000000000, -3.614007241618348771E-16, -0.0000000000000000000 ) ) ;
#2598 = MECHANICAL_DESIGN_GEOMETRIC_PRESENTATION_REPRESENTATION (  '', ( #381 ), #1076 ) ;
#2599 = ORIENTED_EDGE ( 'NONE', *, *, #2075, .F. ) ;
#2600 = CARTESIAN_POINT ( 'NONE',  ( -2.050000000000000711, -1.549999999999999378, 1.348166590634748641 ) ) ;
#2601 = FILL_AREA_STYLE ('',( #1352 ) ) ;
#2602 = CARTESIAN_POINT ( 'NONE',  ( 3.658012784032873110, 0.4999999999999985012, 1.348166590634748641 ) ) ;
#2603 = VERTEX_POINT ( 'NONE', #1488 ) ;
#2604 = PRODUCT ( '14C7A70D-6ED5-4663-8708-50AE433D3D4A', '14C7A70D-6ED5-4663-8708-50AE433D3D4A', '', ( #2824 ) ) ;
#2605 = ADVANCED_FACE ( 'NONE', ( #2297 ), #1724, .F. ) ;
#2606 = DIRECTION ( 'NONE',  ( -1.000000000000000000, 1.084202172485504631E-15, 0.0000000000000000000 ) ) ;
#2607 = SURFACE_SIDE_STYLE ('',( #2035 ) ) ;
#2608 = MECHANICAL_DESIGN_GEOMETRIC_PRESENTATION_REPRESENTATION (  '', ( #388 ), #1603 ) ;
#2609 = DIRECTION ( 'NONE',  ( 0.0000000000000000000, 1.000000000000000000, -2.710505431213761578E-16 ) ) ;
#2610 = LINE ( 'NONE', #2652, #2431 ) ;
#2611 = EDGE_LOOP ( 'NONE', ( #2538, #1507, #1328, #2076, #3858 ) ) ;
#2612 = EDGE_CURVE ( 'NONE', #3935, #2962, #2933, .T. ) ;
#2613 = AXIS2_PLACEMENT_3D ( 'NONE', #2151, #3652, #3876 ) ;
#2614 = CARTESIAN_POINT ( 'NONE',  ( -2.150000000000001243, -2.965817555702284099E-16, 2.168166590634748037 ) ) ;
#2615 = CARTESIAN_POINT ( 'NONE',  ( -2.049999999999999822, 1.550000000000001377, -0.001833409365251895823 ) ) ;
#2616 = PRESENTATION_LAYER_ASSIGNMENT (  '', '', ( #393 ) ) ;
#2617 = ORIENTED_EDGE ( 'NONE', *, *, #1103, .F. ) ;
#2618 = CARTESIAN_POINT ( 'NONE',  ( 2.149999999999999911, 1.550000000000000488, 2.168166590634747593 ) ) ;
#2619 = EDGE_CURVE ( 'NONE', #2872, #1976, #1999, .T. ) ;
#2620 = SURFACE_STYLE_USAGE ( .BOTH. , #2884 ) ;
#2621 = MECHANICAL_DESIGN_GEOMETRIC_PRESENTATION_REPRESENTATION (  '', ( #16 ), #3892 ) ;
#2622 = ORIENTED_EDGE ( 'NONE', *, *, #246, .F. ) ;
#2623 = CYLINDRICAL_SURFACE ( 'NONE', #721, 0.2000000000000000944 ) ;
#2624 = SURFACE_STYLE_USAGE ( .BOTH. , #819 ) ;
#2625 = SURFACE_SIDE_STYLE ('',( #1408 ) ) ;
#2626 = MECHANICAL_DESIGN_GEOMETRIC_PRESENTATION_REPRESENTATION (  '', ( #1612 ), #3459 ) ;
#2627 = FILL_AREA_STYLE ('',( #3816 ) ) ;
#2628 = ORIENTED_EDGE ( 'NONE', *, *, #3277, .F. ) ;
#2629 = AXIS2_PLACEMENT_3D ( 'NONE', #2910, #2333, #421 ) ;
#2630 = CARTESIAN_POINT ( 'NONE',  ( -2.050000000000000266, 1.550000000000000933, 0.09816659063474836300 ) ) ;
#2631 = CARTESIAN_POINT ( 'NONE',  ( -1.400000000000001021, -0.4999999999999996669, 0.09816659063474836300 ) ) ;
#2632 = LINE ( 'NONE', #2055, #2939 ) ;
#2633 = EDGE_LOOP ( 'NONE', ( #3702, #1086, #3822, #134 ) ) ;
#2634 = VERTEX_POINT ( 'NONE', #3260 ) ;
#2635 = SURFACE_SIDE_STYLE ('',( #828 ) ) ;
#2636 = EDGE_CURVE ( 'NONE', #3220, #3885, #2304, .T. ) ;
#2637 = ORIENTED_EDGE ( 'NONE', *, *, #1318, .F. ) ;
#2638 = DIRECTION ( 'NONE',  ( 1.000000000000000000, -3.614007241618348771E-16, 0.0000000000000000000 ) ) ;
#2639 =( NAMED_UNIT ( * ) PLANE_ANGLE_UNIT ( ) SI_UNIT ( $, .RADIAN. ) );
#2640 = EDGE_CURVE ( 'NONE', #1303, #1313, #2953, .T. ) ;
#2641 = EDGE_LOOP ( 'NONE', ( #3020, #3411, #2226, #2876, #3802, #183, #199, #1604 ) ) ;
#2642 = SURFACE_STYLE_FILL_AREA ( #224 ) ;
#2643 =( NAMED_UNIT ( * ) PLANE_ANGLE_UNIT ( ) SI_UNIT ( $, .RADIAN. ) );
#2644 = FILL_AREA_STYLE_COLOUR ( '', #982 ) ;
#2645 = DIRECTION ( 'NONE',  ( 0.0000000000000000000, 0.0000000000000000000, -1.000000000000000000 ) ) ;
#2646 = FILL_AREA_STYLE ('',( #3092 ) ) ;
#2647 = ORIENTED_EDGE ( 'NONE', *, *, #3742, .T. ) ;
#2648 = PLANE ( 'NONE',  #3419 ) ;
#2649 = AXIS2_PLACEMENT_3D ( 'NONE', #2053, #2606, #3820 ) ;
#2650 = VECTOR ( 'NONE', #2426, 1000.000000000000000 ) ;
#2651 = CARTESIAN_POINT ( 'NONE',  ( -2.219999999999999307, -0.4999999999999990563, 1.348166590634748863 ) ) ;
#2652 = CARTESIAN_POINT ( 'NONE',  ( 2.219999999999999307, 0.4999999999999985012, 1.348166590634748641 ) ) ;
#2653 = ORIENTED_EDGE ( 'NONE', *, *, #3673, .T. ) ;
#2654 =( GEOMETRIC_REPRESENTATION_CONTEXT ( 3 ) GLOBAL_UNCERTAINTY_ASSIGNED_CONTEXT ( ( #322 ) ) GLOBAL_UNIT_ASSIGNED_CONTEXT ( ( #1798, #1153, #280 ) ) REPRESENTATION_CONTEXT ( 'NONE', 'WORKASPACE' ) );
#2655 = CARTESIAN_POINT ( 'NONE',  ( 3.658012784032873110, 0.8999999999999991340, 1.348166590634748863 ) ) ;
#2656 = CIRCLE ( 'NONE', #3364, 0.2000000000000000944 ) ;
#2657 = AXIS2_PLACEMENT_3D ( 'NONE', #3641, #586, #1263 ) ;
#2658 = ORIENTED_EDGE ( 'NONE', *, *, #3031, .F. ) ;
#2659 = EDGE_CURVE ( 'NONE', #3772, #1262, #785, .T. ) ;
#2660 = FACE_OUTER_BOUND ( 'NONE', #1392, .T. ) ;
#2661 = CARTESIAN_POINT ( 'NONE',  ( 2.119999999999999218, 2.965817555702282127E-16, 2.198166590634748729 ) ) ;
#2662 = ORIENTED_EDGE ( 'NONE', *, *, #1978, .T. ) ;
#2663 = CARTESIAN_POINT ( 'NONE',  ( 1.400000000000001910, 1.549999999999999600, -0.001833409365251462142 ) ) ;
#2664 = EDGE_CURVE ( 'NONE', #1808, #2766, #193, .T. ) ;
#2665 = VECTOR ( 'NONE', #1973, 1000.000000000000000 ) ;
#2666 = PLANE ( 'NONE',  #772 ) ;
#2667 = UNCERTAINTY_MEASURE_WITH_UNIT (LENGTH_MEASURE( 1.000000000000000082E-05 ), #1252, 'distance_accuracy_value', 'NONE');
#2668 = ORIENTED_EDGE ( 'NONE', *, *, #355, .T. ) ;
#2669 = SURFACE_STYLE_USAGE ( .BOTH. , #2430 ) ;
#2670 = CARTESIAN_POINT ( 'NONE',  ( -1.180000000000001492, 0.0000000000000000000, 0.09816659063474836300 ) ) ;
#2671 = PLANE ( 'NONE',  #3394 ) ;
#2672 = CARTESIAN_POINT ( 'NONE',  ( -2.250000000000000444, -1.549999999999999600, 0.1981665906347486183 ) ) ;
#2673 = VERTEX_POINT ( 'NONE', #541 ) ;
#2674 = EDGE_LOOP ( 'NONE', ( #3021, #1451, #223, #448, #109 ) ) ;
#2675 =( LENGTH_UNIT ( ) NAMED_UNIT ( * ) SI_UNIT ( .MILLI., .METRE. ) );
#2676 = STYLED_ITEM ( 'NONE', ( #2845 ), #2323 ) ;
#2677 = ORIENTED_EDGE ( 'NONE', *, *, #1103, .T. ) ;
#2678 = CARTESIAN_POINT ( 'NONE',  ( -1.400000000000001243, -1.149999999999999467, -0.001833409365251462142 ) ) ;
#2679 = CARTESIAN_POINT ( 'NONE',  ( -2.120000000000001883, 1.519999999999998908, 2.198166590634748285 ) ) ;
#2680 = VECTOR ( 'NONE', #890, 1000.000000000000000 ) ;
#2681 = DIRECTION ( 'NONE',  ( -5.804910374431050341E-32, -1.606225440719265874E-16, 1.000000000000000000 ) ) ;
#2682 = ORIENTED_EDGE ( 'NONE', *, *, #1679, .T. ) ;
#2683 = PLANE ( 'NONE',  #201 ) ;
#2684 = DIRECTION ( 'NONE',  ( 0.0000000000000000000, 1.000000000000000000, 0.0000000000000000000 ) ) ;
#2685 = DIRECTION ( 'NONE',  ( 5.804910374431051436E-32, 1.606225440719266120E-16, -1.000000000000000000 ) ) ;
#2686 = EDGE_CURVE ( 'NONE', #3304, #2965, #239, .T. ) ;
#2687 = EDGE_LOOP ( 'NONE', ( #3558, #1265, #985, #3472 ) ) ;
#2688 = DIRECTION ( 'NONE',  ( -1.000000000000000000, -0.0000000000000000000, 0.0000000000000000000 ) ) ;
#2689 = STYLED_ITEM ( 'NONE', ( #3568 ), #2877 ) ;
#2690 = CARTESIAN_POINT ( 'NONE',  ( 2.250000000000000888, -1.150000000000001021, 1.318166590634746838 ) ) ;
#2691 = CARTESIAN_POINT ( 'NONE',  ( 2.250000000000000888, -1.150000000000001021, 1.348166590634748196 ) ) ;
#2692 = VECTOR ( 'NONE', #893, 1000.000000000000000 ) ;
#2693 = EDGE_CURVE ( 'NONE', #2708, #3160, #1080, .T. ) ;
#2694 = APPLICATION_CONTEXT ( 'automotive_design' ) ;
#2695 = ORIENTED_EDGE ( 'NONE', *, *, #1254, .F. ) ;
#2696 = ORIENTED_EDGE ( 'NONE', *, *, #2744, .F. ) ;
#2697 = CIRCLE ( 'NONE', #2380, 0.2000000000000000944 ) ;
#2698 = CARTESIAN_POINT ( 'NONE',  ( 2.050000000000000711, -1.150000000000000355, 0.09816659063474836300 ) ) ;
#2699 = FILL_AREA_STYLE ('',( #2981 ) ) ;
#2700 = CARTESIAN_POINT ( 'NONE',  ( -2.049999999999999822, 1.599999999999999867, 0.09816659063474836300 ) ) ;
#2701 = DIRECTION ( 'NONE',  ( -1.355252715606879803E-16, -1.000000000000000000, -1.355252715606882761E-16 ) ) ;
#2702 = CARTESIAN_POINT ( 'NONE',  ( 2.250000000000000888, 0.4999999999999990563, 1.348166590634748641 ) ) ;
#2703 = ORIENTED_EDGE ( 'NONE', *, *, #127, .T. ) ;
#2704 = CARTESIAN_POINT ( 'NONE',  ( -2.049999999999999822, 1.599999999999999867, 1.798166590634748596 ) ) ;
#2705 = FACE_OUTER_BOUND ( 'NONE', #2464, .T. ) ;
#2706 = FILL_AREA_STYLE ('',( #2924 ) ) ;
#2707 = UNCERTAINTY_MEASURE_WITH_UNIT (LENGTH_MEASURE( 1.000000000000000082E-05 ), #2749, 'distance_accuracy_value', 'NONE');
#2708 = VERTEX_POINT ( 'NONE', #2018 ) ;
#2709 = EDGE_CURVE ( 'NONE', #3079, #481, #2356, .T. ) ;
#2710 = DIRECTION ( 'NONE',  ( 1.000000000000000000, -3.614007241618348771E-16, 0.0000000000000000000 ) ) ;
#2711 = CARTESIAN_POINT ( 'NONE',  ( -3.658012784032873110, -0.4999999999999987232, -0.001833409365251462142 ) ) ;
#2712 = UNCERTAINTY_MEASURE_WITH_UNIT (LENGTH_MEASURE( 1.000000000000000082E-05 ), #3389, 'distance_accuracy_value', 'NONE');
#2713 = FILL_AREA_STYLE ('',( #3038 ) ) ;
#2714 = LINE ( 'NONE', #1817, #3204 ) ;
#2715 = ORIENTED_EDGE ( 'NONE', *, *, #709, .F. ) ;
#2716 = VERTEX_POINT ( 'NONE', #2911 ) ;
#2717 = EDGE_CURVE ( 'NONE', #2916, #536, #177, .T. ) ;
#2718 = DIRECTION ( 'NONE',  ( -7.228014483236700500E-16, -1.000000000000000000, -0.0000000000000000000 ) ) ;
#2719 = VECTOR ( 'NONE', #267, 1000.000000000000000 ) ;
#2720 = AXIS2_PLACEMENT_3D ( 'NONE', #3590, #534, #1406 ) ;
#2721 = VERTEX_POINT ( 'NONE', #2672 ) ;
#2722 = CARTESIAN_POINT ( 'NONE',  ( -1.399999999999998579, 1.550000000000000488, -0.001833409365251895823 ) ) ;
#2723 = AXIS2_PLACEMENT_3D ( 'NONE', #2957, #545, #3242 ) ;
#2724 = VECTOR ( 'NONE', #2540, 1000.000000000000000 ) ;
#2725 = FACE_OUTER_BOUND ( 'NONE', #3565, .T. ) ;
#2726 = ORIENTED_EDGE ( 'NONE', *, *, #3234, .T. ) ;
#2727 = CARTESIAN_POINT ( 'NONE',  ( 2.149999999999999911, -1.550000000000000488, 1.798166590634748596 ) ) ;
#2728 = DIRECTION ( 'NONE',  ( 1.000000000000000000, -3.614007241618348771E-16, -0.0000000000000000000 ) ) ;
#2729 = FILL_AREA_STYLE ('',( #3097 ) ) ;
#2730 = CARTESIAN_POINT ( 'NONE',  ( 1.400000000000001910, 1.549999999999999378, 1.348166590634748419 ) ) ;
#2731 = ORIENTED_EDGE ( 'NONE', *, *, #566, .F. ) ;
#2732 = COLOUR_RGB ( '',0.8392156862745098200, 0.4509803921568627527, 0.3882352941176470673 ) ;
#2733 = DIRECTION ( 'NONE',  ( 1.084202172485504631E-15, 1.000000000000000000, 0.0000000000000000000 ) ) ;
#2734 = LINE ( 'NONE', #823, #3651 ) ;
#2735 = LINE ( 'NONE', #2098, #1285 ) ;
#2736 = ORIENTED_EDGE ( 'NONE', *, *, #1148, .T. ) ;
#2737 = EDGE_CURVE ( 'NONE', #1813, #1417, #2610, .T. ) ;
#2738 = DIRECTION ( 'NONE',  ( 0.0000000000000000000, 0.0000000000000000000, 1.000000000000000000 ) ) ;
#2739 = EDGE_CURVE ( 'NONE', #2391, #3220, #2632, .T. ) ;
#2740 = ORIENTED_EDGE ( 'NONE', *, *, #2319, .T. ) ;
#2741 = PLANE ( 'NONE',  #432 ) ;
#2742 = DIRECTION ( 'NONE',  ( 2.710505431213760592E-16, 1.000000000000000000, 0.0000000000000000000 ) ) ;
#2743 = DIRECTION ( 'NONE',  ( -0.5773502691896160721, 0.5773502691896285066, 0.5773502691896327255 ) ) ;
#2744 = EDGE_CURVE ( 'NONE', #1705, #3497, #3557, .T. ) ;
#2745 = DIRECTION ( 'NONE',  ( 0.7071067811865453523, 0.0000000000000000000, 0.7071067811865497932 ) ) ;
#2746 = LINE ( 'NONE', #3053, #3853 ) ;
#2747 = COLOUR_RGB ( '',0.7647058823529411242, 0.7647058823529411242, 0.7647058823529411242 ) ;
#2748 = ORIENTED_EDGE ( 'NONE', *, *, #3623, .T. ) ;
#2749 =( LENGTH_UNIT ( ) NAMED_UNIT ( * ) SI_UNIT ( .MILLI., .METRE. ) );
#2750 = AXIS2_PLACEMENT_3D ( 'NONE', #640, #884, #3676 ) ;
#2751 = CARTESIAN_POINT ( 'NONE',  ( 2.050000000000000711, 0.8999999999999994671, 0.09816659063474836300 ) ) ;
#2752 = SURFACE_STYLE_USAGE ( .BOTH. , #1541 ) ;
#2753 = SURFACE_SIDE_STYLE ('',( #3353 ) ) ;
#2754 =( NAMED_UNIT ( * ) PLANE_ANGLE_UNIT ( ) SI_UNIT ( $, .RADIAN. ) );
#2755 = ORIENTED_EDGE ( 'NONE', *, *, #2787, .F. ) ;
#2756 = AXIS2_PLACEMENT_3D ( 'NONE', #1618, #23, #2774 ) ;
#2757 =( NAMED_UNIT ( * ) PLANE_ANGLE_UNIT ( ) SI_UNIT ( $, .RADIAN. ) );
#2758 = DIRECTION ( 'NONE',  ( 3.614007241618348771E-16, 1.000000000000000000, -1.606225440719266120E-16 ) ) ;
#2759 = ORIENTED_EDGE ( 'NONE', *, *, #3808, .T. ) ;
#2760 = VECTOR ( 'NONE', #1783, 1000.000000000000000 ) ;
#2761 = FILL_AREA_STYLE ('',( #2187 ) ) ;
#2762 = FACE_OUTER_BOUND ( 'NONE', #1780, .T. ) ;
#2763 = EDGE_CURVE ( 'NONE', #3340, #814, #15, .T. ) ;
#2764 = DIRECTION ( 'NONE',  ( 0.7071067811865398012, 0.0000000000000000000, 0.7071067811865552333 ) ) ;
#2765 = SURFACE_STYLE_USAGE ( .BOTH. , #2349 ) ;
#2766 = VERTEX_POINT ( 'NONE', #282 ) ;
#2767 = CARTESIAN_POINT ( 'NONE',  ( 2.049999999999999822, -1.550000000000000933, 1.348166590634748196 ) ) ;
#2768 = CARTESIAN_POINT ( 'NONE',  ( -2.250000000000000888, -0.4000000000000005218, 1.798166590634748596 ) ) ;
#2769 = ADVANCED_FACE ( 'NONE', ( #3337 ), #1799, .T. ) ;
#2770 = SURFACE_SIDE_STYLE ('',( #54 ) ) ;
#2771 = ORIENTED_EDGE ( 'NONE', *, *, #1011, .T. ) ;
#2772 = PRESENTATION_STYLE_ASSIGNMENT (( #345 ) ) ;
#2773 = FILL_AREA_STYLE_COLOUR ( '', #1314 ) ;
#2774 = DIRECTION ( 'NONE',  ( -1.000000000000000000, 0.0000000000000000000, -0.0000000000000000000 ) ) ;
#2775 = LINE ( 'NONE', #1215, #1925 ) ;
#2776 = ORIENTED_EDGE ( 'NONE', *, *, #1903, .T. ) ;
#2777 = FACE_OUTER_BOUND ( 'NONE', #2687, .T. ) ;
#2778 = CARTESIAN_POINT ( 'NONE',  ( -2.219999999999998419, -1.149999999999998357, 1.348166590634748641 ) ) ;
#2779 = ORIENTED_EDGE ( 'NONE', *, *, #3673, .F. ) ;
#2780 = AXIS2_PLACEMENT_3D ( 'NONE', #2976, #1708, #1466 ) ;
#2781 = CARTESIAN_POINT ( 'NONE',  ( 1.150000000000001021, 0.0000000000000000000, 1.798166590634748596 ) ) ;
#2782 = AXIS2_PLACEMENT_3D ( 'NONE', #3256, #2279, #2930 ) ;
#2783 = STYLED_ITEM ( 'NONE', ( #3504 ), #101 ) ;
#2784 = SURFACE_STYLE_USAGE ( .BOTH. , #1340 ) ;
#2785 = VERTEX_POINT ( 'NONE', #1238 ) ;
#2786 = DIRECTION ( 'NONE',  ( 1.084202172485504631E-15, 1.000000000000000000, 0.0000000000000000000 ) ) ;
#2787 = EDGE_CURVE ( 'NONE', #2201, #3304, #2186, .T. ) ;
#2788 = CARTESIAN_POINT ( 'NONE',  ( 3.658012784032873110, 1.549999999999999600, 1.348166590634748419 ) ) ;
#2789 = CARTESIAN_POINT ( 'NONE',  ( 2.050000000000001599, 0.0000000000000000000, 0.09816659063474836300 ) ) ;
#2790 = DIRECTION ( 'NONE',  ( 7.131597286899416631E-17, -0.7071067811865475727, 0.7071067811865475727 ) ) ;
#2791 = ORIENTED_EDGE ( 'NONE', *, *, #3277, .T. ) ;
#2792 = CARTESIAN_POINT ( 'NONE',  ( -2.250000000000000444, -0.4999999999999985012, 1.318166590634747726 ) ) ;
#2793 = SURFACE_STYLE_USAGE ( .BOTH. , #1293 ) ;
#2794 = CARTESIAN_POINT ( 'NONE',  ( 2.050000000000001155, 1.550000000000000044, 0.09816659063474836300 ) ) ;
#2795 = UNCERTAINTY_MEASURE_WITH_UNIT (LENGTH_MEASURE( 1.000000000000000082E-05 ), #2964, 'distance_accuracy_value', 'NONE');
#2796 = LINE ( 'NONE', #3711, #75 ) ;
#2797 = ORIENTED_EDGE ( 'NONE', *, *, #2038, .F. ) ;
#2798 = EDGE_CURVE ( 'NONE', #3885, #903, #3018, .T. ) ;
#2799 =( LENGTH_UNIT ( ) NAMED_UNIT ( * ) SI_UNIT ( .MILLI., .METRE. ) );
#2800 = CARTESIAN_POINT ( 'NONE',  ( -1.150000000000000133, 1.600000000000000089, 1.748166590634748774 ) ) ;
#2801 = ORIENTED_EDGE ( 'NONE', *, *, #1722, .F. ) ;
#2802 = FACE_OUTER_BOUND ( 'NONE', #3925, .T. ) ;
#2803 =( NAMED_UNIT ( * ) SI_UNIT ( $, .STERADIAN. ) SOLID_ANGLE_UNIT ( ) );
#2804 = ORIENTED_EDGE ( 'NONE', *, *, #1108, .F. ) ;
#2805 = LINE ( 'NONE', #1304, #1685 ) ;
#2806 = SURFACE_STYLE_FILL_AREA ( #2729 ) ;
#2807 = PRESENTATION_STYLE_ASSIGNMENT (( #995 ) ) ;
#2808 = VERTEX_POINT ( 'NONE', #1176 ) ;
#2809 = CARTESIAN_POINT ( 'NONE',  ( 2.050000000000000711, 0.3999999999999997446, 1.798166590634748596 ) ) ;
#2810 = ORIENTED_EDGE ( 'NONE', *, *, #2278, .T. ) ;
#2811 = MECHANICAL_DESIGN_GEOMETRIC_PRESENTATION_REPRESENTATION (  '', ( #838 ), #3762 ) ;
#2812 = CARTESIAN_POINT ( 'NONE',  ( 2.219999999999999751, 0.4999999999999991673, 1.348166590634748641 ) ) ;
#2813 = DIRECTION ( 'NONE',  ( -0.0000000000000000000, 1.000000000000000000, 0.0000000000000000000 ) ) ;
#2814 = EDGE_CURVE ( 'NONE', #2071, #3160, #2775, .T. ) ;
#2815 = DIRECTION ( 'NONE',  ( -0.7071067811865472397, 0.0000000000000000000, 0.7071067811865479058 ) ) ;
#2816 = VERTEX_POINT ( 'NONE', #3615 ) ;
#2817 = LINE ( 'NONE', #85, #2330 ) ;
#2818 = SURFACE_SIDE_STYLE ('',( #99 ) ) ;
#2819 = EDGE_CURVE ( 'NONE', #3261, #2634, #2735, .T. ) ;
#2820 = VECTOR ( 'NONE', #2093, 1000.000000000000000 ) ;
#2821 =( GEOMETRIC_REPRESENTATION_CONTEXT ( 3 ) GLOBAL_UNCERTAINTY_ASSIGNED_CONTEXT ( ( #275 ) ) GLOBAL_UNIT_ASSIGNED_CONTEXT ( ( #3154, #3492, #1038 ) ) REPRESENTATION_CONTEXT ( 'NONE', 'WORKASPACE' ) );
#2822 = AXIS2_PLACEMENT_3D ( 'NONE', #2564, #2253, #3777 ) ;
#2823 =( NAMED_UNIT ( * ) PLANE_ANGLE_UNIT ( ) SI_UNIT ( $, .RADIAN. ) );
#2824 = PRODUCT_CONTEXT ( 'NONE', #2694, 'mechanical' ) ;
#2825 = VECTOR ( 'NONE', #3773, 1000.000000000000000 ) ;
#2826 = ORIENTED_EDGE ( 'NONE', *, *, #2234, .F. ) ;
#2827 = ORIENTED_EDGE ( 'NONE', *, *, #3373, .T. ) ;
#2828 = DIRECTION ( 'NONE',  ( -1.000000000000000000, 3.614007241618348771E-16, 0.0000000000000000000 ) ) ;
#2829 = VERTEX_POINT ( 'NONE', #1506 ) ;
#2830 = PLANE ( 'NONE',  #3734 ) ;
#2831 = UNCERTAINTY_MEASURE_WITH_UNIT (LENGTH_MEASURE( 1.000000000000000082E-05 ), #2941, 'distance_accuracy_value', 'NONE');
#2832 = LINE ( 'NONE', #3660, #2307 ) ;
#2833 = ORIENTED_EDGE ( 'NONE', *, *, #597, .F. ) ;
#2834 = EDGE_CURVE ( 'NONE', #384, #562, #2714, .T. ) ;
#2835 = CARTESIAN_POINT ( 'NONE',  ( -2.250000000000000888, 1.000000000000000000, 0.09816659063474836300 ) ) ;
#2836 = LINE ( 'NONE', #3367, #1407 ) ;
#2837 = ORIENTED_EDGE ( 'NONE', *, *, #3099, .T. ) ;
#2838 = ADVANCED_FACE ( 'NONE', ( #2432 ), #3661, .F. ) ;
#2839 = CARTESIAN_POINT ( 'NONE',  ( 2.250000000000000444, 0.4999999999999990563, 1.318166590634747726 ) ) ;
#2840 = LINE ( 'NONE', #2893, #1384 ) ;
#2841 = COLOUR_RGB ( '',0.2980392156862745057, 0.2980392156862745057, 0.2980392156862745057 ) ;
#2842 = EDGE_LOOP ( 'NONE', ( #554, #2791, #2357, #3371 ) ) ;
#2843 = CARTESIAN_POINT ( 'NONE',  ( -2.050000000000000711, -0.4000000000000006328, 1.798166590634748596 ) ) ;
#2844 = DIRECTION ( 'NONE',  ( -5.804910374431050341E-32, -1.606225440719265874E-16, 1.000000000000000000 ) ) ;
#2845 = PRESENTATION_STYLE_ASSIGNMENT (( #1631 ) ) ;
#2846 = ORIENTED_EDGE ( 'NONE', *, *, #517, .F. ) ;
#2847 =( GEOMETRIC_REPRESENTATION_CONTEXT ( 3 ) GLOBAL_UNCERTAINTY_ASSIGNED_CONTEXT ( ( #117 ) ) GLOBAL_UNIT_ASSIGNED_CONTEXT ( ( #3002, #1970, #3192 ) ) REPRESENTATION_CONTEXT ( 'NONE', 'WORKASPACE' ) );
#2848 = PLANE ( 'NONE',  #269 ) ;
#2849 = SURFACE_SIDE_STYLE ('',( #3151 ) ) ;
#2850 = SURFACE_SIDE_STYLE ('',( #1931 ) ) ;
#2851 = VECTOR ( 'NONE', #3163, 1000.000000000000000 ) ;
#2852 = MECHANICAL_DESIGN_GEOMETRIC_PRESENTATION_REPRESENTATION (  '', ( #937 ), #1773 ) ;
#2853 = SURFACE_SIDE_STYLE ('',( #1600 ) ) ;
#2854 = LINE ( 'NONE', #1391, #462 ) ;
#2855 = ORIENTED_EDGE ( 'NONE', *, *, #283, .F. ) ;
#2856 = CARTESIAN_POINT ( 'NONE',  ( 2.250000000000000888, 0.3999999999999997446, 1.798166590634748596 ) ) ;
#2857 =( LENGTH_UNIT ( ) NAMED_UNIT ( * ) SI_UNIT ( .MILLI., .METRE. ) );
#2858 = SURFACE_STYLE_USAGE ( .BOTH. , #1643 ) ;
#2859 = COLOUR_RGB ( '',0.2980392156862745057, 0.2980392156862745057, 0.2980392156862745057 ) ;
#2860 = DIRECTION ( 'NONE',  ( -1.000000000000000000, 2.409338161078897701E-16, 0.0000000000000000000 ) ) ;
#2861 = DIRECTION ( 'NONE',  ( -1.000000000000000000, 2.655153185220755092E-47, -9.795786256852398819E-32 ) ) ;
#2862 = ADVANCED_FACE ( 'NONE', ( #2031 ), #3549, .T. ) ;
#2863 = DIRECTION ( 'NONE',  ( 0.0000000000000000000, 1.000000000000000000, 0.0000000000000000000 ) ) ;
#2864 = LINE ( 'NONE', #794, #1795 ) ;
#2865 = ADVANCED_FACE ( 'NONE', ( #1792 ), #3251, .T. ) ;
#2866 = ORIENTED_EDGE ( 'NONE', *, *, #3912, .T. ) ;
#2867 = CARTESIAN_POINT ( 'NONE',  ( -1.180000000000001492, 0.0000000000000000000, 0.09816659063474836300 ) ) ;
#2868 = AXIS2_PLACEMENT_3D ( 'NONE', #208, #3506, #2645 ) ;
#2869 = CARTESIAN_POINT ( 'NONE',  ( 2.219999999999998419, -1.550000000000001599, 1.348166590634748196 ) ) ;
#2870 = CYLINDRICAL_SURFACE ( 'NONE', #2868, 0.2000000000000000944 ) ;
#2871 = SURFACE_STYLE_USAGE ( .BOTH. , #1661 ) ;
#2872 = VERTEX_POINT ( 'NONE', #2947 ) ;
#2873 = CARTESIAN_POINT ( 'NONE',  ( 2.050000000000000711, 0.0000000000000000000, 1.798166590634748596 ) ) ;
#2874 = DIRECTION ( 'NONE',  ( 0.0000000000000000000, 1.000000000000000000, 0.0000000000000000000 ) ) ;
#2875 = MECHANICAL_DESIGN_GEOMETRIC_PRESENTATION_REPRESENTATION (  '', ( #393 ), #649 ) ;
#2876 = ORIENTED_EDGE ( 'NONE', *, *, #3577, .T. ) ;
#2877 = ADVANCED_FACE ( 'NONE', ( #207 ), #1429, .F. ) ;
#2878 = VECTOR ( 'NONE', #3279, 1000.000000000000000 ) ;
#2879 = CARTESIAN_POINT ( 'NONE',  ( 1.180000000000001714, -1.600000000000000755, 0.09816659063474836300 ) ) ;
#2880 = CARTESIAN_POINT ( 'NONE',  ( 0.0000000000000000000, 1.550000000000000488, 0.09816659063474836300 ) ) ;
#2881 = COLOUR_RGB ( '',0.2980392156862745057, 0.2980392156862745057, 0.2980392156862745057 ) ;
#2882 = EDGE_CURVE ( 'NONE', #3184, #496, #253, .T. ) ;
#2883 = CARTESIAN_POINT ( 'NONE',  ( -1.149999999999999911, -0.5499999999999999334, 0.2481665906347483852 ) ) ;
#2884 = SURFACE_SIDE_STYLE ('',( #3187 ) ) ;
#2885 = VECTOR ( 'NONE', #1185, 1000.000000000000000 ) ;
#2886 = EDGE_LOOP ( 'NONE', ( #864, #3117, #3582, #574, #2938 ) ) ;
#2887 = DIRECTION ( 'NONE',  ( -1.000000000000000000, 0.0000000000000000000, -0.0000000000000000000 ) ) ;
#2888 = ORIENTED_EDGE ( 'NONE', *, *, #3783, .T. ) ;
#2889 = EDGE_CURVE ( 'NONE', #720, #195, #1755, .T. ) ;
#2890 = DIRECTION ( 'NONE',  ( 9.795786256852398819E-32, 2.710505431213761578E-16, -1.000000000000000000 ) ) ;
#2891 =( LENGTH_UNIT ( ) NAMED_UNIT ( * ) SI_UNIT ( .MILLI., .METRE. ) );
#2892 = ORIENTED_EDGE ( 'NONE', *, *, #1620, .T. ) ;
#2893 = CARTESIAN_POINT ( 'NONE',  ( -2.050000000000000711, 1.000000000000000222, 1.798166590634748596 ) ) ;
#2894 = VERTEX_POINT ( 'NONE', #298 ) ;
#2895 = DIRECTION ( 'NONE',  ( 2.891205793294677833E-16, 1.000000000000000000, -8.673617379884034486E-16 ) ) ;
#2896 = SURFACE_STYLE_FILL_AREA ( #450 ) ;
#2897 = PLANE ( 'NONE',  #1607 ) ;
#2898 = EDGE_CURVE ( 'NONE', #1008, #3134, #2967, .T. ) ;
#2899 = ORIENTED_EDGE ( 'NONE', *, *, #3156, .T. ) ;
#2900 = LINE ( 'NONE', #455, #2496 ) ;
#2901 = ORIENTED_EDGE ( 'NONE', *, *, #2693, .F. ) ;
#2902 = STYLED_ITEM ( 'NONE', ( #2549 ), #1196 ) ;
#2903 = DIRECTION ( 'NONE',  ( -1.000000000000000000, -0.0000000000000000000, -0.0000000000000000000 ) ) ;
#2904 = FACE_OUTER_BOUND ( 'NONE', #2329, .T. ) ;
#2905 = ADVANCED_FACE ( 'NONE', ( #234 ), #278, .T. ) ;
#2906 = ORIENTED_EDGE ( 'NONE', *, *, #1835, .T. ) ;
#2907 = VECTOR ( 'NONE', #1649, 1000.000000000000000 ) ;
#2908 = CARTESIAN_POINT ( 'NONE',  ( 0.0000000000000000000, 0.0000000000000000000, 1.798166590634748596 ) ) ;
#2909 = FACE_OUTER_BOUND ( 'NONE', #696, .T. ) ;
#2910 = CARTESIAN_POINT ( 'NONE',  ( -2.049999999999999822, -1.149999999999999023, 0.1981665906347486183 ) ) ;
#2911 = CARTESIAN_POINT ( 'NONE',  ( 2.219999999999998863, 1.549999999999999156, 1.348166590634748641 ) ) ;
#2912 = EDGE_CURVE ( 'NONE', #454, #720, #559, .T. ) ;
#2913 = ORIENTED_EDGE ( 'NONE', *, *, #3212, .F. ) ;
#2914 = CARTESIAN_POINT ( 'NONE',  ( 1.150000000000000355, -0.5500000000000001554, 1.748166590634748774 ) ) ;
#2915 = PLANE ( 'NONE',  #2415 ) ;
#2916 = VERTEX_POINT ( 'NONE', #3921 ) ;
#2917 = LINE ( 'NONE', #2596, #3144 ) ;
#2918 = CARTESIAN_POINT ( 'NONE',  ( 2.050000000000000711, -1.000000000000000888, 0.09816659063474869606 ) ) ;
#2919 = AXIS2_PLACEMENT_3D ( 'NONE', #1493, #1261, #624 ) ;
#2920 = CARTESIAN_POINT ( 'NONE',  ( 3.658012784032873110, 0.8999999999999984679, 1.348166590634748641 ) ) ;
#2921 = ORIENTED_EDGE ( 'NONE', *, *, #3156, .F. ) ;
#2922 = CARTESIAN_POINT ( 'NONE',  ( 0.0000000000000000000, -1.600000000000000533, 1.798166590634748596 ) ) ;
#2923 = CARTESIAN_POINT ( 'NONE',  ( -3.658012784032873110, 1.550000000000001599, 1.348166590634748196 ) ) ;
#2924 = FILL_AREA_STYLE_COLOUR ( '', #3588 ) ;
#2925 = ADVANCED_FACE ( 'NONE', ( #537 ), #255, .F. ) ;
#2926 = CARTESIAN_POINT ( 'NONE',  ( -2.050000000000000711, 1.000000000000000222, 1.798166590634748596 ) ) ;
#2927 = CARTESIAN_POINT ( 'NONE',  ( -2.219999999999998863, -1.149999999999998801, 1.348166590634748419 ) ) ;
#2928 = ORIENTED_EDGE ( 'NONE', *, *, #329, .F. ) ;
#2929 = EDGE_CURVE ( 'NONE', #2523, #613, #3057, .T. ) ;
#2930 = DIRECTION ( 'NONE',  ( 0.0000000000000000000, 0.0000000000000000000, 1.000000000000000000 ) ) ;
#2931 = COLOUR_RGB ( '',0.2980392156862745057, 0.2980392156862745057, 0.2980392156862745057 ) ;
#2932 = FILL_AREA_STYLE ('',( #1059 ) ) ;
#2933 = LINE ( 'NONE', #259, #778 ) ;
#2934 = EDGE_LOOP ( 'NONE', ( #2034, #3032, #3493, #3248, #544, #3056, #58, #3000, #3527 ) ) ;
#2935 = ADVANCED_FACE ( 'NONE', ( #614 ), #319, .F. ) ;
#2936 = CARTESIAN_POINT ( 'NONE',  ( -1.400000000000000133, 1.517883041479706996E-15, 2.198166590634748729 ) ) ;
#2937 = CARTESIAN_POINT ( 'NONE',  ( -1.180000000000001492, -1.600000000000001199, 0.09816659063474836300 ) ) ;
#2938 = ORIENTED_EDGE ( 'NONE', *, *, #3327, .F. ) ;
#2939 = VECTOR ( 'NONE', #1116, 1000.000000000000000 ) ;
#2940 = CARTESIAN_POINT ( 'NONE',  ( 2.049999999999999822, 0.8999999999999993561, 0.1981665906347486183 ) ) ;
#2941 =( LENGTH_UNIT ( ) NAMED_UNIT ( * ) SI_UNIT ( .MILLI., .METRE. ) );
#2942 = MECHANICAL_DESIGN_GEOMETRIC_PRESENTATION_REPRESENTATION (  '', ( #908 ), #1345 ) ;
#2943 =( GEOMETRIC_REPRESENTATION_CONTEXT ( 3 ) GLOBAL_UNCERTAINTY_ASSIGNED_CONTEXT ( ( #836 ) ) GLOBAL_UNIT_ASSIGNED_CONTEXT ( ( #3591, #3271, #1146 ) ) REPRESENTATION_CONTEXT ( 'NONE', 'WORKASPACE' ) );
#2944 = ORIENTED_EDGE ( 'NONE', *, *, #29, .F. ) ;
#2945 =( LENGTH_UNIT ( ) NAMED_UNIT ( * ) SI_UNIT ( .MILLI., .METRE. ) );
#2946 = FACE_OUTER_BOUND ( 'NONE', #2406, .T. ) ;
#2947 = CARTESIAN_POINT ( 'NONE',  ( 2.120000000000000107, 1.519999999999998908, 2.198166590634748729 ) ) ;
#2948 = STYLED_ITEM ( 'NONE', ( #608 ), #3322 ) ;
#2949 = EDGE_LOOP ( 'NONE', ( #3743, #506, #1172, #2028 ) ) ;
#2950 = VECTOR ( 'NONE', #1067, 1000.000000000000000 ) ;
#2951 =( NAMED_UNIT ( * ) SI_UNIT ( $, .STERADIAN. ) SOLID_ANGLE_UNIT ( ) );
#2952 =( NAMED_UNIT ( * ) SI_UNIT ( $, .STERADIAN. ) SOLID_ANGLE_UNIT ( ) );
#2953 = LINE ( 'NONE', #2995, #1282 ) ;
#2954 = EDGE_CURVE ( 'NONE', #2916, #907, #3372, .T. ) ;
#2955 = ORIENTED_EDGE ( 'NONE', *, *, #553, .F. ) ;
#2956 = CARTESIAN_POINT ( 'NONE',  ( -2.050000000000000711, -0.4000000000000006328, 1.348166590634748641 ) ) ;
#2957 = CARTESIAN_POINT ( 'NONE',  ( 0.0000000000000000000, 0.0000000000000000000, 1.798166590634748596 ) ) ;
#2958 = EDGE_CURVE ( 'NONE', #270, #254, #3708, .T. ) ;
#2959 = ORIENTED_EDGE ( 'NONE', *, *, #1108, .T. ) ;
#2960 = PLANE ( 'NONE',  #738 ) ;
#2961 = DIRECTION ( 'NONE',  ( 5.804910374431050341E-32, 1.606225440719265874E-16, -1.000000000000000000 ) ) ;
#2962 = VERTEX_POINT ( 'NONE', #412 ) ;
#2963 =( NAMED_UNIT ( * ) PLANE_ANGLE_UNIT ( ) SI_UNIT ( $, .RADIAN. ) );
#2964 =( LENGTH_UNIT ( ) NAMED_UNIT ( * ) SI_UNIT ( .MILLI., .METRE. ) );
#2965 = VERTEX_POINT ( 'NONE', #1907 ) ;
#2966 = STYLED_ITEM ( 'NONE', ( #1648 ), #798 ) ;
#2967 = LINE ( 'NONE', #1458, #781 ) ;
#2968 = VECTOR ( 'NONE', #3157, 1000.000000000000000 ) ;
#2969 = VECTOR ( 'NONE', #935, 1000.000000000000000 ) ;
#2970 = DIRECTION ( 'NONE',  ( -1.000000000000000000, 3.614007241618348771E-16, -0.0000000000000000000 ) ) ;
#2971 = SURFACE_STYLE_FILL_AREA ( #2713 ) ;
#2972 = CARTESIAN_POINT ( 'NONE',  ( -2.050000000000000711, 1.150000000000000577, 0.09816659063474836300 ) ) ;
#2973 = ORIENTED_EDGE ( 'NONE', *, *, #2033, .F. ) ;
#2974 = VERTEX_POINT ( 'NONE', #695 ) ;
#2975 = STYLED_ITEM ( 'NONE', ( #1255 ), #1377 ) ;
#2976 = CARTESIAN_POINT ( 'NONE',  ( 3.658012784032873110, -1.550000000000001599, 1.348166590634748196 ) ) ;
#2977 = DIRECTION ( 'NONE',  ( -6.994852725712885868E-17, 1.000000000000000000, -6.994852725712936405E-17 ) ) ;
#2978 = EDGE_CURVE ( 'NONE', #1077, #3730, #1633, .T. ) ;
#2979 = VECTOR ( 'NONE', #427, 999.9999999999998863 ) ;
#2980 = ORIENTED_EDGE ( 'NONE', *, *, #2052, .T. ) ;
#2981 = FILL_AREA_STYLE_COLOUR ( '', #24 ) ;
#2982 = FILL_AREA_STYLE_COLOUR ( '', #811 ) ;
#2983 = EDGE_CURVE ( 'NONE', #1109, #896, #3445, .T. ) ;
#2984 = VERTEX_POINT ( 'NONE', #1850 ) ;
#2985 = DIRECTION ( 'NONE',  ( 0.0000000000000000000, 1.000000000000000000, -2.710505431213760099E-16 ) ) ;
#2986 = DIRECTION ( 'NONE',  ( 1.000000000000000000, 1.008560160451632221E-16, 0.0000000000000000000 ) ) ;
#2987 = DIRECTION ( 'NONE',  ( 0.0000000000000000000, -0.0000000000000000000, 1.000000000000000000 ) ) ;
#2988 = EDGE_CURVE ( 'NONE', #2148, #1072, #3080, .T. ) ;
#2989 = UNCERTAINTY_MEASURE_WITH_UNIT (LENGTH_MEASURE( 1.000000000000000082E-05 ), #1723, 'distance_accuracy_value', 'NONE');
#2990 = ORIENTED_EDGE ( 'NONE', *, *, #453, .T. ) ;
#2991 = DIRECTION ( 'NONE',  ( 1.398970545142586541E-16, -1.000000000000000000, 0.0000000000000000000 ) ) ;
#2992 = LINE ( 'NONE', #3083, #1142 ) ;
#2993 = UNCERTAINTY_MEASURE_WITH_UNIT (LENGTH_MEASURE( 1.000000000000000082E-05 ), #1904, 'distance_accuracy_value', 'NONE');
#2994 =( LENGTH_UNIT ( ) NAMED_UNIT ( * ) SI_UNIT ( .MILLI., .METRE. ) );
#2995 = CARTESIAN_POINT ( 'NONE',  ( 2.050000000000000711, 0.0000000000000000000, 0.09816659063474836300 ) ) ;
#2996 = ORIENTED_EDGE ( 'NONE', *, *, #1088, .T. ) ;
#2997 = ORIENTED_EDGE ( 'NONE', *, *, #1399, .F. ) ;
#2998 = MECHANICAL_DESIGN_GEOMETRIC_PRESENTATION_REPRESENTATION (  '', ( #447 ), #1913 ) ;
#2999 = LINE ( 'NONE', #1565, #1443 ) ;
#3000 = ORIENTED_EDGE ( 'NONE', *, *, #964, .F. ) ;
#3001 = LINE ( 'NONE', #565, #2760 ) ;
#3002 =( LENGTH_UNIT ( ) NAMED_UNIT ( * ) SI_UNIT ( .MILLI., .METRE. ) );
#3003 =( GEOMETRIC_REPRESENTATION_CONTEXT ( 3 ) GLOBAL_UNCERTAINTY_ASSIGNED_CONTEXT ( ( #3193 ) ) GLOBAL_UNIT_ASSIGNED_CONTEXT ( ( #1107, #2639, #3289 ) ) REPRESENTATION_CONTEXT ( 'NONE', 'WORKASPACE' ) );
#3004 = LINE ( 'NONE', #552, #2048 ) ;
#3005 = ORIENTED_EDGE ( 'NONE', *, *, #891, .F. ) ;
#3006 = DIRECTION ( 'NONE',  ( -5.804910374431050341E-32, -1.606225440719265874E-16, -1.000000000000000000 ) ) ;
#3007 = CARTESIAN_POINT ( 'NONE',  ( 3.658012784032873110, 1.549999999999998712, 0.09816659063474836300 ) ) ;
#3008 = VECTOR ( 'NONE', #2334, 1000.000000000000000 ) ;
#3009 =( LENGTH_UNIT ( ) NAMED_UNIT ( * ) SI_UNIT ( .MILLI., .METRE. ) );
#3010 = PRESENTATION_LAYER_ASSIGNMENT (  '', '', ( #16 ) ) ;
#3011 = CARTESIAN_POINT ( 'NONE',  ( 0.0000000000000000000, 0.0000000000000000000, 1.798166590634748596 ) ) ;
#3012 = STYLED_ITEM ( 'NONE', ( #1814 ), #2905 ) ;
#3013 = ORIENTED_EDGE ( 'NONE', *, *, #2375, .F. ) ;
#3014 = ADVANCED_FACE ( 'NONE', ( #2156 ), #1873, .F. ) ;
#3015 = PRESENTATION_LAYER_ASSIGNMENT (  '', '', ( #2056 ) ) ;
#3016 = VECTOR ( 'NONE', #2483, 1000.000000000000000 ) ;
#3017 = CARTESIAN_POINT ( 'NONE',  ( -2.050000000000000711, -0.4000000000000006328, 0.09816659063474844626 ) ) ;
#3018 = LINE ( 'NONE', #348, #3400 ) ;
#3019 = PRESENTATION_LAYER_ASSIGNMENT (  '', '', ( #3662 ) ) ;
#3020 = ORIENTED_EDGE ( 'NONE', *, *, #3212, .T. ) ;
#3021 = ORIENTED_EDGE ( 'NONE', *, *, #1442, .T. ) ;
#3022 = CYLINDRICAL_SURFACE ( 'NONE', #1701, 0.2000000000000000944 ) ;
#3023 = ORIENTED_EDGE ( 'NONE', *, *, #1722, .T. ) ;
#3024 =( NAMED_UNIT ( * ) PLANE_ANGLE_UNIT ( ) SI_UNIT ( $, .RADIAN. ) );
#3025 = CARTESIAN_POINT ( 'NONE',  ( -2.219999999999999751, -0.4999999999999991673, 1.348166590634748641 ) ) ;
#3026 = ORIENTED_EDGE ( 'NONE', *, *, #425, .T. ) ;
#3027 = LINE ( 'NONE', #2046, #2885 ) ;
#3028 = PLANE ( 'NONE',  #3232 ) ;
#3029 = LINE ( 'NONE', #2467, #3423 ) ;
#3030 =( NAMED_UNIT ( * ) SI_UNIT ( $, .STERADIAN. ) SOLID_ANGLE_UNIT ( ) );
#3031 = EDGE_CURVE ( 'NONE', #2603, #2429, #1929, .T. ) ;
#3032 = ORIENTED_EDGE ( 'NONE', *, *, #3763, .F. ) ;
#3033 = DIRECTION ( 'NONE',  ( 0.0000000000000000000, 0.0000000000000000000, -1.000000000000000000 ) ) ;
#3034 = FACE_OUTER_BOUND ( 'NONE', #2222, .T. ) ;
#3035 =( NAMED_UNIT ( * ) PLANE_ANGLE_UNIT ( ) SI_UNIT ( $, .RADIAN. ) );
#3036 = EDGE_CURVE ( 'NONE', #2673, #2419, #57, .T. ) ;
#3037 = UNCERTAINTY_MEASURE_WITH_UNIT (LENGTH_MEASURE( 1.000000000000000082E-05 ), #3913, 'distance_accuracy_value', 'NONE');
#3038 = FILL_AREA_STYLE_COLOUR ( '', #978 ) ;
#3039 = DIRECTION ( 'NONE',  ( 0.0000000000000000000, -1.000000000000000000, 0.0000000000000000000 ) ) ;
#3040 = ORIENTED_EDGE ( 'NONE', *, *, #3564, .T. ) ;
#3041 = COLOUR_RGB ( '',0.7647058823529411242, 0.7647058823529411242, 0.7647058823529411242 ) ;
#3042 = PRESENTATION_LAYER_ASSIGNMENT (  '', '', ( #2783 ) ) ;
#3043 = LINE ( 'NONE', #1240, #941 ) ;
#3044 = DIRECTION ( 'NONE',  ( 0.0000000000000000000, 0.0000000000000000000, 1.000000000000000000 ) ) ;
#3045 = EDGE_CURVE ( 'NONE', #306, #3184, #3714, .T. ) ;
#3046 = PRESENTATION_LAYER_ASSIGNMENT (  '', '', ( #1124 ) ) ;
#3047 = MECHANICAL_DESIGN_GEOMETRIC_PRESENTATION_REPRESENTATION (  '', ( #2218 ), #308 ) ;
#3048 = ORIENTED_EDGE ( 'NONE', *, *, #1784, .F. ) ;
#3049 = LINE ( 'NONE', #1511, #3105 ) ;
#3050 = COLOUR_RGB ( '',0.2980392156862745057, 0.2980392156862745057, 0.2980392156862745057 ) ;
#3051 =( NAMED_UNIT ( * ) SI_UNIT ( $, .STERADIAN. ) SOLID_ANGLE_UNIT ( ) );
#3052 = ORIENTED_EDGE ( 'NONE', *, *, #597, .T. ) ;
#3053 = CARTESIAN_POINT ( 'NONE',  ( 3.658012784032873110, 0.4999999999999985012, 1.348166590634748641 ) ) ;
#3054 = DIRECTION ( 'NONE',  ( -0.0000000000000000000, 1.000000000000000000, 0.0000000000000000000 ) ) ;
#3055 = FILL_AREA_STYLE ('',( #3607 ) ) ;
#3056 = ORIENTED_EDGE ( 'NONE', *, *, #252, .F. ) ;
#3057 = LINE ( 'NONE', #2411, #1350 ) ;
#3058 = AXIS2_PLACEMENT_3D ( 'NONE', #1217, #2758, #27 ) ;
#3059 = LINE ( 'NONE', #1524, #3681 ) ;
#3060 = PLANE ( 'NONE',  #2423 ) ;
#3061 = FACE_OUTER_BOUND ( 'NONE', #3299, .T. ) ;
#3062 = VERTEX_POINT ( 'NONE', #1233 ) ;
#3063 = EDGE_CURVE ( 'NONE', #1298, #2829, #2197, .T. ) ;
#3064 =( LENGTH_UNIT ( ) NAMED_UNIT ( * ) SI_UNIT ( .MILLI., .METRE. ) );
#3065 = LINE ( 'NONE', #1545, #1202 ) ;
#3066 = EDGE_LOOP ( 'NONE', ( #1049, #3101, #403, #2092 ) ) ;
#3067 = EDGE_CURVE ( 'NONE', #2445, #3243, #3723, .T. ) ;
#3068 = DIRECTION ( 'NONE',  ( 0.0000000000000000000, 0.0000000000000000000, 1.000000000000000000 ) ) ;
#3069 = DIRECTION ( 'NONE',  ( 0.0000000000000000000, -1.000000000000000000, -0.0000000000000000000 ) ) ;
#3070 = CARTESIAN_POINT ( 'NONE',  ( -1.399999999999998579, 1.550000000000000711, 1.348166590634748196 ) ) ;
#3071 = VECTOR ( 'NONE', #1660, 1000.000000000000000 ) ;
#3072 = ORIENTED_EDGE ( 'NONE', *, *, #3406, .F. ) ;
#3073 =( LENGTH_UNIT ( ) NAMED_UNIT ( * ) SI_UNIT ( .MILLI., .METRE. ) );
#3074 = FACE_OUTER_BOUND ( 'NONE', #3635, .T. ) ;
#3075 = COLOUR_RGB ( '',0.2980392156862745057, 0.2980392156862745057, 0.2980392156862745057 ) ;
#3076 = LINE ( 'NONE', #318, #2274 ) ;
#3077 = CARTESIAN_POINT ( 'NONE',  ( -2.150000000000000355, 1.550000000000000044, 1.798166590634748596 ) ) ;
#3078 = AXIS2_PLACEMENT_3D ( 'NONE', #1141, #3934, #855 ) ;
#3079 = VERTEX_POINT ( 'NONE', #2213 ) ;
#3080 = LINE ( 'NONE', #2232, #656 ) ;
#3081 = AXIS2_PLACEMENT_3D ( 'NONE', #1274, #364, #2815 ) ;
#3082 = VECTOR ( 'NONE', #3536, 1000.000000000000000 ) ;
#3083 = CARTESIAN_POINT ( 'NONE',  ( -1.400000000000001465, -1.149999999999999245, 1.348166590634748641 ) ) ;
#3084 = UNCERTAINTY_MEASURE_WITH_UNIT (LENGTH_MEASURE( 1.000000000000000082E-05 ), #3438, 'distance_accuracy_value', 'NONE');
#3085 = ORIENTED_EDGE ( 'NONE', *, *, #1028, .T. ) ;
#3086 = VECTOR ( 'NONE', #2991, 1000.000000000000000 ) ;
#3087 = PRESENTATION_LAYER_ASSIGNMENT (  '', '', ( #3141 ) ) ;
#3088 = ADVANCED_FACE ( 'NONE', ( #3761 ), #2848, .F. ) ;
#3089 = ORIENTED_EDGE ( 'NONE', *, *, #2103, .T. ) ;
#3090 = PLANE ( 'NONE',  #2594 ) ;
#3091 = FILL_AREA_STYLE_COLOUR ( '', #3391 ) ;
#3092 = FILL_AREA_STYLE_COLOUR ( '', #1040 ) ;
#3093 = EDGE_CURVE ( 'NONE', #1378, #2261, #2325, .T. ) ;
#3094 = ORIENTED_EDGE ( 'NONE', *, *, #1200, .T. ) ;
#3095 = DIRECTION ( 'NONE',  ( -0.0000000000000000000, -1.000000000000000000, -0.0000000000000000000 ) ) ;
#3096 = DIRECTION ( 'NONE',  ( 2.891205793294677833E-16, 1.000000000000000000, 0.0000000000000000000 ) ) ;
#3097 = FILL_AREA_STYLE_COLOUR ( '', #2526 ) ;
#3098 = SURFACE_STYLE_FILL_AREA ( #655 ) ;
#3099 = EDGE_CURVE ( 'NONE', #1372, #1313, #1369, .T. ) ;
#3100 = VERTEX_POINT ( 'NONE', #3796 ) ;
#3101 = ORIENTED_EDGE ( 'NONE', *, *, #2208, .T. ) ;
#3102 = CARTESIAN_POINT ( 'NONE',  ( 1.400000000000001465, 1.149999999999999467, 0.09816659063474836300 ) ) ;
#3103 = EDGE_LOOP ( 'NONE', ( #1348, #1422, #2167, #983 ) ) ;
#3104 = LINE ( 'NONE', #98, #3482 ) ;
#3105 = VECTOR ( 'NONE', #3068, 1000.000000000000000 ) ;
#3106 = DIRECTION ( 'NONE',  ( 2.409338161078897701E-16, 1.000000000000000000, -0.0000000000000000000 ) ) ;
#3107 = DIRECTION ( 'NONE',  ( -1.000000000000000000, 3.614007241618348771E-16, 0.0000000000000000000 ) ) ;
#3108 = VECTOR ( 'NONE', #1491, 1000.000000000000000 ) ;
#3109 = AXIS2_PLACEMENT_3D ( 'NONE', #2923, #556, #2069 ) ;
#3110 = SURFACE_STYLE_USAGE ( .BOTH. , #1227 ) ;
#3111 = VECTOR ( 'NONE', #1193, 1000.000000000000000 ) ;
#3112 = EDGE_CURVE ( 'NONE', #2445, #3835, #2008, .T. ) ;
#3113 = CARTESIAN_POINT ( 'NONE',  ( 3.658012784032873110, -1.150000000000001465, 1.348166590634748196 ) ) ;
#3114 =( GEOMETRIC_REPRESENTATION_CONTEXT ( 3 ) GLOBAL_UNCERTAINTY_ASSIGNED_CONTEXT ( ( #3470 ) ) GLOBAL_UNIT_ASSIGNED_CONTEXT ( ( #1448, #2384, #2364 ) ) REPRESENTATION_CONTEXT ( 'NONE', 'WORKASPACE' ) );
#3115 = VERTEX_POINT ( 'NONE', #1968 ) ;
#3116 = DIRECTION ( 'NONE',  ( 0.0000000000000000000, 1.000000000000000000, 0.0000000000000000000 ) ) ;
#3117 = ORIENTED_EDGE ( 'NONE', *, *, #3430, .F. ) ;
#3118 = EDGE_CURVE ( 'NONE', #1372, #362, #2900, .T. ) ;
#3119 = DIRECTION ( 'NONE',  ( 1.000000000000000000, -7.228014483236700500E-16, 0.0000000000000000000 ) ) ;
#3120 = DIRECTION ( 'NONE',  ( 0.0000000000000000000, 1.000000000000000000, 0.0000000000000000000 ) ) ;
#3121 = FACE_OUTER_BOUND ( 'NONE', #3510, .T. ) ;
#3122 = ORIENTED_EDGE ( 'NONE', *, *, #153, .F. ) ;
#3123 = MECHANICAL_DESIGN_GEOMETRIC_PRESENTATION_REPRESENTATION (  '', ( #2097 ), #3693 ) ;
#3124 = FILL_AREA_STYLE ('',( #683 ) ) ;
#3125 = ORIENTED_EDGE ( 'NONE', *, *, #2422, .F. ) ;
#3126 = CARTESIAN_POINT ( 'NONE',  ( -3.658012784032873110, 1.550000000000001377, -0.001833409365251895823 ) ) ;
#3127 = CARTESIAN_POINT ( 'NONE',  ( -2.219999999999998419, -1.149999999999998357, 1.348166590634748641 ) ) ;
#3128 = ORIENTED_EDGE ( 'NONE', *, *, #2798, .F. ) ;
#3129 = DIRECTION ( 'NONE',  ( -1.000000000000000000, -0.0000000000000000000, 0.0000000000000000000 ) ) ;
#3130 = PRESENTATION_LAYER_ASSIGNMENT (  '', '', ( #898 ) ) ;
#3131 = ADVANCED_FACE ( 'NONE', ( #492 ), #2543, .F. ) ;
#3132 = ORIENTED_EDGE ( 'NONE', *, *, #1279, .T. ) ;
#3133 = DIRECTION ( 'NONE',  ( 0.7071067811865578978, 0.0000000000000000000, -0.7071067811865372477 ) ) ;
#3134 = VERTEX_POINT ( 'NONE', #113 ) ;
#3135 = AXIS2_PLACEMENT_3D ( 'NONE', #955, #1045, #2764 ) ;
#3136 = EDGE_CURVE ( 'NONE', #205, #2148, #146, .T. ) ;
#3137 = ORIENTED_EDGE ( 'NONE', *, *, #11, .T. ) ;
#3138 = VECTOR ( 'NONE', #480, 1000.000000000000000 ) ;
#3139 = DIRECTION ( 'NONE',  ( 1.000000000000000000, -2.710505431213760592E-16, 0.0000000000000000000 ) ) ;
#3140 = ORIENTED_EDGE ( 'NONE', *, *, #1818, .F. ) ;
#3141 = STYLED_ITEM ( 'NONE', ( #271 ), #3257 ) ;
#3142 = DIRECTION ( 'NONE',  ( -1.000000000000000000, 3.614007241618348771E-16, 0.0000000000000000000 ) ) ;
#3143 = DIRECTION ( 'NONE',  ( 0.0000000000000000000, 0.0000000000000000000, -1.000000000000000000 ) ) ;
#3144 = VECTOR ( 'NONE', #3221, 1000.000000000000114 ) ;
#3145 = ORIENTED_EDGE ( 'NONE', *, *, #3045, .T. ) ;
#3146 = CARTESIAN_POINT ( 'NONE',  ( 2.050000000000000711, -1.150000000000000799, 1.348166590634748196 ) ) ;
#3147 = FACE_OUTER_BOUND ( 'NONE', #1061, .T. ) ;
#3148 = FILL_AREA_STYLE_COLOUR ( '', #451 ) ;
#3149 = ORIENTED_EDGE ( 'NONE', *, *, #612, .T. ) ;
#3150 = CARTESIAN_POINT ( 'NONE',  ( -2.250000000000000444, -1.149999999999998357, 1.318166590634747060 ) ) ;
#3151 = SURFACE_STYLE_FILL_AREA ( #712 ) ;
#3152 = EDGE_CURVE ( 'NONE', #1026, #3890, #1715, .T. ) ;
#3153 = UNCERTAINTY_MEASURE_WITH_UNIT (LENGTH_MEASURE( 1.000000000000000082E-05 ), #1972, 'distance_accuracy_value', 'NONE');
#3154 =( LENGTH_UNIT ( ) NAMED_UNIT ( * ) SI_UNIT ( .MILLI., .METRE. ) );
#3155 = EDGE_LOOP ( 'NONE', ( #2892, #1804, #1681, #3544 ) ) ;
#3156 = EDGE_CURVE ( 'NONE', #3712, #2261, #816, .T. ) ;
#3157 = DIRECTION ( 'NONE',  ( 1.000000000000000000, 1.008560160451632221E-16, 0.0000000000000000000 ) ) ;
#3158 = CARTESIAN_POINT ( 'NONE',  ( -1.149999999999999911, -1.600000000000001199, 0.1281665906347500827 ) ) ;
#3159 = DIRECTION ( 'NONE',  ( -9.795786256852398819E-32, -2.710505431213761578E-16, -1.000000000000000000 ) ) ;
#3160 = VERTEX_POINT ( 'NONE', #1329 ) ;
#3161 = EDGE_CURVE ( 'NONE', #1070, #2309, #3209, .T. ) ;
#3162 = LINE ( 'NONE', #1338, #419 ) ;
#3163 = DIRECTION ( 'NONE',  ( 5.804910374431050341E-32, 1.606225440719265874E-16, -1.000000000000000000 ) ) ;
#3164 =( GEOMETRIC_REPRESENTATION_CONTEXT ( 3 ) GLOBAL_UNCERTAINTY_ASSIGNED_CONTEXT ( ( #3037 ) ) GLOBAL_UNIT_ASSIGNED_CONTEXT ( ( #3913, #3383, #2403 ) ) REPRESENTATION_CONTEXT ( 'NONE', 'WORKASPACE' ) );
#3165 = VERTEX_POINT ( 'NONE', #470 ) ;
#3166 =( NAMED_UNIT ( * ) PLANE_ANGLE_UNIT ( ) SI_UNIT ( $, .RADIAN. ) );
#3167 = CARTESIAN_POINT ( 'NONE',  ( -2.050000000000000711, -0.4000000000000006328, 0.09816659063474836300 ) ) ;
#3168 = VECTOR ( 'NONE', #3688, 1000.000000000000000 ) ;
#3169 = EDGE_LOOP ( 'NONE', ( #3275, #3709, #3240, #1869 ) ) ;
#3170 = FILL_AREA_STYLE ('',( #436 ) ) ;
#3171 = CIRCLE ( 'NONE', #1447, 0.2000000000000000944 ) ;
#3172 = ORIENTED_EDGE ( 'NONE', *, *, #3912, .F. ) ;
#3173 = CARTESIAN_POINT ( 'NONE',  ( -3.658012784032873110, -1.149999999999998357, 1.348166590634748641 ) ) ;
#3174 = VECTOR ( 'NONE', #3069, 1000.000000000000000 ) ;
#3175 = MECHANICAL_DESIGN_GEOMETRIC_PRESENTATION_REPRESENTATION (  '', ( #2154 ), #3684 ) ;
#3176 = FACE_OUTER_BOUND ( 'NONE', #1347, .T. ) ;
#3177 = SURFACE_STYLE_FILL_AREA ( #1948 ) ;
#3178 = VERTEX_POINT ( 'NONE', #1050 ) ;
#3179 = PRESENTATION_LAYER_ASSIGNMENT (  '', '', ( #434 ) ) ;
#3180 = FILL_AREA_STYLE_COLOUR ( '', #71 ) ;
#3181 = EDGE_CURVE ( 'NONE', #1619, #2962, #1693, .T. ) ;
#3182 = ORIENTED_EDGE ( 'NONE', *, *, #888, .T. ) ;
#3183 = ADVANCED_FACE ( 'NONE', ( #184 ), #2623, .T. ) ;
#3184 = VERTEX_POINT ( 'NONE', #1453 ) ;
#3185 = CARTESIAN_POINT ( 'NONE',  ( -1.399999999999998801, 0.0000000000000000000, 0.09816659063474836300 ) ) ;
#3186 = SURFACE_STYLE_USAGE ( .BOTH. , #1014 ) ;
#3187 = SURFACE_STYLE_FILL_AREA ( #3849 ) ;
#3188 = ORIENTED_EDGE ( 'NONE', *, *, #3031, .T. ) ;
#3189 = DIRECTION ( 'NONE',  ( 0.0000000000000000000, -0.0000000000000000000, -1.000000000000000000 ) ) ;
#3190 = CARTESIAN_POINT ( 'NONE',  ( -1.149999999999999467, 0.0000000000000000000, 1.798166590634748596 ) ) ;
#3191 = PRESENTATION_LAYER_ASSIGNMENT (  '', '', ( #966 ) ) ;
#3192 =( NAMED_UNIT ( * ) SI_UNIT ( $, .STERADIAN. ) SOLID_ANGLE_UNIT ( ) );
#3193 = UNCERTAINTY_MEASURE_WITH_UNIT (LENGTH_MEASURE( 1.000000000000000082E-05 ), #1107, 'distance_accuracy_value', 'NONE');
#3194 = PRESENTATION_LAYER_ASSIGNMENT (  '', '', ( #838 ) ) ;
#3195 = CARTESIAN_POINT ( 'NONE',  ( 2.050000000000000711, 1.550000000000000488, 1.798166590634748596 ) ) ;
#3196 = DIRECTION ( 'NONE',  ( 5.804910374431050341E-32, 1.606225440719265874E-16, 1.000000000000000000 ) ) ;
#3197 = ORIENTED_EDGE ( 'NONE', *, *, #3571, .T. ) ;
#3198 = PLANE ( 'NONE',  #3295 ) ;
#3199 = COLOUR_RGB ( '',0.2980392156862745057, 0.2980392156862745057, 0.2980392156862745057 ) ;
#3200 =( LENGTH_UNIT ( ) NAMED_UNIT ( * ) SI_UNIT ( .MILLI., .METRE. ) );
#3201 = PRESENTATION_LAYER_ASSIGNMENT (  '', '', ( #2689 ) ) ;
#3202 = DIRECTION ( 'NONE',  ( -1.000000000000000000, 2.710505431213760592E-16, -0.0000000000000000000 ) ) ;
#3203 = COLOUR_RGB ( '',0.7647058823529411242, 0.7647058823529411242, 0.7647058823529411242 ) ;
#3204 = VECTOR ( 'NONE', #305, 1000.000000000000000 ) ;
#3205 = SURFACE_STYLE_USAGE ( .BOTH. , #2210 ) ;
#3206 = EDGE_CURVE ( 'NONE', #1592, #2808, #3851, .T. ) ;
#3207 = DIRECTION ( 'NONE',  ( -1.000000000000000000, 3.614007241618348771E-16, 0.0000000000000000000 ) ) ;
#3208 = VECTOR ( 'NONE', #1033, 1000.000000000000000 ) ;
#3209 = LINE ( 'NONE', #1405, #3333 ) ;
#3210 = LINE ( 'NONE', #1909, #2399 ) ;
#3211 = STYLED_ITEM ( 'NONE', ( #1593 ), #3334 ) ;
#3212 = EDGE_CURVE ( 'NONE', #2003, #3844, #3346, .T. ) ;
#3213 = CARTESIAN_POINT ( 'NONE',  ( -1.150000000000000133, -1.600000000000001421, 0.09816659063474836300 ) ) ;
#3214 = LINE ( 'NONE', #2927, #3896 ) ;
#3215 = VERTEX_POINT ( 'NONE', #1427 ) ;
#3216 = CARTESIAN_POINT ( 'NONE',  ( 3.658012784032873110, -1.550000000000001377, -0.001833409365251895823 ) ) ;
#3217 = SURFACE_STYLE_FILL_AREA ( #764 ) ;
#3218 = DIRECTION ( 'NONE',  ( -5.804910374431050341E-32, -1.606225440719265874E-16, 1.000000000000000000 ) ) ;
#3219 = ORIENTED_EDGE ( 'NONE', *, *, #3650, .T. ) ;
#3220 = VERTEX_POINT ( 'NONE', #292 ) ;
#3221 = DIRECTION ( 'NONE',  ( -0.7071067811865460184, 0.0000000000000000000, -0.7071067811865490160 ) ) ;
#3222 =( NAMED_UNIT ( * ) PLANE_ANGLE_UNIT ( ) SI_UNIT ( $, .RADIAN. ) );
#3223 = DIRECTION ( 'NONE',  ( 3.614007241618348771E-16, 1.000000000000000000, -1.606225440719265874E-16 ) ) ;
#3224 = EDGE_LOOP ( 'NONE', ( #933, #2518, #3910, #1897, #673, #3089, #845, #705 ) ) ;
#3225 =( NAMED_UNIT ( * ) SI_UNIT ( $, .STERADIAN. ) SOLID_ANGLE_UNIT ( ) );
#3226 = EDGE_CURVE ( 'NONE', #1306, #2816, #3309, .T. ) ;
#3227 = CARTESIAN_POINT ( 'NONE',  ( -2.250000000000000888, 0.0000000000000000000, 0.09816659063474836300 ) ) ;
#3228 = SURFACE_STYLE_FILL_AREA ( #2601 ) ;
#3229 = UNCERTAINTY_MEASURE_WITH_UNIT (LENGTH_MEASURE( 1.000000000000000082E-05 ), #1246, 'distance_accuracy_value', 'NONE');
#3230 = FILL_AREA_STYLE_COLOUR ( '', #584 ) ;
#3231 = COLOUR_RGB ( '',0.2980392156862745057, 0.2980392156862745057, 0.2980392156862745057 ) ;
#3232 = AXIS2_PLACEMENT_3D ( 'NONE', #2108, #1870, #3936 ) ;
#3233 = ORIENTED_EDGE ( 'NONE', *, *, #2636, .F. ) ;
#3234 = EDGE_CURVE ( 'NONE', #2509, #194, #3606, .T. ) ;
#3235 = VECTOR ( 'NONE', #3842, 1000.000000000000000 ) ;
#3236 = LINE ( 'NONE', #2589, #3920 ) ;
#3237 = SURFACE_STYLE_FILL_AREA ( #2932 ) ;
#3238 = DIRECTION ( 'NONE',  ( 0.7071067811865602293, 0.0000000000000000000, 0.7071067811865348052 ) ) ;
#3239 = ORIENTED_EDGE ( 'NONE', *, *, #3152, .F. ) ;
#3240 = ORIENTED_EDGE ( 'NONE', *, *, #3901, .T. ) ;
#3241 =( NAMED_UNIT ( * ) PLANE_ANGLE_UNIT ( ) SI_UNIT ( $, .RADIAN. ) );
#3242 = DIRECTION ( 'NONE',  ( 1.000000000000000000, 0.0000000000000000000, -0.0000000000000000000 ) ) ;
#3243 = VERTEX_POINT ( 'NONE', #1514 ) ;
#3244 = STYLED_ITEM ( 'NONE', ( #2354 ), #2010 ) ;
#3245 = LINE ( 'NONE', #1423, #3771 ) ;
#3246 = DIRECTION ( 'NONE',  ( 1.000000000000000000, 0.0000000000000000000, -0.0000000000000000000 ) ) ;
#3247 = FACE_OUTER_BOUND ( 'NONE', #12, .T. ) ;
#3248 = ORIENTED_EDGE ( 'NONE', *, *, #2612, .T. ) ;
#3249 = DIRECTION ( 'NONE',  ( 1.000000000000000000, 0.0000000000000000000, -0.0000000000000000000 ) ) ;
#3250 = FILL_AREA_STYLE ('',( #206 ) ) ;
#3251 = PLANE ( 'NONE',  #910 ) ;
#3252 = PLANE ( 'NONE',  #3382 ) ;
#3253 = EDGE_CURVE ( 'NONE', #490, #1444, #3647, .T. ) ;
#3254 = PRESENTATION_STYLE_ASSIGNMENT (( #1867 ) ) ;
#3255 = ORIENTED_EDGE ( 'NONE', *, *, #2234, .T. ) ;
#3256 = CARTESIAN_POINT ( 'NONE',  ( -1.150000000000000133, 1.600000000000000089, 0.09816659063474836300 ) ) ;
#3257 = ADVANCED_FACE ( 'NONE', ( #1145 ), #3291, .T. ) ;
#3258 = VECTOR ( 'NONE', #2813, 1000.000000000000000 ) ;
#3259 = DIRECTION ( 'NONE',  ( -1.000000000000000000, 1.084202172485504040E-15, 0.0000000000000000000 ) ) ;
#3260 = CARTESIAN_POINT ( 'NONE',  ( -1.149999999999999911, 1.599999999999999867, 1.798166590634748596 ) ) ;
#3261 = VERTEX_POINT ( 'NONE', #2704 ) ;
#3262 = STYLED_ITEM ( 'NONE', ( #2807 ), #2301 ) ;
#3263 = PRESENTATION_STYLE_ASSIGNMENT (( #1380 ) ) ;
#3264 = DIRECTION ( 'NONE',  ( -3.614007241618348771E-16, -1.000000000000000000, 0.0000000000000000000 ) ) ;
#3265 = CARTESIAN_POINT ( 'NONE',  ( -1.399999999999998801, 1.150000000000000577, 1.348166590634748196 ) ) ;
#3266 = DIRECTION ( 'NONE',  ( 0.0000000000000000000, 1.000000000000000000, -2.710505431213761578E-16 ) ) ;
#3267 = PLANE ( 'NONE',  #2242 ) ;
#3268 = VECTOR ( 'NONE', #578, 1000.000000000000000 ) ;
#3269 = PRESENTATION_LAYER_ASSIGNMENT (  '', '', ( #714 ) ) ;
#3270 = ORIENTED_EDGE ( 'NONE', *, *, #2739, .T. ) ;
#3271 =( NAMED_UNIT ( * ) PLANE_ANGLE_UNIT ( ) SI_UNIT ( $, .RADIAN. ) );
#3272 = PRESENTATION_LAYER_ASSIGNMENT (  '', '', ( #2437 ) ) ;
#3273 = VECTOR ( 'NONE', #3249, 1000.000000000000000 ) ;
#3274 = DIRECTION ( 'NONE',  ( 0.0000000000000000000, 0.0000000000000000000, 1.000000000000000000 ) ) ;
#3275 = ORIENTED_EDGE ( 'NONE', *, *, #2717, .T. ) ;
#3276 = VECTOR ( 'NONE', #3095, 1000.000000000000000 ) ;
#3277 = EDGE_CURVE ( 'NONE', #3890, #2829, #555, .T. ) ;
#3278 = PLANE ( 'NONE',  #244 ) ;
#3279 = DIRECTION ( 'NONE',  ( 7.228014483236700500E-16, 1.000000000000000000, 0.0000000000000000000 ) ) ;
#3280 = CARTESIAN_POINT ( 'NONE',  ( -1.400000000000001910, 0.0000000000000000000, 0.09816659063474836300 ) ) ;
#3281 = VERTEX_POINT ( 'NONE', #3566 ) ;
#3282 = ORIENTED_EDGE ( 'NONE', *, *, #1582, .T. ) ;
#3283 = EDGE_CURVE ( 'NONE', #3704, #306, #3898, .T. ) ;
#3284 = LINE ( 'NONE', #768, #1578 ) ;
#3285 = ORIENTED_EDGE ( 'NONE', *, *, #3422, .F. ) ;
#3286 = FILL_AREA_STYLE_COLOUR ( '', #2058 ) ;
#3287 = EDGE_CURVE ( 'NONE', #1070, #1800, #3027, .T. ) ;
#3288 = LINE ( 'NONE', #508, #1119 ) ;
#3289 =( NAMED_UNIT ( * ) SI_UNIT ( $, .STERADIAN. ) SOLID_ANGLE_UNIT ( ) );
#3290 = ORIENTED_EDGE ( 'NONE', *, *, #1474, .F. ) ;
#3291 = PLANE ( 'NONE',  #3899 ) ;
#3292 = FACE_OUTER_BOUND ( 'NONE', #2019, .T. ) ;
#3293 = CARTESIAN_POINT ( 'NONE',  ( 1.150000000000000133, -1.600000000000000755, 0.09816659063474836300 ) ) ;
#3294 = EDGE_LOOP ( 'NONE', ( #1849, #2513, #1401, #568, #1725 ) ) ;
#3295 = AXIS2_PLACEMENT_3D ( 'NONE', #2936, #1160, #3823 ) ;
#3296 = SURFACE_STYLE_USAGE ( .BOTH. , #2072 ) ;
#3297 = FILL_AREA_STYLE_COLOUR ( '', #3486 ) ;
#3298 =( GEOMETRIC_REPRESENTATION_CONTEXT ( 3 ) GLOBAL_UNCERTAINTY_ASSIGNED_CONTEXT ( ( #2158 ) ) GLOBAL_UNIT_ASSIGNED_CONTEXT ( ( #797, #2643, #570 ) ) REPRESENTATION_CONTEXT ( 'NONE', 'WORKASPACE' ) );
#3299 = EDGE_LOOP ( 'NONE', ( #1191, #1742, #1039, #542 ) ) ;
#3300 = VECTOR ( 'NONE', #2844, 1000.000000000000000 ) ;
#3301 = LINE ( 'NONE', #2698, #1062 ) ;
#3302 = LINE ( 'NONE', #3809, #1068 ) ;
#3303 = MECHANICAL_DESIGN_GEOMETRIC_PRESENTATION_REPRESENTATION (  '', ( #2023 ), #235 ) ;
#3304 = VERTEX_POINT ( 'NONE', #2107 ) ;
#3305 = DIRECTION ( 'NONE',  ( 0.0000000000000000000, 1.000000000000000000, 0.0000000000000000000 ) ) ;
#3306 = DIRECTION ( 'NONE',  ( -5.804910374431050341E-32, -1.606225440719265874E-16, -1.000000000000000000 ) ) ;
#3307 = ADVANCED_FACE ( 'NONE', ( #1169 ), #2683, .T. ) ;
#3308 = ORIENTED_EDGE ( 'NONE', *, *, #3063, .F. ) ;
#3309 = LINE ( 'NONE', #1789, #2692 ) ;
#3310 = VECTOR ( 'NONE', #2970, 1000.000000000000000 ) ;
#3311 =( NAMED_UNIT ( * ) PLANE_ANGLE_UNIT ( ) SI_UNIT ( $, .RADIAN. ) );
#3312 = UNCERTAINTY_MEASURE_WITH_UNIT (LENGTH_MEASURE( 1.000000000000000082E-05 ), #1353, 'distance_accuracy_value', 'NONE');
#3313 = VERTEX_POINT ( 'NONE', #3738 ) ;
#3314 = FILL_AREA_STYLE ('',( #2453 ) ) ;
#3315 = SURFACE_STYLE_FILL_AREA ( #3905 ) ;
#3316 = ORIENTED_EDGE ( 'NONE', *, *, #2163, .F. ) ;
#3317 = CARTESIAN_POINT ( 'NONE',  ( -3.658012784032873110, -0.8999999999999986899, 0.09816659063474836300 ) ) ;
#3318 = VECTOR ( 'NONE', #1344, 1000.000000000000000 ) ;
#3319 = VERTEX_POINT ( 'NONE', #2227 ) ;
#3320 = PLANE ( 'NONE',  #2657 ) ;
#3321 = CARTESIAN_POINT ( 'NONE',  ( 0.0000000000000000000, 0.0000000000000000000, 1.798166590634748596 ) ) ;
#3322 = MANIFOLD_SOLID_BREP ( 'Chamfer1', #3547 ) ;
#3323 = EDGE_LOOP ( 'NONE', ( #516, #1093, #3282, #3290 ) ) ;
#3324 = DIRECTION ( 'NONE',  ( -1.000000000000000000, -1.008560160451632221E-16, 0.0000000000000000000 ) ) ;
#3325 = CARTESIAN_POINT ( 'NONE',  ( 2.219999999999998863, -1.550000000000000933, 1.348166590634748196 ) ) ;
#3326 = VECTOR ( 'NONE', #803, 1000.000000000000000 ) ;
#3327 = EDGE_CURVE ( 'NONE', #1184, #2264, #1554, .T. ) ;
#3328 =( NAMED_UNIT ( * ) PLANE_ANGLE_UNIT ( ) SI_UNIT ( $, .RADIAN. ) );
#3329 =( GEOMETRIC_REPRESENTATION_CONTEXT ( 3 ) GLOBAL_UNCERTAINTY_ASSIGNED_CONTEXT ( ( #474 ) ) GLOBAL_UNIT_ASSIGNED_CONTEXT ( ( #843, #3598, #238 ) ) REPRESENTATION_CONTEXT ( 'NONE', 'WORKASPACE' ) );
#3330 = AXIS2_PLACEMENT_3D ( 'NONE', #2140, #2090, #493 ) ;
#3331 = ORIENTED_EDGE ( 'NONE', *, *, #517, .T. ) ;
#3332 = MECHANICAL_DESIGN_GEOMETRIC_PRESENTATION_REPRESENTATION (  '', ( #2437 ), #1677 ) ;
#3333 = VECTOR ( 'NONE', #2029, 1000.000000000000000 ) ;
#3334 = ADVANCED_FACE ( 'NONE', ( #1829 ), #33, .F. ) ;
#3335 = DIRECTION ( 'NONE',  ( 5.804910374431050341E-32, 1.606225440719265874E-16, 1.000000000000000000 ) ) ;
#3336 = LINE ( 'NONE', #3575, #3268 ) ;
#3337 = FACE_OUTER_BOUND ( 'NONE', #1438, .T. ) ;
#3338 = STYLED_ITEM ( 'NONE', ( #1105 ), #3469 ) ;
#3339 = EDGE_LOOP ( 'NONE', ( #3722, #2457, #1168, #2595, #2997, #1510, #378, #2212 ) ) ;
#3340 = VERTEX_POINT ( 'NONE', #2168 ) ;
#3341 = CARTESIAN_POINT ( 'NONE',  ( -2.050000000000000266, 1.599999999999999867, 1.798166590634748596 ) ) ;
#3342 = DIRECTION ( 'NONE',  ( 1.000000000000000000, -2.710505431213760592E-16, 0.0000000000000000000 ) ) ;
#3343 = ORIENTED_EDGE ( 'NONE', *, *, #1952, .F. ) ;
#3344 = CARTESIAN_POINT ( 'NONE',  ( 2.150000000000000799, -1.550000000000000488, 2.168166590634747593 ) ) ;
#3345 = ORIENTED_EDGE ( 'NONE', *, *, #919, .F. ) ;
#3346 = LINE ( 'NONE', #1732, #1682 ) ;
#3347 = PLANE ( 'NONE',  #2214 ) ;
#3348 = CARTESIAN_POINT ( 'NONE',  ( -2.050000000000000711, 1.150000000000000799, 1.348166590634748196 ) ) ;
#3349 = EDGE_CURVE ( 'NONE', #1465, #863, #651, .T. ) ;
#3350 = DIRECTION ( 'NONE',  ( 1.000000000000000000, -0.0000000000000000000, 0.0000000000000000000 ) ) ;
#3351 =( NAMED_UNIT ( * ) SI_UNIT ( $, .STERADIAN. ) SOLID_ANGLE_UNIT ( ) );
#3352 = UNCERTAINTY_MEASURE_WITH_UNIT (LENGTH_MEASURE( 1.000000000000000082E-05 ), #2590, 'distance_accuracy_value', 'NONE');
#3353 = SURFACE_STYLE_FILL_AREA ( #1310 ) ;
#3354 = PRESENTATION_LAYER_ASSIGNMENT (  '', '', ( #3555 ) ) ;
#3355 = FILL_AREA_STYLE ('',( #1853 ) ) ;
#3356 = ORIENTED_EDGE ( 'NONE', *, *, #2889, .T. ) ;
#3357 = STYLED_ITEM ( 'NONE', ( #173 ), #1223 ) ;
#3358 = CIRCLE ( 'NONE', #226, 0.7500000000000001110 ) ;
#3359 = CARTESIAN_POINT ( 'NONE',  ( -2.049999999999999822, -1.549999999999999378, -0.001833409365251462142 ) ) ;
#3360 = DIRECTION ( 'NONE',  ( -0.7071067811865495711, 0.0000000000000000000, -0.7071067811865454633 ) ) ;
#3361 = VECTOR ( 'NONE', #1659, 1000.000000000000000 ) ;
#3362 = ORIENTED_EDGE ( 'NONE', *, *, #1527, .T. ) ;
#3363 = FILL_AREA_STYLE ('',( #3703 ) ) ;
#3364 = AXIS2_PLACEMENT_3D ( 'NONE', #1568, #587, #667 ) ;
#3365 = STYLED_ITEM ( 'NONE', ( #3683 ), #732 ) ;
#3366 = LINE ( 'NONE', #374, #3490 ) ;
#3367 = CARTESIAN_POINT ( 'NONE',  ( 2.250000000000000444, 0.4999999999999985012, 1.318166590634747726 ) ) ;
#3368 = ORIENTED_EDGE ( 'NONE', *, *, #1509, .F. ) ;
#3369 = LINE ( 'NONE', #3628, #1253 ) ;
#3370 = LINE ( 'NONE', #633, #2338 ) ;
#3371 = ORIENTED_EDGE ( 'NONE', *, *, #3494, .F. ) ;
#3372 = LINE ( 'NONE', #3150, #1221 ) ;
#3373 = EDGE_CURVE ( 'NONE', #3704, #725, #1571, .T. ) ;
#3374 = CARTESIAN_POINT ( 'NONE',  ( -1.400000000000000133, 1.517883041479706996E-15, -0.001833409365251462142 ) ) ;
#3375 = CARTESIAN_POINT ( 'NONE',  ( 2.250000000000000444, 0.8999999999999993561, 0.1981665906347486183 ) ) ;
#3376 = FILL_AREA_STYLE_COLOUR ( '', #2434 ) ;
#3377 = DIRECTION ( 'NONE',  ( 1.000000000000000000, -0.0000000000000000000, 0.0000000000000000000 ) ) ;
#3378 = EDGE_LOOP ( 'NONE', ( #1241, #626, #1158, #1538, #137, #596 ) ) ;
#3379 = EDGE_CURVE ( 'NONE', #2531, #3165, #2805, .T. ) ;
#3380 = DIRECTION ( 'NONE',  ( 1.000000000000000000, -2.655153185220752661E-47, 9.795786256852394440E-32 ) ) ;
#3381 = EDGE_LOOP ( 'NONE', ( #2736, #2703, #2726, #804, #2668, #2804, #3255, #2504 ) ) ;
#3382 = AXIS2_PLACEMENT_3D ( 'NONE', #3569, #777, #3780 ) ;
#3383 =( NAMED_UNIT ( * ) PLANE_ANGLE_UNIT ( ) SI_UNIT ( $, .RADIAN. ) );
#3384 = LINE ( 'NONE', #3685, #622 ) ;
#3385 = DIRECTION ( 'NONE',  ( 1.000000000000000000, -1.084202172485504040E-15, 0.0000000000000000000 ) ) ;
#3386 =( NAMED_UNIT ( * ) SI_UNIT ( $, .STERADIAN. ) SOLID_ANGLE_UNIT ( ) );
#3387 = LINE ( 'NONE', #1810, #3168 ) ;
#3388 = PRESENTATION_LAYER_ASSIGNMENT (  '', '', ( #3262 ) ) ;
#3389 =( LENGTH_UNIT ( ) NAMED_UNIT ( * ) SI_UNIT ( .MILLI., .METRE. ) );
#3390 = FILL_AREA_STYLE_COLOUR ( '', #3075 ) ;
#3391 = COLOUR_RGB ( '',0.2980392156862745057, 0.2980392156862745057, 0.2980392156862745057 ) ;
#3392 = ORIENTED_EDGE ( 'NONE', *, *, #329, .T. ) ;
#3393 = DIRECTION ( 'NONE',  ( 2.710505431213760592E-16, 1.000000000000000000, 0.0000000000000000000 ) ) ;
#3394 = AXIS2_PLACEMENT_3D ( 'NONE', #519, #3259, #883 ) ;
#3395 = CARTESIAN_POINT ( 'NONE',  ( 2.250000000000000888, -1.000000000000000888, 0.09816659063474836300 ) ) ;
#3396 = DIRECTION ( 'NONE',  ( 0.0000000000000000000, 0.0000000000000000000, -1.000000000000000000 ) ) ;
#3397 = UNCERTAINTY_MEASURE_WITH_UNIT (LENGTH_MEASURE( 1.000000000000000082E-05 ), #1721, 'distance_accuracy_value', 'NONE');
#3398 = ORIENTED_EDGE ( 'NONE', *, *, #2882, .F. ) ;
#3399 = AXIS2_PLACEMENT_3D ( 'NONE', #1638, #3748, #2530 ) ;
#3400 = VECTOR ( 'NONE', #600, 1000.000000000000000 ) ;
#3401 = FILL_AREA_STYLE ('',( #1879 ) ) ;
#3402 = CARTESIAN_POINT ( 'NONE',  ( -2.120000000000002327, -1.519999999999999130, 2.198166590634749173 ) ) ;
#3403 = COLOUR_RGB ( '',0.2980392156862745057, 0.2980392156862745057, 0.2980392156862745057 ) ;
#3404 = EDGE_CURVE ( 'NONE', #1828, #2071, #690, .T. ) ;
#3405 = ORIENTED_EDGE ( 'NONE', *, *, #3099, .F. ) ;
#3406 = EDGE_CURVE ( 'NONE', #1121, #3807, #2697, .T. ) ;
#3407 = EDGE_LOOP ( 'NONE', ( #2293, #380, #51, #291 ) ) ;
#3408 = SURFACE_STYLE_USAGE ( .BOTH. , #1609 ) ;
#3409 = CARTESIAN_POINT ( 'NONE',  ( 1.150000000000000355, 0.0000000000000000000, 1.798166590634748596 ) ) ;
#3410 = CARTESIAN_POINT ( 'NONE',  ( -2.250000000000000888, 1.150000000000001021, 1.348166590634748196 ) ) ;
#3411 = ORIENTED_EDGE ( 'NONE', *, *, #1254, .T. ) ;
#3412 = CARTESIAN_POINT ( 'NONE',  ( -3.658012784032873110, 1.550000000000001599, 1.348166590634748196 ) ) ;
#3413 = ORIENTED_EDGE ( 'NONE', *, *, #3453, .F. ) ;
#3414 =( NAMED_UNIT ( * ) PLANE_ANGLE_UNIT ( ) SI_UNIT ( $, .RADIAN. ) );
#3415 = DIRECTION ( 'NONE',  ( -0.0000000000000000000, -1.000000000000000000, -0.0000000000000000000 ) ) ;
#3416 = DIRECTION ( 'NONE',  ( 1.398970545142586541E-16, -1.000000000000000000, 0.0000000000000000000 ) ) ;
#3417 = PLANE ( 'NONE',  #957 ) ;
#3418 = ORIENTED_EDGE ( 'NONE', *, *, #2251, .T. ) ;
#3419 = AXIS2_PLACEMENT_3D ( 'NONE', #3533, #497, #1373 ) ;
#3420 = CARTESIAN_POINT ( 'NONE',  ( -3.658012784032873110, -0.4999999999999985012, 1.348166590634748641 ) ) ;
#3421 = LINE ( 'NONE', #89, #373 ) ;
#3422 = EDGE_CURVE ( 'NONE', #1118, #28, #2576, .T. ) ;
#3423 = VECTOR ( 'NONE', #2110, 1000.000000000000000 ) ;
#3424 = DIRECTION ( 'NONE',  ( 0.0000000000000000000, 0.0000000000000000000, 1.000000000000000000 ) ) ;
#3425 = ORIENTED_EDGE ( 'NONE', *, *, #3843, .F. ) ;
#3426 = DIRECTION ( 'NONE',  ( -1.084202172485504040E-15, -1.000000000000000000, 0.0000000000000000000 ) ) ;
#3427 = PRESENTATION_LAYER_ASSIGNMENT (  '', '', ( #1771 ) ) ;
#3428 = AXIS2_PLACEMENT_3D ( 'NONE', #3113, #936, #2150 ) ;
#3429 = FACE_OUTER_BOUND ( 'NONE', #56, .T. ) ;
#3430 = EDGE_CURVE ( 'NONE', #3261, #729, #484, .T. ) ;
#3431 = ORIENTED_EDGE ( 'NONE', *, *, #2814, .T. ) ;
#3432 = CARTESIAN_POINT ( 'NONE',  ( 2.050000000000001155, 1.599999999999999423, 0.09816659063474836300 ) ) ;
#3433 = LINE ( 'NONE', #2867, #368 ) ;
#3434 = CARTESIAN_POINT ( 'NONE',  ( -2.219999999999999307, -0.4999999999999985012, 1.348166590634748641 ) ) ;
#3435 = UNCERTAINTY_MEASURE_WITH_UNIT (LENGTH_MEASURE( 1.000000000000000082E-05 ), #1735, 'distance_accuracy_value', 'NONE');
#3436 = ORIENTED_EDGE ( 'NONE', *, *, #909, .T. ) ;
#3437 = CARTESIAN_POINT ( 'NONE',  ( -1.180000000000001492, 1.600000000000000311, 0.09816659063474836300 ) ) ;
#3438 =( LENGTH_UNIT ( ) NAMED_UNIT ( * ) SI_UNIT ( .MILLI., .METRE. ) );
#3439 = CARTESIAN_POINT ( 'NONE',  ( -3.658012784032873110, 1.150000000000000799, 1.348166590634748419 ) ) ;
#3440 = EDGE_LOOP ( 'NONE', ( #3616, #3600, #1940, #1878, #767, #2312, #2682, #3239 ) ) ;
#3441 = EDGE_CURVE ( 'NONE', #2673, #2872, #3827, .T. ) ;
#3442 = PLANE ( 'NONE',  #429 ) ;
#3443 = MECHANICAL_DESIGN_GEOMETRIC_PRESENTATION_REPRESENTATION (  '', ( #966 ), #1085 ) ;
#3444 = EDGE_LOOP ( 'NONE', ( #1522, #3485, #3345, #81, #233 ) ) ;
#3445 = LINE ( 'NONE', #636, #1678 ) ;
#3446 = PLANE ( 'NONE',  #2720 ) ;
#3447 = STYLED_ITEM ( 'NONE', ( #1613 ), #2298 ) ;
#3448 =( NAMED_UNIT ( * ) SI_UNIT ( $, .STERADIAN. ) SOLID_ANGLE_UNIT ( ) );
#3449 = DIRECTION ( 'NONE',  ( -0.0000000000000000000, -1.000000000000000000, 2.710505431213761578E-16 ) ) ;
#3450 = AXIS2_PLACEMENT_3D ( 'NONE', #3484, #2006, #3563 ) ;
#3451 = DIRECTION ( 'NONE',  ( 1.000000000000000000, -0.0000000000000000000, 0.0000000000000000000 ) ) ;
#3452 = ORIENTED_EDGE ( 'NONE', *, *, #743, .F. ) ;
#3453 = EDGE_CURVE ( 'NONE', #720, #1262, #159, .T. ) ;
#3454 = PRESENTATION_LAYER_ASSIGNMENT (  '', '', ( #2182 ) ) ;
#3455 = DIRECTION ( 'NONE',  ( 0.0000000000000000000, 0.0000000000000000000, -1.000000000000000000 ) ) ;
#3456 =( NAMED_UNIT ( * ) PLANE_ANGLE_UNIT ( ) SI_UNIT ( $, .RADIAN. ) );
#3457 = AXIS2_PLACEMENT_3D ( 'NONE', #2414, #3908, #3633 ) ;
#3458 = VECTOR ( 'NONE', #73, 1000.000000000000000 ) ;
#3459 =( GEOMETRIC_REPRESENTATION_CONTEXT ( 3 ) GLOBAL_UNCERTAINTY_ASSIGNED_CONTEXT ( ( #759 ) ) GLOBAL_UNIT_ASSIGNED_CONTEXT ( ( #688, #976, #2207 ) ) REPRESENTATION_CONTEXT ( 'NONE', 'WORKASPACE' ) );
#3460 = MECHANICAL_DESIGN_GEOMETRIC_PRESENTATION_REPRESENTATION (  '', ( #2948 ), #138 ) ;
#3461 = CARTESIAN_POINT ( 'NONE',  ( 2.049999999999999822, 1.149999999999999023, 0.1981665906347486183 ) ) ;
#3462 = PRESENTATION_STYLE_ASSIGNMENT (( #122 ) ) ;
#3463 = VECTOR ( 'NONE', #1691, 1000.000000000000000 ) ;
#3464 =( NAMED_UNIT ( * ) PLANE_ANGLE_UNIT ( ) SI_UNIT ( $, .RADIAN. ) );
#3465 = ORIENTED_EDGE ( 'NONE', *, *, #2744, .T. ) ;
#3466 = DIRECTION ( 'NONE',  ( -2.710505431213760592E-16, -1.000000000000000000, 0.0000000000000000000 ) ) ;
#3467 = ORIENTED_EDGE ( 'NONE', *, *, #1042, .T. ) ;
#3468 = DIRECTION ( 'NONE',  ( -5.804910374431051436E-32, -1.606225440719266120E-16, -1.000000000000000000 ) ) ;
#3469 = ADVANCED_FACE ( 'NONE', ( #3790 ), #727, .F. ) ;
#3470 = UNCERTAINTY_MEASURE_WITH_UNIT (LENGTH_MEASURE( 1.000000000000000082E-05 ), #1448, 'distance_accuracy_value', 'NONE');
#3471 = CARTESIAN_POINT ( 'NONE',  ( 0.0000000000000000000, 1.519999999999998908, 2.198166590634748729 ) ) ;
#3472 = ORIENTED_EDGE ( 'NONE', *, *, #2898, .T. ) ;
#3473 =( NAMED_UNIT ( * ) SI_UNIT ( $, .STERADIAN. ) SOLID_ANGLE_UNIT ( ) );
#3474 = LINE ( 'NONE', #119, #59 ) ;
#3475 = EDGE_CURVE ( 'NONE', #1894, #1775, #2917, .T. ) ;
#3476 = CARTESIAN_POINT ( 'NONE',  ( 1.399999999999999023, -1.150000000000000355, -0.001833409365251895823 ) ) ;
#3477 = ORIENTED_EDGE ( 'NONE', *, *, #672, .T. ) ;
#3478 = LINE ( 'NONE', #3126, #1635 ) ;
#3479 = DIRECTION ( 'NONE',  ( 3.614007241618348771E-16, 1.000000000000000000, 1.606225440719265874E-16 ) ) ;
#3480 = ORIENTED_EDGE ( 'NONE', *, *, #2152, .F. ) ;
#3481 = LINE ( 'NONE', #180, #1557 ) ;
#3482 = VECTOR ( 'NONE', #3416, 1000.000000000000000 ) ;
#3483 = VECTOR ( 'NONE', #2149, 1000.000000000000000 ) ;
#3484 = CARTESIAN_POINT ( 'NONE',  ( 3.658012784032873110, 1.149999999999998579, -0.001833409365251462142 ) ) ;
#3485 = ORIENTED_EDGE ( 'NONE', *, *, #2612, .F. ) ;
#3486 = COLOUR_RGB ( '',0.2980392156862745057, 0.2980392156862745057, 0.2980392156862745057 ) ;
#3487 = CARTESIAN_POINT ( 'NONE',  ( 3.658012784032873110, 1.149999999999998579, 0.09816659063474836300 ) ) ;
#3488 = AXIS2_PLACEMENT_3D ( 'NONE', #485, #1139, #3246 ) ;
#3489 = DIRECTION ( 'NONE',  ( 1.000000000000000000, -0.0000000000000000000, 0.0000000000000000000 ) ) ;
#3490 = VECTOR ( 'NONE', #1532, 1000.000000000000000 ) ;
#3491 = VECTOR ( 'NONE', #827, 1000.000000000000000 ) ;
#3492 =( NAMED_UNIT ( * ) PLANE_ANGLE_UNIT ( ) SI_UNIT ( $, .RADIAN. ) );
#3493 = ORIENTED_EDGE ( 'NONE', *, *, #2473, .F. ) ;
#3494 = EDGE_CURVE ( 'NONE', #1026, #754, #3481, .T. ) ;
#3495 = PLANE ( 'NONE',  #874 ) ;
#3496 = DIRECTION ( 'NONE',  ( -1.355252715606880543E-16, -1.000000000000000000, -1.355252715606879310E-16 ) ) ;
#3497 = VERTEX_POINT ( 'NONE', #430 ) ;
#3498 = EDGE_CURVE ( 'NONE', #3750, #65, #1924, .T. ) ;
#3499 = VERTEX_POINT ( 'NONE', #3146 ) ;
#3500 = LINE ( 'NONE', #2557, #2825 ) ;
#3501 = EDGE_CURVE ( 'NONE', #1210, #1306, #125, .T. ) ;
#3502 = LINE ( 'NONE', #1030, #1892 ) ;
#3503 = VERTEX_POINT ( 'NONE', #1087 ) ;
#3504 = PRESENTATION_STYLE_ASSIGNMENT (( #1676 ) ) ;
#3505 = MECHANICAL_DESIGN_GEOMETRIC_PRESENTATION_REPRESENTATION (  '', ( #642 ), #1974 ) ;
#3506 = DIRECTION ( 'NONE',  ( 0.0000000000000000000, -1.000000000000000000, 0.0000000000000000000 ) ) ;
#3507 = UNCERTAINTY_MEASURE_WITH_UNIT (LENGTH_MEASURE( 1.000000000000000082E-05 ), #2130, 'distance_accuracy_value', 'NONE');
#3508 = DIRECTION ( 'NONE',  ( 5.804910374431050341E-32, 1.606225440719265874E-16, -1.000000000000000000 ) ) ;
#3509 = MECHANICAL_DESIGN_GEOMETRIC_PRESENTATION_REPRESENTATION (  '', ( #2676 ), #577 ) ;
#3510 = EDGE_LOOP ( 'NONE', ( #1914, #1364, #658, #1714 ) ) ;
#3511 = FILL_AREA_STYLE ('',( #1412 ) ) ;
#3512 = CYLINDRICAL_SURFACE ( 'NONE', #2558, 0.2000000000000000944 ) ;
#3513 = DIRECTION ( 'NONE',  ( -0.0000000000000000000, -1.000000000000000000, -0.0000000000000000000 ) ) ;
#3514 = EDGE_CURVE ( 'NONE', #3844, #2509, #2303, .T. ) ;
#3515 = ORIENTED_EDGE ( 'NONE', *, *, #2204, .T. ) ;
#3516 = SURFACE_SIDE_STYLE ('',( #1083 ) ) ;
#3517 = VECTOR ( 'NONE', #80, 1000.000000000000000 ) ;
#3518 = FACE_OUTER_BOUND ( 'NONE', #3169, .T. ) ;
#3519 = MECHANICAL_DESIGN_GEOMETRIC_PRESENTATION_REPRESENTATION (  '', ( #3012 ), #344 ) ;
#3520 = EDGE_CURVE ( 'NONE', #1077, #2445, #3500, .T. ) ;
#3521 = DIRECTION ( 'NONE',  ( -0.0000000000000000000, -1.000000000000000000, -0.0000000000000000000 ) ) ;
#3522 = AXIS2_PLACEMENT_3D ( 'NONE', #1432, #3274, #2166 ) ;
#3523 = MECHANICAL_DESIGN_GEOMETRIC_PRESENTATION_REPRESENTATION (  '', ( #1289 ), #3716 ) ;
#3524 = DIRECTION ( 'NONE',  ( 0.0000000000000000000, 1.000000000000000000, 0.0000000000000000000 ) ) ;
#3525 =( GEOMETRIC_REPRESENTATION_CONTEXT ( 3 ) GLOBAL_UNCERTAINTY_ASSIGNED_CONTEXT ( ( #2989 ) ) GLOBAL_UNIT_ASSIGNED_CONTEXT ( ( #1723, #1703, #1686 ) ) REPRESENTATION_CONTEXT ( 'NONE', 'WORKASPACE' ) );
#3526 = EDGE_CURVE ( 'NONE', #65, #3115, #449, .T. ) ;
#3527 = ORIENTED_EDGE ( 'NONE', *, *, #2814, .F. ) ;
#3528 = CARTESIAN_POINT ( 'NONE',  ( 1.150000000000000133, -1.600000000000000755, 0.09816659063474836300 ) ) ;
#3529 =( NAMED_UNIT ( * ) SI_UNIT ( $, .STERADIAN. ) SOLID_ANGLE_UNIT ( ) );
#3530 =( NAMED_UNIT ( * ) PLANE_ANGLE_UNIT ( ) SI_UNIT ( $, .RADIAN. ) );
#3531 =( NAMED_UNIT ( * ) SI_UNIT ( $, .STERADIAN. ) SOLID_ANGLE_UNIT ( ) );
#3532 = ORIENTED_EDGE ( 'NONE', *, *, #1835, .F. ) ;
#3533 = CARTESIAN_POINT ( 'NONE',  ( -1.150000000000000133, 1.600000000000000089, 0.09816659063474836300 ) ) ;
#3534 = CARTESIAN_POINT ( 'NONE',  ( -3.658012784032873110, -0.4999999999999987232, 0.09816659063474836300 ) ) ;
#3535 = PRESENTATION_STYLE_ASSIGNMENT (( #1375 ) ) ;
#3536 = DIRECTION ( 'NONE',  ( 0.0000000000000000000, 0.0000000000000000000, -1.000000000000000000 ) ) ;
#3537 = EDGE_LOOP ( 'NONE', ( #2336, #2755, #2335, #3737, #820, #1570, #1136, #831 ) ) ;
#3538 = LINE ( 'NONE', #2614, #3491 ) ;
#3539 = VERTEX_POINT ( 'NONE', #1365 ) ;
#3540 =( NAMED_UNIT ( * ) PLANE_ANGLE_UNIT ( ) SI_UNIT ( $, .RADIAN. ) );
#3541 = EDGE_CURVE ( 'NONE', #1465, #1426, #2440, .T. ) ;
#3542 = DIRECTION ( 'NONE',  ( 0.0000000000000000000, 0.0000000000000000000, -1.000000000000000000 ) ) ;
#3543 = CARTESIAN_POINT ( 'NONE',  ( 1.400000000000000577, 0.4999999999999995559, 0.09816659063474858504 ) ) ;
#3544 = ORIENTED_EDGE ( 'NONE', *, *, #865, .T. ) ;
#3545 = DIRECTION ( 'NONE',  ( -0.0000000000000000000, 1.000000000000000000, 0.0000000000000000000 ) ) ;
#3546 = VECTOR ( 'NONE', #3380, 1000.000000000000000 ) ;
#3547 = CLOSED_SHELL ( 'NONE', ( #2086, #2298, #2395, #3696, #2497, #2559, #101, #3257, #798, #2769, #2157, #2284, #3775, #1717, #2570, #1501, #2905, #2865, #3131, #1223, #1551, #1196, #736, #546, #2877, #2935, #1377, #1418, #3469, #1791, #2301, #1299, #719, #2448, #1860, #732, #766, #1449, #2370, #3014, #1602, #3617, #3596, #2184, #698, #3855, #2323, #522, #1393, #2027, #625, #1915, #1796, #869, #1855, #3183, #2925, #1371, #3307, #835, #2862, #1625, #2082, #842, #489, #170, #1272, #2352, #1054, #3906, #3786, #276, #3930, #2177, #2211, #190, #88, #196, #3729, #2512, #3334, #1959, #3670, #3825, #3757, #202, #2009, #2605 ) ) ;
#3548 = EDGE_CURVE ( 'NONE', #1283, #3319, #1494, .T. ) ;
#3549 = CYLINDRICAL_SURFACE ( 'NONE', #525, 0.2000000000000000944 ) ;
#3550 = PRESENTATION_STYLE_ASSIGNMENT (( #514 ) ) ;
#3551 = UNCERTAINTY_MEASURE_WITH_UNIT (LENGTH_MEASURE( 1.000000000000000082E-05 ), #619, 'distance_accuracy_value', 'NONE');
#3552 = COLOUR_RGB ( '',0.2980392156862745057, 0.2980392156862745057, 0.2980392156862745057 ) ;
#3553 = VERTEX_POINT ( 'NONE', #2678 ) ;
#3554 = PRESENTATION_LAYER_ASSIGNMENT (  '', '', ( #1319 ) ) ;
#3555 = STYLED_ITEM ( 'NONE', ( #930 ), #736 ) ;
#3556 = DIRECTION ( 'NONE',  ( 0.0000000000000000000, 0.0000000000000000000, -1.000000000000000000 ) ) ;
#3557 = LINE ( 'NONE', #3280, #1218 ) ;
#3558 = ORIENTED_EDGE ( 'NONE', *, *, #3643, .T. ) ;
#3559 = ORIENTED_EDGE ( 'NONE', *, *, #2819, .F. ) ;
#3560 = CARTESIAN_POINT ( 'NONE',  ( 2.250000000000000444, 1.149999999999998801, 1.318166590634747504 ) ) ;
#3561 = ORIENTED_EDGE ( 'NONE', *, *, #2422, .T. ) ;
#3562 = PLANE ( 'NONE',  #3488 ) ;
#3563 = DIRECTION ( 'NONE',  ( 1.000000000000000000, 0.0000000000000000000, -0.0000000000000000000 ) ) ;
#3564 = EDGE_CURVE ( 'NONE', #490, #3677, #3245, .T. ) ;
#3565 = EDGE_LOOP ( 'NONE', ( #1788, #3182, #1737, #3137 ) ) ;
#3566 = CARTESIAN_POINT ( 'NONE',  ( -2.150000000000000355, -1.550000000000000488, 2.168166590634747593 ) ) ;
#3567 = LINE ( 'NONE', #3227, #299 ) ;
#3568 = PRESENTATION_STYLE_ASSIGNMENT (( #3854 ) ) ;
#3569 = CARTESIAN_POINT ( 'NONE',  ( 2.050000000000000711, 0.3999999999999997446, 0.09816659063474836300 ) ) ;
#3570 = FACE_OUTER_BOUND ( 'NONE', #3794, .T. ) ;
#3571 = EDGE_CURVE ( 'NONE', #2358, #2261, #1180, .T. ) ;
#3572 = ORIENTED_EDGE ( 'NONE', *, *, #309, .T. ) ;
#3573 =( NAMED_UNIT ( * ) SI_UNIT ( $, .STERADIAN. ) SOLID_ANGLE_UNIT ( ) );
#3574 = CARTESIAN_POINT ( 'NONE',  ( -2.050000000000000711, -0.4000000000000006328, 1.798166590634748596 ) ) ;
#3575 = CARTESIAN_POINT ( 'NONE',  ( 2.050000000000000711, -1.000000000000000888, 1.798166590634748596 ) ) ;
#3576 = DIRECTION ( 'NONE',  ( 1.000000000000000000, 0.0000000000000000000, -0.0000000000000000000 ) ) ;
#3577 = EDGE_CURVE ( 'NONE', #2816, #2238, #3001, .T. ) ;
#3578 = VERTEX_POINT ( 'NONE', #3845 ) ;
#3579 = ORIENTED_EDGE ( 'NONE', *, *, #2038, .T. ) ;
#3580 = COLOUR_RGB ( '',0.2980392156862745057, 0.2980392156862745057, 0.2980392156862745057 ) ;
#3581 = CARTESIAN_POINT ( 'NONE',  ( 1.400000000000000799, 0.4999999999999995559, -0.001833409365251462142 ) ) ;
#3582 = ORIENTED_EDGE ( 'NONE', *, *, #2819, .T. ) ;
#3583 = CIRCLE ( 'NONE', #652, 0.2000000000000000944 ) ;
#3584 = STYLED_ITEM ( 'NONE', ( #323 ), #2769 ) ;
#3585 = FILL_AREA_STYLE_COLOUR ( '', #3675 ) ;
#3586 = LINE ( 'NONE', #3173, #2719 ) ;
#3587 = LINE ( 'NONE', #2702, #3819 ) ;
#3588 = COLOUR_RGB ( '',0.2980392156862745057, 0.2980392156862745057, 0.2980392156862745057 ) ;
#3589 =( NAMED_UNIT ( * ) SI_UNIT ( $, .STERADIAN. ) SOLID_ANGLE_UNIT ( ) );
#3590 = CARTESIAN_POINT ( 'NONE',  ( 2.149999999999999467, 1.550000000000000488, 1.798166590634748596 ) ) ;
#3591 =( LENGTH_UNIT ( ) NAMED_UNIT ( * ) SI_UNIT ( .MILLI., .METRE. ) );
#3592 =( GEOMETRIC_REPRESENTATION_CONTEXT ( 3 ) GLOBAL_UNCERTAINTY_ASSIGNED_CONTEXT ( ( #595 ) ) GLOBAL_UNIT_ASSIGNED_CONTEXT ( ( #2289, #130, #3225 ) ) REPRESENTATION_CONTEXT ( 'NONE', 'WORKASPACE' ) );
#3593 = ORIENTED_EDGE ( 'NONE', *, *, #2278, .F. ) ;
#3594 = CARTESIAN_POINT ( 'NONE',  ( -2.150000000000000355, 1.550000000000000044, 1.798166590634748596 ) ) ;
#3595 = MECHANICAL_DESIGN_GEOMETRIC_PRESENTATION_REPRESENTATION (  '', ( #1167 ), #279 ) ;
#3596 = ADVANCED_FACE ( 'NONE', ( #263 ), #829, .F. ) ;
#3597 = SURFACE_SIDE_STYLE ('',( #899 ) ) ;
#3598 =( NAMED_UNIT ( * ) PLANE_ANGLE_UNIT ( ) SI_UNIT ( $, .RADIAN. ) );
#3599 = ORIENTED_EDGE ( 'NONE', *, *, #3327, .T. ) ;
#3600 = ORIENTED_EDGE ( 'NONE', *, *, #3045, .F. ) ;
#3601 = EDGE_CURVE ( 'NONE', #2045, #3313, #1728, .T. ) ;
#3602 = PRESENTATION_STYLE_ASSIGNMENT (( #2382 ) ) ;
#3603 = CARTESIAN_POINT ( 'NONE',  ( 1.400000000000000133, -1.517883041479706996E-15, -0.001833409365251462142 ) ) ;
#3604 = DIRECTION ( 'NONE',  ( 1.000000000000000000, -4.818676322157797375E-16, 0.0000000000000000000 ) ) ;
#3605 = ORIENTED_EDGE ( 'NONE', *, *, #336, .T. ) ;
#3606 = LINE ( 'NONE', #2727, #2562 ) ;
#3607 = FILL_AREA_STYLE_COLOUR ( '', #3580 ) ;
#3608 = ORIENTED_EDGE ( 'NONE', *, *, #61, .F. ) ;
#3609 = MECHANICAL_DESIGN_GEOMETRIC_PRESENTATION_REPRESENTATION (  '', ( #2902 ), #3792 ) ;
#3610 =( LENGTH_UNIT ( ) NAMED_UNIT ( * ) SI_UNIT ( .MILLI., .METRE. ) );
#3611 = PLANE ( 'NONE',  #878 ) ;
#3612 = STYLED_ITEM ( 'NONE', ( #4 ), #1054 ) ;
#3613 = VECTOR ( 'NONE', #894, 1000.000000000000000 ) ;
#3614 = CARTESIAN_POINT ( 'NONE',  ( 3.658012784032873110, -1.550000000000001599, 1.348166590634748196 ) ) ;
#3615 = CARTESIAN_POINT ( 'NONE',  ( -2.049999999999999822, 1.550000000000000044, 1.798166590634748596 ) ) ;
#3616 = ORIENTED_EDGE ( 'NONE', *, *, #2319, .F. ) ;
#3617 = ADVANCED_FACE ( 'NONE', ( #3891 ), #245, .F. ) ;
#3618 = ORIENTED_EDGE ( 'NONE', *, *, #446, .T. ) ;
#3619 = MECHANICAL_DESIGN_GEOMETRIC_PRESENTATION_REPRESENTATION (  '', ( #2975 ), #746 ) ;
#3620 =( GEOMETRIC_REPRESENTATION_CONTEXT ( 3 ) GLOBAL_UNCERTAINTY_ASSIGNED_CONTEXT ( ( #1877 ) ) GLOBAL_UNIT_ASSIGNED_CONTEXT ( ( #2363, #3222, #1469 ) ) REPRESENTATION_CONTEXT ( 'NONE', 'WORKASPACE' ) );
#3621 = DIRECTION ( 'NONE',  ( -1.398970545142586541E-16, 1.000000000000000000, 0.0000000000000000000 ) ) ;
#3622 = COLOUR_RGB ( '',0.7647058823529411242, 0.7647058823529411242, 0.7647058823529411242 ) ;
#3623 = EDGE_CURVE ( 'NONE', #972, #1598, #3831, .T. ) ;
#3624 = CARTESIAN_POINT ( 'NONE',  ( 1.150000000000001021, 1.599999999999999867, 0.09816659063474836300 ) ) ;
#3625 = CARTESIAN_POINT ( 'NONE',  ( -2.050000000000000266, 1.599999999999999867, 0.09816659063474836300 ) ) ;
#3626 = EDGE_CURVE ( 'NONE', #1901, #3062, #460, .T. ) ;
#3627 = ORIENTED_EDGE ( 'NONE', *, *, #2517, .T. ) ;
#3628 = CARTESIAN_POINT ( 'NONE',  ( -2.050000000000000266, 1.599999999999999867, 1.348166590634748196 ) ) ;
#3629 = DIRECTION ( 'NONE',  ( 5.804910374431050341E-32, 1.606225440719265874E-16, -1.000000000000000000 ) ) ;
#3630 = MECHANICAL_DESIGN_GEOMETRIC_PRESENTATION_REPRESENTATION (  '', ( #3244 ), #1529 ) ;
#3631 =( NAMED_UNIT ( * ) SI_UNIT ( $, .STERADIAN. ) SOLID_ANGLE_UNIT ( ) );
#3632 = UNCERTAINTY_MEASURE_WITH_UNIT (LENGTH_MEASURE( 1.000000000000000082E-05 ), #2675, 'distance_accuracy_value', 'NONE');
#3633 = DIRECTION ( 'NONE',  ( -0.7071067811865483499, 0.0000000000000000000, -0.7071067811865467956 ) ) ;
#3634 =( LENGTH_UNIT ( ) NAMED_UNIT ( * ) SI_UNIT ( .MILLI., .METRE. ) );
#3635 = EDGE_LOOP ( 'NONE', ( #42, #1834, #2578, #1640 ) ) ;
#3636 = ORIENTED_EDGE ( 'NONE', *, *, #385, .T. ) ;
#3637 = VECTOR ( 'NONE', #2903, 1000.000000000000000 ) ;
#3638 = DIRECTION ( 'NONE',  ( 0.7071067811865454633, 1.916616770854223466E-16, -0.7071067811865495711 ) ) ;
#3639 = VECTOR ( 'NONE', #895, 1000.000000000000000 ) ;
#3640 = EDGE_LOOP ( 'NONE', ( #357, #665, #215, #2855 ) ) ;
#3641 = CARTESIAN_POINT ( 'NONE',  ( -2.050000000000000711, -0.4000000000000006328, 0.09816659063474836300 ) ) ;
#3642 = DIRECTION ( 'NONE',  ( 1.000000000000000000, -2.710505431213760592E-16, 0.0000000000000000000 ) ) ;
#3643 = EDGE_CURVE ( 'NONE', #3134, #1592, #1930, .T. ) ;
#3644 = AXIS2_PLACEMENT_3D ( 'NONE', #753, #3223, #3207 ) ;
#3645 = CARTESIAN_POINT ( 'NONE',  ( 2.250000000000000444, 1.549999999999998712, 1.318166590634747504 ) ) ;
#3646 = ORIENTED_EDGE ( 'NONE', *, *, #3763, .T. ) ;
#3647 = LINE ( 'NONE', #2089, #3829 ) ;
#3648 = CARTESIAN_POINT ( 'NONE',  ( 1.150000000000000355, -1.600000000000000755, 1.798166590634748596 ) ) ;
#3649 = SURFACE_STYLE_USAGE ( .BOTH. , #3937 ) ;
#3650 = EDGE_CURVE ( 'NONE', #3313, #440, #3583, .T. ) ;
#3651 = VECTOR ( 'NONE', #3862, 1000.000000000000114 ) ;
#3652 = DIRECTION ( 'NONE',  ( -1.000000000000000000, 0.0000000000000000000, 0.0000000000000000000 ) ) ;
#3653 = AXIS2_PLACEMENT_3D ( 'NONE', #3432, #2828, #37 ) ;
#3654 = ORIENTED_EDGE ( 'NONE', *, *, #3571, .F. ) ;
#3655 = CARTESIAN_POINT ( 'NONE',  ( -2.250000000000000888, 1.000000000000000888, 0.09816659063474836300 ) ) ;
#3656 = PRODUCT_DEFINITION_FORMATION_WITH_SPECIFIED_SOURCE ( 'ANY', '', #2604, .NOT_KNOWN. ) ;
#3657 = VECTOR ( 'NONE', #2985, 1000.000000000000000 ) ;
#3658 = DIRECTION ( 'NONE',  ( 0.7071067811865475727, 0.0000000000000000000, -0.7071067811865475727 ) ) ;
#3659 = CARTESIAN_POINT ( 'NONE',  ( 3.658012784032873110, 1.149999999999998357, 1.348166590634748641 ) ) ;
#3660 = CARTESIAN_POINT ( 'NONE',  ( -2.050000000000000711, 0.0000000000000000000, 1.798166590634748596 ) ) ;
#3661 = PLANE ( 'NONE',  #3330 ) ;
#3662 = STYLED_ITEM ( 'NONE', ( #3602 ), #3617 ) ;
#3663 = ORIENTED_EDGE ( 'NONE', *, *, #2152, .T. ) ;
#3664 = CARTESIAN_POINT ( 'NONE',  ( 3.658012784032873110, -1.150000000000000799, 1.348166590634748419 ) ) ;
#3665 =( NAMED_UNIT ( * ) PLANE_ANGLE_UNIT ( ) SI_UNIT ( $, .RADIAN. ) );
#3666 = CARTESIAN_POINT ( 'NONE',  ( -2.250000000000000444, -0.4999999999999990563, 1.318166590634747726 ) ) ;
#3667 = PLANE ( 'NONE',  #3522 ) ;
#3668 = ORIENTED_EDGE ( 'NONE', *, *, #3234, .F. ) ;
#3669 = SURFACE_STYLE_FILL_AREA ( #934 ) ;
#3670 = ADVANCED_FACE ( 'NONE', ( #1957 ), #3512, .T. ) ;
#3671 = LINE ( 'NONE', #2408, #2969 ) ;
#3672 =( NAMED_UNIT ( * ) SI_UNIT ( $, .STERADIAN. ) SOLID_ANGLE_UNIT ( ) );
#3673 = EDGE_CURVE ( 'NONE', #1828, #1219, #2592, .T. ) ;
#3674 = SURFACE_STYLE_USAGE ( .BOTH. , #1237 ) ;
#3675 = COLOUR_RGB ( '',0.7647058823529411242, 0.7647058823529411242, 0.7647058823529411242 ) ;
#3676 = DIRECTION ( 'NONE',  ( 2.891205793294678326E-16, 1.000000000000000000, 0.0000000000000000000 ) ) ;
#3677 = VERTEX_POINT ( 'NONE', #2631 ) ;
#3678 = VECTOR ( 'NONE', #1528, 1000.000000000000000 ) ;
#3679 = DIRECTION ( 'NONE',  ( 1.000000000000000000, -3.614007241618348771E-16, -0.0000000000000000000 ) ) ;
#3680 =( LENGTH_UNIT ( ) NAMED_UNIT ( * ) SI_UNIT ( .MILLI., .METRE. ) );
#3681 = VECTOR ( 'NONE', #882, 1000.000000000000000 ) ;
#3682 = VECTOR ( 'NONE', #1445, 1000.000000000000000 ) ;
#3683 = PRESENTATION_STYLE_ASSIGNMENT (( #627 ) ) ;
#3684 =( GEOMETRIC_REPRESENTATION_CONTEXT ( 3 ) GLOBAL_UNCERTAINTY_ASSIGNED_CONTEXT ( ( #3632 ) ) GLOBAL_UNIT_ASSIGNED_CONTEXT ( ( #2675, #3241, #2001 ) ) REPRESENTATION_CONTEXT ( 'NONE', 'WORKASPACE' ) );
#3685 = CARTESIAN_POINT ( 'NONE',  ( -3.658012784032873110, -1.549999999999998712, -0.001833409365251462142 ) ) ;
#3686 = ORIENTED_EDGE ( 'NONE', *, *, #3717, .T. ) ;
#3687 = FILL_AREA_STYLE_COLOUR ( '', #3403 ) ;
#3688 = DIRECTION ( 'NONE',  ( -5.804910374431051436E-32, -1.606225440719266120E-16, 1.000000000000000000 ) ) ;
#3689 = LINE ( 'NONE', #2480, #2588 ) ;
#3690 = DIRECTION ( 'NONE',  ( 0.0000000000000000000, -0.7071067811865474617, -0.7071067811865474617 ) ) ;
#3691 = ORIENTED_EDGE ( 'NONE', *, *, #400, .F. ) ;
#3692 =( NAMED_UNIT ( * ) PLANE_ANGLE_UNIT ( ) SI_UNIT ( $, .RADIAN. ) );
#3693 =( GEOMETRIC_REPRESENTATION_CONTEXT ( 3 ) GLOBAL_UNCERTAINTY_ASSIGNED_CONTEXT ( ( #3397 ) ) GLOBAL_UNIT_ASSIGNED_CONTEXT ( ( #1721, #2332, #1435 ) ) REPRESENTATION_CONTEXT ( 'NONE', 'WORKASPACE' ) );
#3694 = CARTESIAN_POINT ( 'NONE',  ( -2.050000000000000266, 1.599999999999999867, 0.09816659063474836300 ) ) ;
#3695 = DIRECTION ( 'NONE',  ( 1.000000000000000000, -3.614007241618348771E-16, -0.0000000000000000000 ) ) ;
#3696 = ADVANCED_FACE ( 'NONE', ( #1335 ), #3838, .T. ) ;
#3697 = CARTESIAN_POINT ( 'NONE',  ( -1.400000000000001910, -1.549999999999999600, -0.001833409365251462142 ) ) ;
#3698 = ORIENTED_EDGE ( 'NONE', *, *, #3526, .T. ) ;
#3699 = CARTESIAN_POINT ( 'NONE',  ( -2.120000000000001439, -1.519999999999999574, 2.198166590634748729 ) ) ;
#3700 = FACE_OUTER_BOUND ( 'NONE', #1047, .T. ) ;
#3701 = EDGE_CURVE ( 'NONE', #2965, #3864, #2036, .T. ) ;
#3702 = ORIENTED_EDGE ( 'NONE', *, *, #1015, .F. ) ;
#3703 = FILL_AREA_STYLE_COLOUR ( '', #2841 ) ;
#3704 = VERTEX_POINT ( 'NONE', #1505 ) ;
#3705 = CARTESIAN_POINT ( 'NONE',  ( 1.150000000000000799, -0.5499999999999987121, 1.748166590634748552 ) ) ;
#3706 = MECHANICAL_DESIGN_GEOMETRIC_PRESENTATION_REPRESENTATION (  '', ( #707 ), #3003 ) ;
#3707 = EDGE_LOOP ( 'NONE', ( #3467, #1711, #679, #2779 ) ) ;
#3708 = LINE ( 'NONE', #93, #3458 ) ;
#3709 = ORIENTED_EDGE ( 'NONE', *, *, #1669, .T. ) ;
#3710 = UNCERTAINTY_MEASURE_WITH_UNIT (LENGTH_MEASURE( 1.000000000000000082E-05 ), #1626, 'distance_accuracy_value', 'NONE');
#3711 = CARTESIAN_POINT ( 'NONE',  ( 2.050000000000000711, -1.000000000000000888, 1.798166590634748596 ) ) ;
#3712 = VERTEX_POINT ( 'NONE', #1739 ) ;
#3713 = VECTOR ( 'NONE', #2743, 1000.000000000000000 ) ;
#3714 = CIRCLE ( 'NONE', #1989, 0.2000000000000000944 ) ;
#3715 = SURFACE_STYLE_FILL_AREA ( #420 ) ;
#3716 =( GEOMETRIC_REPRESENTATION_CONTEXT ( 3 ) GLOBAL_UNCERTAINTY_ASSIGNED_CONTEXT ( ( #2667 ) ) GLOBAL_UNIT_ASSIGNED_CONTEXT ( ( #1252, #3692, #3744 ) ) REPRESENTATION_CONTEXT ( 'NONE', 'WORKASPACE' ) );
#3717 = EDGE_CURVE ( 'NONE', #2603, #3215, #2734, .T. ) ;
#3718 = ORIENTED_EDGE ( 'NONE', *, *, #84, .F. ) ;
#3719 =( NAMED_UNIT ( * ) SI_UNIT ( $, .STERADIAN. ) SOLID_ANGLE_UNIT ( ) );
#3720 = DIRECTION ( 'NONE',  ( 0.0000000000000000000, 1.000000000000000000, 0.0000000000000000000 ) ) ;
#3721 =( NAMED_UNIT ( * ) SI_UNIT ( $, .STERADIAN. ) SOLID_ANGLE_UNIT ( ) );
#3722 = ORIENTED_EDGE ( 'NONE', *, *, #1421, .F. ) ;
#3723 = LINE ( 'NONE', #2809, #2378 ) ;
#3724 = EDGE_LOOP ( 'NONE', ( #1564, #350, #808, #3627 ) ) ;
#3725 = PRESENTATION_STYLE_ASSIGNMENT (( #2793 ) ) ;
#3726 = PLANE ( 'NONE',  #3399 ) ;
#3727 = ORIENTED_EDGE ( 'NONE', *, *, #1908, .T. ) ;
#3728 = CARTESIAN_POINT ( 'NONE',  ( -2.219999999999998863, 1.550000000000001155, 1.348166590634747974 ) ) ;
#3729 = ADVANCED_FACE ( 'NONE', ( #2 ), #2671, .T. ) ;
#3730 = VERTEX_POINT ( 'NONE', #2376 ) ;
#3731 = VECTOR ( 'NONE', #2202, 1000.000000000000000 ) ;
#3732 = VECTOR ( 'NONE', #2986, 1000.000000000000000 ) ;
#3733 = DIRECTION ( 'NONE',  ( -3.614007241618348771E-16, -1.000000000000000000, 1.606225440719265874E-16 ) ) ;
#3734 = AXIS2_PLACEMENT_3D ( 'NONE', #3694, #3119, #95 ) ;
#3735 = MECHANICAL_DESIGN_GEOMETRIC_PRESENTATION_REPRESENTATION (  '', ( #2783 ), #3298 ) ;
#3736 = EDGE_CURVE ( 'NONE', #2450, #2429, #1214, .T. ) ;
#3737 = ORIENTED_EDGE ( 'NONE', *, *, #472, .F. ) ;
#3738 = CARTESIAN_POINT ( 'NONE',  ( 2.250000000000000444, 0.4999999999999993339, 0.1981665906347486183 ) ) ;
#3739 = VECTOR ( 'NONE', #1420, 1000.000000000000000 ) ;
#3740 = SURFACE_STYLE_FILL_AREA ( #394 ) ;
#3741 = DIRECTION ( 'NONE',  ( 0.7071067811865474617, 0.0000000000000000000, -0.7071067811865474617 ) ) ;
#3742 = EDGE_CURVE ( 'NONE', #3115, #729, #1133, .T. ) ;
#3743 = ORIENTED_EDGE ( 'NONE', *, *, #3067, .T. ) ;
#3744 =( NAMED_UNIT ( * ) SI_UNIT ( $, .STERADIAN. ) SOLID_ANGLE_UNIT ( ) );
#3745 = DIRECTION ( 'NONE',  ( 1.398970545142586541E-16, -1.000000000000000000, 0.0000000000000000000 ) ) ;
#3746 = DIRECTION ( 'NONE',  ( -0.7071067811865472397, 0.0000000000000000000, -0.7071067811865479058 ) ) ;
#3747 = CARTESIAN_POINT ( 'NONE',  ( 2.219999999999998419, 1.149999999999998357, 1.348166590634748641 ) ) ;
#3748 = DIRECTION ( 'NONE',  ( -1.000000000000000000, 0.0000000000000000000, 0.0000000000000000000 ) ) ;
#3749 = AXIS2_PLACEMENT_3D ( 'NONE', #1821, #3044, #311 ) ;
#3750 = VERTEX_POINT ( 'NONE', #2355 ) ;
#3751 = CARTESIAN_POINT ( 'NONE',  ( 2.250000000000000444, 0.8999999999999992450, 1.318166590634747948 ) ) ;
#3752 = FACE_OUTER_BOUND ( 'NONE', #1854, .T. ) ;
#3753 = ORIENTED_EDGE ( 'NONE', *, *, #2473, .T. ) ;
#3754 = SURFACE_SIDE_STYLE ('',( #67 ) ) ;
#3755 = SURFACE_SIDE_STYLE ('',( #445 ) ) ;
#3756 = ORIENTED_EDGE ( 'NONE', *, *, #2485, .F. ) ;
#3757 = ADVANCED_FACE ( 'NONE', ( #1758 ), #2096, .F. ) ;
#3758 = PRESENTATION_STYLE_ASSIGNMENT (( #3186 ) ) ;
#3759 = STYLED_ITEM ( 'NONE', ( #22 ), #2086 ) ;
#3760 = ORIENTED_EDGE ( 'NONE', *, *, #3520, .T. ) ;
#3761 = FACE_OUTER_BOUND ( 'NONE', #3294, .T. ) ;
#3762 =( GEOMETRIC_REPRESENTATION_CONTEXT ( 3 ) GLOBAL_UNCERTAINTY_ASSIGNED_CONTEXT ( ( #1562 ) ) GLOBAL_UNIT_ASSIGNED_CONTEXT ( ( #1500, #1833, #3030 ) ) REPRESENTATION_CONTEXT ( 'NONE', 'WORKASPACE' ) );
#3763 = EDGE_CURVE ( 'NONE', #194, #2259, #3336, .T. ) ;
#3764 = DIRECTION ( 'NONE',  ( 0.0000000000000000000, 0.0000000000000000000, -1.000000000000000000 ) ) ;
#3765 = EDGE_LOOP ( 'NONE', ( #1872, #3425, #1861, #963 ) ) ;
#3766 =( NAMED_UNIT ( * ) PLANE_ANGLE_UNIT ( ) SI_UNIT ( $, .RADIAN. ) );
#3767 = PRESENTATION_LAYER_ASSIGNMENT (  '', '', ( #713 ) ) ;
#3768 = AXIS2_PLACEMENT_3D ( 'NONE', #2159, #3039, #2394 ) ;
#3769 = MECHANICAL_DESIGN_GEOMETRIC_PRESENTATION_REPRESENTATION (  '', ( #2185 ), #1415 ) ;
#3770 = PLANE ( 'NONE',  #1645 ) ;
#3771 = VECTOR ( 'NONE', #3305, 1000.000000000000000 ) ;
#3772 = VERTEX_POINT ( 'NONE', #3017 ) ;
#3773 = DIRECTION ( 'NONE',  ( -1.000000000000000000, -0.0000000000000000000, -0.0000000000000000000 ) ) ;
#3774 =( NAMED_UNIT ( * ) SI_UNIT ( $, .STERADIAN. ) SOLID_ANGLE_UNIT ( ) );
#3775 = ADVANCED_FACE ( 'NONE', ( #281 ), #677, .T. ) ;
#3776 = ORIENTED_EDGE ( 'NONE', *, *, #2132, .F. ) ;
#3777 = DIRECTION ( 'NONE',  ( -1.000000000000000000, 0.0000000000000000000, -0.0000000000000000000 ) ) ;
#3778 = VERTEX_POINT ( 'NONE', #3697 ) ;
#3779 = SURFACE_SIDE_STYLE ('',( #132 ) ) ;
#3780 = DIRECTION ( 'NONE',  ( 0.0000000000000000000, -0.0000000000000000000, -1.000000000000000000 ) ) ;
#3781 = UNCERTAINTY_MEASURE_WITH_UNIT (LENGTH_MEASURE( 1.000000000000000082E-05 ), #1836, 'distance_accuracy_value', 'NONE');
#3782 =( NAMED_UNIT ( * ) PLANE_ANGLE_UNIT ( ) SI_UNIT ( $, .RADIAN. ) );
#3783 = EDGE_CURVE ( 'NONE', #814, #1426, #96, .T. ) ;
#3784 = ORIENTED_EDGE ( 'NONE', *, *, #2204, .F. ) ;
#3785 = DIRECTION ( 'NONE',  ( -0.0000000000000000000, 1.000000000000000000, -0.0000000000000000000 ) ) ;
#3786 = ADVANCED_FACE ( 'NONE', ( #3061 ), #1295, .F. ) ;
#3787 = ORIENTED_EDGE ( 'NONE', *, *, #147, .T. ) ;
#3788 = FILL_AREA_STYLE_COLOUR ( '', #1439 ) ;
#3789 = DIRECTION ( 'NONE',  ( 0.0000000000000000000, 0.0000000000000000000, -1.000000000000000000 ) ) ;
#3790 = FACE_OUTER_BOUND ( 'NONE', #2886, .T. ) ;
#3791 = CARTESIAN_POINT ( 'NONE',  ( 1.400000000000000133, -1.517883041479706996E-15, -0.001833409365251462142 ) ) ;
#3792 =( GEOMETRIC_REPRESENTATION_CONTEXT ( 3 ) GLOBAL_UNCERTAINTY_ASSIGNED_CONTEXT ( ( #40 ) ) GLOBAL_UNIT_ASSIGNED_CONTEXT ( ( #2799, #1720, #2951 ) ) REPRESENTATION_CONTEXT ( 'NONE', 'WORKASPACE' ) );
#3793 = VECTOR ( 'NONE', #456, 1000.000000000000000 ) ;
#3794 = EDGE_LOOP ( 'NONE', ( #3362, #2955, #3477, #3122 ) ) ;
#3795 = VECTOR ( 'NONE', #21, 1000.000000000000000 ) ;
#3796 = CARTESIAN_POINT ( 'NONE',  ( 1.180000000000002158, 1.599999999999999867, 0.09816659063474851565 ) ) ;
#3797 =( GEOMETRIC_REPRESENTATION_CONTEXT ( 3 ) GLOBAL_UNCERTAINTY_ASSIGNED_CONTEXT ( ( #2712 ) ) GLOBAL_UNIT_ASSIGNED_CONTEXT ( ( #3389, #3328, #3672 ) ) REPRESENTATION_CONTEXT ( 'NONE', 'WORKASPACE' ) );
#3798 = LINE ( 'NONE', #3190, #3793 ) ;
#3799 = PRESENTATION_STYLE_ASSIGNMENT (( #248 ) ) ;
#3800 = AXIS2_PLACEMENT_3D ( 'NONE', #332, #2479, #2460 ) ;
#3801 = LINE ( 'NONE', #2292, #1862 ) ;
#3802 = ORIENTED_EDGE ( 'NONE', *, *, #501, .T. ) ;
#3803 = EDGE_CURVE ( 'NONE', #2721, #2916, #1912, .T. ) ;
#3804 = SURFACE_STYLE_USAGE ( .BOTH. , #1434 ) ;
#3805 = DIRECTION ( 'NONE',  ( 0.0000000000000000000, 0.0000000000000000000, 1.000000000000000000 ) ) ;
#3806 = SURFACE_STYLE_FILL_AREA ( #422 ) ;
#3807 = VERTEX_POINT ( 'NONE', #60 ) ;
#3808 = EDGE_CURVE ( 'NONE', #3062, #1219, #2796, .T. ) ;
#3809 = CARTESIAN_POINT ( 'NONE',  ( -3.658012784032873110, -0.8999999999999986899, -0.001833409365251462142 ) ) ;
#3810 =( LENGTH_UNIT ( ) NAMED_UNIT ( * ) SI_UNIT ( .MILLI., .METRE. ) );
#3811 = CARTESIAN_POINT ( 'NONE',  ( 1.150000000000001021, 1.599999999999999867, 1.798166590634748596 ) ) ;
#3812 = DIRECTION ( 'NONE',  ( -3.614007241618348771E-16, -1.000000000000000000, -1.606225440719265874E-16 ) ) ;
#3813 = ORIENTED_EDGE ( 'NONE', *, *, #3928, .F. ) ;
#3814 = CARTESIAN_POINT ( 'NONE',  ( 1.150000000000000355, -0.5500000000000000444, 0.9981665906347485517 ) ) ;
#3815 =( NAMED_UNIT ( * ) SI_UNIT ( $, .STERADIAN. ) SOLID_ANGLE_UNIT ( ) );
#3816 = FILL_AREA_STYLE_COLOUR ( '', #2171 ) ;
#3817 = PRODUCT_DEFINITION_CONTEXT ( 'detailed design', #45, 'design' ) ;
#3818 = ORIENTED_EDGE ( 'NONE', *, *, #1082, .T. ) ;
#3819 = VECTOR ( 'NONE', #2961, 1000.000000000000000 ) ;
#3820 = DIRECTION ( 'NONE',  ( -1.084202172485504631E-15, -1.000000000000000000, 0.0000000000000000000 ) ) ;
#3821 = EDGE_CURVE ( 'NONE', #1262, #1378, #2832, .T. ) ;
#3822 = ORIENTED_EDGE ( 'NONE', *, *, #2958, .T. ) ;
#3823 = DIRECTION ( 'NONE',  ( 1.084202172485504631E-15, 1.000000000000000000, 0.0000000000000000000 ) ) ;
#3824 = PRESENTATION_LAYER_ASSIGNMENT (  '', '', ( #2435 ) ) ;
#3825 = ADVANCED_FACE ( 'NONE', ( #3121 ), #3726, .F. ) ;
#3826 = VERTEX_POINT ( 'NONE', #718 ) ;
#3827 = LINE ( 'NONE', #2618, #988 ) ;
#3828 = PRESENTATION_LAYER_ASSIGNMENT (  '', '', ( #1612 ) ) ;
#3829 = VECTOR ( 'NONE', #3006, 1000.000000000000000 ) ;
#3830 = DIRECTION ( 'NONE',  ( -0.0000000000000000000, -1.000000000000000000, 0.0000000000000000000 ) ) ;
#3831 = CIRCLE ( 'NONE', #2629, 0.2000000000000000944 ) ;
#3832 = DIRECTION ( 'NONE',  ( 1.000000000000000000, -3.614007241618348771E-16, -0.0000000000000000000 ) ) ;
#3833 = SURFACE_STYLE_FILL_AREA ( #2627 ) ;
#3834 = CARTESIAN_POINT ( 'NONE',  ( 0.0000000000000000000, -1.600000000000001199, 0.09816659063474836300 ) ) ;
#3835 = VERTEX_POINT ( 'NONE', #2258 ) ;
#3836 = CARTESIAN_POINT ( 'NONE',  ( 2.250000000000000888, -1.000000000000000888, 1.798166590634748596 ) ) ;
#3837 = SURFACE_STYLE_FILL_AREA ( #3511 ) ;
#3838 = PLANE ( 'NONE',  #1220 ) ;
#3839 = DIRECTION ( 'NONE',  ( 0.0000000000000000000, 0.0000000000000000000, 1.000000000000000000 ) ) ;
#3840 = ORIENTED_EDGE ( 'NONE', *, *, #1322, .T. ) ;
#3841 = LINE ( 'NONE', #2956, #1575 ) ;
#3842 = DIRECTION ( 'NONE',  ( 0.0000000000000000000, 1.000000000000000000, 0.0000000000000000000 ) ) ;
#3843 = EDGE_CURVE ( 'NONE', #1464, #2872, #416, .T. ) ;
#3844 = VERTEX_POINT ( 'NONE', #2585 ) ;
#3845 = CARTESIAN_POINT ( 'NONE',  ( 2.050000000000000711, 0.3999999999999997446, 0.09816659063474847402 ) ) ;
#3846 = PRESENTATION_STYLE_ASSIGNMENT (( #528 ) ) ;
#3847 = EDGE_CURVE ( 'NONE', #195, #1378, #2854, .T. ) ;
#3848 = VECTOR ( 'NONE', #3142, 1000.000000000000000 ) ;
#3849 = FILL_AREA_STYLE ('',( #1713 ) ) ;
#3850 = EDGE_LOOP ( 'NONE', ( #1473, #601, #1589, #1490 ) ) ;
#3851 = LINE ( 'NONE', #533, #1552 ) ;
#3852 = VECTOR ( 'NONE', #2353, 1000.000000000000000 ) ;
#3853 = VECTOR ( 'NONE', #2728, 1000.000000000000000 ) ;
#3854 = SURFACE_STYLE_USAGE ( .BOTH. , #2070 ) ;
#3855 = ADVANCED_FACE ( 'NONE', ( #2904 ), #760, .F. ) ;
#3856 = UNCERTAINTY_MEASURE_WITH_UNIT (LENGTH_MEASURE( 1.000000000000000082E-05 ), #3634, 'distance_accuracy_value', 'NONE');
#3857 = VECTOR ( 'NONE', #1069, 1000.000000000000000 ) ;
#3858 = ORIENTED_EDGE ( 'NONE', *, *, #2485, .T. ) ;
#3859 = AXIS2_PLACEMENT_3D ( 'NONE', #1441, #3867, #2061 ) ;
#3860 = COLOUR_RGB ( '',0.7647058823529411242, 0.7647058823529411242, 0.7647058823529411242 ) ;
#3861 = LINE ( 'NONE', #154, #3852 ) ;
#3862 = DIRECTION ( 'NONE',  ( 0.7071067811865552333, 0.0000000000000000000, 0.7071067811865398012 ) ) ;
#3863 = DIRECTION ( 'NONE',  ( -0.0000000000000000000, 0.0000000000000000000, -1.000000000000000000 ) ) ;
#3864 = VERTEX_POINT ( 'NONE', #1075 ) ;
#3865 = ORIENTED_EDGE ( 'NONE', *, *, #3526, .F. ) ;
#3866 = DIRECTION ( 'NONE',  ( 1.000000000000000000, -2.655153185220755092E-47, 9.795786256852398819E-32 ) ) ;
#3867 = DIRECTION ( 'NONE',  ( 1.000000000000000000, -0.0000000000000000000, 0.0000000000000000000 ) ) ;
#3868 = EDGE_LOOP ( 'NONE', ( #795, #3048, #2141, #375 ) ) ;
#3869 = STYLED_ITEM ( 'NONE', ( #2572 ), #1915 ) ;
#3870 = CARTESIAN_POINT ( 'NONE',  ( 2.250000000000000000, 0.4999999999999987232, 0.1981665906347486183 ) ) ;
#3871 = DIRECTION ( 'NONE',  ( 0.0000000000000000000, -1.000000000000000000, 0.0000000000000000000 ) ) ;
#3872 = CARTESIAN_POINT ( 'NONE',  ( 2.050000000000000711, -1.000000000000000888, 1.798166590634748596 ) ) ;
#3873 = ORIENTED_EDGE ( 'NONE', *, *, #3717, .F. ) ;
#3874 = FILL_AREA_STYLE_COLOUR ( '', #2125 ) ;
#3875 = LINE ( 'NONE', #1475, #2331 ) ;
#3876 = DIRECTION ( 'NONE',  ( 0.0000000000000000000, 0.0000000000000000000, 1.000000000000000000 ) ) ;
#3877 = ORIENTED_EDGE ( 'NONE', *, *, #453, .F. ) ;
#3878 = CARTESIAN_POINT ( 'NONE',  ( -2.050000000000000711, -0.4000000000000006328, 1.798166590634748596 ) ) ;
#3879 = EDGE_CURVE ( 'NONE', #967, #1121, #3801, .T. ) ;
#3880 = CARTESIAN_POINT ( 'NONE',  ( 2.050000000000000711, 0.3999999999999997446, 0.09816659063474847402 ) ) ;
#3881 = DIRECTION ( 'NONE',  ( 0.0000000000000000000, 0.0000000000000000000, 1.000000000000000000 ) ) ;
#3882 =( GEOMETRIC_REPRESENTATION_CONTEXT ( 3 ) GLOBAL_UNCERTAINTY_ASSIGNED_CONTEXT ( ( #1911 ) ) GLOBAL_UNIT_ASSIGNED_CONTEXT ( ( #2195, #2172, #2468 ) ) REPRESENTATION_CONTEXT ( 'NONE', 'WORKASPACE' ) );
#3883 = CARTESIAN_POINT ( 'NONE',  ( -2.050000000000000266, 1.599999999999999867, 0.09816659063474836300 ) ) ;
#3884 = CARTESIAN_POINT ( 'NONE',  ( -2.150000000000001688, 1.550000000000000044, 2.168166590634747593 ) ) ;
#3885 = VERTEX_POINT ( 'NONE', #779 ) ;
#3886 = VECTOR ( 'NONE', #3196, 1000.000000000000000 ) ;
#3887 = LINE ( 'NONE', #847, #1824 ) ;
#3888 = FACE_OUTER_BOUND ( 'NONE', #2320, .T. ) ;
#3889 = PRESENTATION_LAYER_ASSIGNMENT (  '', '', ( #1671 ) ) ;
#3890 = VERTEX_POINT ( 'NONE', #1992 ) ;
#3891 = FACE_OUTER_BOUND ( 'NONE', #1016, .T. ) ;
#3892 =( GEOMETRIC_REPRESENTATION_CONTEXT ( 3 ) GLOBAL_UNCERTAINTY_ASSIGNED_CONTEXT ( ( #877 ) ) GLOBAL_UNIT_ASSIGNED_CONTEXT ( ( #2994, #1175, #2952 ) ) REPRESENTATION_CONTEXT ( 'NONE', 'WORKASPACE' ) );
#3893 =( GEOMETRIC_REPRESENTATION_CONTEXT ( 3 ) GLOBAL_UNCERTAINTY_ASSIGNED_CONTEXT ( ( #2584 ) ) GLOBAL_UNIT_ASSIGNED_CONTEXT ( ( #2891, #724, #408 ) ) REPRESENTATION_CONTEXT ( 'NONE', 'WORKASPACE' ) );
#3894 = FILL_AREA_STYLE_COLOUR ( '', #1954 ) ;
#3895 = CARTESIAN_POINT ( 'NONE',  ( -3.658012784032873110, -1.149999999999998579, 0.09816659063474836300 ) ) ;
#3896 = VECTOR ( 'NONE', #1092, 999.9999999999998863 ) ;
#3897 = ORIENTED_EDGE ( 'NONE', *, *, #1078, .T. ) ;
#3898 = LINE ( 'NONE', #3917, #1927 ) ;
#3899 = AXIS2_PLACEMENT_3D ( 'NONE', #2068, #2344, #1498 ) ;
#3900 = DIRECTION ( 'NONE',  ( -0.0000000000000000000, -1.000000000000000000, -0.0000000000000000000 ) ) ;
#3901 = EDGE_CURVE ( 'NONE', #3826, #907, #3214, .T. ) ;
#3902 = UNCERTAINTY_MEASURE_WITH_UNIT (LENGTH_MEASURE( 1.000000000000000082E-05 ), #3009, 'distance_accuracy_value', 'NONE');
#3903 = ORIENTED_EDGE ( 'NONE', *, *, #175, .T. ) ;
#3904 = PRESENTATION_STYLE_ASSIGNMENT (( #3296 ) ) ;
#3905 = FILL_AREA_STYLE ('',( #1485 ) ) ;
#3906 = ADVANCED_FACE ( 'NONE', ( #2012 ), #335, .F. ) ;
#3907 = UNCERTAINTY_MEASURE_WITH_UNIT (LENGTH_MEASURE( 1.000000000000000082E-05 ), #3680, 'distance_accuracy_value', 'NONE');
#3908 = DIRECTION ( 'NONE',  ( 0.7071067811865467956, -1.916616770854218782E-16, -0.7071067811865483499 ) ) ;
#3909 = CARTESIAN_POINT ( 'NONE',  ( 0.0000000000000000000, 0.0000000000000000000, 1.798166590634748596 ) ) ;
#3910 = ORIENTED_EDGE ( 'NONE', *, *, #1322, .F. ) ;
#3911 = ORIENTED_EDGE ( 'NONE', *, *, #2418, .T. ) ;
#3912 = EDGE_CURVE ( 'NONE', #1775, #2358, #914, .T. ) ;
#3913 =( LENGTH_UNIT ( ) NAMED_UNIT ( * ) SI_UNIT ( .MILLI., .METRE. ) );
#3914 = FACE_OUTER_BOUND ( 'NONE', #1544, .T. ) ;
#3915 = CARTESIAN_POINT ( 'NONE',  ( 2.050000000000000711, 0.4999999999999991673, 0.09816659063474855729 ) ) ;
#3916 = ORIENTED_EDGE ( 'NONE', *, *, #2470, .F. ) ;
#3917 = CARTESIAN_POINT ( 'NONE',  ( -3.658012784032873110, 1.150000000000001243, -0.001833409365251895823 ) ) ;
#3918 = LINE ( 'NONE', #592, #2650 ) ;
#3919 = EDGE_LOOP ( 'NONE', ( #141, #1535, #641, #1839 ) ) ;
#3920 = VECTOR ( 'NONE', #477, 1000.000000000000000 ) ;
#3921 = CARTESIAN_POINT ( 'NONE',  ( -2.250000000000000444, -1.549999999999998712, 1.318166590634747504 ) ) ;
#3922 = MECHANICAL_DESIGN_GEOMETRIC_PRESENTATION_REPRESENTATION (  '', ( #2276 ), #2847 ) ;
#3923 = VECTOR ( 'NONE', #2215, 1000.000000000000000 ) ;
#3924 = DIRECTION ( 'NONE',  ( 0.0000000000000000000, 1.000000000000000000, 0.0000000000000000000 ) ) ;
#3925 = EDGE_LOOP ( 'NONE', ( #287, #240, #2062, #3128 ) ) ;
#3926 = EDGE_LOOP ( 'NONE', ( #172, #2959, #2155, #1090 ) ) ;
#3927 = COLOUR_RGB ( '',0.2980392156862745057, 0.2980392156862745057, 0.2980392156862745057 ) ;
#3928 = EDGE_CURVE ( 'NONE', #2000, #1976, #1114, .T. ) ;
#3929 = SURFACE_STYLE_FILL_AREA ( #952 ) ;
#3930 = ADVANCED_FACE ( 'NONE', ( #3570 ), #3667, .F. ) ;
#3931 = MECHANICAL_DESIGN_GEOMETRIC_PRESENTATION_REPRESENTATION (  '', ( #434 ), #2223 ) ;
#3932 = FACE_OUTER_BOUND ( 'NONE', #1577, .T. ) ;
#3933 = LINE ( 'NONE', #2420, #684 ) ;
#3934 = DIRECTION ( 'NONE',  ( -1.000000000000000000, 2.710505431213760592E-16, -0.0000000000000000000 ) ) ;
#3935 = VERTEX_POINT ( 'NONE', #535 ) ;
#3936 = DIRECTION ( 'NONE',  ( -1.000000000000000000, 3.614007241618348771E-16, 0.0000000000000000000 ) ) ;
#3937 = SURFACE_SIDE_STYLE ('',( #2806 ) ) ;
#3938 = CARTESIAN_POINT ( 'NONE',  ( 2.050000000000000711, -1.000000000000000888, 1.798166590634748596 ) ) ;
#3939 = ORIENTED_EDGE ( 'NONE', *, *, #3404, .F. ) ;
#3940 = PLANE ( 'NONE',  #1382 ) ;
ENDSEC;
END-ISO-10303-21;
