#VRML V2.0 utf8
WorldInfo
{
	info ["Generated by TraceParts CAD VRML Translator"]
	title "TraceParts Part"
}
DEF TraceParts_Part Group
{
	children
	[
		Shape
		{
			appearance Appearance
			{
				material Material
				{
					diffuseColor 0.812 0.812 0.812
				}
			}
			geometry IndexedFaceSet
			{
				creaseAngle 0.5
				solid TRUE
				coord Coordinate
				{
					point
					[
						0.833 1.378 -0.198,
						0.877 1.378 -0.140,
						0.986 1.450 -0.203,
						0.905 1.378 -0.072,
						1.026 1.450 -0.105,
						0.915 1.378 0.000,
						1.040 1.450 0.000,
						0.905 1.378 0.072,
						1.026 1.450 0.105,
						0.877 1.378 0.140,
						0.986 1.450 0.203,
						0.921 1.450 0.286,
						0.921 1.450 -0.286,
						0.837 1.450 -0.351,
						0.775 1.378 -0.242,
						0.740 1.450 -0.391,
						0.707 1.378 -0.270,
						0.635 1.450 -0.405,
						0.635 1.378 -0.280,
						0.530 1.450 -0.391,
						0.563 1.378 -0.270,
						0.495 1.378 -0.242,
						0.433 1.450 -0.351,
						0.349 1.450 -0.286,
						0.437 1.378 -0.198,
						0.284 1.450 -0.203,
						0.393 1.378 -0.140,
						0.244 1.450 -0.105,
						0.365 1.378 -0.072,
						0.355 1.378 -0.000,
						0.230 1.450 -0.000,
						0.365 1.378 0.072,
						0.244 1.450 0.105,
						0.284 1.450 0.203,
						0.393 1.378 0.140,
						0.349 1.450 0.286,
						0.437 1.378 0.198,
						0.433 1.450 0.351,
						0.495 1.378 0.242,
						0.563 1.378 0.270,
						0.530 1.450 0.391,
						0.635 1.450 0.405,
						0.635 1.378 0.280,
						0.740 1.450 0.391,
						0.707 1.378 0.270,
						0.837 1.450 0.351,
						0.775 1.378 0.242,
						0.833 1.378 0.198
					]
				}
				coordIndex
				[
					0, 1, 2, -1,
					2, 1, 3, -1,
					2, 3, 4, -1,
					4, 3, 5, -1,
					4, 5, 6, -1,
					6, 5, 7, -1,
					6, 7, 8, -1,
					8, 7, 9, -1,
					8, 9, 10, -1,
					10, 9, 11, -1,
					2, 12, 0, -1,
					0, 12, 13, -1,
					0, 13, 14, -1,
					14, 13, 15, -1,
					14, 15, 16, -1,
					16, 15, 17, -1,
					16, 17, 18, -1,
					18, 17, 19, -1,
					18, 19, 20, -1,
					20, 19, 21, -1,
					19, 22, 21, -1,
					21, 22, 23, -1,
					21, 23, 24, -1,
					24, 23, 25, -1,
					24, 25, 26, -1,
					26, 25, 27, -1,
					26, 27, 28, -1,
					28, 27, 29, -1,
					27, 30, 29, -1,
					29, 30, 31, -1,
					30, 32, 31, -1,
					31, 32, 33, -1,
					31, 33, 34, -1,
					34, 33, 35, -1,
					34, 35, 36, -1,
					36, 35, 37, -1,
					36, 37, 38, -1,
					38, 37, 39, -1,
					37, 40, 39, -1,
					39, 40, 41, -1,
					39, 41, 42, -1,
					42, 41, 43, -1,
					42, 43, 44, -1,
					44, 43, 45, -1,
					44, 45, 46, -1,
					46, 45, 11, -1,
					46, 11, 47, -1,
					47, 11, 9, -1
				]
				normal Normal
				{
					vector
					[
						-0.354 0.866 0.354,
						-0.433 0.866 0.250,
						-0.483 0.866 0.129,
						-0.500 0.866 0.000,
						-0.483 0.866 -0.129,
						-0.433 0.866 -0.250,
						-0.354 0.866 -0.354,
						-0.250 0.866 0.433,
						-0.129 0.866 0.483,
						-0.000 0.866 0.500,
						0.129 0.866 0.483,
						0.250 0.866 0.433,
						0.354 0.866 0.354,
						0.433 0.866 0.250,
						0.483 0.866 0.129,
						0.500 0.866 0.000,
						0.483 0.866 -0.129,
						0.433 0.866 -0.250,
						0.354 0.866 -0.354,
						0.250 0.866 -0.433,
						0.129 0.866 -0.483,
						0.000 0.866 -0.500,
						-0.000 0.866 -0.500,
						-0.129 0.866 -0.483,
						-0.250 0.866 -0.433
					]
				}
				normalIndex
				[
					0, 1, 1, -1,
					1, 1, 2, -1,
					1, 2, 2, -1,
					2, 2, 3, -1,
					2, 3, 3, -1,
					3, 3, 4, -1,
					3, 4, 4, -1,
					4, 4, 5, -1,
					4, 5, 5, -1,
					5, 5, 6, -1,
					1, 0, 0, -1,
					0, 0, 7, -1,
					0, 7, 7, -1,
					7, 7, 8, -1,
					7, 8, 8, -1,
					8, 8, 9, -1,
					8, 9, 9, -1,
					9, 9, 10, -1,
					9, 10, 10, -1,
					10, 10, 11, -1,
					10, 11, 11, -1,
					11, 11, 12, -1,
					11, 12, 12, -1,
					12, 12, 13, -1,
					12, 13, 13, -1,
					13, 13, 14, -1,
					13, 14, 14, -1,
					14, 14, 15, -1,
					14, 15, 15, -1,
					15, 15, 16, -1,
					15, 16, 16, -1,
					16, 16, 17, -1,
					16, 17, 17, -1,
					17, 17, 18, -1,
					17, 18, 18, -1,
					18, 18, 19, -1,
					18, 19, 19, -1,
					19, 19, 20, -1,
					19, 20, 20, -1,
					20, 20, 21, -1,
					20, 21, 22, -1,
					22, 21, 23, -1,
					22, 23, 23, -1,
					23, 23, 24, -1,
					23, 24, 24, -1,
					24, 24, 6, -1,
					24, 6, 6, -1,
					6, 6, 5, -1
				]
			}
		}
		Shape
		{
			appearance Appearance
			{
				material Material
				{
					diffuseColor 0.812 0.812 0.812
				}
			}
			geometry IndexedFaceSet
			{
				creaseAngle 0.5
				solid TRUE
				coord Coordinate
				{
					point
					[
						0.986 1.450 -0.203,
						1.026 1.450 -0.105,
						1.026 3.196 -0.105,
						1.040 1.450 0.000,
						1.040 3.196 0.000,
						1.026 1.450 0.105,
						1.026 3.196 0.105,
						0.986 3.196 0.203,
						0.986 3.196 -0.203,
						0.921 3.196 -0.286,
						0.921 1.450 -0.286,
						0.837 3.196 -0.351,
						0.837 1.450 -0.351,
						0.740 3.196 -0.391,
						0.740 1.450 -0.391,
						0.635 1.450 -0.405,
						0.635 3.196 -0.405,
						0.530 3.196 -0.391,
						0.530 1.450 -0.391,
						0.433 3.196 -0.351,
						0.433 1.450 -0.351,
						0.349 1.450 -0.286,
						0.349 3.196 -0.286,
						0.284 3.196 -0.203,
						0.284 1.450 -0.203,
						0.244 3.196 -0.105,
						0.244 1.450 -0.105,
						0.230 1.450 -0.000,
						0.230 3.196 -0.000,
						0.244 1.450 0.105,
						0.244 3.196 0.105,
						0.284 3.196 0.203,
						0.284 1.450 0.203,
						0.349 3.196 0.286,
						0.349 1.450 0.286,
						0.433 1.450 0.351,
						0.433 3.196 0.351,
						0.530 3.196 0.391,
						0.530 1.450 0.391,
						0.635 3.196 0.405,
						0.635 1.450 0.405,
						0.740 1.450 0.391,
						0.740 3.196 0.391,
						0.837 3.196 0.351,
						0.837 1.450 0.351,
						0.921 3.196 0.286,
						0.921 1.450 0.286,
						0.986 1.450 0.203
					]
				}
				coordIndex
				[
					0, 1, 2, -1,
					2, 1, 3, -1,
					2, 3, 4, -1,
					4, 3, 5, -1,
					4, 5, 6, -1,
					6, 5, 7, -1,
					2, 8, 0, -1,
					0, 8, 9, -1,
					0, 9, 10, -1,
					10, 9, 11, -1,
					10, 11, 12, -1,
					12, 11, 13, -1,
					12, 13, 14, -1,
					14, 13, 15, -1,
					13, 16, 15, -1,
					15, 16, 17, -1,
					15, 17, 18, -1,
					18, 17, 19, -1,
					18, 19, 20, -1,
					20, 19, 21, -1,
					19, 22, 21, -1,
					21, 22, 23, -1,
					21, 23, 24, -1,
					24, 23, 25, -1,
					24, 25, 26, -1,
					26, 25, 27, -1,
					25, 28, 27, -1,
					27, 28, 29, -1,
					28, 30, 29, -1,
					29, 30, 31, -1,
					29, 31, 32, -1,
					32, 31, 33, -1,
					32, 33, 34, -1,
					34, 33, 35, -1,
					33, 36, 35, -1,
					35, 36, 37, -1,
					35, 37, 38, -1,
					38, 37, 39, -1,
					38, 39, 40, -1,
					40, 39, 41, -1,
					39, 42, 41, -1,
					41, 42, 43, -1,
					41, 43, 44, -1,
					44, 43, 45, -1,
					44, 45, 46, -1,
					46, 45, 7, -1,
					46, 7, 47, -1,
					47, 7, 5, -1
				]
				normal Normal
				{
					vector
					[
						-0.866 -0.000 0.500,
						-0.966 -0.000 0.259,
						-1.000 -0.000 -0.000,
						-0.966 -0.000 -0.259,
						-0.866 -0.000 -0.500,
						-0.707 -0.000 0.707,
						-0.500 -0.000 0.866,
						-0.259 -0.000 0.966,
						-0.000 -0.000 1.000,
						0.259 -0.000 0.966,
						0.500 -0.000 0.866,
						0.707 -0.000 0.707,
						0.866 -0.000 0.500,
						0.966 -0.000 0.259,
						1.000 -0.000 0.000,
						0.966 -0.000 -0.259,
						0.866 -0.000 -0.500,
						0.707 -0.000 -0.707,
						0.500 -0.000 -0.866,
						0.259 -0.000 -0.966,
						0.000 -0.000 -1.000,
						-0.259 -0.000 -0.966,
						-0.500 -0.000 -0.866,
						-0.707 -0.000 -0.707
					]
				}
				normalIndex
				[
					0, 1, 1, -1,
					1, 1, 2, -1,
					1, 2, 2, -1,
					2, 2, 3, -1,
					2, 3, 3, -1,
					3, 3, 4, -1,
					1, 0, 0, -1,
					0, 0, 5, -1,
					0, 5, 5, -1,
					5, 5, 6, -1,
					5, 6, 6, -1,
					6, 6, 7, -1,
					6, 7, 7, -1,
					7, 7, 8, -1,
					7, 8, 8, -1,
					8, 8, 9, -1,
					8, 9, 9, -1,
					9, 9, 10, -1,
					9, 10, 10, -1,
					10, 10, 11, -1,
					10, 11, 11, -1,
					11, 11, 12, -1,
					11, 12, 12, -1,
					12, 12, 13, -1,
					12, 13, 13, -1,
					13, 13, 14, -1,
					13, 14, 14, -1,
					14, 14, 15, -1,
					14, 15, 15, -1,
					15, 15, 16, -1,
					15, 16, 16, -1,
					16, 16, 17, -1,
					16, 17, 17, -1,
					17, 17, 18, -1,
					17, 18, 18, -1,
					18, 18, 19, -1,
					18, 19, 19, -1,
					19, 19, 20, -1,
					19, 20, 20, -1,
					20, 20, 21, -1,
					20, 21, 21, -1,
					21, 21, 22, -1,
					21, 22, 22, -1,
					22, 22, 23, -1,
					22, 23, 23, -1,
					23, 23, 4, -1,
					23, 4, 4, -1,
					4, 4, 3, -1
				]
			}
		}
		Shape
		{
			appearance Appearance
			{
				material Material
				{
					diffuseColor 0.812 0.812 0.812
				}
			}
			geometry IndexedFaceSet
			{
				creaseAngle 0.5
				solid TRUE
				coord Coordinate
				{
					point
					[
						0.986 3.196 -0.203,
						1.026 3.196 -0.105,
						0.891 1.600 -0.069,
						1.040 3.196 0.000,
						0.900 1.600 0.000,
						1.026 3.196 0.105,
						0.891 1.600 0.069,
						0.865 1.600 0.133,
						0.865 1.600 -0.133,
						0.823 1.600 -0.188,
						0.921 3.196 -0.286,
						0.768 1.600 -0.230,
						0.837 3.196 -0.351,
						0.704 1.600 -0.256,
						0.740 3.196 -0.391,
						0.635 3.196 -0.405,
						0.635 1.600 -0.265,
						0.566 1.600 -0.256,
						0.530 3.196 -0.391,
						0.502 1.600 -0.230,
						0.433 3.196 -0.351,
						0.349 3.196 -0.286,
						0.447 1.600 -0.188,
						0.405 1.600 -0.133,
						0.284 3.196 -0.203,
						0.379 1.600 -0.069,
						0.244 3.196 -0.105,
						0.230 3.196 -0.000,
						0.370 1.600 -0.000,
						0.244 3.196 0.105,
						0.379 1.600 0.069,
						0.405 1.600 0.133,
						0.284 3.196 0.203,
						0.447 1.600 0.188,
						0.349 3.196 0.286,
						0.433 3.196 0.351,
						0.502 1.600 0.230,
						0.566 1.600 0.256,
						0.530 3.196 0.391,
						0.635 1.600 0.265,
						0.635 3.196 0.405,
						0.740 3.196 0.391,
						0.704 1.600 0.256,
						0.768 1.600 0.230,
						0.837 3.196 0.351,
						0.823 1.600 0.188,
						0.921 3.196 0.286,
						0.986 3.196 0.203
					]
				}
				coordIndex
				[
					0, 1, 2, -1,
					2, 1, 3, -1,
					2, 3, 4, -1,
					4, 3, 5, -1,
					4, 5, 6, -1,
					6, 5, 7, -1,
					2, 8, 0, -1,
					0, 8, 9, -1,
					0, 9, 10, -1,
					10, 9, 11, -1,
					10, 11, 12, -1,
					12, 11, 13, -1,
					12, 13, 14, -1,
					14, 13, 15, -1,
					13, 16, 15, -1,
					15, 16, 17, -1,
					15, 17, 18, -1,
					18, 17, 19, -1,
					18, 19, 20, -1,
					20, 19, 21, -1,
					19, 22, 21, -1,
					21, 22, 23, -1,
					21, 23, 24, -1,
					24, 23, 25, -1,
					24, 25, 26, -1,
					26, 25, 27, -1,
					25, 28, 27, -1,
					27, 28, 29, -1,
					28, 30, 29, -1,
					29, 30, 31, -1,
					29, 31, 32, -1,
					32, 31, 33, -1,
					32, 33, 34, -1,
					34, 33, 35, -1,
					33, 36, 35, -1,
					35, 36, 37, -1,
					35, 37, 38, -1,
					38, 37, 39, -1,
					38, 39, 40, -1,
					40, 39, 41, -1,
					39, 42, 41, -1,
					41, 42, 43, -1,
					41, 43, 44, -1,
					44, 43, 45, -1,
					44, 45, 46, -1,
					46, 45, 7, -1,
					46, 7, 47, -1,
					47, 7, 5, -1
				]
				normal Normal
				{
					vector
					[
						0.863 -0.087 -0.498,
						0.962 -0.087 -0.258,
						0.996 -0.087 -0.000,
						0.962 -0.087 0.258,
						0.863 -0.087 0.498,
						0.704 -0.087 -0.704,
						0.498 -0.087 -0.863,
						0.258 -0.087 -0.962,
						0.000 -0.087 -0.996,
						-0.258 -0.087 -0.962,
						-0.498 -0.087 -0.863,
						-0.704 -0.087 -0.704,
						-0.863 -0.087 -0.498,
						-0.962 -0.087 -0.258,
						-0.996 -0.087 -0.000,
						-0.962 -0.087 0.258,
						-0.863 -0.087 0.498,
						-0.704 -0.087 0.704,
						-0.498 -0.087 0.863,
						-0.258 -0.087 0.962,
						0.000 -0.087 0.996,
						-0.000 -0.087 0.996,
						0.258 -0.087 0.962,
						0.498 -0.087 0.863,
						0.704 -0.087 0.704
					]
				}
				normalIndex
				[
					0, 1, 1, -1,
					1, 1, 2, -1,
					1, 2, 2, -1,
					2, 2, 3, -1,
					2, 3, 3, -1,
					3, 3, 4, -1,
					1, 0, 0, -1,
					0, 0, 5, -1,
					0, 5, 5, -1,
					5, 5, 6, -1,
					5, 6, 6, -1,
					6, 6, 7, -1,
					6, 7, 7, -1,
					7, 7, 8, -1,
					7, 8, 8, -1,
					8, 8, 9, -1,
					8, 9, 9, -1,
					9, 9, 10, -1,
					9, 10, 10, -1,
					10, 10, 11, -1,
					10, 11, 11, -1,
					11, 11, 12, -1,
					11, 12, 12, -1,
					12, 12, 13, -1,
					12, 13, 13, -1,
					13, 13, 14, -1,
					13, 14, 14, -1,
					14, 14, 15, -1,
					14, 15, 15, -1,
					15, 15, 16, -1,
					15, 16, 16, -1,
					16, 16, 17, -1,
					16, 17, 17, -1,
					17, 17, 18, -1,
					17, 18, 18, -1,
					18, 18, 19, -1,
					18, 19, 19, -1,
					19, 19, 20, -1,
					19, 20, 21, -1,
					21, 20, 22, -1,
					20, 22, 22, -1,
					22, 22, 23, -1,
					22, 23, 23, -1,
					23, 23, 24, -1,
					23, 24, 24, -1,
					24, 24, 4, -1,
					24, 4, 4, -1,
					4, 4, 3, -1
				]
			}
		}
		Shape
		{
			appearance Appearance
			{
				material Material
				{
					diffuseColor 0.812 0.812 0.812
				}
			}
			geometry IndexedFaceSet
			{
				creaseAngle 0.5
				solid TRUE
				coord Coordinate
				{
					point
					[
						0.877 0.650 -0.140,
						0.635 0.488 0.000,
						0.905 0.650 -0.072,
						0.833 0.650 -0.198,
						0.775 0.650 -0.242,
						0.707 0.650 -0.270,
						0.635 0.650 -0.280,
						0.563 0.650 -0.270,
						0.495 0.650 -0.242,
						0.437 0.650 -0.198,
						0.393 0.650 -0.140,
						0.365 0.650 -0.072,
						0.355 0.650 -0.000,
						0.365 0.650 0.072,
						0.393 0.650 0.140,
						0.437 0.650 0.198,
						0.495 0.650 0.242,
						0.563 0.650 0.270,
						0.635 0.650 0.280,
						0.707 0.650 0.270,
						0.775 0.650 0.242,
						0.877 0.650 0.140,
						0.833 0.650 0.198,
						0.905 0.650 0.072,
						0.915 0.650 0.000
					]
				}
				coordIndex
				[
					0, 1, 2, -1,
					0, 3, 1, -1,
					3, 4, 1, -1,
					4, 5, 1, -1,
					1, 5, 6, -1,
					6, 7, 1, -1,
					7, 8, 1, -1,
					1, 8, 9, -1,
					9, 10, 1, -1,
					10, 11, 1, -1,
					11, 12, 1, -1,
					1, 12, 13, -1,
					13, 14, 1, -1,
					14, 15, 1, -1,
					1, 15, 16, -1,
					16, 17, 1, -1,
					17, 18, 1, -1,
					18, 19, 1, -1,
					1, 19, 20, -1,
					21, 1, 22, -1,
					21, 23, 1, -1,
					23, 24, 1, -1,
					1, 24, 2, -1,
					1, 20, 22, -1
				]
				normal Normal
				{
					vector
					[
						-0.433 0.866 0.250,
						-0.462 0.866 0.191,
						-0.483 0.866 0.129,
						-0.354 0.866 0.354,
						-0.250 0.866 0.433,
						-0.304 0.866 0.397,
						-0.129 0.866 0.483,
						-0.191 0.866 0.462,
						-0.000 0.866 0.500,
						0.129 0.866 0.483,
						0.065 0.866 0.496,
						0.250 0.866 0.433,
						0.191 0.866 0.462,
						0.354 0.866 0.354,
						0.433 0.866 0.250,
						0.397 0.866 0.304,
						0.483 0.866 0.129,
						0.462 0.866 0.191,
						0.500 0.866 0.000,
						0.496 0.866 0.065,
						0.483 0.866 -0.129,
						0.433 0.866 -0.250,
						0.462 0.866 -0.191,
						0.354 0.866 -0.354,
						0.397 0.866 -0.304,
						0.250 0.866 -0.433,
						0.129 0.866 -0.483,
						0.191 0.866 -0.462,
						-0.000 0.866 -0.500,
						0.065 0.866 -0.496,
						-0.129 0.866 -0.483,
						-0.065 0.866 -0.496,
						-0.250 0.866 -0.433,
						-0.433 0.866 -0.250,
						-0.397 0.866 -0.304,
						-0.354 0.866 -0.354,
						-0.483 0.866 -0.129,
						-0.500 0.866 0.000,
						-0.496 0.866 -0.065,
						-0.496 0.866 0.065,
						-0.304 0.866 -0.397
					]
				}
				normalIndex
				[
					0, 1, 2, -1,
					0, 3, 1, -1,
					3, 4, 5, -1,
					4, 6, 7, -1,
					7, 6, 8, -1,
					8, 9, 10, -1,
					9, 11, 12, -1,
					12, 11, 13, -1,
					13, 14, 15, -1,
					14, 16, 17, -1,
					16, 18, 19, -1,
					19, 18, 20, -1,
					20, 21, 22, -1,
					21, 23, 24, -1,
					24, 23, 25, -1,
					25, 26, 27, -1,
					26, 28, 29, -1,
					28, 30, 31, -1,
					31, 30, 32, -1,
					33, 34, 35, -1,
					33, 36, 34, -1,
					36, 37, 38, -1,
					39, 37, 2, -1,
					40, 32, 35, -1
				]
			}
		}
		Shape
		{
			appearance Appearance
			{
				material Material
				{
					diffuseColor 0.812 0.812 0.812
				}
			}
			geometry IndexedFaceSet
			{
				creaseAngle 0.5
				solid TRUE
				coord Coordinate
				{
					point
					[
						0.877 0.650 -0.140,
						0.905 0.650 -0.072,
						0.905 1.378 -0.072,
						0.915 0.650 0.000,
						0.915 1.378 0.000,
						0.905 0.650 0.072,
						0.905 1.378 0.072,
						0.877 1.378 0.140,
						0.877 1.378 -0.140,
						0.833 1.378 -0.198,
						0.833 0.650 -0.198,
						0.775 1.378 -0.242,
						0.775 0.650 -0.242,
						0.707 1.378 -0.270,
						0.707 0.650 -0.270,
						0.635 0.650 -0.280,
						0.635 1.378 -0.280,
						0.563 1.378 -0.270,
						0.563 0.650 -0.270,
						0.495 1.378 -0.242,
						0.495 0.650 -0.242,
						0.437 0.650 -0.198,
						0.437 1.378 -0.198,
						0.393 1.378 -0.140,
						0.393 0.650 -0.140,
						0.365 1.378 -0.072,
						0.365 0.650 -0.072,
						0.355 0.650 -0.000,
						0.355 1.378 -0.000,
						0.365 0.650 0.072,
						0.365 1.378 0.072,
						0.393 1.378 0.140,
						0.393 0.650 0.140,
						0.437 1.378 0.198,
						0.437 0.650 0.198,
						0.495 0.650 0.242,
						0.495 1.378 0.242,
						0.563 1.378 0.270,
						0.563 0.650 0.270,
						0.635 1.378 0.280,
						0.635 0.650 0.280,
						0.707 0.650 0.270,
						0.707 1.378 0.270,
						0.775 1.378 0.242,
						0.775 0.650 0.242,
						0.833 1.378 0.198,
						0.833 0.650 0.198,
						0.877 0.650 0.140
					]
				}
				coordIndex
				[
					0, 1, 2, -1,
					2, 1, 3, -1,
					2, 3, 4, -1,
					4, 3, 5, -1,
					4, 5, 6, -1,
					6, 5, 7, -1,
					2, 8, 0, -1,
					0, 8, 9, -1,
					0, 9, 10, -1,
					10, 9, 11, -1,
					10, 11, 12, -1,
					12, 11, 13, -1,
					12, 13, 14, -1,
					14, 13, 15, -1,
					13, 16, 15, -1,
					15, 16, 17, -1,
					15, 17, 18, -1,
					18, 17, 19, -1,
					18, 19, 20, -1,
					20, 19, 21, -1,
					19, 22, 21, -1,
					21, 22, 23, -1,
					21, 23, 24, -1,
					24, 23, 25, -1,
					24, 25, 26, -1,
					26, 25, 27, -1,
					25, 28, 27, -1,
					27, 28, 29, -1,
					28, 30, 29, -1,
					29, 30, 31, -1,
					29, 31, 32, -1,
					32, 31, 33, -1,
					32, 33, 34, -1,
					34, 33, 35, -1,
					33, 36, 35, -1,
					35, 36, 37, -1,
					35, 37, 38, -1,
					38, 37, 39, -1,
					38, 39, 40, -1,
					40, 39, 41, -1,
					39, 42, 41, -1,
					41, 42, 43, -1,
					41, 43, 44, -1,
					44, 43, 45, -1,
					44, 45, 46, -1,
					46, 45, 7, -1,
					46, 7, 47, -1,
					47, 7, 5, -1
				]
				normal Normal
				{
					vector
					[
						-0.866 -0.000 0.500,
						-0.966 -0.000 0.259,
						-1.000 -0.000 -0.000,
						-0.966 -0.000 -0.259,
						-0.866 -0.000 -0.500,
						-0.707 -0.000 0.707,
						-0.500 -0.000 0.866,
						-0.259 -0.000 0.966,
						-0.000 -0.000 1.000,
						0.259 -0.000 0.966,
						0.500 -0.000 0.866,
						0.707 -0.000 0.707,
						0.866 -0.000 0.500,
						0.966 -0.000 0.259,
						1.000 -0.000 0.000,
						0.966 -0.000 -0.259,
						0.866 -0.000 -0.500,
						0.707 -0.000 -0.707,
						0.500 -0.000 -0.866,
						0.259 -0.000 -0.966,
						-0.000 -0.000 -1.000,
						-0.259 -0.000 -0.966,
						-0.500 -0.000 -0.866,
						-0.707 -0.000 -0.707
					]
				}
				normalIndex
				[
					0, 1, 1, -1,
					1, 1, 2, -1,
					1, 2, 2, -1,
					2, 2, 3, -1,
					2, 3, 3, -1,
					3, 3, 4, -1,
					1, 0, 0, -1,
					0, 0, 5, -1,
					0, 5, 5, -1,
					5, 5, 6, -1,
					5, 6, 6, -1,
					6, 6, 7, -1,
					6, 7, 7, -1,
					7, 7, 8, -1,
					7, 8, 8, -1,
					8, 8, 9, -1,
					8, 9, 9, -1,
					9, 9, 10, -1,
					9, 10, 10, -1,
					10, 10, 11, -1,
					10, 11, 11, -1,
					11, 11, 12, -1,
					11, 12, 12, -1,
					12, 12, 13, -1,
					12, 13, 13, -1,
					13, 13, 14, -1,
					13, 14, 14, -1,
					14, 14, 15, -1,
					14, 15, 15, -1,
					15, 15, 16, -1,
					15, 16, 16, -1,
					16, 16, 17, -1,
					16, 17, 17, -1,
					17, 17, 18, -1,
					17, 18, 18, -1,
					18, 18, 19, -1,
					18, 19, 19, -1,
					19, 19, 20, -1,
					19, 20, 20, -1,
					20, 20, 21, -1,
					20, 21, 21, -1,
					21, 21, 22, -1,
					21, 22, 22, -1,
					22, 22, 23, -1,
					22, 23, 23, -1,
					23, 23, 4, -1,
					23, 4, 4, -1,
					4, 4, 3, -1
				]
			}
		}
		Shape
		{
			appearance Appearance
			{
				material Material
				{
					diffuseColor 0.000 0.000 0.000
				}
			}
			geometry IndexedFaceSet
			{
				creaseAngle 0.5
				solid TRUE
				coord Coordinate
				{
					point
					[
						0.766 1.612 -0.075,
						0.781 1.612 -0.039,
						0.918 3.200 -0.076,
						0.786 1.612 0.000,
						0.928 3.200 0.000,
						0.781 1.612 0.039,
						0.918 3.200 0.076,
						0.888 3.200 0.146,
						0.888 3.200 -0.146,
						0.842 3.200 -0.207,
						0.742 1.612 -0.107,
						0.781 3.200 -0.253,
						0.710 1.612 -0.131,
						0.711 3.200 -0.283,
						0.674 1.612 -0.146,
						0.635 1.612 -0.151,
						0.635 3.200 -0.292,
						0.559 3.200 -0.283,
						0.596 1.612 -0.146,
						0.489 3.200 -0.253,
						0.560 1.612 -0.131,
						0.528 1.612 -0.107,
						0.428 3.200 -0.207,
						0.382 3.200 -0.146,
						0.504 1.612 -0.075,
						0.352 3.200 -0.076,
						0.489 1.612 -0.039,
						0.484 1.612 -0.000,
						0.343 3.200 -0.000,
						0.489 1.612 0.039,
						0.352 3.200 0.076,
						0.382 3.200 0.146,
						0.504 1.612 0.075,
						0.428 3.200 0.207,
						0.528 1.612 0.107,
						0.560 1.612 0.131,
						0.489 3.200 0.253,
						0.559 3.200 0.283,
						0.596 1.612 0.146,
						0.635 3.200 0.292,
						0.635 1.612 0.151,
						0.674 1.612 0.146,
						0.711 3.200 0.283,
						0.781 3.200 0.253,
						0.710 1.612 0.131,
						0.842 3.200 0.207,
						0.742 1.612 0.107,
						0.766 1.612 0.075
					]
				}
				coordIndex
				[
					0, 1, 2, -1,
					2, 1, 3, -1,
					2, 3, 4, -1,
					4, 3, 5, -1,
					4, 5, 6, -1,
					6, 5, 7, -1,
					2, 8, 0, -1,
					0, 8, 9, -1,
					0, 9, 10, -1,
					10, 9, 11, -1,
					10, 11, 12, -1,
					12, 11, 13, -1,
					12, 13, 14, -1,
					14, 13, 15, -1,
					13, 16, 15, -1,
					15, 16, 17, -1,
					15, 17, 18, -1,
					18, 17, 19, -1,
					18, 19, 20, -1,
					20, 19, 21, -1,
					19, 22, 21, -1,
					21, 22, 23, -1,
					21, 23, 24, -1,
					24, 23, 25, -1,
					24, 25, 26, -1,
					26, 25, 27, -1,
					25, 28, 27, -1,
					27, 28, 29, -1,
					28, 30, 29, -1,
					29, 30, 31, -1,
					29, 31, 32, -1,
					32, 31, 33, -1,
					32, 33, 34, -1,
					34, 33, 35, -1,
					33, 36, 35, -1,
					35, 36, 37, -1,
					35, 37, 38, -1,
					38, 37, 39, -1,
					38, 39, 40, -1,
					40, 39, 41, -1,
					39, 42, 41, -1,
					41, 42, 43, -1,
					41, 43, 44, -1,
					44, 43, 45, -1,
					44, 45, 46, -1,
					46, 45, 7, -1,
					46, 7, 47, -1,
					47, 7, 5, -1
				]
				normal Normal
				{
					vector
					[
						-0.863 0.089 0.498,
						-0.962 0.089 0.258,
						-0.996 0.089 0.000,
						-0.962 0.089 -0.258,
						-0.863 0.089 -0.498,
						-0.704 0.089 0.704,
						-0.498 0.089 0.863,
						-0.258 0.089 0.962,
						-0.000 0.089 0.996,
						0.258 0.089 0.962,
						0.498 0.089 0.863,
						0.704 0.089 0.704,
						0.863 0.089 0.498,
						0.962 0.089 0.258,
						0.996 0.089 0.000,
						0.962 0.089 -0.258,
						0.863 0.089 -0.498,
						0.704 0.089 -0.704,
						0.498 0.089 -0.863,
						0.258 0.089 -0.962,
						-0.000 0.089 -0.996,
						-0.258 0.089 -0.962,
						-0.498 0.089 -0.863,
						-0.704 0.089 -0.704
					]
				}
				normalIndex
				[
					0, 1, 1, -1,
					1, 1, 2, -1,
					1, 2, 2, -1,
					2, 2, 3, -1,
					2, 3, 3, -1,
					3, 3, 4, -1,
					1, 0, 0, -1,
					0, 0, 5, -1,
					0, 5, 5, -1,
					5, 5, 6, -1,
					5, 6, 6, -1,
					6, 6, 7, -1,
					6, 7, 7, -1,
					7, 7, 8, -1,
					7, 8, 8, -1,
					8, 8, 9, -1,
					8, 9, 9, -1,
					9, 9, 10, -1,
					9, 10, 10, -1,
					10, 10, 11, -1,
					10, 11, 11, -1,
					11, 11, 12, -1,
					11, 12, 12, -1,
					12, 12, 13, -1,
					12, 13, 13, -1,
					13, 13, 14, -1,
					13, 14, 14, -1,
					14, 14, 15, -1,
					14, 15, 15, -1,
					15, 15, 16, -1,
					15, 16, 16, -1,
					16, 16, 17, -1,
					16, 17, 17, -1,
					17, 17, 18, -1,
					17, 18, 18, -1,
					18, 18, 19, -1,
					18, 19, 19, -1,
					19, 19, 20, -1,
					19, 20, 20, -1,
					20, 20, 21, -1,
					20, 21, 21, -1,
					21, 21, 22, -1,
					21, 22, 22, -1,
					22, 22, 23, -1,
					22, 23, 23, -1,
					23, 23, 4, -1,
					23, 4, 4, -1,
					4, 4, 3, -1
				]
			}
		}
		Shape
		{
			appearance Appearance
			{
				material Material
				{
					diffuseColor 0.000 0.000 0.000
				}
			}
			geometry IndexedFaceSet
			{
				creaseAngle 0.5
				solid TRUE
				coord Coordinate
				{
					point
					[
						0.888 3.200 -0.146,
						0.918 3.200 -0.076,
						0.918 3.635 -0.076,
						0.928 3.200 0.000,
						0.928 3.635 0.000,
						0.918 3.200 0.076,
						0.918 3.635 0.076,
						0.888 3.635 0.146,
						0.888 3.635 -0.146,
						0.842 3.635 -0.207,
						0.842 3.200 -0.207,
						0.781 3.635 -0.253,
						0.781 3.200 -0.253,
						0.711 3.635 -0.283,
						0.711 3.200 -0.283,
						0.635 3.200 -0.292,
						0.635 3.635 -0.292,
						0.559 3.635 -0.283,
						0.559 3.200 -0.283,
						0.489 3.635 -0.253,
						0.489 3.200 -0.253,
						0.428 3.200 -0.207,
						0.428 3.635 -0.207,
						0.382 3.635 -0.146,
						0.382 3.200 -0.146,
						0.352 3.635 -0.076,
						0.352 3.200 -0.076,
						0.343 3.200 -0.000,
						0.343 3.635 -0.000,
						0.352 3.200 0.076,
						0.352 3.635 0.076,
						0.382 3.635 0.146,
						0.382 3.200 0.146,
						0.428 3.635 0.207,
						0.428 3.200 0.207,
						0.489 3.200 0.253,
						0.489 3.635 0.253,
						0.559 3.635 0.283,
						0.559 3.200 0.283,
						0.635 3.635 0.292,
						0.635 3.200 0.292,
						0.711 3.200 0.283,
						0.711 3.635 0.283,
						0.781 3.635 0.253,
						0.781 3.200 0.253,
						0.842 3.635 0.207,
						0.842 3.200 0.207,
						0.888 3.200 0.146
					]
				}
				coordIndex
				[
					0, 1, 2, -1,
					2, 1, 3, -1,
					2, 3, 4, -1,
					4, 3, 5, -1,
					4, 5, 6, -1,
					6, 5, 7, -1,
					2, 8, 0, -1,
					0, 8, 9, -1,
					0, 9, 10, -1,
					10, 9, 11, -1,
					10, 11, 12, -1,
					12, 11, 13, -1,
					12, 13, 14, -1,
					14, 13, 15, -1,
					13, 16, 15, -1,
					15, 16, 17, -1,
					15, 17, 18, -1,
					18, 17, 19, -1,
					18, 19, 20, -1,
					20, 19, 21, -1,
					19, 22, 21, -1,
					21, 22, 23, -1,
					21, 23, 24, -1,
					24, 23, 25, -1,
					24, 25, 26, -1,
					26, 25, 27, -1,
					25, 28, 27, -1,
					27, 28, 29, -1,
					28, 30, 29, -1,
					29, 30, 31, -1,
					29, 31, 32, -1,
					32, 31, 33, -1,
					32, 33, 34, -1,
					34, 33, 35, -1,
					33, 36, 35, -1,
					35, 36, 37, -1,
					35, 37, 38, -1,
					38, 37, 39, -1,
					38, 39, 40, -1,
					40, 39, 41, -1,
					39, 42, 41, -1,
					41, 42, 43, -1,
					41, 43, 44, -1,
					44, 43, 45, -1,
					44, 45, 46, -1,
					46, 45, 7, -1,
					46, 7, 47, -1,
					47, 7, 5, -1
				]
				normal Normal
				{
					vector
					[
						-0.866 -0.000 0.500,
						-0.966 -0.000 0.259,
						-1.000 -0.000 -0.000,
						-0.966 -0.000 -0.259,
						-0.866 -0.000 -0.500,
						-0.707 -0.000 0.707,
						-0.500 -0.000 0.866,
						-0.259 -0.000 0.966,
						-0.000 -0.000 1.000,
						0.259 -0.000 0.966,
						0.500 -0.000 0.866,
						0.707 -0.000 0.707,
						0.866 -0.000 0.500,
						0.966 -0.000 0.259,
						1.000 -0.000 0.000,
						0.966 -0.000 -0.259,
						0.866 -0.000 -0.500,
						0.707 -0.000 -0.707,
						0.500 -0.000 -0.866,
						0.259 -0.000 -0.966,
						-0.000 -0.000 -1.000,
						-0.259 -0.000 -0.966,
						-0.500 -0.000 -0.866,
						-0.707 -0.000 -0.707
					]
				}
				normalIndex
				[
					0, 1, 1, -1,
					1, 1, 2, -1,
					1, 2, 2, -1,
					2, 2, 3, -1,
					2, 3, 3, -1,
					3, 3, 4, -1,
					1, 0, 0, -1,
					0, 0, 5, -1,
					0, 5, 5, -1,
					5, 5, 6, -1,
					5, 6, 6, -1,
					6, 6, 7, -1,
					6, 7, 7, -1,
					7, 7, 8, -1,
					7, 8, 8, -1,
					8, 8, 9, -1,
					8, 9, 9, -1,
					9, 9, 10, -1,
					9, 10, 10, -1,
					10, 10, 11, -1,
					10, 11, 11, -1,
					11, 11, 12, -1,
					11, 12, 12, -1,
					12, 12, 13, -1,
					12, 13, 13, -1,
					13, 13, 14, -1,
					13, 14, 14, -1,
					14, 14, 15, -1,
					14, 15, 15, -1,
					15, 15, 16, -1,
					15, 16, 16, -1,
					16, 16, 17, -1,
					16, 17, 17, -1,
					17, 17, 18, -1,
					17, 18, 18, -1,
					18, 18, 19, -1,
					18, 19, 19, -1,
					19, 19, 20, -1,
					19, 20, 20, -1,
					20, 20, 21, -1,
					20, 21, 21, -1,
					21, 21, 22, -1,
					21, 22, 22, -1,
					22, 22, 23, -1,
					22, 23, 23, -1,
					23, 23, 4, -1,
					23, 4, 4, -1,
					4, 4, 3, -1
				]
			}
		}
		Shape
		{
			appearance Appearance
			{
				material Material
				{
					diffuseColor 0.000 0.000 0.000
				}
			}
			geometry IndexedFaceSet
			{
				creaseAngle 0.5
				solid TRUE
				coord Coordinate
				{
					point
					[
						0.888 3.635 -0.146,
						0.918 3.635 -0.076,
						0.968 3.700 -0.089,
						0.928 3.635 0.000,
						0.980 3.700 0.000,
						0.918 3.635 0.076,
						0.968 3.700 0.089,
						0.934 3.700 0.172,
						0.934 3.700 -0.172,
						0.879 3.700 -0.244,
						0.842 3.635 -0.207,
						0.808 3.700 -0.299,
						0.781 3.635 -0.253,
						0.724 3.700 -0.333,
						0.711 3.635 -0.283,
						0.635 3.635 -0.292,
						0.635 3.700 -0.345,
						0.546 3.700 -0.333,
						0.559 3.635 -0.283,
						0.463 3.700 -0.299,
						0.489 3.635 -0.253,
						0.428 3.635 -0.207,
						0.391 3.700 -0.244,
						0.336 3.700 -0.172,
						0.382 3.635 -0.146,
						0.302 3.700 -0.089,
						0.352 3.635 -0.076,
						0.343 3.635 -0.000,
						0.290 3.700 -0.000,
						0.352 3.635 0.076,
						0.302 3.700 0.089,
						0.336 3.700 0.172,
						0.382 3.635 0.146,
						0.391 3.700 0.244,
						0.428 3.635 0.207,
						0.489 3.635 0.253,
						0.463 3.700 0.299,
						0.546 3.700 0.333,
						0.559 3.635 0.283,
						0.635 3.700 0.345,
						0.635 3.635 0.292,
						0.711 3.635 0.283,
						0.724 3.700 0.333,
						0.808 3.700 0.299,
						0.781 3.635 0.253,
						0.879 3.700 0.244,
						0.842 3.635 0.207,
						0.888 3.635 0.146
					]
				}
				coordIndex
				[
					0, 1, 2, -1,
					2, 1, 3, -1,
					2, 3, 4, -1,
					4, 3, 5, -1,
					4, 5, 6, -1,
					6, 5, 7, -1,
					2, 8, 0, -1,
					0, 8, 9, -1,
					0, 9, 10, -1,
					10, 9, 11, -1,
					10, 11, 12, -1,
					12, 11, 13, -1,
					12, 13, 14, -1,
					14, 13, 15, -1,
					13, 16, 15, -1,
					15, 16, 17, -1,
					15, 17, 18, -1,
					18, 17, 19, -1,
					18, 19, 20, -1,
					20, 19, 21, -1,
					19, 22, 21, -1,
					21, 22, 23, -1,
					21, 23, 24, -1,
					24, 23, 25, -1,
					24, 25, 26, -1,
					26, 25, 27, -1,
					25, 28, 27, -1,
					27, 28, 29, -1,
					28, 30, 29, -1,
					29, 30, 31, -1,
					29, 31, 32, -1,
					32, 31, 33, -1,
					32, 33, 34, -1,
					34, 33, 35, -1,
					33, 36, 35, -1,
					35, 36, 37, -1,
					35, 37, 38, -1,
					38, 37, 39, -1,
					38, 39, 40, -1,
					40, 39, 41, -1,
					39, 42, 41, -1,
					41, 42, 43, -1,
					41, 43, 44, -1,
					44, 43, 45, -1,
					44, 45, 46, -1,
					46, 45, 7, -1,
					46, 7, 47, -1,
					47, 7, 5, -1
				]
				normal Normal
				{
					vector
					[
						-0.674 0.628 0.389,
						-0.751 0.628 0.201,
						-0.778 0.628 0.000,
						-0.751 0.628 -0.201,
						-0.674 0.628 -0.389,
						-0.550 0.628 0.550,
						-0.389 0.628 0.674,
						-0.201 0.628 0.751,
						-0.000 0.628 0.778,
						0.201 0.628 0.751,
						0.389 0.628 0.674,
						0.550 0.628 0.550,
						0.674 0.628 0.389,
						0.751 0.628 0.201,
						0.778 0.628 0.000,
						0.751 0.628 -0.201,
						0.674 0.628 -0.389,
						0.550 0.628 -0.550,
						0.389 0.628 -0.674,
						0.201 0.628 -0.751,
						0.000 0.628 -0.778,
						-0.000 0.628 -0.778,
						-0.201 0.628 -0.751,
						-0.389 0.628 -0.674,
						-0.550 0.628 -0.550
					]
				}
				normalIndex
				[
					0, 1, 1, -1,
					1, 1, 2, -1,
					1, 2, 2, -1,
					2, 2, 3, -1,
					2, 3, 3, -1,
					3, 3, 4, -1,
					1, 0, 0, -1,
					0, 0, 5, -1,
					0, 5, 5, -1,
					5, 5, 6, -1,
					5, 6, 6, -1,
					6, 6, 7, -1,
					6, 7, 7, -1,
					7, 7, 8, -1,
					7, 8, 8, -1,
					8, 8, 9, -1,
					8, 9, 9, -1,
					9, 9, 10, -1,
					9, 10, 10, -1,
					10, 10, 11, -1,
					10, 11, 11, -1,
					11, 11, 12, -1,
					11, 12, 12, -1,
					12, 12, 13, -1,
					12, 13, 13, -1,
					13, 13, 14, -1,
					13, 14, 14, -1,
					14, 14, 15, -1,
					14, 15, 15, -1,
					15, 15, 16, -1,
					15, 16, 16, -1,
					16, 16, 17, -1,
					16, 17, 17, -1,
					17, 17, 18, -1,
					17, 18, 18, -1,
					18, 18, 19, -1,
					18, 19, 19, -1,
					19, 19, 20, -1,
					19, 20, 21, -1,
					21, 20, 22, -1,
					20, 22, 22, -1,
					22, 22, 23, -1,
					22, 23, 23, -1,
					23, 23, 24, -1,
					23, 24, 24, -1,
					24, 24, 4, -1,
					24, 4, 4, -1,
					4, 4, 3, -1
				]
			}
		}
		Shape
		{
			appearance Appearance
			{
				material Material
				{
					diffuseColor 0.000 0.000 0.000
				}
			}
			geometry IndexedFaceSet
			{
				creaseAngle 0.5
				solid TRUE
				coord Coordinate
				{
					point
					[
						0.635 3.700 -0.385,
						0.635 3.700 -0.345,
						0.735 3.700 -0.372,
						0.724 3.700 -0.333,
						0.827 3.700 -0.333,
						0.808 3.700 -0.299,
						0.907 3.700 -0.272,
						0.879 3.700 -0.244,
						0.968 3.700 -0.192,
						0.934 3.700 -0.172,
						1.007 3.700 -0.100,
						0.968 3.700 -0.089,
						1.020 3.700 0.000,
						0.980 3.700 0.000,
						1.007 3.700 0.100,
						0.968 3.700 0.089,
						0.934 3.700 0.172,
						0.535 3.700 -0.372,
						0.546 3.700 -0.333,
						0.442 3.700 -0.333,
						0.463 3.700 -0.299,
						0.363 3.700 -0.272,
						0.391 3.700 -0.244,
						0.302 3.700 -0.192,
						0.336 3.700 -0.172,
						0.263 3.700 -0.100,
						0.302 3.700 -0.089,
						0.250 3.700 -0.000,
						0.290 3.700 -0.000,
						0.302 3.700 0.089,
						0.263 3.700 0.100,
						0.336 3.700 0.172,
						0.302 3.700 0.192,
						0.391 3.700 0.244,
						0.363 3.700 0.272,
						0.463 3.700 0.299,
						0.442 3.700 0.333,
						0.546 3.700 0.333,
						0.535 3.700 0.372,
						0.635 3.700 0.345,
						0.635 3.700 0.385,
						0.735 3.700 0.372,
						0.724 3.700 0.333,
						0.827 3.700 0.333,
						0.808 3.700 0.299,
						0.907 3.700 0.272,
						0.879 3.700 0.244,
						0.968 3.700 0.192
					]
				}
				coordIndex
				[
					0, 1, 2, -1,
					2, 1, 3, -1,
					2, 3, 4, -1,
					4, 3, 5, -1,
					4, 5, 6, -1,
					6, 5, 7, -1,
					6, 7, 8, -1,
					8, 7, 9, -1,
					8, 9, 10, -1,
					10, 9, 11, -1,
					10, 11, 12, -1,
					12, 11, 13, -1,
					12, 13, 14, -1,
					14, 13, 15, -1,
					14, 15, 16, -1,
					0, 17, 1, -1,
					1, 17, 18, -1,
					17, 19, 18, -1,
					18, 19, 20, -1,
					19, 21, 20, -1,
					20, 21, 22, -1,
					21, 23, 22, -1,
					22, 23, 24, -1,
					23, 25, 24, -1,
					24, 25, 26, -1,
					25, 27, 26, -1,
					26, 27, 28, -1,
					28, 27, 29, -1,
					29, 27, 30, -1,
					29, 30, 31, -1,
					31, 30, 32, -1,
					31, 32, 33, -1,
					33, 32, 34, -1,
					33, 34, 35, -1,
					35, 34, 36, -1,
					35, 36, 37, -1,
					37, 36, 38, -1,
					37, 38, 39, -1,
					39, 38, 40, -1,
					39, 40, 41, -1,
					39, 41, 42, -1,
					42, 41, 43, -1,
					42, 43, 44, -1,
					44, 43, 45, -1,
					44, 45, 46, -1,
					46, 45, 47, -1,
					46, 47, 16, -1,
					16, 47, 14, -1
				]
				normal Normal
				{
					vector
					[
						0.000 1.000 0.000
					]
				}
				normalIndex
				[
					0, 0, 0, -1,
					0, 0, 0, -1,
					0, 0, 0, -1,
					0, 0, 0, -1,
					0, 0, 0, -1,
					0, 0, 0, -1,
					0, 0, 0, -1,
					0, 0, 0, -1,
					0, 0, 0, -1,
					0, 0, 0, -1,
					0, 0, 0, -1,
					0, 0, 0, -1,
					0, 0, 0, -1,
					0, 0, 0, -1,
					0, 0, 0, -1,
					0, 0, 0, -1,
					0, 0, 0, -1,
					0, 0, 0, -1,
					0, 0, 0, -1,
					0, 0, 0, -1,
					0, 0, 0, -1,
					0, 0, 0, -1,
					0, 0, 0, -1,
					0, 0, 0, -1,
					0, 0, 0, -1,
					0, 0, 0, -1,
					0, 0, 0, -1,
					0, 0, 0, -1,
					0, 0, 0, -1,
					0, 0, 0, -1,
					0, 0, 0, -1,
					0, 0, 0, -1,
					0, 0, 0, -1,
					0, 0, 0, -1,
					0, 0, 0, -1,
					0, 0, 0, -1,
					0, 0, 0, -1,
					0, 0, 0, -1,
					0, 0, 0, -1,
					0, 0, 0, -1,
					0, 0, 0, -1,
					0, 0, 0, -1,
					0, 0, 0, -1,
					0, 0, 0, -1,
					0, 0, 0, -1,
					0, 0, 0, -1,
					0, 0, 0, -1,
					0, 0, 0, -1
				]
			}
		}
		Shape
		{
			appearance Appearance
			{
				material Material
				{
					diffuseColor 0.000 0.000 0.000
				}
			}
			geometry IndexedFaceSet
			{
				creaseAngle 0.5
				solid TRUE
				coord Coordinate
				{
					point
					[
						0.968 3.700 -0.192,
						1.007 3.700 -0.100,
						1.007 3.784 -0.100,
						1.020 3.700 0.000,
						1.020 3.784 0.000,
						1.007 3.700 0.100,
						1.007 3.784 0.100,
						0.968 3.784 0.192,
						0.968 3.784 -0.192,
						0.907 3.784 -0.272,
						0.907 3.700 -0.272,
						0.827 3.784 -0.333,
						0.827 3.700 -0.333,
						0.735 3.784 -0.372,
						0.735 3.700 -0.372,
						0.635 3.700 -0.385,
						0.635 3.784 -0.385,
						0.535 3.784 -0.372,
						0.535 3.700 -0.372,
						0.442 3.784 -0.333,
						0.442 3.700 -0.333,
						0.363 3.700 -0.272,
						0.363 3.784 -0.272,
						0.302 3.784 -0.192,
						0.302 3.700 -0.192,
						0.263 3.784 -0.100,
						0.263 3.700 -0.100,
						0.250 3.700 -0.000,
						0.250 3.784 -0.000,
						0.263 3.700 0.100,
						0.263 3.784 0.100,
						0.302 3.784 0.192,
						0.302 3.700 0.192,
						0.363 3.784 0.272,
						0.363 3.700 0.272,
						0.442 3.700 0.333,
						0.442 3.784 0.333,
						0.535 3.784 0.372,
						0.535 3.700 0.372,
						0.635 3.784 0.385,
						0.635 3.700 0.385,
						0.735 3.700 0.372,
						0.735 3.784 0.372,
						0.827 3.784 0.333,
						0.827 3.700 0.333,
						0.907 3.784 0.272,
						0.907 3.700 0.272,
						0.968 3.700 0.192
					]
				}
				coordIndex
				[
					0, 1, 2, -1,
					2, 1, 3, -1,
					2, 3, 4, -1,
					4, 3, 5, -1,
					4, 5, 6, -1,
					6, 5, 7, -1,
					2, 8, 0, -1,
					0, 8, 9, -1,
					0, 9, 10, -1,
					10, 9, 11, -1,
					10, 11, 12, -1,
					12, 11, 13, -1,
					12, 13, 14, -1,
					14, 13, 15, -1,
					13, 16, 15, -1,
					15, 16, 17, -1,
					15, 17, 18, -1,
					18, 17, 19, -1,
					18, 19, 20, -1,
					20, 19, 21, -1,
					19, 22, 21, -1,
					21, 22, 23, -1,
					21, 23, 24, -1,
					24, 23, 25, -1,
					24, 25, 26, -1,
					26, 25, 27, -1,
					25, 28, 27, -1,
					27, 28, 29, -1,
					28, 30, 29, -1,
					29, 30, 31, -1,
					29, 31, 32, -1,
					32, 31, 33, -1,
					32, 33, 34, -1,
					34, 33, 35, -1,
					33, 36, 35, -1,
					35, 36, 37, -1,
					35, 37, 38, -1,
					38, 37, 39, -1,
					38, 39, 40, -1,
					40, 39, 41, -1,
					39, 42, 41, -1,
					41, 42, 43, -1,
					41, 43, 44, -1,
					44, 43, 45, -1,
					44, 45, 46, -1,
					46, 45, 7, -1,
					46, 7, 47, -1,
					47, 7, 5, -1
				]
				normal Normal
				{
					vector
					[
						-0.866 -0.000 0.500,
						-0.966 -0.000 0.259,
						-1.000 -0.000 -0.000,
						-0.966 -0.000 -0.259,
						-0.866 -0.000 -0.500,
						-0.707 -0.000 0.707,
						-0.500 -0.000 0.866,
						-0.259 -0.000 0.966,
						-0.000 -0.000 1.000,
						0.259 -0.000 0.966,
						0.500 -0.000 0.866,
						0.707 -0.000 0.707,
						0.866 -0.000 0.500,
						0.966 -0.000 0.259,
						1.000 -0.000 0.000,
						0.966 -0.000 -0.259,
						0.866 -0.000 -0.500,
						0.707 -0.000 -0.707,
						0.500 -0.000 -0.866,
						0.259 -0.000 -0.966,
						0.000 -0.000 -1.000,
						-0.259 -0.000 -0.966,
						-0.500 -0.000 -0.866,
						-0.707 -0.000 -0.707
					]
				}
				normalIndex
				[
					0, 1, 1, -1,
					1, 1, 2, -1,
					1, 2, 2, -1,
					2, 2, 3, -1,
					2, 3, 3, -1,
					3, 3, 4, -1,
					1, 0, 0, -1,
					0, 0, 5, -1,
					0, 5, 5, -1,
					5, 5, 6, -1,
					5, 6, 6, -1,
					6, 6, 7, -1,
					6, 7, 7, -1,
					7, 7, 8, -1,
					7, 8, 8, -1,
					8, 8, 9, -1,
					8, 9, 9, -1,
					9, 9, 10, -1,
					9, 10, 10, -1,
					10, 10, 11, -1,
					10, 11, 11, -1,
					11, 11, 12, -1,
					11, 12, 12, -1,
					12, 12, 13, -1,
					12, 13, 13, -1,
					13, 13, 14, -1,
					13, 14, 14, -1,
					14, 14, 15, -1,
					14, 15, 15, -1,
					15, 15, 16, -1,
					15, 16, 16, -1,
					16, 16, 17, -1,
					16, 17, 17, -1,
					17, 17, 18, -1,
					17, 18, 18, -1,
					18, 18, 19, -1,
					18, 19, 19, -1,
					19, 19, 20, -1,
					19, 20, 20, -1,
					20, 20, 21, -1,
					20, 21, 21, -1,
					21, 21, 22, -1,
					21, 22, 22, -1,
					22, 22, 23, -1,
					22, 23, 23, -1,
					23, 23, 4, -1,
					23, 4, 4, -1,
					4, 4, 3, -1
				]
			}
		}
		Shape
		{
			appearance Appearance
			{
				material Material
				{
					diffuseColor 0.000 0.000 0.000
				}
			}
			geometry IndexedFaceSet
			{
				creaseAngle 0.5
				solid TRUE
				coord Coordinate
				{
					point
					[
						1.118 4.100 -0.129,
						1.007 3.784 -0.100,
						1.135 4.100 0.000,
						1.020 3.784 0.000,
						1.118 4.100 0.129,
						1.007 3.784 0.100,
						0.968 3.784 0.192,
						1.068 4.100 -0.250,
						0.968 3.784 -0.192,
						0.989 4.100 -0.354,
						0.907 3.784 -0.272,
						0.827 3.784 -0.333,
						0.885 4.100 -0.433,
						0.735 3.784 -0.372,
						0.764 4.100 -0.483,
						0.635 4.100 -0.500,
						0.635 3.784 -0.385,
						0.506 4.100 -0.483,
						0.535 3.784 -0.372,
						0.442 3.784 -0.333,
						0.385 4.100 -0.433,
						0.363 3.784 -0.272,
						0.281 4.100 -0.354,
						0.202 4.100 -0.250,
						0.302 3.784 -0.192,
						0.152 4.100 -0.129,
						0.263 3.784 -0.100,
						0.250 3.784 -0.000,
						0.135 4.100 0.000,
						0.263 3.784 0.100,
						0.152 4.100 0.129,
						0.202 4.100 0.250,
						0.302 3.784 0.192,
						0.281 4.100 0.354,
						0.363 3.784 0.272,
						0.442 3.784 0.333,
						0.385 4.100 0.433,
						0.535 3.784 0.372,
						0.506 4.100 0.483,
						0.635 4.100 0.500,
						0.635 3.784 0.385,
						0.764 4.100 0.483,
						0.735 3.784 0.372,
						0.827 3.784 0.333,
						0.885 4.100 0.433,
						0.907 3.784 0.272,
						0.989 4.100 0.354,
						1.068 4.100 0.250
					]
				}
				coordIndex
				[
					0, 1, 2, -1,
					2, 1, 3, -1,
					2, 3, 4, -1,
					4, 3, 5, -1,
					4, 5, 6, -1,
					0, 7, 1, -1,
					1, 7, 8, -1,
					7, 9, 8, -1,
					8, 9, 10, -1,
					10, 9, 11, -1,
					11, 9, 12, -1,
					11, 12, 13, -1,
					13, 12, 14, -1,
					13, 14, 15, -1,
					13, 15, 16, -1,
					16, 15, 17, -1,
					16, 17, 18, -1,
					18, 17, 19, -1,
					17, 20, 19, -1,
					19, 20, 21, -1,
					20, 22, 21, -1,
					21, 22, 23, -1,
					21, 23, 24, -1,
					24, 23, 25, -1,
					24, 25, 26, -1,
					26, 25, 27, -1,
					25, 28, 27, -1,
					27, 28, 29, -1,
					28, 30, 29, -1,
					29, 30, 31, -1,
					29, 31, 32, -1,
					32, 31, 33, -1,
					32, 33, 34, -1,
					34, 33, 35, -1,
					33, 36, 35, -1,
					35, 36, 37, -1,
					36, 38, 37, -1,
					37, 38, 39, -1,
					37, 39, 40, -1,
					40, 39, 41, -1,
					40, 41, 42, -1,
					42, 41, 43, -1,
					41, 44, 43, -1,
					43, 44, 45, -1,
					44, 46, 45, -1,
					45, 46, 47, -1,
					45, 47, 6, -1,
					6, 47, 4, -1
				]
				normal Normal
				{
					vector
					[
						-0.908 0.342 0.243,
						-0.940 0.342 0.000,
						-0.908 0.342 -0.243,
						-0.814 0.342 -0.470,
						-0.814 0.342 0.470,
						-0.664 0.342 0.664,
						-0.470 0.342 0.814,
						-0.243 0.342 0.908,
						-0.000 0.342 0.940,
						0.243 0.342 0.908,
						0.470 0.342 0.814,
						0.664 0.342 0.664,
						0.814 0.342 0.470,
						0.908 0.342 0.243,
						0.940 0.342 0.000,
						0.908 0.342 -0.243,
						0.814 0.342 -0.470,
						0.664 0.342 -0.664,
						0.470 0.342 -0.814,
						0.243 0.342 -0.908,
						-0.000 0.342 -0.940,
						0.000 0.342 -0.940,
						-0.243 0.342 -0.908,
						-0.470 0.342 -0.814,
						-0.664 0.342 -0.664
					]
				}
				normalIndex
				[
					0, 0, 1, -1,
					1, 0, 1, -1,
					1, 1, 2, -1,
					2, 1, 2, -1,
					2, 2, 3, -1,
					0, 4, 0, -1,
					0, 4, 4, -1,
					4, 5, 4, -1,
					4, 5, 5, -1,
					5, 5, 6, -1,
					6, 5, 6, -1,
					6, 6, 7, -1,
					7, 6, 7, -1,
					7, 7, 8, -1,
					7, 8, 8, -1,
					8, 8, 9, -1,
					8, 9, 9, -1,
					9, 9, 10, -1,
					9, 10, 10, -1,
					10, 10, 11, -1,
					10, 11, 11, -1,
					11, 11, 12, -1,
					11, 12, 12, -1,
					12, 12, 13, -1,
					12, 13, 13, -1,
					13, 13, 14, -1,
					13, 14, 14, -1,
					14, 14, 15, -1,
					14, 15, 15, -1,
					15, 15, 16, -1,
					15, 16, 16, -1,
					16, 16, 17, -1,
					16, 17, 17, -1,
					17, 17, 18, -1,
					17, 18, 18, -1,
					18, 18, 19, -1,
					18, 19, 19, -1,
					19, 19, 20, -1,
					19, 20, 21, -1,
					21, 20, 22, -1,
					21, 22, 22, -1,
					22, 22, 23, -1,
					22, 23, 23, -1,
					23, 23, 24, -1,
					23, 24, 24, -1,
					24, 24, 3, -1,
					24, 3, 3, -1,
					3, 3, 2, -1
				]
			}
		}
		Shape
		{
			appearance Appearance
			{
				material Material
				{
					diffuseColor 0.000 0.000 0.000
				}
			}
			geometry IndexedFaceSet
			{
				creaseAngle 0.5
				solid TRUE
				coord Coordinate
				{
					point
					[
						0.865 1.600 -0.133,
						0.891 1.600 -0.069,
						0.781 1.612 -0.039,
						0.900 1.600 0.000,
						0.786 1.612 0.000,
						0.891 1.600 0.069,
						0.781 1.612 0.039,
						0.766 1.612 0.075,
						0.766 1.612 -0.075,
						0.742 1.612 -0.107,
						0.823 1.600 -0.188,
						0.710 1.612 -0.131,
						0.768 1.600 -0.230,
						0.674 1.612 -0.146,
						0.704 1.600 -0.256,
						0.635 1.600 -0.265,
						0.635 1.612 -0.151,
						0.596 1.612 -0.146,
						0.566 1.600 -0.256,
						0.560 1.612 -0.131,
						0.502 1.600 -0.230,
						0.447 1.600 -0.188,
						0.528 1.612 -0.107,
						0.504 1.612 -0.075,
						0.405 1.600 -0.133,
						0.489 1.612 -0.039,
						0.379 1.600 -0.069,
						0.370 1.600 -0.000,
						0.484 1.612 -0.000,
						0.379 1.600 0.069,
						0.489 1.612 0.039,
						0.504 1.612 0.075,
						0.405 1.600 0.133,
						0.528 1.612 0.107,
						0.447 1.600 0.188,
						0.502 1.600 0.230,
						0.560 1.612 0.131,
						0.596 1.612 0.146,
						0.566 1.600 0.256,
						0.635 1.612 0.151,
						0.635 1.600 0.265,
						0.704 1.600 0.256,
						0.674 1.612 0.146,
						0.710 1.612 0.131,
						0.768 1.600 0.230,
						0.742 1.612 0.107,
						0.823 1.600 0.188,
						0.865 1.600 0.133
					]
				}
				coordIndex
				[
					0, 1, 2, -1,
					2, 1, 3, -1,
					2, 3, 4, -1,
					4, 3, 5, -1,
					4, 5, 6, -1,
					6, 5, 7, -1,
					2, 8, 0, -1,
					0, 8, 9, -1,
					0, 9, 10, -1,
					10, 9, 11, -1,
					10, 11, 12, -1,
					12, 11, 13, -1,
					12, 13, 14, -1,
					14, 13, 15, -1,
					13, 16, 15, -1,
					15, 16, 17, -1,
					15, 17, 18, -1,
					18, 17, 19, -1,
					18, 19, 20, -1,
					20, 19, 21, -1,
					19, 22, 21, -1,
					21, 22, 23, -1,
					21, 23, 24, -1,
					24, 23, 25, -1,
					24, 25, 26, -1,
					26, 25, 27, -1,
					25, 28, 27, -1,
					27, 28, 29, -1,
					28, 30, 29, -1,
					29, 30, 31, -1,
					29, 31, 32, -1,
					32, 31, 33, -1,
					32, 33, 34, -1,
					34, 33, 35, -1,
					33, 36, 35, -1,
					35, 36, 37, -1,
					35, 37, 38, -1,
					38, 37, 39, -1,
					38, 39, 40, -1,
					40, 39, 41, -1,
					39, 42, 41, -1,
					41, 42, 43, -1,
					41, 43, 44, -1,
					44, 43, 45, -1,
					44, 45, 46, -1,
					46, 45, 7, -1,
					46, 7, 47, -1,
					47, 7, 5, -1
				]
				normal Normal
				{
					vector
					[
						-0.088 -0.995 0.051,
						-0.098 -0.995 0.026,
						-0.101 -0.995 -0.000,
						-0.098 -0.995 -0.026,
						-0.088 -0.995 -0.051,
						-0.072 -0.995 0.072,
						-0.051 -0.995 0.088,
						-0.026 -0.995 0.098,
						-0.000 -0.995 0.101,
						0.026 -0.995 0.098,
						0.051 -0.995 0.088,
						0.072 -0.995 0.072,
						0.088 -0.995 0.051,
						0.098 -0.995 0.026,
						0.101 -0.995 0.000,
						0.098 -0.995 -0.026,
						0.088 -0.995 -0.051,
						0.072 -0.995 -0.072,
						0.051 -0.995 -0.088,
						0.026 -0.995 -0.098,
						-0.000 -0.995 -0.101,
						-0.026 -0.995 -0.098,
						-0.051 -0.995 -0.088,
						-0.072 -0.995 -0.072
					]
				}
				normalIndex
				[
					0, 1, 1, -1,
					1, 1, 2, -1,
					1, 2, 2, -1,
					2, 2, 3, -1,
					2, 3, 3, -1,
					3, 3, 4, -1,
					1, 0, 0, -1,
					0, 0, 5, -1,
					0, 5, 5, -1,
					5, 5, 6, -1,
					5, 6, 6, -1,
					6, 6, 7, -1,
					6, 7, 7, -1,
					7, 7, 8, -1,
					7, 8, 8, -1,
					8, 8, 9, -1,
					8, 9, 9, -1,
					9, 9, 10, -1,
					9, 10, 10, -1,
					10, 10, 11, -1,
					10, 11, 11, -1,
					11, 11, 12, -1,
					11, 12, 12, -1,
					12, 12, 13, -1,
					12, 13, 13, -1,
					13, 13, 14, -1,
					13, 14, 14, -1,
					14, 14, 15, -1,
					14, 15, 15, -1,
					15, 15, 16, -1,
					15, 16, 16, -1,
					16, 16, 17, -1,
					16, 17, 17, -1,
					17, 17, 18, -1,
					17, 18, 18, -1,
					18, 18, 19, -1,
					18, 19, 19, -1,
					19, 19, 20, -1,
					19, 20, 20, -1,
					20, 20, 21, -1,
					20, 21, 21, -1,
					21, 21, 22, -1,
					21, 22, 22, -1,
					22, 22, 23, -1,
					22, 23, 23, -1,
					23, 23, 4, -1,
					23, 4, 4, -1,
					4, 4, 3, -1
				]
			}
		}
		Shape
		{
			appearance Appearance
			{
				material Material
				{
					diffuseColor 0.812 0.812 0.812
				}
			}
			geometry IndexedFaceSet
			{
				creaseAngle 0.5
				solid TRUE
				coord Coordinate
				{
					point
					[
						-0.437 1.378 -0.198,
						-0.393 1.378 -0.140,
						-0.284 1.450 -0.203,
						-0.365 1.378 -0.072,
						-0.244 1.450 -0.105,
						-0.355 1.378 0.000,
						-0.230 1.450 0.000,
						-0.365 1.378 0.072,
						-0.244 1.450 0.105,
						-0.393 1.378 0.140,
						-0.284 1.450 0.203,
						-0.349 1.450 0.286,
						-0.349 1.450 -0.286,
						-0.433 1.450 -0.351,
						-0.495 1.378 -0.242,
						-0.530 1.450 -0.391,
						-0.563 1.378 -0.270,
						-0.635 1.450 -0.405,
						-0.635 1.378 -0.280,
						-0.740 1.450 -0.391,
						-0.707 1.378 -0.270,
						-0.775 1.378 -0.242,
						-0.837 1.450 -0.351,
						-0.921 1.450 -0.286,
						-0.833 1.378 -0.198,
						-0.986 1.450 -0.203,
						-0.877 1.378 -0.140,
						-1.026 1.450 -0.105,
						-0.905 1.378 -0.072,
						-0.915 1.378 -0.000,
						-1.040 1.450 -0.000,
						-0.905 1.378 0.072,
						-1.026 1.450 0.105,
						-0.986 1.450 0.203,
						-0.877 1.378 0.140,
						-0.921 1.450 0.286,
						-0.833 1.378 0.198,
						-0.837 1.450 0.351,
						-0.775 1.378 0.242,
						-0.707 1.378 0.270,
						-0.740 1.450 0.391,
						-0.635 1.450 0.405,
						-0.635 1.378 0.280,
						-0.530 1.450 0.391,
						-0.563 1.378 0.270,
						-0.433 1.450 0.351,
						-0.495 1.378 0.242,
						-0.437 1.378 0.198
					]
				}
				coordIndex
				[
					0, 1, 2, -1,
					2, 1, 3, -1,
					2, 3, 4, -1,
					4, 3, 5, -1,
					4, 5, 6, -1,
					6, 5, 7, -1,
					6, 7, 8, -1,
					8, 7, 9, -1,
					8, 9, 10, -1,
					10, 9, 11, -1,
					2, 12, 0, -1,
					0, 12, 13, -1,
					0, 13, 14, -1,
					14, 13, 15, -1,
					14, 15, 16, -1,
					16, 15, 17, -1,
					16, 17, 18, -1,
					18, 17, 19, -1,
					18, 19, 20, -1,
					20, 19, 21, -1,
					19, 22, 21, -1,
					21, 22, 23, -1,
					21, 23, 24, -1,
					24, 23, 25, -1,
					24, 25, 26, -1,
					26, 25, 27, -1,
					26, 27, 28, -1,
					28, 27, 29, -1,
					27, 30, 29, -1,
					29, 30, 31, -1,
					30, 32, 31, -1,
					31, 32, 33, -1,
					31, 33, 34, -1,
					34, 33, 35, -1,
					34, 35, 36, -1,
					36, 35, 37, -1,
					36, 37, 38, -1,
					38, 37, 39, -1,
					37, 40, 39, -1,
					39, 40, 41, -1,
					39, 41, 42, -1,
					42, 41, 43, -1,
					42, 43, 44, -1,
					44, 43, 45, -1,
					44, 45, 46, -1,
					46, 45, 11, -1,
					46, 11, 47, -1,
					47, 11, 9, -1
				]
				normal Normal
				{
					vector
					[
						-0.354 0.866 0.354,
						-0.433 0.866 0.250,
						-0.483 0.866 0.129,
						-0.500 0.866 0.000,
						-0.483 0.866 -0.129,
						-0.433 0.866 -0.250,
						-0.354 0.866 -0.354,
						-0.250 0.866 0.433,
						-0.129 0.866 0.483,
						-0.000 0.866 0.500,
						0.129 0.866 0.483,
						0.250 0.866 0.433,
						0.354 0.866 0.354,
						0.433 0.866 0.250,
						0.483 0.866 0.129,
						0.500 0.866 0.000,
						0.483 0.866 -0.129,
						0.433 0.866 -0.250,
						0.354 0.866 -0.354,
						0.250 0.866 -0.433,
						0.129 0.866 -0.483,
						0.000 0.866 -0.500,
						-0.000 0.866 -0.500,
						-0.129 0.866 -0.483,
						-0.250 0.866 -0.433
					]
				}
				normalIndex
				[
					0, 1, 1, -1,
					1, 1, 2, -1,
					1, 2, 2, -1,
					2, 2, 3, -1,
					2, 3, 3, -1,
					3, 3, 4, -1,
					3, 4, 4, -1,
					4, 4, 5, -1,
					4, 5, 5, -1,
					5, 5, 6, -1,
					1, 0, 0, -1,
					0, 0, 7, -1,
					0, 7, 7, -1,
					7, 7, 8, -1,
					7, 8, 8, -1,
					8, 8, 9, -1,
					8, 9, 9, -1,
					9, 9, 10, -1,
					9, 10, 10, -1,
					10, 10, 11, -1,
					10, 11, 11, -1,
					11, 11, 12, -1,
					11, 12, 12, -1,
					12, 12, 13, -1,
					12, 13, 13, -1,
					13, 13, 14, -1,
					13, 14, 14, -1,
					14, 14, 15, -1,
					14, 15, 15, -1,
					15, 15, 16, -1,
					15, 16, 16, -1,
					16, 16, 17, -1,
					16, 17, 17, -1,
					17, 17, 18, -1,
					17, 18, 18, -1,
					18, 18, 19, -1,
					18, 19, 19, -1,
					19, 19, 20, -1,
					19, 20, 20, -1,
					20, 20, 21, -1,
					20, 21, 22, -1,
					22, 21, 23, -1,
					22, 23, 23, -1,
					23, 23, 24, -1,
					23, 24, 24, -1,
					24, 24, 6, -1,
					24, 6, 6, -1,
					6, 6, 5, -1
				]
			}
		}
		Shape
		{
			appearance Appearance
			{
				material Material
				{
					diffuseColor 0.812 0.812 0.812
				}
			}
			geometry IndexedFaceSet
			{
				creaseAngle 0.5
				solid TRUE
				coord Coordinate
				{
					point
					[
						-0.284 1.450 -0.203,
						-0.244 1.450 -0.105,
						-0.244 3.196 -0.105,
						-0.230 1.450 0.000,
						-0.230 3.196 0.000,
						-0.244 1.450 0.105,
						-0.244 3.196 0.105,
						-0.284 3.196 0.203,
						-0.284 3.196 -0.203,
						-0.349 3.196 -0.286,
						-0.349 1.450 -0.286,
						-0.433 3.196 -0.351,
						-0.433 1.450 -0.351,
						-0.530 3.196 -0.391,
						-0.530 1.450 -0.391,
						-0.635 1.450 -0.405,
						-0.635 3.196 -0.405,
						-0.740 3.196 -0.391,
						-0.740 1.450 -0.391,
						-0.837 3.196 -0.351,
						-0.837 1.450 -0.351,
						-0.921 1.450 -0.286,
						-0.921 3.196 -0.286,
						-0.986 3.196 -0.203,
						-0.986 1.450 -0.203,
						-1.026 3.196 -0.105,
						-1.026 1.450 -0.105,
						-1.040 1.450 -0.000,
						-1.040 3.196 -0.000,
						-1.026 1.450 0.105,
						-1.026 3.196 0.105,
						-0.986 3.196 0.203,
						-0.986 1.450 0.203,
						-0.921 3.196 0.286,
						-0.921 1.450 0.286,
						-0.837 1.450 0.351,
						-0.837 3.196 0.351,
						-0.740 3.196 0.391,
						-0.740 1.450 0.391,
						-0.635 3.196 0.405,
						-0.635 1.450 0.405,
						-0.530 1.450 0.391,
						-0.530 3.196 0.391,
						-0.433 3.196 0.351,
						-0.433 1.450 0.351,
						-0.349 3.196 0.286,
						-0.349 1.450 0.286,
						-0.284 1.450 0.203
					]
				}
				coordIndex
				[
					0, 1, 2, -1,
					2, 1, 3, -1,
					2, 3, 4, -1,
					4, 3, 5, -1,
					4, 5, 6, -1,
					6, 5, 7, -1,
					2, 8, 0, -1,
					0, 8, 9, -1,
					0, 9, 10, -1,
					10, 9, 11, -1,
					10, 11, 12, -1,
					12, 11, 13, -1,
					12, 13, 14, -1,
					14, 13, 15, -1,
					13, 16, 15, -1,
					15, 16, 17, -1,
					15, 17, 18, -1,
					18, 17, 19, -1,
					18, 19, 20, -1,
					20, 19, 21, -1,
					19, 22, 21, -1,
					21, 22, 23, -1,
					21, 23, 24, -1,
					24, 23, 25, -1,
					24, 25, 26, -1,
					26, 25, 27, -1,
					25, 28, 27, -1,
					27, 28, 29, -1,
					28, 30, 29, -1,
					29, 30, 31, -1,
					29, 31, 32, -1,
					32, 31, 33, -1,
					32, 33, 34, -1,
					34, 33, 35, -1,
					33, 36, 35, -1,
					35, 36, 37, -1,
					35, 37, 38, -1,
					38, 37, 39, -1,
					38, 39, 40, -1,
					40, 39, 41, -1,
					39, 42, 41, -1,
					41, 42, 43, -1,
					41, 43, 44, -1,
					44, 43, 45, -1,
					44, 45, 46, -1,
					46, 45, 7, -1,
					46, 7, 47, -1,
					47, 7, 5, -1
				]
				normal Normal
				{
					vector
					[
						-0.866 -0.000 0.500,
						-0.966 -0.000 0.259,
						-1.000 -0.000 -0.000,
						-0.966 -0.000 -0.259,
						-0.866 -0.000 -0.500,
						-0.707 -0.000 0.707,
						-0.500 -0.000 0.866,
						-0.259 -0.000 0.966,
						-0.000 -0.000 1.000,
						0.259 -0.000 0.966,
						0.500 -0.000 0.866,
						0.707 -0.000 0.707,
						0.866 -0.000 0.500,
						0.966 -0.000 0.259,
						1.000 -0.000 0.000,
						0.966 -0.000 -0.259,
						0.866 -0.000 -0.500,
						0.707 -0.000 -0.707,
						0.500 -0.000 -0.866,
						0.259 -0.000 -0.966,
						0.000 -0.000 -1.000,
						-0.259 -0.000 -0.966,
						-0.500 -0.000 -0.866,
						-0.707 -0.000 -0.707
					]
				}
				normalIndex
				[
					0, 1, 1, -1,
					1, 1, 2, -1,
					1, 2, 2, -1,
					2, 2, 3, -1,
					2, 3, 3, -1,
					3, 3, 4, -1,
					1, 0, 0, -1,
					0, 0, 5, -1,
					0, 5, 5, -1,
					5, 5, 6, -1,
					5, 6, 6, -1,
					6, 6, 7, -1,
					6, 7, 7, -1,
					7, 7, 8, -1,
					7, 8, 8, -1,
					8, 8, 9, -1,
					8, 9, 9, -1,
					9, 9, 10, -1,
					9, 10, 10, -1,
					10, 10, 11, -1,
					10, 11, 11, -1,
					11, 11, 12, -1,
					11, 12, 12, -1,
					12, 12, 13, -1,
					12, 13, 13, -1,
					13, 13, 14, -1,
					13, 14, 14, -1,
					14, 14, 15, -1,
					14, 15, 15, -1,
					15, 15, 16, -1,
					15, 16, 16, -1,
					16, 16, 17, -1,
					16, 17, 17, -1,
					17, 17, 18, -1,
					17, 18, 18, -1,
					18, 18, 19, -1,
					18, 19, 19, -1,
					19, 19, 20, -1,
					19, 20, 20, -1,
					20, 20, 21, -1,
					20, 21, 21, -1,
					21, 21, 22, -1,
					21, 22, 22, -1,
					22, 22, 23, -1,
					22, 23, 23, -1,
					23, 23, 4, -1,
					23, 4, 4, -1,
					4, 4, 3, -1
				]
			}
		}
		Shape
		{
			appearance Appearance
			{
				material Material
				{
					diffuseColor 0.812 0.812 0.812
				}
			}
			geometry IndexedFaceSet
			{
				creaseAngle 0.5
				solid TRUE
				coord Coordinate
				{
					point
					[
						-0.284 3.196 -0.203,
						-0.244 3.196 -0.105,
						-0.379 1.600 -0.069,
						-0.230 3.196 0.000,
						-0.370 1.600 0.000,
						-0.244 3.196 0.105,
						-0.379 1.600 0.069,
						-0.405 1.600 0.133,
						-0.405 1.600 -0.133,
						-0.447 1.600 -0.188,
						-0.349 3.196 -0.286,
						-0.502 1.600 -0.230,
						-0.433 3.196 -0.351,
						-0.566 1.600 -0.256,
						-0.530 3.196 -0.391,
						-0.635 3.196 -0.405,
						-0.635 1.600 -0.265,
						-0.704 1.600 -0.256,
						-0.740 3.196 -0.391,
						-0.768 1.600 -0.230,
						-0.837 3.196 -0.351,
						-0.921 3.196 -0.286,
						-0.823 1.600 -0.188,
						-0.865 1.600 -0.133,
						-0.986 3.196 -0.203,
						-0.891 1.600 -0.069,
						-1.026 3.196 -0.105,
						-1.040 3.196 -0.000,
						-0.900 1.600 -0.000,
						-1.026 3.196 0.105,
						-0.891 1.600 0.069,
						-0.865 1.600 0.133,
						-0.986 3.196 0.203,
						-0.823 1.600 0.188,
						-0.921 3.196 0.286,
						-0.837 3.196 0.351,
						-0.768 1.600 0.230,
						-0.704 1.600 0.256,
						-0.740 3.196 0.391,
						-0.635 1.600 0.265,
						-0.635 3.196 0.405,
						-0.530 3.196 0.391,
						-0.566 1.600 0.256,
						-0.502 1.600 0.230,
						-0.433 3.196 0.351,
						-0.447 1.600 0.188,
						-0.349 3.196 0.286,
						-0.284 3.196 0.203
					]
				}
				coordIndex
				[
					0, 1, 2, -1,
					2, 1, 3, -1,
					2, 3, 4, -1,
					4, 3, 5, -1,
					4, 5, 6, -1,
					6, 5, 7, -1,
					2, 8, 0, -1,
					0, 8, 9, -1,
					0, 9, 10, -1,
					10, 9, 11, -1,
					10, 11, 12, -1,
					12, 11, 13, -1,
					12, 13, 14, -1,
					14, 13, 15, -1,
					13, 16, 15, -1,
					15, 16, 17, -1,
					15, 17, 18, -1,
					18, 17, 19, -1,
					18, 19, 20, -1,
					20, 19, 21, -1,
					19, 22, 21, -1,
					21, 22, 23, -1,
					21, 23, 24, -1,
					24, 23, 25, -1,
					24, 25, 26, -1,
					26, 25, 27, -1,
					25, 28, 27, -1,
					27, 28, 29, -1,
					28, 30, 29, -1,
					29, 30, 31, -1,
					29, 31, 32, -1,
					32, 31, 33, -1,
					32, 33, 34, -1,
					34, 33, 35, -1,
					33, 36, 35, -1,
					35, 36, 37, -1,
					35, 37, 38, -1,
					38, 37, 39, -1,
					38, 39, 40, -1,
					40, 39, 41, -1,
					39, 42, 41, -1,
					41, 42, 43, -1,
					41, 43, 44, -1,
					44, 43, 45, -1,
					44, 45, 46, -1,
					46, 45, 7, -1,
					46, 7, 47, -1,
					47, 7, 5, -1
				]
				normal Normal
				{
					vector
					[
						0.863 -0.087 -0.498,
						0.962 -0.087 -0.258,
						0.996 -0.087 -0.000,
						0.962 -0.087 0.258,
						0.863 -0.087 0.498,
						0.704 -0.087 -0.704,
						0.498 -0.087 -0.863,
						0.258 -0.087 -0.962,
						0.000 -0.087 -0.996,
						-0.258 -0.087 -0.962,
						-0.498 -0.087 -0.863,
						-0.704 -0.087 -0.704,
						-0.863 -0.087 -0.498,
						-0.962 -0.087 -0.258,
						-0.996 -0.087 -0.000,
						-0.962 -0.087 0.258,
						-0.863 -0.087 0.498,
						-0.704 -0.087 0.704,
						-0.498 -0.087 0.863,
						-0.258 -0.087 0.962,
						0.000 -0.087 0.996,
						-0.000 -0.087 0.996,
						0.258 -0.087 0.962,
						0.498 -0.087 0.863,
						0.704 -0.087 0.704
					]
				}
				normalIndex
				[
					0, 1, 1, -1,
					1, 1, 2, -1,
					1, 2, 2, -1,
					2, 2, 3, -1,
					2, 3, 3, -1,
					3, 3, 4, -1,
					1, 0, 0, -1,
					0, 0, 5, -1,
					0, 5, 5, -1,
					5, 5, 6, -1,
					5, 6, 6, -1,
					6, 6, 7, -1,
					6, 7, 7, -1,
					7, 7, 8, -1,
					7, 8, 8, -1,
					8, 8, 9, -1,
					8, 9, 9, -1,
					9, 9, 10, -1,
					9, 10, 10, -1,
					10, 10, 11, -1,
					10, 11, 11, -1,
					11, 11, 12, -1,
					11, 12, 12, -1,
					12, 12, 13, -1,
					12, 13, 13, -1,
					13, 13, 14, -1,
					13, 14, 14, -1,
					14, 14, 15, -1,
					14, 15, 15, -1,
					15, 15, 16, -1,
					15, 16, 16, -1,
					16, 16, 17, -1,
					16, 17, 17, -1,
					17, 17, 18, -1,
					17, 18, 18, -1,
					18, 18, 19, -1,
					18, 19, 19, -1,
					19, 19, 20, -1,
					19, 20, 21, -1,
					21, 20, 22, -1,
					20, 22, 22, -1,
					22, 22, 23, -1,
					22, 23, 23, -1,
					23, 23, 24, -1,
					23, 24, 24, -1,
					24, 24, 4, -1,
					24, 4, 4, -1,
					4, 4, 3, -1
				]
			}
		}
		Shape
		{
			appearance Appearance
			{
				material Material
				{
					diffuseColor 0.812 0.812 0.812
				}
			}
			geometry IndexedFaceSet
			{
				creaseAngle 0.5
				solid TRUE
				coord Coordinate
				{
					point
					[
						-0.393 0.650 -0.140,
						-0.635 0.488 0.000,
						-0.365 0.650 -0.072,
						-0.437 0.650 -0.198,
						-0.495 0.650 -0.242,
						-0.563 0.650 -0.270,
						-0.635 0.650 -0.280,
						-0.707 0.650 -0.270,
						-0.775 0.650 -0.242,
						-0.833 0.650 -0.198,
						-0.877 0.650 -0.140,
						-0.905 0.650 -0.072,
						-0.915 0.650 -0.000,
						-0.905 0.650 0.072,
						-0.877 0.650 0.140,
						-0.833 0.650 0.198,
						-0.775 0.650 0.242,
						-0.707 0.650 0.270,
						-0.635 0.650 0.280,
						-0.563 0.650 0.270,
						-0.495 0.650 0.242,
						-0.393 0.650 0.140,
						-0.437 0.650 0.198,
						-0.365 0.650 0.072,
						-0.355 0.650 0.000
					]
				}
				coordIndex
				[
					0, 1, 2, -1,
					0, 3, 1, -1,
					3, 4, 1, -1,
					4, 5, 1, -1,
					1, 5, 6, -1,
					6, 7, 1, -1,
					7, 8, 1, -1,
					1, 8, 9, -1,
					9, 10, 1, -1,
					10, 11, 1, -1,
					11, 12, 1, -1,
					1, 12, 13, -1,
					13, 14, 1, -1,
					14, 15, 1, -1,
					1, 15, 16, -1,
					16, 17, 1, -1,
					17, 18, 1, -1,
					18, 19, 1, -1,
					1, 19, 20, -1,
					21, 1, 22, -1,
					21, 23, 1, -1,
					23, 24, 1, -1,
					1, 24, 2, -1,
					1, 20, 22, -1
				]
				normal Normal
				{
					vector
					[
						-0.433 0.866 0.250,
						-0.462 0.866 0.191,
						-0.483 0.866 0.129,
						-0.354 0.866 0.354,
						-0.250 0.866 0.433,
						-0.304 0.866 0.397,
						-0.129 0.866 0.483,
						-0.191 0.866 0.462,
						-0.000 0.866 0.500,
						0.129 0.866 0.483,
						0.065 0.866 0.496,
						0.250 0.866 0.433,
						0.191 0.866 0.462,
						0.354 0.866 0.354,
						0.433 0.866 0.250,
						0.397 0.866 0.304,
						0.483 0.866 0.129,
						0.462 0.866 0.191,
						0.500 0.866 0.000,
						0.496 0.866 0.065,
						0.483 0.866 -0.129,
						0.433 0.866 -0.250,
						0.462 0.866 -0.191,
						0.354 0.866 -0.354,
						0.397 0.866 -0.304,
						0.250 0.866 -0.433,
						0.129 0.866 -0.483,
						0.191 0.866 -0.462,
						-0.000 0.866 -0.500,
						0.065 0.866 -0.496,
						-0.129 0.866 -0.483,
						-0.065 0.866 -0.496,
						-0.250 0.866 -0.433,
						-0.433 0.866 -0.250,
						-0.397 0.866 -0.304,
						-0.354 0.866 -0.354,
						-0.483 0.866 -0.129,
						-0.500 0.866 0.000,
						-0.496 0.866 -0.065,
						-0.496 0.866 0.065,
						-0.304 0.866 -0.397
					]
				}
				normalIndex
				[
					0, 1, 2, -1,
					0, 3, 1, -1,
					3, 4, 5, -1,
					4, 6, 7, -1,
					7, 6, 8, -1,
					8, 9, 10, -1,
					9, 11, 12, -1,
					12, 11, 13, -1,
					13, 14, 15, -1,
					14, 16, 17, -1,
					16, 18, 19, -1,
					19, 18, 20, -1,
					20, 21, 22, -1,
					21, 23, 24, -1,
					24, 23, 25, -1,
					25, 26, 27, -1,
					26, 28, 29, -1,
					28, 30, 31, -1,
					31, 30, 32, -1,
					33, 34, 35, -1,
					33, 36, 34, -1,
					36, 37, 38, -1,
					39, 37, 2, -1,
					40, 32, 35, -1
				]
			}
		}
		Shape
		{
			appearance Appearance
			{
				material Material
				{
					diffuseColor 0.812 0.812 0.812
				}
			}
			geometry IndexedFaceSet
			{
				creaseAngle 0.5
				solid TRUE
				coord Coordinate
				{
					point
					[
						-0.393 0.650 -0.140,
						-0.365 0.650 -0.072,
						-0.365 1.378 -0.072,
						-0.355 0.650 0.000,
						-0.355 1.378 0.000,
						-0.365 0.650 0.072,
						-0.365 1.378 0.072,
						-0.393 1.378 0.140,
						-0.393 1.378 -0.140,
						-0.437 1.378 -0.198,
						-0.437 0.650 -0.198,
						-0.495 1.378 -0.242,
						-0.495 0.650 -0.242,
						-0.563 1.378 -0.270,
						-0.563 0.650 -0.270,
						-0.635 0.650 -0.280,
						-0.635 1.378 -0.280,
						-0.707 1.378 -0.270,
						-0.707 0.650 -0.270,
						-0.775 1.378 -0.242,
						-0.775 0.650 -0.242,
						-0.833 0.650 -0.198,
						-0.833 1.378 -0.198,
						-0.877 1.378 -0.140,
						-0.877 0.650 -0.140,
						-0.905 1.378 -0.072,
						-0.905 0.650 -0.072,
						-0.915 0.650 -0.000,
						-0.915 1.378 -0.000,
						-0.905 0.650 0.072,
						-0.905 1.378 0.072,
						-0.877 1.378 0.140,
						-0.877 0.650 0.140,
						-0.833 1.378 0.198,
						-0.833 0.650 0.198,
						-0.775 0.650 0.242,
						-0.775 1.378 0.242,
						-0.707 1.378 0.270,
						-0.707 0.650 0.270,
						-0.635 1.378 0.280,
						-0.635 0.650 0.280,
						-0.563 0.650 0.270,
						-0.563 1.378 0.270,
						-0.495 1.378 0.242,
						-0.495 0.650 0.242,
						-0.437 1.378 0.198,
						-0.437 0.650 0.198,
						-0.393 0.650 0.140
					]
				}
				coordIndex
				[
					0, 1, 2, -1,
					2, 1, 3, -1,
					2, 3, 4, -1,
					4, 3, 5, -1,
					4, 5, 6, -1,
					6, 5, 7, -1,
					2, 8, 0, -1,
					0, 8, 9, -1,
					0, 9, 10, -1,
					10, 9, 11, -1,
					10, 11, 12, -1,
					12, 11, 13, -1,
					12, 13, 14, -1,
					14, 13, 15, -1,
					13, 16, 15, -1,
					15, 16, 17, -1,
					15, 17, 18, -1,
					18, 17, 19, -1,
					18, 19, 20, -1,
					20, 19, 21, -1,
					19, 22, 21, -1,
					21, 22, 23, -1,
					21, 23, 24, -1,
					24, 23, 25, -1,
					24, 25, 26, -1,
					26, 25, 27, -1,
					25, 28, 27, -1,
					27, 28, 29, -1,
					28, 30, 29, -1,
					29, 30, 31, -1,
					29, 31, 32, -1,
					32, 31, 33, -1,
					32, 33, 34, -1,
					34, 33, 35, -1,
					33, 36, 35, -1,
					35, 36, 37, -1,
					35, 37, 38, -1,
					38, 37, 39, -1,
					38, 39, 40, -1,
					40, 39, 41, -1,
					39, 42, 41, -1,
					41, 42, 43, -1,
					41, 43, 44, -1,
					44, 43, 45, -1,
					44, 45, 46, -1,
					46, 45, 7, -1,
					46, 7, 47, -1,
					47, 7, 5, -1
				]
				normal Normal
				{
					vector
					[
						-0.866 -0.000 0.500,
						-0.966 -0.000 0.259,
						-1.000 -0.000 -0.000,
						-0.966 -0.000 -0.259,
						-0.866 -0.000 -0.500,
						-0.707 -0.000 0.707,
						-0.500 -0.000 0.866,
						-0.259 -0.000 0.966,
						-0.000 -0.000 1.000,
						0.259 -0.000 0.966,
						0.500 -0.000 0.866,
						0.707 -0.000 0.707,
						0.866 -0.000 0.500,
						0.966 -0.000 0.259,
						1.000 -0.000 0.000,
						0.966 -0.000 -0.259,
						0.866 -0.000 -0.500,
						0.707 -0.000 -0.707,
						0.500 -0.000 -0.866,
						0.259 -0.000 -0.966,
						-0.000 -0.000 -1.000,
						-0.259 -0.000 -0.966,
						-0.500 -0.000 -0.866,
						-0.707 -0.000 -0.707
					]
				}
				normalIndex
				[
					0, 1, 1, -1,
					1, 1, 2, -1,
					1, 2, 2, -1,
					2, 2, 3, -1,
					2, 3, 3, -1,
					3, 3, 4, -1,
					1, 0, 0, -1,
					0, 0, 5, -1,
					0, 5, 5, -1,
					5, 5, 6, -1,
					5, 6, 6, -1,
					6, 6, 7, -1,
					6, 7, 7, -1,
					7, 7, 8, -1,
					7, 8, 8, -1,
					8, 8, 9, -1,
					8, 9, 9, -1,
					9, 9, 10, -1,
					9, 10, 10, -1,
					10, 10, 11, -1,
					10, 11, 11, -1,
					11, 11, 12, -1,
					11, 12, 12, -1,
					12, 12, 13, -1,
					12, 13, 13, -1,
					13, 13, 14, -1,
					13, 14, 14, -1,
					14, 14, 15, -1,
					14, 15, 15, -1,
					15, 15, 16, -1,
					15, 16, 16, -1,
					16, 16, 17, -1,
					16, 17, 17, -1,
					17, 17, 18, -1,
					17, 18, 18, -1,
					18, 18, 19, -1,
					18, 19, 19, -1,
					19, 19, 20, -1,
					19, 20, 20, -1,
					20, 20, 21, -1,
					20, 21, 21, -1,
					21, 21, 22, -1,
					21, 22, 22, -1,
					22, 22, 23, -1,
					22, 23, 23, -1,
					23, 23, 4, -1,
					23, 4, 4, -1,
					4, 4, 3, -1
				]
			}
		}
		Shape
		{
			appearance Appearance
			{
				material Material
				{
					diffuseColor 0.000 0.000 0.000
				}
			}
			geometry IndexedFaceSet
			{
				creaseAngle 0.5
				solid TRUE
				coord Coordinate
				{
					point
					[
						-0.504 1.612 -0.075,
						-0.489 1.612 -0.039,
						-0.352 3.200 -0.076,
						-0.484 1.612 0.000,
						-0.343 3.200 0.000,
						-0.489 1.612 0.039,
						-0.352 3.200 0.076,
						-0.382 3.200 0.146,
						-0.382 3.200 -0.146,
						-0.428 3.200 -0.207,
						-0.528 1.612 -0.107,
						-0.489 3.200 -0.253,
						-0.560 1.612 -0.131,
						-0.559 3.200 -0.283,
						-0.596 1.612 -0.146,
						-0.635 1.612 -0.151,
						-0.635 3.200 -0.292,
						-0.711 3.200 -0.283,
						-0.674 1.612 -0.146,
						-0.781 3.200 -0.253,
						-0.710 1.612 -0.131,
						-0.742 1.612 -0.107,
						-0.842 3.200 -0.207,
						-0.888 3.200 -0.146,
						-0.766 1.612 -0.075,
						-0.918 3.200 -0.076,
						-0.781 1.612 -0.039,
						-0.786 1.612 -0.000,
						-0.928 3.200 -0.000,
						-0.781 1.612 0.039,
						-0.918 3.200 0.076,
						-0.888 3.200 0.146,
						-0.766 1.612 0.075,
						-0.842 3.200 0.207,
						-0.742 1.612 0.107,
						-0.710 1.612 0.131,
						-0.781 3.200 0.253,
						-0.711 3.200 0.283,
						-0.674 1.612 0.146,
						-0.635 3.200 0.292,
						-0.635 1.612 0.151,
						-0.596 1.612 0.146,
						-0.559 3.200 0.283,
						-0.489 3.200 0.253,
						-0.560 1.612 0.131,
						-0.428 3.200 0.207,
						-0.528 1.612 0.107,
						-0.504 1.612 0.075
					]
				}
				coordIndex
				[
					0, 1, 2, -1,
					2, 1, 3, -1,
					2, 3, 4, -1,
					4, 3, 5, -1,
					4, 5, 6, -1,
					6, 5, 7, -1,
					2, 8, 0, -1,
					0, 8, 9, -1,
					0, 9, 10, -1,
					10, 9, 11, -1,
					10, 11, 12, -1,
					12, 11, 13, -1,
					12, 13, 14, -1,
					14, 13, 15, -1,
					13, 16, 15, -1,
					15, 16, 17, -1,
					15, 17, 18, -1,
					18, 17, 19, -1,
					18, 19, 20, -1,
					20, 19, 21, -1,
					19, 22, 21, -1,
					21, 22, 23, -1,
					21, 23, 24, -1,
					24, 23, 25, -1,
					24, 25, 26, -1,
					26, 25, 27, -1,
					25, 28, 27, -1,
					27, 28, 29, -1,
					28, 30, 29, -1,
					29, 30, 31, -1,
					29, 31, 32, -1,
					32, 31, 33, -1,
					32, 33, 34, -1,
					34, 33, 35, -1,
					33, 36, 35, -1,
					35, 36, 37, -1,
					35, 37, 38, -1,
					38, 37, 39, -1,
					38, 39, 40, -1,
					40, 39, 41, -1,
					39, 42, 41, -1,
					41, 42, 43, -1,
					41, 43, 44, -1,
					44, 43, 45, -1,
					44, 45, 46, -1,
					46, 45, 7, -1,
					46, 7, 47, -1,
					47, 7, 5, -1
				]
				normal Normal
				{
					vector
					[
						-0.863 0.089 0.498,
						-0.962 0.089 0.258,
						-0.996 0.089 0.000,
						-0.962 0.089 -0.258,
						-0.863 0.089 -0.498,
						-0.704 0.089 0.704,
						-0.498 0.089 0.863,
						-0.258 0.089 0.962,
						-0.000 0.089 0.996,
						0.258 0.089 0.962,
						0.498 0.089 0.863,
						0.704 0.089 0.704,
						0.863 0.089 0.498,
						0.962 0.089 0.258,
						0.996 0.089 0.000,
						0.962 0.089 -0.258,
						0.863 0.089 -0.498,
						0.704 0.089 -0.704,
						0.498 0.089 -0.863,
						0.258 0.089 -0.962,
						-0.000 0.089 -0.996,
						-0.258 0.089 -0.962,
						-0.498 0.089 -0.863,
						-0.704 0.089 -0.704
					]
				}
				normalIndex
				[
					0, 1, 1, -1,
					1, 1, 2, -1,
					1, 2, 2, -1,
					2, 2, 3, -1,
					2, 3, 3, -1,
					3, 3, 4, -1,
					1, 0, 0, -1,
					0, 0, 5, -1,
					0, 5, 5, -1,
					5, 5, 6, -1,
					5, 6, 6, -1,
					6, 6, 7, -1,
					6, 7, 7, -1,
					7, 7, 8, -1,
					7, 8, 8, -1,
					8, 8, 9, -1,
					8, 9, 9, -1,
					9, 9, 10, -1,
					9, 10, 10, -1,
					10, 10, 11, -1,
					10, 11, 11, -1,
					11, 11, 12, -1,
					11, 12, 12, -1,
					12, 12, 13, -1,
					12, 13, 13, -1,
					13, 13, 14, -1,
					13, 14, 14, -1,
					14, 14, 15, -1,
					14, 15, 15, -1,
					15, 15, 16, -1,
					15, 16, 16, -1,
					16, 16, 17, -1,
					16, 17, 17, -1,
					17, 17, 18, -1,
					17, 18, 18, -1,
					18, 18, 19, -1,
					18, 19, 19, -1,
					19, 19, 20, -1,
					19, 20, 20, -1,
					20, 20, 21, -1,
					20, 21, 21, -1,
					21, 21, 22, -1,
					21, 22, 22, -1,
					22, 22, 23, -1,
					22, 23, 23, -1,
					23, 23, 4, -1,
					23, 4, 4, -1,
					4, 4, 3, -1
				]
			}
		}
		Shape
		{
			appearance Appearance
			{
				material Material
				{
					diffuseColor 0.000 0.000 0.000
				}
			}
			geometry IndexedFaceSet
			{
				creaseAngle 0.5
				solid TRUE
				coord Coordinate
				{
					point
					[
						-0.382 3.200 -0.146,
						-0.352 3.200 -0.076,
						-0.352 3.635 -0.076,
						-0.343 3.200 0.000,
						-0.343 3.635 0.000,
						-0.352 3.200 0.076,
						-0.352 3.635 0.076,
						-0.382 3.635 0.146,
						-0.382 3.635 -0.146,
						-0.428 3.635 -0.207,
						-0.428 3.200 -0.207,
						-0.489 3.635 -0.253,
						-0.489 3.200 -0.253,
						-0.559 3.635 -0.283,
						-0.559 3.200 -0.283,
						-0.635 3.200 -0.292,
						-0.635 3.635 -0.292,
						-0.711 3.635 -0.283,
						-0.711 3.200 -0.283,
						-0.781 3.635 -0.253,
						-0.781 3.200 -0.253,
						-0.842 3.200 -0.207,
						-0.842 3.635 -0.207,
						-0.888 3.635 -0.146,
						-0.888 3.200 -0.146,
						-0.918 3.635 -0.076,
						-0.918 3.200 -0.076,
						-0.928 3.200 -0.000,
						-0.928 3.635 -0.000,
						-0.918 3.200 0.076,
						-0.918 3.635 0.076,
						-0.888 3.635 0.146,
						-0.888 3.200 0.146,
						-0.842 3.635 0.207,
						-0.842 3.200 0.207,
						-0.781 3.200 0.253,
						-0.781 3.635 0.253,
						-0.711 3.635 0.283,
						-0.711 3.200 0.283,
						-0.635 3.635 0.292,
						-0.635 3.200 0.292,
						-0.559 3.200 0.283,
						-0.559 3.635 0.283,
						-0.489 3.635 0.253,
						-0.489 3.200 0.253,
						-0.428 3.635 0.207,
						-0.428 3.200 0.207,
						-0.382 3.200 0.146
					]
				}
				coordIndex
				[
					0, 1, 2, -1,
					2, 1, 3, -1,
					2, 3, 4, -1,
					4, 3, 5, -1,
					4, 5, 6, -1,
					6, 5, 7, -1,
					2, 8, 0, -1,
					0, 8, 9, -1,
					0, 9, 10, -1,
					10, 9, 11, -1,
					10, 11, 12, -1,
					12, 11, 13, -1,
					12, 13, 14, -1,
					14, 13, 15, -1,
					13, 16, 15, -1,
					15, 16, 17, -1,
					15, 17, 18, -1,
					18, 17, 19, -1,
					18, 19, 20, -1,
					20, 19, 21, -1,
					19, 22, 21, -1,
					21, 22, 23, -1,
					21, 23, 24, -1,
					24, 23, 25, -1,
					24, 25, 26, -1,
					26, 25, 27, -1,
					25, 28, 27, -1,
					27, 28, 29, -1,
					28, 30, 29, -1,
					29, 30, 31, -1,
					29, 31, 32, -1,
					32, 31, 33, -1,
					32, 33, 34, -1,
					34, 33, 35, -1,
					33, 36, 35, -1,
					35, 36, 37, -1,
					35, 37, 38, -1,
					38, 37, 39, -1,
					38, 39, 40, -1,
					40, 39, 41, -1,
					39, 42, 41, -1,
					41, 42, 43, -1,
					41, 43, 44, -1,
					44, 43, 45, -1,
					44, 45, 46, -1,
					46, 45, 7, -1,
					46, 7, 47, -1,
					47, 7, 5, -1
				]
				normal Normal
				{
					vector
					[
						-0.866 -0.000 0.500,
						-0.966 -0.000 0.259,
						-1.000 -0.000 -0.000,
						-0.966 -0.000 -0.259,
						-0.866 -0.000 -0.500,
						-0.707 -0.000 0.707,
						-0.500 -0.000 0.866,
						-0.259 -0.000 0.966,
						-0.000 -0.000 1.000,
						0.259 -0.000 0.966,
						0.500 -0.000 0.866,
						0.707 -0.000 0.707,
						0.866 -0.000 0.500,
						0.966 -0.000 0.259,
						1.000 -0.000 0.000,
						0.966 -0.000 -0.259,
						0.866 -0.000 -0.500,
						0.707 -0.000 -0.707,
						0.500 -0.000 -0.866,
						0.259 -0.000 -0.966,
						-0.000 -0.000 -1.000,
						-0.259 -0.000 -0.966,
						-0.500 -0.000 -0.866,
						-0.707 -0.000 -0.707
					]
				}
				normalIndex
				[
					0, 1, 1, -1,
					1, 1, 2, -1,
					1, 2, 2, -1,
					2, 2, 3, -1,
					2, 3, 3, -1,
					3, 3, 4, -1,
					1, 0, 0, -1,
					0, 0, 5, -1,
					0, 5, 5, -1,
					5, 5, 6, -1,
					5, 6, 6, -1,
					6, 6, 7, -1,
					6, 7, 7, -1,
					7, 7, 8, -1,
					7, 8, 8, -1,
					8, 8, 9, -1,
					8, 9, 9, -1,
					9, 9, 10, -1,
					9, 10, 10, -1,
					10, 10, 11, -1,
					10, 11, 11, -1,
					11, 11, 12, -1,
					11, 12, 12, -1,
					12, 12, 13, -1,
					12, 13, 13, -1,
					13, 13, 14, -1,
					13, 14, 14, -1,
					14, 14, 15, -1,
					14, 15, 15, -1,
					15, 15, 16, -1,
					15, 16, 16, -1,
					16, 16, 17, -1,
					16, 17, 17, -1,
					17, 17, 18, -1,
					17, 18, 18, -1,
					18, 18, 19, -1,
					18, 19, 19, -1,
					19, 19, 20, -1,
					19, 20, 20, -1,
					20, 20, 21, -1,
					20, 21, 21, -1,
					21, 21, 22, -1,
					21, 22, 22, -1,
					22, 22, 23, -1,
					22, 23, 23, -1,
					23, 23, 4, -1,
					23, 4, 4, -1,
					4, 4, 3, -1
				]
			}
		}
		Shape
		{
			appearance Appearance
			{
				material Material
				{
					diffuseColor 0.000 0.000 0.000
				}
			}
			geometry IndexedFaceSet
			{
				creaseAngle 0.5
				solid TRUE
				coord Coordinate
				{
					point
					[
						-0.382 3.635 -0.146,
						-0.352 3.635 -0.076,
						-0.302 3.700 -0.089,
						-0.343 3.635 0.000,
						-0.290 3.700 0.000,
						-0.352 3.635 0.076,
						-0.302 3.700 0.089,
						-0.336 3.700 0.172,
						-0.336 3.700 -0.172,
						-0.391 3.700 -0.244,
						-0.428 3.635 -0.207,
						-0.463 3.700 -0.299,
						-0.489 3.635 -0.253,
						-0.546 3.700 -0.333,
						-0.559 3.635 -0.283,
						-0.635 3.635 -0.292,
						-0.635 3.700 -0.345,
						-0.724 3.700 -0.333,
						-0.711 3.635 -0.283,
						-0.808 3.700 -0.299,
						-0.781 3.635 -0.253,
						-0.842 3.635 -0.207,
						-0.879 3.700 -0.244,
						-0.934 3.700 -0.172,
						-0.888 3.635 -0.146,
						-0.968 3.700 -0.089,
						-0.918 3.635 -0.076,
						-0.928 3.635 -0.000,
						-0.980 3.700 -0.000,
						-0.918 3.635 0.076,
						-0.968 3.700 0.089,
						-0.934 3.700 0.172,
						-0.888 3.635 0.146,
						-0.879 3.700 0.244,
						-0.842 3.635 0.207,
						-0.781 3.635 0.253,
						-0.808 3.700 0.299,
						-0.724 3.700 0.333,
						-0.711 3.635 0.283,
						-0.635 3.700 0.345,
						-0.635 3.635 0.292,
						-0.559 3.635 0.283,
						-0.546 3.700 0.333,
						-0.463 3.700 0.299,
						-0.489 3.635 0.253,
						-0.391 3.700 0.244,
						-0.428 3.635 0.207,
						-0.382 3.635 0.146
					]
				}
				coordIndex
				[
					0, 1, 2, -1,
					2, 1, 3, -1,
					2, 3, 4, -1,
					4, 3, 5, -1,
					4, 5, 6, -1,
					6, 5, 7, -1,
					2, 8, 0, -1,
					0, 8, 9, -1,
					0, 9, 10, -1,
					10, 9, 11, -1,
					10, 11, 12, -1,
					12, 11, 13, -1,
					12, 13, 14, -1,
					14, 13, 15, -1,
					13, 16, 15, -1,
					15, 16, 17, -1,
					15, 17, 18, -1,
					18, 17, 19, -1,
					18, 19, 20, -1,
					20, 19, 21, -1,
					19, 22, 21, -1,
					21, 22, 23, -1,
					21, 23, 24, -1,
					24, 23, 25, -1,
					24, 25, 26, -1,
					26, 25, 27, -1,
					25, 28, 27, -1,
					27, 28, 29, -1,
					28, 30, 29, -1,
					29, 30, 31, -1,
					29, 31, 32, -1,
					32, 31, 33, -1,
					32, 33, 34, -1,
					34, 33, 35, -1,
					33, 36, 35, -1,
					35, 36, 37, -1,
					35, 37, 38, -1,
					38, 37, 39, -1,
					38, 39, 40, -1,
					40, 39, 41, -1,
					39, 42, 41, -1,
					41, 42, 43, -1,
					41, 43, 44, -1,
					44, 43, 45, -1,
					44, 45, 46, -1,
					46, 45, 7, -1,
					46, 7, 47, -1,
					47, 7, 5, -1
				]
				normal Normal
				{
					vector
					[
						-0.674 0.628 0.389,
						-0.751 0.628 0.201,
						-0.778 0.628 0.000,
						-0.751 0.628 -0.201,
						-0.674 0.628 -0.389,
						-0.550 0.628 0.550,
						-0.389 0.628 0.674,
						-0.201 0.628 0.751,
						-0.000 0.628 0.778,
						0.201 0.628 0.751,
						0.389 0.628 0.674,
						0.550 0.628 0.550,
						0.674 0.628 0.389,
						0.751 0.628 0.201,
						0.778 0.628 0.000,
						0.751 0.628 -0.201,
						0.674 0.628 -0.389,
						0.550 0.628 -0.550,
						0.389 0.628 -0.674,
						0.201 0.628 -0.751,
						0.000 0.628 -0.778,
						-0.000 0.628 -0.778,
						-0.201 0.628 -0.751,
						-0.389 0.628 -0.674,
						-0.550 0.628 -0.550
					]
				}
				normalIndex
				[
					0, 1, 1, -1,
					1, 1, 2, -1,
					1, 2, 2, -1,
					2, 2, 3, -1,
					2, 3, 3, -1,
					3, 3, 4, -1,
					1, 0, 0, -1,
					0, 0, 5, -1,
					0, 5, 5, -1,
					5, 5, 6, -1,
					5, 6, 6, -1,
					6, 6, 7, -1,
					6, 7, 7, -1,
					7, 7, 8, -1,
					7, 8, 8, -1,
					8, 8, 9, -1,
					8, 9, 9, -1,
					9, 9, 10, -1,
					9, 10, 10, -1,
					10, 10, 11, -1,
					10, 11, 11, -1,
					11, 11, 12, -1,
					11, 12, 12, -1,
					12, 12, 13, -1,
					12, 13, 13, -1,
					13, 13, 14, -1,
					13, 14, 14, -1,
					14, 14, 15, -1,
					14, 15, 15, -1,
					15, 15, 16, -1,
					15, 16, 16, -1,
					16, 16, 17, -1,
					16, 17, 17, -1,
					17, 17, 18, -1,
					17, 18, 18, -1,
					18, 18, 19, -1,
					18, 19, 19, -1,
					19, 19, 20, -1,
					19, 20, 21, -1,
					21, 20, 22, -1,
					20, 22, 22, -1,
					22, 22, 23, -1,
					22, 23, 23, -1,
					23, 23, 24, -1,
					23, 24, 24, -1,
					24, 24, 4, -1,
					24, 4, 4, -1,
					4, 4, 3, -1
				]
			}
		}
		Shape
		{
			appearance Appearance
			{
				material Material
				{
					diffuseColor 0.000 0.000 0.000
				}
			}
			geometry IndexedFaceSet
			{
				creaseAngle 0.5
				solid TRUE
				coord Coordinate
				{
					point
					[
						-0.635 3.700 -0.385,
						-0.635 3.700 -0.345,
						-0.535 3.700 -0.372,
						-0.546 3.700 -0.333,
						-0.442 3.700 -0.333,
						-0.463 3.700 -0.299,
						-0.363 3.700 -0.272,
						-0.391 3.700 -0.244,
						-0.302 3.700 -0.192,
						-0.336 3.700 -0.172,
						-0.263 3.700 -0.100,
						-0.302 3.700 -0.089,
						-0.250 3.700 0.000,
						-0.290 3.700 0.000,
						-0.263 3.700 0.100,
						-0.302 3.700 0.089,
						-0.336 3.700 0.172,
						-0.735 3.700 -0.372,
						-0.724 3.700 -0.333,
						-0.827 3.700 -0.333,
						-0.808 3.700 -0.299,
						-0.907 3.700 -0.272,
						-0.879 3.700 -0.244,
						-0.968 3.700 -0.192,
						-0.934 3.700 -0.172,
						-1.007 3.700 -0.100,
						-0.968 3.700 -0.089,
						-1.020 3.700 -0.000,
						-0.980 3.700 -0.000,
						-0.968 3.700 0.089,
						-1.007 3.700 0.100,
						-0.934 3.700 0.172,
						-0.968 3.700 0.192,
						-0.879 3.700 0.244,
						-0.907 3.700 0.272,
						-0.808 3.700 0.299,
						-0.827 3.700 0.333,
						-0.724 3.700 0.333,
						-0.735 3.700 0.372,
						-0.635 3.700 0.345,
						-0.635 3.700 0.385,
						-0.535 3.700 0.372,
						-0.546 3.700 0.333,
						-0.442 3.700 0.333,
						-0.463 3.700 0.299,
						-0.363 3.700 0.272,
						-0.391 3.700 0.244,
						-0.302 3.700 0.192
					]
				}
				coordIndex
				[
					0, 1, 2, -1,
					2, 1, 3, -1,
					2, 3, 4, -1,
					4, 3, 5, -1,
					4, 5, 6, -1,
					6, 5, 7, -1,
					6, 7, 8, -1,
					8, 7, 9, -1,
					8, 9, 10, -1,
					10, 9, 11, -1,
					10, 11, 12, -1,
					12, 11, 13, -1,
					12, 13, 14, -1,
					14, 13, 15, -1,
					14, 15, 16, -1,
					0, 17, 1, -1,
					1, 17, 18, -1,
					17, 19, 18, -1,
					18, 19, 20, -1,
					19, 21, 20, -1,
					20, 21, 22, -1,
					21, 23, 22, -1,
					22, 23, 24, -1,
					23, 25, 24, -1,
					24, 25, 26, -1,
					25, 27, 26, -1,
					26, 27, 28, -1,
					28, 27, 29, -1,
					29, 27, 30, -1,
					29, 30, 31, -1,
					31, 30, 32, -1,
					31, 32, 33, -1,
					33, 32, 34, -1,
					33, 34, 35, -1,
					35, 34, 36, -1,
					35, 36, 37, -1,
					37, 36, 38, -1,
					37, 38, 39, -1,
					39, 38, 40, -1,
					39, 40, 41, -1,
					39, 41, 42, -1,
					42, 41, 43, -1,
					42, 43, 44, -1,
					44, 43, 45, -1,
					44, 45, 46, -1,
					46, 45, 47, -1,
					46, 47, 16, -1,
					16, 47, 14, -1
				]
				normal Normal
				{
					vector
					[
						0.000 1.000 0.000
					]
				}
				normalIndex
				[
					0, 0, 0, -1,
					0, 0, 0, -1,
					0, 0, 0, -1,
					0, 0, 0, -1,
					0, 0, 0, -1,
					0, 0, 0, -1,
					0, 0, 0, -1,
					0, 0, 0, -1,
					0, 0, 0, -1,
					0, 0, 0, -1,
					0, 0, 0, -1,
					0, 0, 0, -1,
					0, 0, 0, -1,
					0, 0, 0, -1,
					0, 0, 0, -1,
					0, 0, 0, -1,
					0, 0, 0, -1,
					0, 0, 0, -1,
					0, 0, 0, -1,
					0, 0, 0, -1,
					0, 0, 0, -1,
					0, 0, 0, -1,
					0, 0, 0, -1,
					0, 0, 0, -1,
					0, 0, 0, -1,
					0, 0, 0, -1,
					0, 0, 0, -1,
					0, 0, 0, -1,
					0, 0, 0, -1,
					0, 0, 0, -1,
					0, 0, 0, -1,
					0, 0, 0, -1,
					0, 0, 0, -1,
					0, 0, 0, -1,
					0, 0, 0, -1,
					0, 0, 0, -1,
					0, 0, 0, -1,
					0, 0, 0, -1,
					0, 0, 0, -1,
					0, 0, 0, -1,
					0, 0, 0, -1,
					0, 0, 0, -1,
					0, 0, 0, -1,
					0, 0, 0, -1,
					0, 0, 0, -1,
					0, 0, 0, -1,
					0, 0, 0, -1,
					0, 0, 0, -1
				]
			}
		}
		Shape
		{
			appearance Appearance
			{
				material Material
				{
					diffuseColor 0.000 0.000 0.000
				}
			}
			geometry IndexedFaceSet
			{
				creaseAngle 0.5
				solid TRUE
				coord Coordinate
				{
					point
					[
						-0.302 3.700 -0.192,
						-0.263 3.700 -0.100,
						-0.263 3.784 -0.100,
						-0.250 3.700 0.000,
						-0.250 3.784 0.000,
						-0.263 3.700 0.100,
						-0.263 3.784 0.100,
						-0.302 3.784 0.192,
						-0.302 3.784 -0.192,
						-0.363 3.784 -0.272,
						-0.363 3.700 -0.272,
						-0.442 3.784 -0.333,
						-0.442 3.700 -0.333,
						-0.535 3.784 -0.372,
						-0.535 3.700 -0.372,
						-0.635 3.700 -0.385,
						-0.635 3.784 -0.385,
						-0.735 3.784 -0.372,
						-0.735 3.700 -0.372,
						-0.827 3.784 -0.333,
						-0.827 3.700 -0.333,
						-0.907 3.700 -0.272,
						-0.907 3.784 -0.272,
						-0.968 3.784 -0.192,
						-0.968 3.700 -0.192,
						-1.007 3.784 -0.100,
						-1.007 3.700 -0.100,
						-1.020 3.700 -0.000,
						-1.020 3.784 -0.000,
						-1.007 3.700 0.100,
						-1.007 3.784 0.100,
						-0.968 3.784 0.192,
						-0.968 3.700 0.192,
						-0.907 3.784 0.272,
						-0.907 3.700 0.272,
						-0.827 3.700 0.333,
						-0.827 3.784 0.333,
						-0.735 3.784 0.372,
						-0.735 3.700 0.372,
						-0.635 3.784 0.385,
						-0.635 3.700 0.385,
						-0.535 3.700 0.372,
						-0.535 3.784 0.372,
						-0.442 3.784 0.333,
						-0.442 3.700 0.333,
						-0.363 3.784 0.272,
						-0.363 3.700 0.272,
						-0.302 3.700 0.192
					]
				}
				coordIndex
				[
					0, 1, 2, -1,
					2, 1, 3, -1,
					2, 3, 4, -1,
					4, 3, 5, -1,
					4, 5, 6, -1,
					6, 5, 7, -1,
					2, 8, 0, -1,
					0, 8, 9, -1,
					0, 9, 10, -1,
					10, 9, 11, -1,
					10, 11, 12, -1,
					12, 11, 13, -1,
					12, 13, 14, -1,
					14, 13, 15, -1,
					13, 16, 15, -1,
					15, 16, 17, -1,
					15, 17, 18, -1,
					18, 17, 19, -1,
					18, 19, 20, -1,
					20, 19, 21, -1,
					19, 22, 21, -1,
					21, 22, 23, -1,
					21, 23, 24, -1,
					24, 23, 25, -1,
					24, 25, 26, -1,
					26, 25, 27, -1,
					25, 28, 27, -1,
					27, 28, 29, -1,
					28, 30, 29, -1,
					29, 30, 31, -1,
					29, 31, 32, -1,
					32, 31, 33, -1,
					32, 33, 34, -1,
					34, 33, 35, -1,
					33, 36, 35, -1,
					35, 36, 37, -1,
					35, 37, 38, -1,
					38, 37, 39, -1,
					38, 39, 40, -1,
					40, 39, 41, -1,
					39, 42, 41, -1,
					41, 42, 43, -1,
					41, 43, 44, -1,
					44, 43, 45, -1,
					44, 45, 46, -1,
					46, 45, 7, -1,
					46, 7, 47, -1,
					47, 7, 5, -1
				]
				normal Normal
				{
					vector
					[
						-0.866 -0.000 0.500,
						-0.966 -0.000 0.259,
						-1.000 -0.000 -0.000,
						-0.966 -0.000 -0.259,
						-0.866 -0.000 -0.500,
						-0.707 -0.000 0.707,
						-0.500 -0.000 0.866,
						-0.259 -0.000 0.966,
						-0.000 -0.000 1.000,
						0.259 -0.000 0.966,
						0.500 -0.000 0.866,
						0.707 -0.000 0.707,
						0.866 -0.000 0.500,
						0.966 -0.000 0.259,
						1.000 -0.000 0.000,
						0.966 -0.000 -0.259,
						0.866 -0.000 -0.500,
						0.707 -0.000 -0.707,
						0.500 -0.000 -0.866,
						0.259 -0.000 -0.966,
						0.000 -0.000 -1.000,
						-0.259 -0.000 -0.966,
						-0.500 -0.000 -0.866,
						-0.707 -0.000 -0.707
					]
				}
				normalIndex
				[
					0, 1, 1, -1,
					1, 1, 2, -1,
					1, 2, 2, -1,
					2, 2, 3, -1,
					2, 3, 3, -1,
					3, 3, 4, -1,
					1, 0, 0, -1,
					0, 0, 5, -1,
					0, 5, 5, -1,
					5, 5, 6, -1,
					5, 6, 6, -1,
					6, 6, 7, -1,
					6, 7, 7, -1,
					7, 7, 8, -1,
					7, 8, 8, -1,
					8, 8, 9, -1,
					8, 9, 9, -1,
					9, 9, 10, -1,
					9, 10, 10, -1,
					10, 10, 11, -1,
					10, 11, 11, -1,
					11, 11, 12, -1,
					11, 12, 12, -1,
					12, 12, 13, -1,
					12, 13, 13, -1,
					13, 13, 14, -1,
					13, 14, 14, -1,
					14, 14, 15, -1,
					14, 15, 15, -1,
					15, 15, 16, -1,
					15, 16, 16, -1,
					16, 16, 17, -1,
					16, 17, 17, -1,
					17, 17, 18, -1,
					17, 18, 18, -1,
					18, 18, 19, -1,
					18, 19, 19, -1,
					19, 19, 20, -1,
					19, 20, 20, -1,
					20, 20, 21, -1,
					20, 21, 21, -1,
					21, 21, 22, -1,
					21, 22, 22, -1,
					22, 22, 23, -1,
					22, 23, 23, -1,
					23, 23, 4, -1,
					23, 4, 4, -1,
					4, 4, 3, -1
				]
			}
		}
		Shape
		{
			appearance Appearance
			{
				material Material
				{
					diffuseColor 0.000 0.000 0.000
				}
			}
			geometry IndexedFaceSet
			{
				creaseAngle 0.5
				solid TRUE
				coord Coordinate
				{
					point
					[
						-0.152 4.100 -0.129,
						-0.263 3.784 -0.100,
						-0.135 4.100 0.000,
						-0.250 3.784 0.000,
						-0.152 4.100 0.129,
						-0.263 3.784 0.100,
						-0.302 3.784 0.192,
						-0.202 4.100 -0.250,
						-0.302 3.784 -0.192,
						-0.281 4.100 -0.354,
						-0.363 3.784 -0.272,
						-0.442 3.784 -0.333,
						-0.385 4.100 -0.433,
						-0.535 3.784 -0.372,
						-0.506 4.100 -0.483,
						-0.635 4.100 -0.500,
						-0.635 3.784 -0.385,
						-0.764 4.100 -0.483,
						-0.735 3.784 -0.372,
						-0.827 3.784 -0.333,
						-0.885 4.100 -0.433,
						-0.907 3.784 -0.272,
						-0.989 4.100 -0.354,
						-1.068 4.100 -0.250,
						-0.968 3.784 -0.192,
						-1.118 4.100 -0.129,
						-1.007 3.784 -0.100,
						-1.020 3.784 -0.000,
						-1.135 4.100 0.000,
						-1.007 3.784 0.100,
						-1.118 4.100 0.129,
						-1.068 4.100 0.250,
						-0.968 3.784 0.192,
						-0.989 4.100 0.354,
						-0.907 3.784 0.272,
						-0.827 3.784 0.333,
						-0.885 4.100 0.433,
						-0.735 3.784 0.372,
						-0.764 4.100 0.483,
						-0.635 4.100 0.500,
						-0.635 3.784 0.385,
						-0.506 4.100 0.483,
						-0.535 3.784 0.372,
						-0.442 3.784 0.333,
						-0.385 4.100 0.433,
						-0.363 3.784 0.272,
						-0.281 4.100 0.354,
						-0.202 4.100 0.250
					]
				}
				coordIndex
				[
					0, 1, 2, -1,
					2, 1, 3, -1,
					2, 3, 4, -1,
					4, 3, 5, -1,
					4, 5, 6, -1,
					0, 7, 1, -1,
					1, 7, 8, -1,
					7, 9, 8, -1,
					8, 9, 10, -1,
					10, 9, 11, -1,
					11, 9, 12, -1,
					11, 12, 13, -1,
					13, 12, 14, -1,
					13, 14, 15, -1,
					13, 15, 16, -1,
					16, 15, 17, -1,
					16, 17, 18, -1,
					18, 17, 19, -1,
					17, 20, 19, -1,
					19, 20, 21, -1,
					20, 22, 21, -1,
					21, 22, 23, -1,
					21, 23, 24, -1,
					24, 23, 25, -1,
					24, 25, 26, -1,
					26, 25, 27, -1,
					25, 28, 27, -1,
					27, 28, 29, -1,
					28, 30, 29, -1,
					29, 30, 31, -1,
					29, 31, 32, -1,
					32, 31, 33, -1,
					32, 33, 34, -1,
					34, 33, 35, -1,
					33, 36, 35, -1,
					35, 36, 37, -1,
					36, 38, 37, -1,
					37, 38, 39, -1,
					37, 39, 40, -1,
					40, 39, 41, -1,
					40, 41, 42, -1,
					42, 41, 43, -1,
					41, 44, 43, -1,
					43, 44, 45, -1,
					44, 46, 45, -1,
					45, 46, 47, -1,
					45, 47, 6, -1,
					6, 47, 4, -1
				]
				normal Normal
				{
					vector
					[
						-0.908 0.342 0.243,
						-0.940 0.342 0.000,
						-0.908 0.342 -0.243,
						-0.814 0.342 -0.470,
						-0.814 0.342 0.470,
						-0.664 0.342 0.664,
						-0.470 0.342 0.814,
						-0.243 0.342 0.908,
						-0.000 0.342 0.940,
						0.243 0.342 0.908,
						0.470 0.342 0.814,
						0.664 0.342 0.664,
						0.814 0.342 0.470,
						0.908 0.342 0.243,
						0.940 0.342 0.000,
						0.908 0.342 -0.243,
						0.814 0.342 -0.470,
						0.664 0.342 -0.664,
						0.470 0.342 -0.814,
						0.243 0.342 -0.908,
						-0.000 0.342 -0.940,
						0.000 0.342 -0.940,
						-0.243 0.342 -0.908,
						-0.470 0.342 -0.814,
						-0.664 0.342 -0.664
					]
				}
				normalIndex
				[
					0, 0, 1, -1,
					1, 0, 1, -1,
					1, 1, 2, -1,
					2, 1, 2, -1,
					2, 2, 3, -1,
					0, 4, 0, -1,
					0, 4, 4, -1,
					4, 5, 4, -1,
					4, 5, 5, -1,
					5, 5, 6, -1,
					6, 5, 6, -1,
					6, 6, 7, -1,
					7, 6, 7, -1,
					7, 7, 8, -1,
					7, 8, 8, -1,
					8, 8, 9, -1,
					8, 9, 9, -1,
					9, 9, 10, -1,
					9, 10, 10, -1,
					10, 10, 11, -1,
					10, 11, 11, -1,
					11, 11, 12, -1,
					11, 12, 12, -1,
					12, 12, 13, -1,
					12, 13, 13, -1,
					13, 13, 14, -1,
					13, 14, 14, -1,
					14, 14, 15, -1,
					14, 15, 15, -1,
					15, 15, 16, -1,
					15, 16, 16, -1,
					16, 16, 17, -1,
					16, 17, 17, -1,
					17, 17, 18, -1,
					17, 18, 18, -1,
					18, 18, 19, -1,
					18, 19, 19, -1,
					19, 19, 20, -1,
					19, 20, 21, -1,
					21, 20, 22, -1,
					21, 22, 22, -1,
					22, 22, 23, -1,
					22, 23, 23, -1,
					23, 23, 24, -1,
					23, 24, 24, -1,
					24, 24, 3, -1,
					24, 3, 3, -1,
					3, 3, 2, -1
				]
			}
		}
		Shape
		{
			appearance Appearance
			{
				material Material
				{
					diffuseColor 0.000 0.000 0.000
				}
			}
			geometry IndexedFaceSet
			{
				creaseAngle 0.5
				solid TRUE
				coord Coordinate
				{
					point
					[
						-0.405 1.600 -0.133,
						-0.379 1.600 -0.069,
						-0.489 1.612 -0.039,
						-0.370 1.600 0.000,
						-0.484 1.612 0.000,
						-0.379 1.600 0.069,
						-0.489 1.612 0.039,
						-0.504 1.612 0.075,
						-0.504 1.612 -0.075,
						-0.528 1.612 -0.107,
						-0.447 1.600 -0.188,
						-0.560 1.612 -0.131,
						-0.502 1.600 -0.230,
						-0.596 1.612 -0.146,
						-0.566 1.600 -0.256,
						-0.635 1.600 -0.265,
						-0.635 1.612 -0.151,
						-0.674 1.612 -0.146,
						-0.704 1.600 -0.256,
						-0.710 1.612 -0.131,
						-0.768 1.600 -0.230,
						-0.823 1.600 -0.188,
						-0.742 1.612 -0.107,
						-0.766 1.612 -0.075,
						-0.865 1.600 -0.133,
						-0.781 1.612 -0.039,
						-0.891 1.600 -0.069,
						-0.900 1.600 -0.000,
						-0.786 1.612 -0.000,
						-0.891 1.600 0.069,
						-0.781 1.612 0.039,
						-0.766 1.612 0.075,
						-0.865 1.600 0.133,
						-0.742 1.612 0.107,
						-0.823 1.600 0.188,
						-0.768 1.600 0.230,
						-0.710 1.612 0.131,
						-0.674 1.612 0.146,
						-0.704 1.600 0.256,
						-0.635 1.612 0.151,
						-0.635 1.600 0.265,
						-0.566 1.600 0.256,
						-0.596 1.612 0.146,
						-0.560 1.612 0.131,
						-0.502 1.600 0.230,
						-0.528 1.612 0.107,
						-0.447 1.600 0.188,
						-0.405 1.600 0.133
					]
				}
				coordIndex
				[
					0, 1, 2, -1,
					2, 1, 3, -1,
					2, 3, 4, -1,
					4, 3, 5, -1,
					4, 5, 6, -1,
					6, 5, 7, -1,
					2, 8, 0, -1,
					0, 8, 9, -1,
					0, 9, 10, -1,
					10, 9, 11, -1,
					10, 11, 12, -1,
					12, 11, 13, -1,
					12, 13, 14, -1,
					14, 13, 15, -1,
					13, 16, 15, -1,
					15, 16, 17, -1,
					15, 17, 18, -1,
					18, 17, 19, -1,
					18, 19, 20, -1,
					20, 19, 21, -1,
					19, 22, 21, -1,
					21, 22, 23, -1,
					21, 23, 24, -1,
					24, 23, 25, -1,
					24, 25, 26, -1,
					26, 25, 27, -1,
					25, 28, 27, -1,
					27, 28, 29, -1,
					28, 30, 29, -1,
					29, 30, 31, -1,
					29, 31, 32, -1,
					32, 31, 33, -1,
					32, 33, 34, -1,
					34, 33, 35, -1,
					33, 36, 35, -1,
					35, 36, 37, -1,
					35, 37, 38, -1,
					38, 37, 39, -1,
					38, 39, 40, -1,
					40, 39, 41, -1,
					39, 42, 41, -1,
					41, 42, 43, -1,
					41, 43, 44, -1,
					44, 43, 45, -1,
					44, 45, 46, -1,
					46, 45, 7, -1,
					46, 7, 47, -1,
					47, 7, 5, -1
				]
				normal Normal
				{
					vector
					[
						-0.088 -0.995 0.051,
						-0.098 -0.995 0.026,
						-0.101 -0.995 -0.000,
						-0.098 -0.995 -0.026,
						-0.088 -0.995 -0.051,
						-0.072 -0.995 0.072,
						-0.051 -0.995 0.088,
						-0.026 -0.995 0.098,
						-0.000 -0.995 0.101,
						0.026 -0.995 0.098,
						0.051 -0.995 0.088,
						0.072 -0.995 0.072,
						0.088 -0.995 0.051,
						0.098 -0.995 0.026,
						0.101 -0.995 0.000,
						0.098 -0.995 -0.026,
						0.088 -0.995 -0.051,
						0.072 -0.995 -0.072,
						0.051 -0.995 -0.088,
						0.026 -0.995 -0.098,
						-0.000 -0.995 -0.101,
						-0.026 -0.995 -0.098,
						-0.051 -0.995 -0.088,
						-0.072 -0.995 -0.072
					]
				}
				normalIndex
				[
					0, 1, 1, -1,
					1, 1, 2, -1,
					1, 2, 2, -1,
					2, 2, 3, -1,
					2, 3, 3, -1,
					3, 3, 4, -1,
					1, 0, 0, -1,
					0, 0, 5, -1,
					0, 5, 5, -1,
					5, 5, 6, -1,
					5, 6, 6, -1,
					6, 6, 7, -1,
					6, 7, 7, -1,
					7, 7, 8, -1,
					7, 8, 8, -1,
					8, 8, 9, -1,
					8, 9, 9, -1,
					9, 9, 10, -1,
					9, 10, 10, -1,
					10, 10, 11, -1,
					10, 11, 11, -1,
					11, 11, 12, -1,
					11, 12, 12, -1,
					12, 12, 13, -1,
					12, 13, 13, -1,
					13, 13, 14, -1,
					13, 14, 14, -1,
					14, 14, 15, -1,
					14, 15, 15, -1,
					15, 15, 16, -1,
					15, 16, 16, -1,
					16, 16, 17, -1,
					16, 17, 17, -1,
					17, 17, 18, -1,
					17, 18, 18, -1,
					18, 18, 19, -1,
					18, 19, 19, -1,
					19, 19, 20, -1,
					19, 20, 20, -1,
					20, 20, 21, -1,
					20, 21, 21, -1,
					21, 21, 22, -1,
					21, 22, 22, -1,
					22, 22, 23, -1,
					22, 23, 23, -1,
					23, 23, 4, -1,
					23, 4, 4, -1,
					4, 4, 3, -1
				]
			}
		}
		Shape
		{
			appearance Appearance
			{
				material Material
				{
					diffuseColor 0.812 0.812 0.812
				}
			}
			geometry IndexedFaceSet
			{
				creaseAngle 0.5
				solid TRUE
				coord Coordinate
				{
					point
					[
						0.387 0.129 -0.023,
						0.386 0.129 0.000,
						0.315 0.200 0.000,
						0.388 0.129 0.034,
						0.326 0.200 0.083,
						0.395 0.129 0.068,
						0.412 0.129 0.111,
						0.358 0.200 0.160,
						0.436 0.129 0.150,
						0.409 0.200 0.226,
						0.467 0.129 0.184,
						0.504 0.129 0.212,
						0.475 0.200 0.277,
						0.545 0.129 0.232,
						0.552 0.200 0.309,
						0.589 0.129 0.245,
						0.635 0.200 0.320,
						0.635 0.129 0.249,
						0.681 0.129 0.245,
						0.718 0.200 0.309,
						0.725 0.129 0.232,
						0.795 0.200 0.277,
						0.766 0.129 0.212,
						0.803 0.129 0.184,
						0.861 0.200 0.226,
						0.834 0.129 0.150,
						0.912 0.200 0.160,
						0.858 0.129 0.111,
						0.944 0.200 0.083,
						0.875 0.129 0.068,
						0.882 0.129 0.034,
						0.955 0.200 -0.000,
						0.884 0.129 0.000,
						0.883 0.129 -0.023,
						0.944 0.200 -0.083,
						0.875 0.129 -0.068,
						0.858 0.129 -0.111,
						0.912 0.200 -0.160,
						0.834 0.129 -0.150,
						0.861 0.200 -0.226,
						0.803 0.129 -0.184,
						0.766 0.129 -0.212,
						0.795 0.200 -0.277,
						0.725 0.129 -0.232,
						0.718 0.200 -0.309,
						0.681 0.129 -0.245,
						0.635 0.200 -0.320,
						0.635 0.129 -0.249,
						0.589 0.129 -0.245,
						0.552 0.200 -0.309,
						0.545 0.129 -0.232,
						0.475 0.200 -0.277,
						0.504 0.129 -0.212,
						0.467 0.129 -0.184,
						0.409 0.200 -0.226,
						0.436 0.129 -0.150,
						0.358 0.200 -0.160,
						0.412 0.129 -0.111,
						0.326 0.200 -0.083,
						0.395 0.129 -0.068
					]
				}
				coordIndex
				[
					0, 1, 2, -1,
					2, 1, 3, -1,
					2, 3, 4, -1,
					4, 3, 5, -1,
					4, 5, 6, -1,
					4, 6, 7, -1,
					7, 6, 8, -1,
					7, 8, 9, -1,
					9, 8, 10, -1,
					9, 10, 11, -1,
					9, 11, 12, -1,
					12, 11, 13, -1,
					12, 13, 14, -1,
					14, 13, 15, -1,
					14, 15, 16, -1,
					16, 15, 17, -1,
					16, 17, 18, -1,
					16, 18, 19, -1,
					19, 18, 20, -1,
					19, 20, 21, -1,
					21, 20, 22, -1,
					21, 22, 23, -1,
					21, 23, 24, -1,
					24, 23, 25, -1,
					24, 25, 26, -1,
					26, 25, 27, -1,
					26, 27, 28, -1,
					28, 27, 29, -1,
					28, 29, 30, -1,
					28, 30, 31, -1,
					31, 30, 32, -1,
					31, 32, 33, -1,
					31, 33, 34, -1,
					34, 33, 35, -1,
					34, 35, 36, -1,
					34, 36, 37, -1,
					37, 36, 38, -1,
					37, 38, 39, -1,
					39, 38, 40, -1,
					39, 40, 41, -1,
					39, 41, 42, -1,
					42, 41, 43, -1,
					42, 43, 44, -1,
					44, 43, 45, -1,
					44, 45, 46, -1,
					46, 45, 47, -1,
					46, 47, 48, -1,
					46, 48, 49, -1,
					49, 48, 50, -1,
					49, 50, 51, -1,
					51, 50, 52, -1,
					51, 52, 53, -1,
					51, 53, 54, -1,
					54, 53, 55, -1,
					54, 55, 56, -1,
					56, 55, 57, -1,
					56, 57, 58, -1,
					58, 57, 59, -1,
					58, 59, 0, -1,
					2, 58, 0, -1
				]
				normal Normal
				{
					vector
					[
						-0.704 -0.707 -0.065,
						-0.707 -0.707 -0.000,
						-0.700 -0.707 0.098,
						-0.683 -0.707 0.183,
						-0.680 -0.707 0.194,
						-0.633 -0.707 0.315,
						-0.612 -0.707 0.354,
						-0.564 -0.707 0.426,
						-0.500 -0.707 0.500,
						-0.476 -0.707 0.523,
						-0.372 -0.707 0.601,
						-0.354 -0.707 0.612,
						-0.255 -0.707 0.659,
						-0.183 -0.707 0.683,
						-0.130 -0.707 0.695,
						-0.000 -0.707 0.707,
						0.130 -0.707 0.695,
						0.183 -0.707 0.683,
						0.255 -0.707 0.659,
						0.354 -0.707 0.612,
						0.372 -0.707 0.601,
						0.476 -0.707 0.523,
						0.500 -0.707 0.500,
						0.564 -0.707 0.426,
						0.612 -0.707 0.354,
						0.633 -0.707 0.315,
						0.683 -0.707 0.183,
						0.680 -0.707 0.194,
						0.700 -0.707 0.098,
						0.707 -0.707 0.000,
						0.704 -0.707 -0.065,
						0.683 -0.707 -0.183,
						0.680 -0.707 -0.194,
						0.633 -0.707 -0.315,
						0.612 -0.707 -0.354,
						0.564 -0.707 -0.426,
						0.500 -0.707 -0.500,
						0.476 -0.707 -0.523,
						0.372 -0.707 -0.601,
						0.354 -0.707 -0.612,
						0.255 -0.707 -0.659,
						0.183 -0.707 -0.683,
						0.130 -0.707 -0.695,
						-0.000 -0.707 -0.707,
						-0.130 -0.707 -0.695,
						-0.183 -0.707 -0.683,
						-0.255 -0.707 -0.659,
						-0.354 -0.707 -0.612,
						-0.372 -0.707 -0.601,
						-0.476 -0.707 -0.523,
						-0.500 -0.707 -0.500,
						-0.564 -0.707 -0.426,
						-0.612 -0.707 -0.354,
						-0.633 -0.707 -0.315,
						-0.683 -0.707 -0.183,
						-0.680 -0.707 -0.194
					]
				}
				normalIndex
				[
					0, 1, 1, -1,
					1, 1, 2, -1,
					1, 2, 3, -1,
					3, 2, 4, -1,
					3, 4, 5, -1,
					3, 5, 6, -1,
					6, 5, 7, -1,
					6, 7, 8, -1,
					8, 7, 9, -1,
					8, 9, 10, -1,
					8, 10, 11, -1,
					11, 10, 12, -1,
					11, 12, 13, -1,
					13, 12, 14, -1,
					13, 14, 15, -1,
					15, 14, 15, -1,
					15, 15, 16, -1,
					15, 16, 17, -1,
					17, 16, 18, -1,
					17, 18, 19, -1,
					19, 18, 20, -1,
					19, 20, 21, -1,
					19, 21, 22, -1,
					22, 21, 23, -1,
					22, 23, 24, -1,
					24, 23, 25, -1,
					24, 25, 26, -1,
					26, 25, 27, -1,
					26, 27, 28, -1,
					26, 28, 29, -1,
					29, 28, 29, -1,
					29, 29, 30, -1,
					29, 30, 31, -1,
					31, 30, 32, -1,
					31, 32, 33, -1,
					31, 33, 34, -1,
					34, 33, 35, -1,
					34, 35, 36, -1,
					36, 35, 37, -1,
					36, 37, 38, -1,
					36, 38, 39, -1,
					39, 38, 40, -1,
					39, 40, 41, -1,
					41, 40, 42, -1,
					41, 42, 43, -1,
					43, 42, 43, -1,
					43, 43, 44, -1,
					43, 44, 45, -1,
					45, 44, 46, -1,
					45, 46, 47, -1,
					47, 46, 48, -1,
					47, 48, 49, -1,
					47, 49, 50, -1,
					50, 49, 51, -1,
					50, 51, 52, -1,
					52, 51, 53, -1,
					52, 53, 54, -1,
					54, 53, 55, -1,
					54, 55, 0, -1,
					1, 54, 0, -1
				]
			}
		}
		Shape
		{
			appearance Appearance
			{
				material Material
				{
					diffuseColor 0.812 0.812 0.812
				}
			}
			geometry IndexedFaceSet
			{
				creaseAngle 0.5
				solid TRUE
				coord Coordinate
				{
					point
					[
						0.826 -1.090 3.880,
						0.819 -1.086 3.918,
						0.848 -1.143 3.880,
						0.848 -1.160 3.918,
						0.855 -1.200 3.880,
						0.848 -1.240 3.918,
						0.848 -1.257 3.880,
						0.819 -1.314 3.918,
						0.826 -1.310 3.880,
						0.791 -1.356 3.880,
						0.791 -1.044 3.880,
						0.766 -1.027 3.918,
						0.750 -1.048 3.990,
						0.687 -1.017 3.990,
						0.674 -1.064 4.049,
						0.622 -1.059 4.049,
						0.628 -1.125 4.087,
						0.601 -1.133 4.087,
						0.635 -1.200 4.100,
						0.745 -1.009 3.880,
						0.694 -0.992 3.918,
						0.617 -1.010 3.990,
						0.572 -1.073 4.049,
						0.579 -1.149 4.087,
						0.692 -0.987 3.880,
						0.635 -0.980 3.880,
						0.615 -0.984 3.918,
						0.578 -0.987 3.880,
						0.538 -1.006 3.918,
						0.525 -1.009 3.880,
						0.475 -1.054 3.918,
						0.479 -1.044 3.880,
						0.444 -1.090 3.880,
						0.433 -1.122 3.918,
						0.422 -1.143 3.880,
						0.418 -1.200 3.918,
						0.415 -1.200 3.880,
						0.422 -1.257 3.880,
						0.433 -1.278 3.918,
						0.444 -1.310 3.880,
						0.475 -1.346 3.918,
						0.479 -1.356 3.880,
						0.525 -1.391 3.880,
						0.538 -1.394 3.918,
						0.578 -1.413 3.880,
						0.615 -1.416 3.918,
						0.635 -1.420 3.880,
						0.694 -1.408 3.918,
						0.692 -1.413 3.880,
						0.745 -1.391 3.880,
						0.766 -1.373 3.918,
						0.656 -1.128 4.087,
						0.797 -1.100 3.990,
						0.822 -1.165 3.990,
						0.822 -1.235 3.990,
						0.797 -1.300 3.990,
						0.750 -1.352 3.990,
						0.687 -1.383 3.990,
						0.617 -1.390 3.990,
						0.550 -1.371 3.990,
						0.494 -1.328 3.990,
						0.457 -1.269 3.990,
						0.444 -1.200 3.990,
						0.457 -1.131 3.990,
						0.494 -1.072 3.990,
						0.550 -1.029 3.990,
						0.720 -1.087 4.049,
						0.755 -1.126 4.049,
						0.774 -1.174 4.049,
						0.774 -1.226 4.049,
						0.755 -1.274 4.049,
						0.720 -1.313 4.049,
						0.674 -1.336 4.049,
						0.622 -1.341 4.049,
						0.572 -1.327 4.049,
						0.530 -1.295 4.049,
						0.503 -1.251 4.049,
						0.494 -1.200 4.049,
						0.503 -1.149 4.049,
						0.530 -1.105 4.049,
						0.680 -1.140 4.087,
						0.699 -1.160 4.087,
						0.709 -1.186 4.087,
						0.709 -1.214 4.087,
						0.699 -1.240 4.087,
						0.680 -1.260 4.087,
						0.656 -1.272 4.087,
						0.628 -1.275 4.087,
						0.601 -1.267 4.087,
						0.579 -1.251 4.087,
						0.565 -1.227 4.087,
						0.560 -1.200 4.087,
						0.565 -1.173 4.087
					]
				}
				coordIndex
				[
					0, 1, 2, -1,
					2, 1, 3, -1,
					2, 3, 4, -1,
					4, 3, 5, -1,
					4, 5, 6, -1,
					6, 5, 7, -1,
					6, 7, 8, -1,
					8, 7, 9, -1,
					0, 10, 1, -1,
					1, 10, 11, -1,
					1, 11, 12, -1,
					12, 11, 13, -1,
					12, 13, 14, -1,
					14, 13, 15, -1,
					14, 15, 16, -1,
					16, 15, 17, -1,
					16, 17, 18, -1,
					10, 19, 11, -1,
					11, 19, 20, -1,
					11, 20, 13, -1,
					13, 20, 21, -1,
					13, 21, 15, -1,
					15, 21, 22, -1,
					15, 22, 17, -1,
					17, 22, 23, -1,
					17, 23, 18, -1,
					19, 24, 20, -1,
					20, 24, 25, -1,
					20, 25, 26, -1,
					26, 25, 27, -1,
					26, 27, 28, -1,
					28, 27, 29, -1,
					28, 29, 30, -1,
					30, 29, 31, -1,
					30, 31, 32, -1,
					30, 32, 33, -1,
					33, 32, 34, -1,
					33, 34, 35, -1,
					35, 34, 36, -1,
					35, 36, 37, -1,
					35, 37, 38, -1,
					38, 37, 39, -1,
					38, 39, 40, -1,
					40, 39, 41, -1,
					40, 41, 42, -1,
					40, 42, 43, -1,
					43, 42, 44, -1,
					43, 44, 45, -1,
					45, 44, 46, -1,
					45, 46, 47, -1,
					47, 46, 48, -1,
					47, 48, 49, -1,
					47, 49, 50, -1,
					50, 49, 9, -1,
					50, 9, 7, -1,
					16, 18, 51, -1,
					1, 52, 3, -1,
					3, 52, 53, -1,
					3, 53, 5, -1,
					5, 53, 54, -1,
					5, 54, 7, -1,
					7, 54, 55, -1,
					7, 55, 50, -1,
					50, 55, 56, -1,
					50, 56, 47, -1,
					47, 56, 57, -1,
					47, 57, 45, -1,
					45, 57, 58, -1,
					45, 58, 43, -1,
					43, 58, 59, -1,
					43, 59, 40, -1,
					40, 59, 60, -1,
					40, 60, 38, -1,
					38, 60, 61, -1,
					38, 61, 35, -1,
					35, 61, 62, -1,
					35, 62, 33, -1,
					33, 62, 63, -1,
					33, 63, 30, -1,
					30, 63, 64, -1,
					30, 64, 28, -1,
					28, 64, 65, -1,
					28, 65, 26, -1,
					26, 65, 21, -1,
					26, 21, 20, -1,
					12, 66, 52, -1,
					52, 66, 67, -1,
					52, 67, 53, -1,
					53, 67, 68, -1,
					53, 68, 54, -1,
					54, 68, 69, -1,
					54, 69, 55, -1,
					55, 69, 70, -1,
					55, 70, 56, -1,
					56, 70, 71, -1,
					56, 71, 57, -1,
					57, 71, 72, -1,
					57, 72, 58, -1,
					58, 72, 73, -1,
					58, 73, 59, -1,
					59, 73, 74, -1,
					59, 74, 60, -1,
					60, 74, 75, -1,
					60, 75, 61, -1,
					61, 75, 76, -1,
					61, 76, 62, -1,
					62, 76, 77, -1,
					62, 77, 63, -1,
					63, 77, 78, -1,
					63, 78, 64, -1,
					64, 78, 79, -1,
					64, 79, 65, -1,
					65, 79, 22, -1,
					65, 22, 21, -1,
					14, 51, 66, -1,
					66, 51, 80, -1,
					66, 80, 67, -1,
					67, 80, 81, -1,
					67, 81, 68, -1,
					68, 81, 82, -1,
					68, 82, 69, -1,
					69, 82, 83, -1,
					69, 83, 70, -1,
					70, 83, 84, -1,
					70, 84, 71, -1,
					71, 84, 85, -1,
					71, 85, 72, -1,
					72, 85, 86, -1,
					72, 86, 73, -1,
					73, 86, 87, -1,
					73, 87, 74, -1,
					74, 87, 88, -1,
					74, 88, 75, -1,
					75, 88, 89, -1,
					75, 89, 76, -1,
					76, 89, 90, -1,
					76, 90, 77, -1,
					77, 90, 91, -1,
					77, 91, 78, -1,
					78, 91, 92, -1,
					78, 92, 79, -1,
					79, 92, 23, -1,
					79, 23, 22, -1,
					91, 18, 92, -1,
					82, 18, 83, -1,
					83, 18, 84, -1,
					52, 1, 12, -1,
					81, 18, 82, -1,
					66, 12, 14, -1,
					80, 18, 81, -1,
					51, 18, 80, -1,
					51, 14, 16, -1,
					92, 18, 23, -1,
					90, 18, 91, -1,
					89, 18, 90, -1,
					88, 18, 89, -1,
					87, 18, 88, -1,
					86, 18, 87, -1,
					85, 18, 86, -1,
					84, 18, 85, -1
				]
				normal Normal
				{
					vector
					[
						0.866 0.500 -0.000,
						0.837 0.518 0.174,
						0.966 0.259 -0.000,
						0.968 0.181 0.174,
						1.000 -0.000 -0.000,
						0.968 -0.181 0.174,
						0.966 -0.259 -0.000,
						0.837 -0.518 0.174,
						0.866 -0.500 -0.000,
						0.707 -0.707 -0.000,
						0.707 0.707 -0.000,
						0.593 0.786 0.174,
						0.522 0.691 0.500,
						0.237 0.833 0.500,
						0.176 0.618 0.766,
						-0.059 0.640 0.766,
						-0.032 0.341 0.940,
						-0.152 0.306 0.940,
						-0.000 -0.000 1.000,
						0.500 0.866 -0.000,
						0.270 0.947 0.174,
						-0.080 0.862 0.500,
						-0.287 0.575 0.766,
						-0.253 0.230 0.940,
						0.259 0.966 -0.000,
						0.000 1.000 -0.000,
						-0.091 0.981 0.174,
						-0.259 0.966 -0.000,
						-0.439 0.882 0.174,
						-0.500 0.866 -0.000,
						-0.728 0.663 0.174,
						-0.707 0.707 -0.000,
						-0.866 0.500 -0.000,
						-0.918 0.356 0.174,
						-0.966 0.259 -0.000,
						-0.985 0.000 0.174,
						-1.000 -0.000 -0.000,
						-0.966 -0.259 -0.000,
						-0.918 -0.356 0.174,
						-0.866 -0.500 -0.000,
						-0.728 -0.663 0.174,
						-0.707 -0.707 -0.000,
						-0.500 -0.866 -0.000,
						-0.439 -0.882 0.174,
						-0.259 -0.966 -0.000,
						-0.091 -0.981 0.174,
						0.000 -1.000 -0.000,
						0.270 -0.947 0.174,
						0.259 -0.966 -0.000,
						0.500 -0.866 -0.000,
						0.593 -0.786 0.174,
						0.094 0.329 0.940,
						0.736 0.456 0.500,
						0.851 0.159 0.500,
						0.851 -0.159 0.500,
						0.736 -0.456 0.500,
						0.522 -0.691 0.500,
						0.237 -0.833 0.500,
						-0.080 -0.862 0.500,
						-0.386 -0.775 0.500,
						-0.640 -0.583 0.500,
						-0.808 -0.313 0.500,
						-0.866 0.000 0.500,
						-0.808 0.313 0.500,
						-0.640 0.583 0.500,
						-0.386 0.775 0.500,
						0.387 0.513 0.766,
						0.547 0.338 0.766,
						0.632 0.118 0.766,
						0.632 -0.118 0.766,
						0.547 -0.338 0.766,
						0.387 -0.513 0.766,
						0.176 -0.618 0.766,
						-0.059 -0.640 0.766,
						-0.287 -0.575 0.766,
						-0.475 -0.433 0.766,
						-0.599 -0.232 0.766,
						-0.643 0.000 0.766,
						-0.599 0.232 0.766,
						-0.475 0.433 0.766,
						0.206 0.273 0.940,
						0.291 0.180 0.940,
						0.336 0.063 0.940,
						0.336 -0.063 0.940,
						0.291 -0.180 0.940,
						0.206 -0.273 0.940,
						0.094 -0.329 0.940,
						-0.032 -0.341 0.940,
						-0.152 -0.306 0.940,
						-0.253 -0.230 0.940,
						-0.319 -0.124 0.940,
						-0.342 -0.000 0.940,
						-0.319 0.124 0.940
					]
				}
				normalIndex
				[
					0, 1, 2, -1,
					2, 1, 3, -1,
					2, 3, 4, -1,
					4, 3, 5, -1,
					4, 5, 6, -1,
					6, 5, 7, -1,
					6, 7, 8, -1,
					8, 7, 9, -1,
					0, 10, 1, -1,
					1, 10, 11, -1,
					1, 11, 12, -1,
					12, 11, 13, -1,
					12, 13, 14, -1,
					14, 13, 15, -1,
					14, 15, 16, -1,
					16, 15, 17, -1,
					16, 17, 18, -1,
					10, 19, 11, -1,
					11, 19, 20, -1,
					11, 20, 13, -1,
					13, 20, 21, -1,
					13, 21, 15, -1,
					15, 21, 22, -1,
					15, 22, 17, -1,
					17, 22, 23, -1,
					17, 23, 18, -1,
					19, 24, 20, -1,
					20, 24, 25, -1,
					20, 25, 26, -1,
					26, 25, 27, -1,
					26, 27, 28, -1,
					28, 27, 29, -1,
					28, 29, 30, -1,
					30, 29, 31, -1,
					30, 31, 32, -1,
					30, 32, 33, -1,
					33, 32, 34, -1,
					33, 34, 35, -1,
					35, 34, 36, -1,
					35, 36, 37, -1,
					35, 37, 38, -1,
					38, 37, 39, -1,
					38, 39, 40, -1,
					40, 39, 41, -1,
					40, 41, 42, -1,
					40, 42, 43, -1,
					43, 42, 44, -1,
					43, 44, 45, -1,
					45, 44, 46, -1,
					45, 46, 47, -1,
					47, 46, 48, -1,
					47, 48, 49, -1,
					47, 49, 50, -1,
					50, 49, 9, -1,
					50, 9, 7, -1,
					16, 18, 51, -1,
					1, 52, 3, -1,
					3, 52, 53, -1,
					3, 53, 5, -1,
					5, 53, 54, -1,
					5, 54, 7, -1,
					7, 54, 55, -1,
					7, 55, 50, -1,
					50, 55, 56, -1,
					50, 56, 47, -1,
					47, 56, 57, -1,
					47, 57, 45, -1,
					45, 57, 58, -1,
					45, 58, 43, -1,
					43, 58, 59, -1,
					43, 59, 40, -1,
					40, 59, 60, -1,
					40, 60, 38, -1,
					38, 60, 61, -1,
					38, 61, 35, -1,
					35, 61, 62, -1,
					35, 62, 33, -1,
					33, 62, 63, -1,
					33, 63, 30, -1,
					30, 63, 64, -1,
					30, 64, 28, -1,
					28, 64, 65, -1,
					28, 65, 26, -1,
					26, 65, 21, -1,
					26, 21, 20, -1,
					12, 66, 52, -1,
					52, 66, 67, -1,
					52, 67, 53, -1,
					53, 67, 68, -1,
					53, 68, 54, -1,
					54, 68, 69, -1,
					54, 69, 55, -1,
					55, 69, 70, -1,
					55, 70, 56, -1,
					56, 70, 71, -1,
					56, 71, 57, -1,
					57, 71, 72, -1,
					57, 72, 58, -1,
					58, 72, 73, -1,
					58, 73, 59, -1,
					59, 73, 74, -1,
					59, 74, 60, -1,
					60, 74, 75, -1,
					60, 75, 61, -1,
					61, 75, 76, -1,
					61, 76, 62, -1,
					62, 76, 77, -1,
					62, 77, 63, -1,
					63, 77, 78, -1,
					63, 78, 64, -1,
					64, 78, 79, -1,
					64, 79, 65, -1,
					65, 79, 22, -1,
					65, 22, 21, -1,
					14, 51, 66, -1,
					66, 51, 80, -1,
					66, 80, 67, -1,
					67, 80, 81, -1,
					67, 81, 68, -1,
					68, 81, 82, -1,
					68, 82, 69, -1,
					69, 82, 83, -1,
					69, 83, 70, -1,
					70, 83, 84, -1,
					70, 84, 71, -1,
					71, 84, 85, -1,
					71, 85, 72, -1,
					72, 85, 86, -1,
					72, 86, 73, -1,
					73, 86, 87, -1,
					73, 87, 74, -1,
					74, 87, 88, -1,
					74, 88, 75, -1,
					75, 88, 89, -1,
					75, 89, 76, -1,
					76, 89, 90, -1,
					76, 90, 77, -1,
					77, 90, 91, -1,
					77, 91, 78, -1,
					78, 91, 92, -1,
					78, 92, 79, -1,
					79, 92, 23, -1,
					79, 23, 22, -1,
					91, 18, 92, -1,
					82, 18, 83, -1,
					83, 18, 84, -1,
					52, 1, 12, -1,
					81, 18, 82, -1,
					66, 12, 14, -1,
					80, 18, 81, -1,
					51, 18, 80, -1,
					51, 14, 16, -1,
					92, 18, 23, -1,
					90, 18, 91, -1,
					89, 18, 90, -1,
					88, 18, 89, -1,
					87, 18, 88, -1,
					86, 18, 87, -1,
					85, 18, 86, -1,
					84, 18, 85, -1
				]
			}
		}
		Shape
		{
			appearance Appearance
			{
				material Material
				{
					diffuseColor 0.812 0.812 0.812
				}
			}
			geometry IndexedFaceSet
			{
				creaseAngle 0.5
				solid TRUE
				coord Coordinate
				{
					point
					[
						0.675 -0.984 0.660,
						0.635 -0.980 0.660,
						0.635 -0.980 3.880,
						0.595 -0.984 0.660,
						0.578 -0.987 3.880,
						0.556 -0.995 0.660,
						0.525 -1.009 3.880,
						0.519 -1.013 0.660,
						0.487 -1.037 0.660,
						0.479 -1.044 3.880,
						0.459 -1.067 0.660,
						0.444 -1.090 3.880,
						0.438 -1.102 0.660,
						0.422 -1.143 3.880,
						0.423 -1.140 0.660,
						0.416 -1.180 0.660,
						0.415 -1.200 3.880,
						0.416 -1.220 0.660,
						0.422 -1.257 3.880,
						0.423 -1.260 0.660,
						0.438 -1.298 0.660,
						0.444 -1.310 3.880,
						0.459 -1.333 0.660,
						0.479 -1.356 3.880,
						0.487 -1.363 0.660,
						0.519 -1.387 0.660,
						0.525 -1.391 3.880,
						0.556 -1.405 0.660,
						0.578 -1.413 3.880,
						0.595 -1.416 0.660,
						0.635 -1.420 3.880,
						0.635 -1.420 0.660,
						0.675 -1.416 0.660,
						0.692 -1.413 3.880,
						0.714 -1.405 0.660,
						0.745 -1.391 3.880,
						0.751 -1.387 0.660,
						0.783 -1.363 0.660,
						0.791 -1.356 3.880,
						0.811 -1.333 0.660,
						0.826 -1.310 3.880,
						0.832 -1.298 0.660,
						0.848 -1.257 3.880,
						0.847 -1.260 0.660,
						0.854 -1.220 0.660,
						0.855 -1.200 3.880,
						0.854 -1.180 0.660,
						0.848 -1.143 3.880,
						0.847 -1.140 0.660,
						0.832 -1.102 0.660,
						0.826 -1.090 3.880,
						0.811 -1.067 0.660,
						0.791 -1.044 3.880,
						0.783 -1.037 0.660,
						0.751 -1.013 0.660,
						0.745 -1.009 3.880,
						0.714 -0.995 0.660,
						0.692 -0.987 3.880
					]
				}
				coordIndex
				[
					0, 1, 2, -1,
					2, 1, 3, -1,
					2, 3, 4, -1,
					4, 3, 5, -1,
					4, 5, 6, -1,
					6, 5, 7, -1,
					6, 7, 8, -1,
					6, 8, 9, -1,
					9, 8, 10, -1,
					9, 10, 11, -1,
					11, 10, 12, -1,
					11, 12, 13, -1,
					13, 12, 14, -1,
					13, 14, 15, -1,
					13, 15, 16, -1,
					16, 15, 17, -1,
					16, 17, 18, -1,
					18, 17, 19, -1,
					18, 19, 20, -1,
					18, 20, 21, -1,
					21, 20, 22, -1,
					21, 22, 23, -1,
					23, 22, 24, -1,
					23, 24, 25, -1,
					23, 25, 26, -1,
					26, 25, 27, -1,
					26, 27, 28, -1,
					28, 27, 29, -1,
					28, 29, 30, -1,
					30, 29, 31, -1,
					30, 31, 32, -1,
					30, 32, 33, -1,
					33, 32, 34, -1,
					33, 34, 35, -1,
					35, 34, 36, -1,
					35, 36, 37, -1,
					35, 37, 38, -1,
					38, 37, 39, -1,
					38, 39, 40, -1,
					40, 39, 41, -1,
					40, 41, 42, -1,
					42, 41, 43, -1,
					42, 43, 44, -1,
					42, 44, 45, -1,
					45, 44, 46, -1,
					45, 46, 47, -1,
					47, 46, 48, -1,
					47, 48, 49, -1,
					47, 49, 50, -1,
					50, 49, 51, -1,
					50, 51, 52, -1,
					52, 51, 53, -1,
					52, 53, 54, -1,
					52, 54, 55, -1,
					55, 54, 56, -1,
					55, 56, 57, -1,
					57, 56, 0, -1,
					57, 0, 2, -1
				]
				normal Normal
				{
					vector
					[
						0.184 0.983 -0.000,
						0.000 1.000 0.000,
						-0.184 0.983 0.000,
						-0.259 0.966 -0.000,
						-0.361 0.932 0.000,
						-0.500 0.866 0.000,
						-0.526 0.850 -0.000,
						-0.674 0.739 0.000,
						-0.707 0.707 0.000,
						-0.798 0.603 0.000,
						-0.866 0.500 -0.000,
						-0.895 0.446 0.000,
						-0.966 0.259 0.000,
						-0.962 0.274 -0.000,
						-0.996 0.092 -0.000,
						-1.000 -0.000 0.000,
						-0.996 -0.092 0.000,
						-0.966 -0.259 0.000,
						-0.962 -0.274 0.000,
						-0.895 -0.446 0.000,
						-0.866 -0.500 0.000,
						-0.798 -0.603 0.000,
						-0.707 -0.707 0.000,
						-0.674 -0.739 0.000,
						-0.526 -0.850 0.000,
						-0.500 -0.866 0.000,
						-0.361 -0.932 0.000,
						-0.259 -0.966 0.000,
						-0.184 -0.983 0.000,
						0.000 -1.000 0.000,
						0.184 -0.983 0.000,
						0.259 -0.966 0.000,
						0.361 -0.932 0.000,
						0.500 -0.866 0.000,
						0.526 -0.850 0.000,
						0.674 -0.739 0.000,
						0.707 -0.707 -0.000,
						0.798 -0.603 0.000,
						0.866 -0.500 -0.000,
						0.895 -0.446 -0.000,
						0.966 -0.259 0.000,
						0.962 -0.274 -0.000,
						0.996 -0.092 0.000,
						1.000 -0.000 -0.000,
						0.996 0.092 0.000,
						0.966 0.259 0.000,
						0.962 0.274 0.000,
						0.895 0.446 0.000,
						0.866 0.500 0.000,
						0.798 0.603 0.000,
						0.707 0.707 0.000,
						0.674 0.739 0.000,
						0.526 0.850 0.000,
						0.500 0.866 -0.000,
						0.361 0.932 0.000,
						0.259 0.966 0.000
					]
				}
				normalIndex
				[
					0, 1, 1, -1,
					1, 1, 2, -1,
					1, 2, 3, -1,
					3, 2, 4, -1,
					3, 4, 5, -1,
					5, 4, 6, -1,
					5, 6, 7, -1,
					5, 7, 8, -1,
					8, 7, 9, -1,
					8, 9, 10, -1,
					10, 9, 11, -1,
					10, 11, 12, -1,
					12, 11, 13, -1,
					12, 13, 14, -1,
					12, 14, 15, -1,
					15, 14, 16, -1,
					15, 16, 17, -1,
					17, 16, 18, -1,
					17, 18, 19, -1,
					17, 19, 20, -1,
					20, 19, 21, -1,
					20, 21, 22, -1,
					22, 21, 23, -1,
					22, 23, 24, -1,
					22, 24, 25, -1,
					25, 24, 26, -1,
					25, 26, 27, -1,
					27, 26, 28, -1,
					27, 28, 29, -1,
					29, 28, 29, -1,
					29, 29, 30, -1,
					29, 30, 31, -1,
					31, 30, 32, -1,
					31, 32, 33, -1,
					33, 32, 34, -1,
					33, 34, 35, -1,
					33, 35, 36, -1,
					36, 35, 37, -1,
					36, 37, 38, -1,
					38, 37, 39, -1,
					38, 39, 40, -1,
					40, 39, 41, -1,
					40, 41, 42, -1,
					40, 42, 43, -1,
					43, 42, 44, -1,
					43, 44, 45, -1,
					45, 44, 46, -1,
					45, 46, 47, -1,
					45, 47, 48, -1,
					48, 47, 49, -1,
					48, 49, 50, -1,
					50, 49, 51, -1,
					50, 51, 52, -1,
					50, 52, 53, -1,
					53, 52, 54, -1,
					53, 54, 55, -1,
					55, 54, 0, -1,
					55, 0, 1, -1
				]
			}
		}
		Shape
		{
			appearance Appearance
			{
				material Material
				{
					diffuseColor 0.812 0.812 0.812
				}
			}
			geometry IndexedFaceSet
			{
				creaseAngle 0.5
				solid TRUE
				coord Coordinate
				{
					point
					[
						0.416 -0.540 0.020,
						0.415 -0.540 0.000,
						0.416 -0.584 0.022,
						0.417 -0.540 -0.030,
						0.423 -0.589 -0.059,
						0.423 -0.540 -0.060,
						0.438 -0.540 -0.098,
						0.459 -0.594 -0.131,
						0.459 -0.540 -0.133,
						0.487 -0.540 -0.163,
						0.519 -0.598 -0.185,
						0.519 -0.540 -0.187,
						0.556 -0.540 -0.205,
						0.595 -0.600 -0.214,
						0.595 -0.540 -0.216,
						0.635 -0.540 -0.220,
						0.675 -0.600 -0.214,
						0.675 -0.540 -0.216,
						0.714 -0.540 -0.205,
						0.751 -0.598 -0.185,
						0.751 -0.540 -0.187,
						0.783 -0.540 -0.163,
						0.811 -0.594 -0.131,
						0.811 -0.540 -0.133,
						0.832 -0.540 -0.098,
						0.847 -0.589 -0.059,
						0.847 -0.540 -0.060,
						0.853 -0.540 -0.030,
						0.854 -0.584 0.022,
						0.855 -0.540 0.000,
						0.854 -0.540 0.020,
						0.847 -0.540 0.060,
						0.832 -0.578 0.099,
						0.854 -0.754 0.057,
						0.832 -0.728 0.131,
						0.854 -0.909 0.137,
						0.832 -0.864 0.201,
						0.854 -1.036 0.256,
						0.832 -0.976 0.305,
						0.854 -1.127 0.405,
						0.832 -1.055 0.436,
						0.854 -1.174 0.573,
						0.832 -1.097 0.583,
						0.847 -1.140 0.660,
						0.832 -1.102 0.660,
						0.832 -0.540 0.098,
						0.811 -0.540 0.133,
						0.783 -0.574 0.164,
						0.783 -0.540 0.163,
						0.751 -0.540 0.187,
						0.714 -0.571 0.206,
						0.714 -0.540 0.205,
						0.675 -0.540 0.216,
						0.635 -0.570 0.221,
						0.635 -0.540 0.220,
						0.595 -0.540 0.216,
						0.556 -0.571 0.206,
						0.556 -0.540 0.205,
						0.519 -0.540 0.187,
						0.487 -0.574 0.164,
						0.487 -0.540 0.163,
						0.459 -0.540 0.133,
						0.438 -0.578 0.099,
						0.438 -0.540 0.098,
						0.423 -0.540 0.060,
						0.595 -0.984 0.660,
						0.635 -0.980 0.660,
						0.635 -0.976 0.600,
						0.675 -0.984 0.660,
						0.714 -0.991 0.598,
						0.714 -0.995 0.660,
						0.751 -1.013 0.660,
						0.783 -1.033 0.592,
						0.783 -1.037 0.660,
						0.811 -1.067 0.660,
						0.854 -1.180 0.660,
						0.854 -1.220 0.660,
						0.847 -1.253 0.562,
						0.847 -1.260 0.660,
						0.832 -1.298 0.660,
						0.811 -1.325 0.552,
						0.811 -1.333 0.660,
						0.783 -1.363 0.660,
						0.751 -1.379 0.545,
						0.751 -1.387 0.660,
						0.714 -1.405 0.660,
						0.675 -1.408 0.541,
						0.675 -1.416 0.660,
						0.635 -1.420 0.660,
						0.595 -1.408 0.541,
						0.595 -1.416 0.660,
						0.556 -1.405 0.660,
						0.519 -1.379 0.545,
						0.519 -1.387 0.660,
						0.487 -1.363 0.660,
						0.459 -1.325 0.552,
						0.459 -1.333 0.660,
						0.438 -1.298 0.660,
						0.423 -1.253 0.562,
						0.423 -1.260 0.660,
						0.416 -1.220 0.660,
						0.416 -1.174 0.573,
						0.416 -1.180 0.660,
						0.423 -1.140 0.660,
						0.438 -1.097 0.583,
						0.438 -1.102 0.660,
						0.459 -1.067 0.660,
						0.487 -1.033 0.592,
						0.487 -1.037 0.660,
						0.519 -1.013 0.660,
						0.556 -0.991 0.598,
						0.556 -0.995 0.660,
						0.635 -0.687 0.245,
						0.714 -0.692 0.231,
						0.714 -0.802 0.288,
						0.783 -0.827 0.254,
						0.783 -0.926 0.346,
						0.556 -0.692 0.231,
						0.635 -0.794 0.301,
						0.714 -0.893 0.373,
						0.783 -0.996 0.462,
						0.487 -0.707 0.191,
						0.556 -0.802 0.288,
						0.635 -0.881 0.382,
						0.714 -0.957 0.479,
						0.438 -0.728 0.131,
						0.487 -0.827 0.254,
						0.556 -0.893 0.373,
						0.635 -0.944 0.485,
						0.556 -0.957 0.479,
						0.487 -0.996 0.462,
						0.438 -1.055 0.436,
						0.416 -1.127 0.405,
						0.423 -1.201 0.373,
						0.459 -1.267 0.344,
						0.519 -1.317 0.323,
						0.595 -1.344 0.311,
						0.675 -1.344 0.311,
						0.751 -1.317 0.323,
						0.811 -1.267 0.344,
						0.847 -1.201 0.373,
						0.783 -0.707 0.191,
						0.847 -0.781 -0.019,
						0.847 -0.955 0.072,
						0.847 -1.099 0.205,
						0.811 -0.805 -0.087,
						0.811 -0.997 0.012,
						0.811 -1.155 0.160,
						0.751 -0.824 -0.138,
						0.751 -1.028 -0.032,
						0.751 -1.197 0.125,
						0.675 -0.833 -0.166,
						0.675 -1.045 -0.056,
						0.675 -1.220 0.107,
						0.595 -0.833 -0.166,
						0.595 -1.045 -0.056,
						0.595 -1.220 0.107,
						0.519 -0.824 -0.138,
						0.519 -1.028 -0.032,
						0.519 -1.197 0.125,
						0.459 -0.805 -0.087,
						0.459 -0.997 0.012,
						0.459 -1.155 0.160,
						0.423 -0.781 -0.019,
						0.423 -0.955 0.072,
						0.423 -1.099 0.205,
						0.416 -0.754 0.057,
						0.416 -0.909 0.137,
						0.416 -1.036 0.256,
						0.438 -0.864 0.201,
						0.438 -0.976 0.305,
						0.487 -0.926 0.346
					]
				}
				coordIndex
				[
					0, 1, 2, -1,
					2, 1, 3, -1,
					2, 3, 4, -1,
					4, 3, 5, -1,
					4, 5, 6, -1,
					4, 6, 7, -1,
					7, 6, 8, -1,
					7, 8, 9, -1,
					7, 9, 10, -1,
					10, 9, 11, -1,
					10, 11, 12, -1,
					10, 12, 13, -1,
					13, 12, 14, -1,
					13, 14, 15, -1,
					13, 15, 16, -1,
					16, 15, 17, -1,
					16, 17, 18, -1,
					16, 18, 19, -1,
					19, 18, 20, -1,
					19, 20, 21, -1,
					19, 21, 22, -1,
					22, 21, 23, -1,
					22, 23, 24, -1,
					22, 24, 25, -1,
					25, 24, 26, -1,
					25, 26, 27, -1,
					25, 27, 28, -1,
					28, 27, 29, -1,
					28, 29, 30, -1,
					30, 31, 28, -1,
					28, 31, 32, -1,
					28, 32, 33, -1,
					33, 32, 34, -1,
					33, 34, 35, -1,
					35, 34, 36, -1,
					35, 36, 37, -1,
					37, 36, 38, -1,
					37, 38, 39, -1,
					39, 38, 40, -1,
					39, 40, 41, -1,
					41, 40, 42, -1,
					41, 42, 43, -1,
					43, 42, 44, -1,
					31, 45, 32, -1,
					32, 45, 46, -1,
					32, 46, 47, -1,
					47, 46, 48, -1,
					47, 48, 49, -1,
					47, 49, 50, -1,
					50, 49, 51, -1,
					50, 51, 52, -1,
					50, 52, 53, -1,
					53, 52, 54, -1,
					53, 54, 55, -1,
					53, 55, 56, -1,
					56, 55, 57, -1,
					56, 57, 58, -1,
					56, 58, 59, -1,
					59, 58, 60, -1,
					59, 60, 61, -1,
					59, 61, 62, -1,
					62, 61, 63, -1,
					62, 63, 64, -1,
					62, 64, 2, -1,
					2, 64, 0, -1,
					65, 66, 67, -1,
					67, 66, 68, -1,
					67, 68, 69, -1,
					69, 68, 70, -1,
					69, 70, 71, -1,
					69, 71, 72, -1,
					72, 71, 73, -1,
					72, 73, 74, -1,
					72, 74, 42, -1,
					42, 74, 44, -1,
					43, 75, 41, -1,
					41, 75, 76, -1,
					41, 76, 77, -1,
					77, 76, 78, -1,
					77, 78, 79, -1,
					77, 79, 80, -1,
					80, 79, 81, -1,
					80, 81, 82, -1,
					80, 82, 83, -1,
					83, 82, 84, -1,
					83, 84, 85, -1,
					83, 85, 86, -1,
					86, 85, 87, -1,
					86, 87, 88, -1,
					86, 88, 89, -1,
					89, 88, 90, -1,
					89, 90, 91, -1,
					89, 91, 92, -1,
					92, 91, 93, -1,
					92, 93, 94, -1,
					92, 94, 95, -1,
					95, 94, 96, -1,
					95, 96, 97, -1,
					95, 97, 98, -1,
					98, 97, 99, -1,
					98, 99, 100, -1,
					98, 100, 101, -1,
					101, 100, 102, -1,
					101, 102, 103, -1,
					101, 103, 104, -1,
					104, 103, 105, -1,
					104, 105, 106, -1,
					104, 106, 107, -1,
					107, 106, 108, -1,
					107, 108, 109, -1,
					107, 109, 110, -1,
					110, 109, 111, -1,
					110, 111, 65, -1,
					53, 112, 113, -1,
					113, 112, 114, -1,
					113, 114, 115, -1,
					115, 114, 116, -1,
					115, 116, 38, -1,
					38, 116, 40, -1,
					56, 117, 112, -1,
					112, 117, 118, -1,
					112, 118, 114, -1,
					114, 118, 119, -1,
					114, 119, 116, -1,
					116, 119, 120, -1,
					116, 120, 40, -1,
					40, 120, 42, -1,
					112, 53, 56, -1,
					59, 121, 117, -1,
					117, 121, 122, -1,
					117, 122, 118, -1,
					118, 122, 123, -1,
					118, 123, 119, -1,
					119, 123, 124, -1,
					119, 124, 120, -1,
					120, 124, 72, -1,
					120, 72, 42, -1,
					62, 125, 121, -1,
					121, 125, 126, -1,
					121, 126, 122, -1,
					122, 126, 127, -1,
					122, 127, 123, -1,
					123, 127, 128, -1,
					123, 128, 124, -1,
					124, 128, 69, -1,
					124, 69, 72, -1,
					69, 128, 67, -1,
					67, 128, 129, -1,
					67, 129, 110, -1,
					110, 129, 130, -1,
					110, 130, 107, -1,
					107, 130, 131, -1,
					107, 131, 104, -1,
					104, 131, 132, -1,
					104, 132, 101, -1,
					101, 132, 133, -1,
					101, 133, 98, -1,
					98, 133, 134, -1,
					98, 134, 95, -1,
					95, 134, 135, -1,
					95, 135, 92, -1,
					92, 135, 136, -1,
					92, 136, 89, -1,
					89, 136, 137, -1,
					89, 137, 86, -1,
					86, 137, 138, -1,
					86, 138, 83, -1,
					83, 138, 139, -1,
					83, 139, 80, -1,
					80, 139, 140, -1,
					80, 140, 77, -1,
					77, 140, 39, -1,
					77, 39, 41, -1,
					67, 110, 65, -1,
					53, 113, 50, -1,
					50, 113, 141, -1,
					50, 141, 47, -1,
					47, 141, 34, -1,
					47, 34, 32, -1,
					25, 28, 142, -1,
					142, 28, 33, -1,
					142, 33, 143, -1,
					143, 33, 35, -1,
					143, 35, 144, -1,
					144, 35, 37, -1,
					144, 37, 140, -1,
					140, 37, 39, -1,
					22, 25, 145, -1,
					145, 25, 142, -1,
					145, 142, 146, -1,
					146, 142, 143, -1,
					146, 143, 147, -1,
					147, 143, 144, -1,
					147, 144, 139, -1,
					139, 144, 140, -1,
					19, 22, 148, -1,
					148, 22, 145, -1,
					148, 145, 149, -1,
					149, 145, 146, -1,
					149, 146, 150, -1,
					150, 146, 147, -1,
					150, 147, 138, -1,
					138, 147, 139, -1,
					16, 19, 151, -1,
					151, 19, 148, -1,
					151, 148, 152, -1,
					152, 148, 149, -1,
					152, 149, 153, -1,
					153, 149, 150, -1,
					153, 150, 137, -1,
					137, 150, 138, -1,
					13, 16, 154, -1,
					154, 16, 151, -1,
					154, 151, 155, -1,
					155, 151, 152, -1,
					155, 152, 156, -1,
					156, 152, 153, -1,
					156, 153, 136, -1,
					136, 153, 137, -1,
					10, 13, 157, -1,
					157, 13, 154, -1,
					157, 154, 158, -1,
					158, 154, 155, -1,
					158, 155, 159, -1,
					159, 155, 156, -1,
					159, 156, 135, -1,
					135, 156, 136, -1,
					7, 10, 160, -1,
					160, 10, 157, -1,
					160, 157, 161, -1,
					161, 157, 158, -1,
					161, 158, 162, -1,
					162, 158, 159, -1,
					162, 159, 134, -1,
					134, 159, 135, -1,
					4, 7, 163, -1,
					163, 7, 160, -1,
					163, 160, 164, -1,
					164, 160, 161, -1,
					164, 161, 165, -1,
					165, 161, 162, -1,
					165, 162, 133, -1,
					133, 162, 134, -1,
					2, 4, 166, -1,
					166, 4, 163, -1,
					166, 163, 167, -1,
					167, 163, 164, -1,
					167, 164, 168, -1,
					168, 164, 165, -1,
					168, 165, 132, -1,
					132, 165, 133, -1,
					62, 2, 125, -1,
					125, 2, 166, -1,
					125, 166, 169, -1,
					169, 166, 167, -1,
					169, 167, 170, -1,
					170, 167, 168, -1,
					170, 168, 131, -1,
					131, 168, 132, -1,
					59, 62, 121, -1,
					56, 59, 117, -1,
					113, 115, 141, -1,
					141, 115, 36, -1,
					141, 36, 34, -1,
					36, 115, 38, -1,
					125, 169, 126, -1,
					126, 169, 171, -1,
					126, 171, 127, -1,
					127, 171, 129, -1,
					127, 129, 128, -1,
					169, 170, 171, -1,
					171, 170, 130, -1,
					171, 130, 129, -1,
					131, 130, 170, -1
				]
				normal Normal
				{
					vector
					[
						-0.996 -0.000 0.092,
						-1.000 -0.000 0.000,
						-0.996 0.006 0.092,
						-0.990 0.000 -0.138,
						-0.962 -0.019 -0.273,
						-0.962 0.000 -0.274,
						-0.895 0.000 -0.446,
						-0.798 -0.041 -0.601,
						-0.798 0.000 -0.603,
						-0.674 0.000 -0.739,
						-0.526 -0.058 -0.848,
						-0.526 0.000 -0.850,
						-0.361 0.000 -0.932,
						-0.184 -0.067 -0.981,
						-0.184 0.000 -0.983,
						0.000 0.000 -1.000,
						0.184 -0.067 -0.981,
						0.184 0.000 -0.983,
						0.361 0.000 -0.932,
						0.526 -0.058 -0.848,
						0.526 0.000 -0.850,
						0.674 0.000 -0.739,
						0.798 -0.041 -0.601,
						0.798 0.000 -0.603,
						0.895 0.000 -0.446,
						0.962 -0.019 -0.273,
						0.962 0.000 -0.274,
						0.990 0.000 -0.138,
						0.996 0.006 0.092,
						1.000 0.000 0.000,
						0.996 -0.000 0.092,
						0.962 -0.000 0.274,
						0.895 0.030 0.445,
						0.996 0.031 0.087,
						0.895 0.149 0.420,
						0.996 0.053 0.075,
						0.895 0.257 0.364,
						0.996 0.072 0.058,
						0.895 0.346 0.281,
						0.996 0.085 0.037,
						0.895 0.409 0.178,
						0.996 0.091 0.013,
						0.895 0.442 0.061,
						0.962 0.274 0.000,
						0.895 0.446 0.000,
						0.895 -0.000 0.446,
						0.798 -0.000 0.603,
						0.674 0.050 0.737,
						0.674 -0.000 0.739,
						0.526 -0.000 0.850,
						0.361 0.064 0.930,
						0.361 -0.000 0.932,
						0.184 -0.000 0.983,
						0.000 0.068 0.998,
						-0.000 -0.000 1.000,
						-0.184 -0.000 0.983,
						-0.361 0.064 0.930,
						-0.361 -0.000 0.932,
						-0.526 -0.000 0.850,
						-0.674 0.050 0.737,
						-0.674 -0.000 0.739,
						-0.798 -0.000 0.603,
						-0.895 0.030 0.445,
						-0.895 -0.000 0.446,
						-0.962 -0.000 0.274,
						-0.184 0.983 -0.000,
						0.000 1.000 0.000,
						-0.000 0.991 0.136,
						0.184 0.983 0.000,
						0.361 0.924 0.127,
						0.361 0.932 0.000,
						0.526 0.850 0.000,
						0.674 0.732 0.101,
						0.674 0.739 0.000,
						0.798 0.603 0.000,
						0.996 0.092 0.000,
						0.996 -0.092 0.000,
						0.962 -0.271 -0.037,
						0.962 -0.274 0.000,
						0.895 -0.446 0.000,
						0.798 -0.597 -0.082,
						0.798 -0.603 0.000,
						0.674 -0.739 0.000,
						0.526 -0.842 -0.116,
						0.526 -0.850 0.000,
						0.361 -0.932 0.000,
						0.184 -0.974 -0.134,
						0.184 -0.983 0.000,
						-0.000 -1.000 -0.000,
						-0.184 -0.974 -0.134,
						-0.184 -0.983 -0.000,
						-0.361 -0.932 -0.000,
						-0.526 -0.842 -0.116,
						-0.526 -0.850 -0.000,
						-0.674 -0.739 -0.000,
						-0.798 -0.597 -0.082,
						-0.798 -0.603 -0.000,
						-0.895 -0.446 -0.000,
						-0.962 -0.271 -0.037,
						-0.962 -0.274 -0.000,
						-0.996 -0.092 -0.000,
						-0.996 0.091 0.013,
						-0.996 0.092 -0.000,
						-0.962 0.274 -0.000,
						-0.895 0.442 0.061,
						-0.895 0.446 -0.000,
						-0.798 0.603 -0.000,
						-0.674 0.732 0.101,
						-0.674 0.739 -0.000,
						-0.526 0.850 -0.000,
						-0.361 0.924 0.127,
						-0.361 0.932 -0.000,
						0.000 0.335 0.942,
						0.361 0.312 0.879,
						0.361 0.538 0.762,
						0.674 0.426 0.604,
						0.674 0.573 0.466,
						-0.361 0.312 0.879,
						0.000 0.577 0.817,
						0.361 0.723 0.588,
						0.674 0.678 0.294,
						-0.674 0.247 0.696,
						-0.361 0.538 0.762,
						0.000 0.776 0.631,
						0.361 0.855 0.371,
						-0.895 0.149 0.420,
						-0.674 0.426 0.604,
						-0.361 0.723 0.588,
						0.000 0.917 0.398,
						-0.361 0.855 0.371,
						-0.674 0.678 0.294,
						-0.895 0.409 0.178,
						-0.996 0.085 0.037,
						-0.962 -0.251 -0.109,
						-0.798 -0.553 -0.240,
						-0.526 -0.780 -0.339,
						-0.184 -0.902 -0.392,
						0.184 -0.902 -0.392,
						0.526 -0.780 -0.339,
						0.798 -0.553 -0.240,
						0.962 -0.251 -0.109,
						0.674 0.247 0.696,
						0.962 -0.092 -0.258,
						0.962 -0.158 -0.224,
						0.962 -0.212 -0.173,
						0.798 -0.202 -0.568,
						0.798 -0.348 -0.492,
						0.798 -0.467 -0.380,
						0.526 -0.285 -0.801,
						0.526 -0.490 -0.695,
						0.526 -0.660 -0.537,
						0.184 -0.329 -0.926,
						0.184 -0.567 -0.803,
						0.184 -0.763 -0.620,
						-0.184 -0.329 -0.926,
						-0.184 -0.567 -0.803,
						-0.184 -0.763 -0.620,
						-0.526 -0.285 -0.801,
						-0.526 -0.490 -0.695,
						-0.526 -0.660 -0.537,
						-0.798 -0.202 -0.568,
						-0.798 -0.348 -0.492,
						-0.798 -0.467 -0.380,
						-0.962 -0.092 -0.258,
						-0.962 -0.158 -0.224,
						-0.962 -0.212 -0.173,
						-0.996 0.031 0.087,
						-0.996 0.053 0.075,
						-0.996 0.072 0.058,
						-0.895 0.257 0.364,
						-0.895 0.346 0.281,
						-0.674 0.573 0.466
					]
				}
				normalIndex
				[
					0, 1, 2, -1,
					2, 1, 3, -1,
					2, 3, 4, -1,
					4, 3, 5, -1,
					4, 5, 6, -1,
					4, 6, 7, -1,
					7, 6, 8, -1,
					7, 8, 9, -1,
					7, 9, 10, -1,
					10, 9, 11, -1,
					10, 11, 12, -1,
					10, 12, 13, -1,
					13, 12, 14, -1,
					13, 14, 15, -1,
					13, 15, 16, -1,
					16, 15, 17, -1,
					16, 17, 18, -1,
					16, 18, 19, -1,
					19, 18, 20, -1,
					19, 20, 21, -1,
					19, 21, 22, -1,
					22, 21, 23, -1,
					22, 23, 24, -1,
					22, 24, 25, -1,
					25, 24, 26, -1,
					25, 26, 27, -1,
					25, 27, 28, -1,
					28, 27, 29, -1,
					28, 29, 30, -1,
					30, 31, 28, -1,
					28, 31, 32, -1,
					28, 32, 33, -1,
					33, 32, 34, -1,
					33, 34, 35, -1,
					35, 34, 36, -1,
					35, 36, 37, -1,
					37, 36, 38, -1,
					37, 38, 39, -1,
					39, 38, 40, -1,
					39, 40, 41, -1,
					41, 40, 42, -1,
					41, 42, 43, -1,
					43, 42, 44, -1,
					31, 45, 32, -1,
					32, 45, 46, -1,
					32, 46, 47, -1,
					47, 46, 48, -1,
					47, 48, 49, -1,
					47, 49, 50, -1,
					50, 49, 51, -1,
					50, 51, 52, -1,
					50, 52, 53, -1,
					53, 52, 54, -1,
					53, 54, 55, -1,
					53, 55, 56, -1,
					56, 55, 57, -1,
					56, 57, 58, -1,
					56, 58, 59, -1,
					59, 58, 60, -1,
					59, 60, 61, -1,
					59, 61, 62, -1,
					62, 61, 63, -1,
					62, 63, 64, -1,
					62, 64, 2, -1,
					2, 64, 0, -1,
					65, 66, 67, -1,
					67, 66, 68, -1,
					67, 68, 69, -1,
					69, 68, 70, -1,
					69, 70, 71, -1,
					69, 71, 72, -1,
					72, 71, 73, -1,
					72, 73, 74, -1,
					72, 74, 42, -1,
					42, 74, 44, -1,
					43, 75, 41, -1,
					41, 75, 76, -1,
					41, 76, 77, -1,
					77, 76, 78, -1,
					77, 78, 79, -1,
					77, 79, 80, -1,
					80, 79, 81, -1,
					80, 81, 82, -1,
					80, 82, 83, -1,
					83, 82, 84, -1,
					83, 84, 85, -1,
					83, 85, 86, -1,
					86, 85, 87, -1,
					86, 87, 88, -1,
					86, 88, 89, -1,
					89, 88, 90, -1,
					89, 90, 91, -1,
					89, 91, 92, -1,
					92, 91, 93, -1,
					92, 93, 94, -1,
					92, 94, 95, -1,
					95, 94, 96, -1,
					95, 96, 97, -1,
					95, 97, 98, -1,
					98, 97, 99, -1,
					98, 99, 100, -1,
					98, 100, 101, -1,
					101, 100, 102, -1,
					101, 102, 103, -1,
					101, 103, 104, -1,
					104, 103, 105, -1,
					104, 105, 106, -1,
					104, 106, 107, -1,
					107, 106, 108, -1,
					107, 108, 109, -1,
					107, 109, 110, -1,
					110, 109, 111, -1,
					110, 111, 65, -1,
					53, 112, 113, -1,
					113, 112, 114, -1,
					113, 114, 115, -1,
					115, 114, 116, -1,
					115, 116, 38, -1,
					38, 116, 40, -1,
					56, 117, 112, -1,
					112, 117, 118, -1,
					112, 118, 114, -1,
					114, 118, 119, -1,
					114, 119, 116, -1,
					116, 119, 120, -1,
					116, 120, 40, -1,
					40, 120, 42, -1,
					112, 53, 56, -1,
					59, 121, 117, -1,
					117, 121, 122, -1,
					117, 122, 118, -1,
					118, 122, 123, -1,
					118, 123, 119, -1,
					119, 123, 124, -1,
					119, 124, 120, -1,
					120, 124, 72, -1,
					120, 72, 42, -1,
					62, 125, 121, -1,
					121, 125, 126, -1,
					121, 126, 122, -1,
					122, 126, 127, -1,
					122, 127, 123, -1,
					123, 127, 128, -1,
					123, 128, 124, -1,
					124, 128, 69, -1,
					124, 69, 72, -1,
					69, 128, 67, -1,
					67, 128, 129, -1,
					67, 129, 110, -1,
					110, 129, 130, -1,
					110, 130, 107, -1,
					107, 130, 131, -1,
					107, 131, 104, -1,
					104, 131, 132, -1,
					104, 132, 101, -1,
					101, 132, 133, -1,
					101, 133, 98, -1,
					98, 133, 134, -1,
					98, 134, 95, -1,
					95, 134, 135, -1,
					95, 135, 92, -1,
					92, 135, 136, -1,
					92, 136, 89, -1,
					89, 136, 137, -1,
					89, 137, 86, -1,
					86, 137, 138, -1,
					86, 138, 83, -1,
					83, 138, 139, -1,
					83, 139, 80, -1,
					80, 139, 140, -1,
					80, 140, 77, -1,
					77, 140, 39, -1,
					77, 39, 41, -1,
					67, 110, 65, -1,
					53, 113, 50, -1,
					50, 113, 141, -1,
					50, 141, 47, -1,
					47, 141, 34, -1,
					47, 34, 32, -1,
					25, 28, 142, -1,
					142, 28, 33, -1,
					142, 33, 143, -1,
					143, 33, 35, -1,
					143, 35, 144, -1,
					144, 35, 37, -1,
					144, 37, 140, -1,
					140, 37, 39, -1,
					22, 25, 145, -1,
					145, 25, 142, -1,
					145, 142, 146, -1,
					146, 142, 143, -1,
					146, 143, 147, -1,
					147, 143, 144, -1,
					147, 144, 139, -1,
					139, 144, 140, -1,
					19, 22, 148, -1,
					148, 22, 145, -1,
					148, 145, 149, -1,
					149, 145, 146, -1,
					149, 146, 150, -1,
					150, 146, 147, -1,
					150, 147, 138, -1,
					138, 147, 139, -1,
					16, 19, 151, -1,
					151, 19, 148, -1,
					151, 148, 152, -1,
					152, 148, 149, -1,
					152, 149, 153, -1,
					153, 149, 150, -1,
					153, 150, 137, -1,
					137, 150, 138, -1,
					13, 16, 154, -1,
					154, 16, 151, -1,
					154, 151, 155, -1,
					155, 151, 152, -1,
					155, 152, 156, -1,
					156, 152, 153, -1,
					156, 153, 136, -1,
					136, 153, 137, -1,
					10, 13, 157, -1,
					157, 13, 154, -1,
					157, 154, 158, -1,
					158, 154, 155, -1,
					158, 155, 159, -1,
					159, 155, 156, -1,
					159, 156, 135, -1,
					135, 156, 136, -1,
					7, 10, 160, -1,
					160, 10, 157, -1,
					160, 157, 161, -1,
					161, 157, 158, -1,
					161, 158, 162, -1,
					162, 158, 159, -1,
					162, 159, 134, -1,
					134, 159, 135, -1,
					4, 7, 163, -1,
					163, 7, 160, -1,
					163, 160, 164, -1,
					164, 160, 161, -1,
					164, 161, 165, -1,
					165, 161, 162, -1,
					165, 162, 133, -1,
					133, 162, 134, -1,
					2, 4, 166, -1,
					166, 4, 163, -1,
					166, 163, 167, -1,
					167, 163, 164, -1,
					167, 164, 168, -1,
					168, 164, 165, -1,
					168, 165, 132, -1,
					132, 165, 133, -1,
					62, 2, 125, -1,
					125, 2, 166, -1,
					125, 166, 169, -1,
					169, 166, 167, -1,
					169, 167, 170, -1,
					170, 167, 168, -1,
					170, 168, 131, -1,
					131, 168, 132, -1,
					59, 62, 121, -1,
					56, 59, 117, -1,
					113, 115, 141, -1,
					141, 115, 36, -1,
					141, 36, 34, -1,
					36, 115, 38, -1,
					125, 169, 126, -1,
					126, 169, 171, -1,
					126, 171, 127, -1,
					127, 171, 129, -1,
					127, 129, 128, -1,
					169, 170, 171, -1,
					171, 170, 130, -1,
					171, 130, 129, -1,
					131, 130, 170, -1
				]
			}
		}
		Shape
		{
			appearance Appearance
			{
				material Material
				{
					diffuseColor 0.812 0.812 0.812
				}
			}
			geometry IndexedFaceSet
			{
				creaseAngle 0.5
				solid TRUE
				coord Coordinate
				{
					point
					[
						0.416 0.059 -0.020,
						0.417 -0.540 -0.030,
						0.415 0.059 0.000,
						0.415 -0.540 0.000,
						0.416 -0.540 0.020,
						0.423 0.059 -0.060,
						0.423 -0.540 -0.060,
						0.438 -0.540 -0.098,
						0.438 0.059 -0.098,
						0.459 0.059 -0.133,
						0.487 0.059 -0.163,
						0.487 -0.540 -0.163,
						0.459 -0.540 -0.133,
						0.519 0.059 -0.187,
						0.519 -0.540 -0.187,
						0.556 -0.540 -0.205,
						0.556 0.059 -0.205,
						0.595 0.059 -0.216,
						0.635 0.059 -0.220,
						0.635 -0.540 -0.220,
						0.595 -0.540 -0.216,
						0.675 0.059 -0.216,
						0.675 -0.540 -0.216,
						0.714 -0.540 -0.205,
						0.714 0.059 -0.205,
						0.751 0.059 -0.187,
						0.783 0.059 -0.163,
						0.783 -0.540 -0.163,
						0.751 -0.540 -0.187,
						0.811 0.059 -0.133,
						0.811 -0.540 -0.133,
						0.832 -0.540 -0.098,
						0.832 0.059 -0.098,
						0.847 0.059 -0.060,
						0.847 0.059 0.060,
						0.847 -0.540 0.060,
						0.853 0.059 0.030,
						0.854 -0.540 0.020,
						0.855 0.059 0.000,
						0.855 -0.540 0.000,
						0.854 0.059 -0.020,
						0.853 -0.540 -0.030,
						0.847 -0.540 -0.060,
						0.832 0.059 0.098,
						0.832 -0.540 0.098,
						0.811 -0.540 0.133,
						0.811 0.059 0.133,
						0.783 0.059 0.163,
						0.751 0.059 0.187,
						0.751 -0.540 0.187,
						0.783 -0.540 0.163,
						0.714 0.059 0.205,
						0.714 -0.540 0.205,
						0.675 -0.540 0.216,
						0.675 0.059 0.216,
						0.635 0.059 0.220,
						0.595 0.059 0.216,
						0.595 -0.540 0.216,
						0.635 -0.540 0.220,
						0.556 0.059 0.205,
						0.556 -0.540 0.205,
						0.519 -0.540 0.187,
						0.519 0.059 0.187,
						0.487 0.059 0.163,
						0.459 0.059 0.133,
						0.459 -0.540 0.133,
						0.487 -0.540 0.163,
						0.438 0.059 0.098,
						0.438 -0.540 0.098,
						0.423 -0.540 0.060,
						0.423 0.059 0.060,
						0.417 0.059 0.030
					]
				}
				coordIndex
				[
					0, 1, 2, -1,
					2, 1, 3, -1,
					2, 3, 4, -1,
					0, 5, 1, -1,
					1, 5, 6, -1,
					6, 5, 7, -1,
					7, 5, 8, -1,
					7, 8, 9, -1,
					10, 11, 9, -1,
					9, 11, 12, -1,
					9, 12, 7, -1,
					10, 13, 11, -1,
					11, 13, 14, -1,
					14, 13, 15, -1,
					15, 13, 16, -1,
					15, 16, 17, -1,
					18, 19, 17, -1,
					17, 19, 20, -1,
					17, 20, 15, -1,
					18, 21, 19, -1,
					19, 21, 22, -1,
					22, 21, 23, -1,
					23, 21, 24, -1,
					23, 24, 25, -1,
					26, 27, 25, -1,
					25, 27, 28, -1,
					25, 28, 23, -1,
					26, 29, 27, -1,
					27, 29, 30, -1,
					30, 29, 31, -1,
					31, 29, 32, -1,
					31, 32, 33, -1,
					34, 35, 36, -1,
					36, 35, 37, -1,
					36, 37, 38, -1,
					38, 37, 39, -1,
					38, 39, 40, -1,
					40, 39, 41, -1,
					40, 41, 33, -1,
					33, 41, 42, -1,
					33, 42, 31, -1,
					34, 43, 35, -1,
					35, 43, 44, -1,
					44, 43, 45, -1,
					45, 43, 46, -1,
					45, 46, 47, -1,
					48, 49, 47, -1,
					47, 49, 50, -1,
					47, 50, 45, -1,
					48, 51, 49, -1,
					49, 51, 52, -1,
					52, 51, 53, -1,
					53, 51, 54, -1,
					53, 54, 55, -1,
					56, 57, 55, -1,
					55, 57, 58, -1,
					55, 58, 53, -1,
					56, 59, 57, -1,
					57, 59, 60, -1,
					60, 59, 61, -1,
					61, 59, 62, -1,
					61, 62, 63, -1,
					64, 65, 63, -1,
					63, 65, 66, -1,
					63, 66, 61, -1,
					64, 67, 65, -1,
					65, 67, 68, -1,
					68, 67, 69, -1,
					69, 67, 70, -1,
					69, 70, 71, -1,
					69, 71, 4, -1,
					4, 71, 2, -1
				]
				normal Normal
				{
					vector
					[
						-0.996 0.000 -0.092,
						-0.990 0.000 -0.138,
						-1.000 0.000 0.000,
						-0.996 0.000 0.092,
						-0.962 0.000 -0.274,
						-0.895 0.000 -0.446,
						-0.798 0.000 -0.603,
						-0.674 0.000 -0.739,
						-0.526 0.000 -0.850,
						-0.361 0.000 -0.932,
						-0.184 0.000 -0.983,
						0.000 0.000 -1.000,
						0.184 0.000 -0.983,
						0.361 0.000 -0.932,
						0.526 0.000 -0.850,
						0.674 0.000 -0.739,
						0.798 0.000 -0.603,
						0.895 0.000 -0.446,
						0.962 0.000 -0.274,
						0.962 0.000 0.274,
						0.990 0.000 0.138,
						0.996 0.000 0.092,
						1.000 -0.000 -0.000,
						0.996 0.000 -0.092,
						0.990 0.000 -0.138,
						0.895 0.000 0.446,
						0.798 0.000 0.603,
						0.674 0.000 0.739,
						0.526 0.000 0.850,
						0.361 0.000 0.932,
						0.184 0.000 0.983,
						0.000 0.000 1.000,
						-0.184 0.000 0.983,
						-0.361 0.000 0.932,
						-0.526 0.000 0.850,
						-0.674 0.000 0.739,
						-0.798 0.000 0.603,
						-0.895 0.000 0.446,
						-0.962 0.000 0.274,
						-0.990 0.000 0.138
					]
				}
				normalIndex
				[
					0, 1, 2, -1,
					2, 1, 2, -1,
					2, 2, 3, -1,
					0, 4, 1, -1,
					1, 4, 4, -1,
					4, 4, 5, -1,
					5, 4, 5, -1,
					5, 5, 6, -1,
					7, 7, 6, -1,
					6, 7, 6, -1,
					6, 6, 5, -1,
					7, 8, 7, -1,
					7, 8, 8, -1,
					8, 8, 9, -1,
					9, 8, 9, -1,
					9, 9, 10, -1,
					11, 11, 10, -1,
					10, 11, 10, -1,
					10, 10, 9, -1,
					11, 12, 11, -1,
					11, 12, 12, -1,
					12, 12, 13, -1,
					13, 12, 13, -1,
					13, 13, 14, -1,
					15, 15, 14, -1,
					14, 15, 14, -1,
					14, 14, 13, -1,
					15, 16, 15, -1,
					15, 16, 16, -1,
					16, 16, 17, -1,
					17, 16, 17, -1,
					17, 17, 18, -1,
					19, 19, 20, -1,
					20, 19, 21, -1,
					20, 21, 22, -1,
					22, 21, 22, -1,
					22, 22, 23, -1,
					23, 22, 24, -1,
					23, 24, 18, -1,
					18, 24, 18, -1,
					18, 18, 17, -1,
					19, 25, 19, -1,
					19, 25, 25, -1,
					25, 25, 26, -1,
					26, 25, 26, -1,
					26, 26, 27, -1,
					28, 28, 27, -1,
					27, 28, 27, -1,
					27, 27, 26, -1,
					28, 29, 28, -1,
					28, 29, 29, -1,
					29, 29, 30, -1,
					30, 29, 30, -1,
					30, 30, 31, -1,
					32, 32, 31, -1,
					31, 32, 31, -1,
					31, 31, 30, -1,
					32, 33, 32, -1,
					32, 33, 33, -1,
					33, 33, 34, -1,
					34, 33, 34, -1,
					34, 34, 35, -1,
					36, 36, 35, -1,
					35, 36, 35, -1,
					35, 35, 34, -1,
					36, 37, 36, -1,
					36, 37, 37, -1,
					37, 37, 38, -1,
					38, 37, 38, -1,
					38, 38, 39, -1,
					38, 39, 3, -1,
					3, 39, 2, -1
				]
			}
		}
		Shape
		{
			appearance Appearance
			{
				material Material
				{
					diffuseColor 0.812 0.812 0.812
				}
			}
			geometry IndexedFaceSet
			{
				creaseAngle 0.5
				solid TRUE
				coord Coordinate
				{
					point
					[
						0.388 0.129 0.034,
						0.386 0.129 0.000,
						0.390 0.126 -0.023,
						0.387 0.129 -0.023,
						0.395 0.129 -0.068,
						0.415 0.126 -0.110,
						0.412 0.129 -0.111,
						0.436 0.129 -0.150,
						0.469 0.126 -0.182,
						0.467 0.129 -0.184,
						0.504 0.129 -0.212,
						0.546 0.126 -0.229,
						0.545 0.129 -0.232,
						0.589 0.129 -0.245,
						0.635 0.126 -0.246,
						0.635 0.129 -0.249,
						0.681 0.129 -0.245,
						0.724 0.126 -0.229,
						0.725 0.129 -0.232,
						0.766 0.129 -0.212,
						0.801 0.126 -0.182,
						0.803 0.129 -0.184,
						0.834 0.129 -0.150,
						0.855 0.126 -0.110,
						0.858 0.129 -0.111,
						0.875 0.129 -0.068,
						0.880 0.126 -0.023,
						0.883 0.129 -0.023,
						0.884 0.129 0.000,
						0.882 0.129 0.034,
						0.872 0.126 0.067,
						0.853 0.095 0.062,
						0.816 0.095 0.137,
						0.832 0.059 0.098,
						0.811 0.059 0.133,
						0.875 0.129 0.068,
						0.858 0.129 0.111,
						0.831 0.126 0.148,
						0.834 0.129 0.150,
						0.803 0.129 0.184,
						0.765 0.126 0.209,
						0.766 0.129 0.212,
						0.725 0.129 0.232,
						0.680 0.126 0.242,
						0.681 0.129 0.245,
						0.635 0.129 0.249,
						0.590 0.126 0.242,
						0.589 0.129 0.245,
						0.545 0.129 0.232,
						0.505 0.126 0.209,
						0.504 0.129 0.212,
						0.467 0.129 0.184,
						0.439 0.126 0.148,
						0.436 0.129 0.150,
						0.412 0.129 0.111,
						0.398 0.126 0.067,
						0.395 0.129 0.068,
						0.416 0.059 -0.020,
						0.415 0.059 0.000,
						0.409 0.095 -0.021,
						0.417 0.059 0.030,
						0.417 0.095 0.062,
						0.423 0.059 0.060,
						0.438 0.059 0.098,
						0.454 0.095 0.137,
						0.459 0.059 0.133,
						0.487 0.059 0.163,
						0.516 0.095 0.193,
						0.519 0.059 0.187,
						0.556 0.059 0.205,
						0.593 0.095 0.223,
						0.595 0.059 0.216,
						0.635 0.059 0.220,
						0.677 0.095 0.223,
						0.675 0.059 0.216,
						0.714 0.059 0.205,
						0.754 0.095 0.193,
						0.751 0.059 0.187,
						0.783 0.059 0.163,
						0.847 0.059 0.060,
						0.853 0.059 0.030,
						0.861 0.095 -0.021,
						0.855 0.059 0.000,
						0.854 0.059 -0.020,
						0.847 0.059 -0.060,
						0.838 0.095 -0.101,
						0.832 0.059 -0.098,
						0.811 0.059 -0.133,
						0.788 0.095 -0.168,
						0.783 0.059 -0.163,
						0.751 0.059 -0.187,
						0.717 0.095 -0.211,
						0.714 0.059 -0.205,
						0.675 0.059 -0.216,
						0.635 0.095 -0.227,
						0.635 0.059 -0.220,
						0.595 0.059 -0.216,
						0.553 0.095 -0.211,
						0.556 0.059 -0.205,
						0.519 0.059 -0.187,
						0.482 0.095 -0.168,
						0.487 0.059 -0.163,
						0.459 0.059 -0.133,
						0.432 0.095 -0.101,
						0.438 0.059 -0.098,
						0.423 0.059 -0.060
					]
				}
				coordIndex
				[
					0, 1, 2, -1,
					2, 1, 3, -1,
					2, 3, 4, -1,
					2, 4, 5, -1,
					5, 4, 6, -1,
					5, 6, 7, -1,
					5, 7, 8, -1,
					8, 7, 9, -1,
					8, 9, 10, -1,
					8, 10, 11, -1,
					11, 10, 12, -1,
					11, 12, 13, -1,
					11, 13, 14, -1,
					14, 13, 15, -1,
					14, 15, 16, -1,
					14, 16, 17, -1,
					17, 16, 18, -1,
					17, 18, 19, -1,
					17, 19, 20, -1,
					20, 19, 21, -1,
					20, 21, 22, -1,
					20, 22, 23, -1,
					23, 22, 24, -1,
					23, 24, 25, -1,
					23, 25, 26, -1,
					26, 25, 27, -1,
					26, 27, 28, -1,
					28, 29, 26, -1,
					26, 29, 30, -1,
					26, 30, 31, -1,
					31, 30, 32, -1,
					31, 32, 33, -1,
					33, 32, 34, -1,
					29, 35, 30, -1,
					30, 35, 36, -1,
					30, 36, 37, -1,
					37, 36, 38, -1,
					37, 38, 39, -1,
					37, 39, 40, -1,
					40, 39, 41, -1,
					40, 41, 42, -1,
					40, 42, 43, -1,
					43, 42, 44, -1,
					43, 44, 45, -1,
					43, 45, 46, -1,
					46, 45, 47, -1,
					46, 47, 48, -1,
					46, 48, 49, -1,
					49, 48, 50, -1,
					49, 50, 51, -1,
					49, 51, 52, -1,
					52, 51, 53, -1,
					52, 53, 54, -1,
					52, 54, 55, -1,
					55, 54, 56, -1,
					55, 56, 0, -1,
					57, 58, 59, -1,
					59, 58, 60, -1,
					59, 60, 61, -1,
					61, 60, 62, -1,
					61, 62, 63, -1,
					61, 63, 64, -1,
					64, 63, 65, -1,
					64, 65, 66, -1,
					64, 66, 67, -1,
					67, 66, 68, -1,
					67, 68, 69, -1,
					67, 69, 70, -1,
					70, 69, 71, -1,
					70, 71, 72, -1,
					70, 72, 73, -1,
					73, 72, 74, -1,
					73, 74, 75, -1,
					73, 75, 76, -1,
					76, 75, 77, -1,
					76, 77, 78, -1,
					76, 78, 32, -1,
					32, 78, 34, -1,
					33, 79, 31, -1,
					31, 79, 80, -1,
					31, 80, 81, -1,
					81, 80, 82, -1,
					81, 82, 83, -1,
					83, 84, 81, -1,
					81, 84, 85, -1,
					81, 85, 23, -1,
					23, 85, 20, -1,
					84, 86, 85, -1,
					85, 86, 87, -1,
					85, 87, 88, -1,
					88, 87, 89, -1,
					88, 89, 90, -1,
					88, 90, 91, -1,
					91, 90, 92, -1,
					91, 92, 93, -1,
					91, 93, 94, -1,
					94, 93, 95, -1,
					94, 95, 96, -1,
					94, 96, 97, -1,
					97, 96, 98, -1,
					97, 98, 99, -1,
					97, 99, 100, -1,
					100, 99, 101, -1,
					100, 101, 102, -1,
					100, 102, 103, -1,
					103, 102, 104, -1,
					103, 104, 105, -1,
					103, 105, 59, -1,
					59, 105, 57, -1,
					20, 88, 17, -1,
					17, 88, 91, -1,
					17, 91, 14, -1,
					14, 91, 94, -1,
					14, 94, 11, -1,
					11, 94, 97, -1,
					11, 97, 8, -1,
					8, 97, 100, -1,
					8, 100, 5, -1,
					5, 100, 103, -1,
					5, 103, 2, -1,
					2, 103, 59, -1,
					2, 59, 55, -1,
					55, 59, 61, -1,
					55, 61, 52, -1,
					52, 61, 64, -1,
					52, 64, 49, -1,
					49, 64, 67, -1,
					49, 67, 46, -1,
					46, 67, 70, -1,
					46, 70, 43, -1,
					43, 70, 73, -1,
					43, 73, 40, -1,
					40, 73, 76, -1,
					40, 76, 37, -1,
					37, 76, 32, -1,
					37, 32, 30, -1,
					2, 55, 0, -1,
					88, 20, 85, -1,
					31, 81, 26, -1,
					26, 81, 23, -1
				]
				normal Normal
				{
					vector
					[
						-0.700 -0.707 0.098,
						-0.707 -0.707 -0.000,
						-0.736 -0.674 -0.068,
						-0.704 -0.707 -0.065,
						-0.680 -0.707 -0.194,
						-0.662 -0.674 -0.329,
						-0.633 -0.707 -0.315,
						-0.564 -0.707 -0.426,
						-0.498 -0.674 -0.546,
						-0.476 -0.707 -0.523,
						-0.372 -0.707 -0.601,
						-0.267 -0.674 -0.689,
						-0.255 -0.707 -0.659,
						-0.130 -0.707 -0.695,
						-0.000 -0.674 -0.739,
						0.000 -0.707 -0.707,
						0.130 -0.707 -0.695,
						0.267 -0.674 -0.689,
						0.255 -0.707 -0.659,
						0.372 -0.707 -0.601,
						0.498 -0.674 -0.546,
						0.476 -0.707 -0.523,
						0.564 -0.707 -0.426,
						0.662 -0.674 -0.329,
						0.633 -0.707 -0.315,
						0.680 -0.707 -0.194,
						0.736 -0.674 -0.068,
						0.704 -0.707 -0.065,
						0.707 -0.707 0.000,
						0.700 -0.707 0.098,
						0.711 -0.674 0.202,
						0.897 -0.361 0.255,
						0.744 -0.361 0.562,
						0.895 0.000 0.446,
						0.798 0.000 0.603,
						0.680 -0.707 0.194,
						0.633 -0.707 0.315,
						0.590 -0.674 0.445,
						0.564 -0.707 0.426,
						0.476 -0.707 0.523,
						0.389 -0.674 0.628,
						0.372 -0.707 0.601,
						0.255 -0.707 0.659,
						0.136 -0.674 0.726,
						0.130 -0.707 0.695,
						-0.000 -0.707 0.707,
						-0.136 -0.674 0.726,
						-0.130 -0.707 0.695,
						-0.255 -0.707 0.659,
						-0.389 -0.674 0.628,
						-0.372 -0.707 0.601,
						-0.476 -0.707 0.523,
						-0.590 -0.674 0.445,
						-0.564 -0.707 0.426,
						-0.633 -0.707 0.315,
						-0.711 -0.674 0.202,
						-0.680 -0.707 0.194,
						-0.996 0.000 -0.092,
						-1.000 0.000 -0.000,
						-0.928 -0.361 -0.086,
						-0.990 0.000 0.138,
						-0.897 -0.361 0.255,
						-0.962 0.000 0.274,
						-0.895 0.000 0.446,
						-0.744 -0.361 0.562,
						-0.798 0.000 0.603,
						-0.674 0.000 0.739,
						-0.491 -0.361 0.793,
						-0.526 0.000 0.850,
						-0.361 0.000 0.932,
						-0.171 -0.361 0.917,
						-0.184 0.000 0.983,
						-0.000 0.000 1.000,
						0.171 -0.361 0.917,
						0.184 0.000 0.983,
						0.361 0.000 0.932,
						0.491 -0.361 0.793,
						0.526 0.000 0.850,
						0.674 0.000 0.739,
						0.962 0.000 0.274,
						0.990 0.000 0.138,
						0.928 -0.361 -0.086,
						1.000 0.000 0.000,
						0.996 0.000 -0.092,
						0.962 0.000 -0.274,
						0.835 -0.361 -0.416,
						0.895 0.000 -0.446,
						0.798 0.000 -0.603,
						0.628 -0.361 -0.689,
						0.674 0.000 -0.739,
						0.526 0.000 -0.850,
						0.337 -0.361 -0.870,
						0.361 0.000 -0.932,
						0.184 0.000 -0.983,
						0.000 -0.361 -0.932,
						-0.000 -0.000 -1.000,
						-0.184 0.000 -0.983,
						-0.337 -0.361 -0.870,
						-0.361 0.000 -0.932,
						-0.526 0.000 -0.850,
						-0.628 -0.361 -0.689,
						-0.674 0.000 -0.739,
						-0.798 0.000 -0.603,
						-0.835 -0.361 -0.416,
						-0.895 0.000 -0.446,
						-0.962 0.000 -0.274
					]
				}
				normalIndex
				[
					0, 1, 2, -1,
					2, 1, 3, -1,
					2, 3, 4, -1,
					2, 4, 5, -1,
					5, 4, 6, -1,
					5, 6, 7, -1,
					5, 7, 8, -1,
					8, 7, 9, -1,
					8, 9, 10, -1,
					8, 10, 11, -1,
					11, 10, 12, -1,
					11, 12, 13, -1,
					11, 13, 14, -1,
					14, 13, 15, -1,
					14, 15, 16, -1,
					14, 16, 17, -1,
					17, 16, 18, -1,
					17, 18, 19, -1,
					17, 19, 20, -1,
					20, 19, 21, -1,
					20, 21, 22, -1,
					20, 22, 23, -1,
					23, 22, 24, -1,
					23, 24, 25, -1,
					23, 25, 26, -1,
					26, 25, 27, -1,
					26, 27, 28, -1,
					28, 29, 26, -1,
					26, 29, 30, -1,
					26, 30, 31, -1,
					31, 30, 32, -1,
					31, 32, 33, -1,
					33, 32, 34, -1,
					29, 35, 30, -1,
					30, 35, 36, -1,
					30, 36, 37, -1,
					37, 36, 38, -1,
					37, 38, 39, -1,
					37, 39, 40, -1,
					40, 39, 41, -1,
					40, 41, 42, -1,
					40, 42, 43, -1,
					43, 42, 44, -1,
					43, 44, 45, -1,
					43, 45, 46, -1,
					46, 45, 47, -1,
					46, 47, 48, -1,
					46, 48, 49, -1,
					49, 48, 50, -1,
					49, 50, 51, -1,
					49, 51, 52, -1,
					52, 51, 53, -1,
					52, 53, 54, -1,
					52, 54, 55, -1,
					55, 54, 56, -1,
					55, 56, 0, -1,
					57, 58, 59, -1,
					59, 58, 60, -1,
					59, 60, 61, -1,
					61, 60, 62, -1,
					61, 62, 63, -1,
					61, 63, 64, -1,
					64, 63, 65, -1,
					64, 65, 66, -1,
					64, 66, 67, -1,
					67, 66, 68, -1,
					67, 68, 69, -1,
					67, 69, 70, -1,
					70, 69, 71, -1,
					70, 71, 72, -1,
					70, 72, 73, -1,
					73, 72, 74, -1,
					73, 74, 75, -1,
					73, 75, 76, -1,
					76, 75, 77, -1,
					76, 77, 78, -1,
					76, 78, 32, -1,
					32, 78, 34, -1,
					33, 79, 31, -1,
					31, 79, 80, -1,
					31, 80, 81, -1,
					81, 80, 82, -1,
					81, 82, 83, -1,
					83, 84, 81, -1,
					81, 84, 85, -1,
					81, 85, 23, -1,
					23, 85, 20, -1,
					84, 86, 85, -1,
					85, 86, 87, -1,
					85, 87, 88, -1,
					88, 87, 89, -1,
					88, 89, 90, -1,
					88, 90, 91, -1,
					91, 90, 92, -1,
					91, 92, 93, -1,
					91, 93, 94, -1,
					94, 93, 95, -1,
					94, 95, 96, -1,
					94, 96, 97, -1,
					97, 96, 98, -1,
					97, 98, 99, -1,
					97, 99, 100, -1,
					100, 99, 101, -1,
					100, 101, 102, -1,
					100, 102, 103, -1,
					103, 102, 104, -1,
					103, 104, 105, -1,
					103, 105, 59, -1,
					59, 105, 57, -1,
					20, 88, 17, -1,
					17, 88, 91, -1,
					17, 91, 14, -1,
					14, 91, 94, -1,
					14, 94, 11, -1,
					11, 94, 97, -1,
					11, 97, 8, -1,
					8, 97, 100, -1,
					8, 100, 5, -1,
					5, 100, 103, -1,
					5, 103, 2, -1,
					2, 103, 59, -1,
					2, 59, 55, -1,
					55, 59, 61, -1,
					55, 61, 52, -1,
					52, 61, 64, -1,
					52, 64, 49, -1,
					49, 64, 67, -1,
					49, 67, 46, -1,
					46, 67, 70, -1,
					46, 70, 43, -1,
					43, 70, 73, -1,
					43, 73, 40, -1,
					40, 73, 76, -1,
					40, 76, 37, -1,
					37, 76, 32, -1,
					37, 32, 30, -1,
					2, 55, 0, -1,
					88, 20, 85, -1,
					31, 81, 26, -1,
					26, 81, 23, -1
				]
			}
		}
		Shape
		{
			appearance Appearance
			{
				material Material
				{
					diffuseColor 0.812 0.812 0.812
				}
			}
			geometry IndexedFaceSet
			{
				creaseAngle 0.5
				solid TRUE
				coord Coordinate
				{
					point
					[
						-0.883 0.129 -0.023,
						-0.884 0.129 0.000,
						-0.955 0.200 0.000,
						-0.882 0.129 0.034,
						-0.944 0.200 0.083,
						-0.875 0.129 0.068,
						-0.858 0.129 0.111,
						-0.912 0.200 0.160,
						-0.834 0.129 0.150,
						-0.861 0.200 0.226,
						-0.803 0.129 0.184,
						-0.766 0.129 0.212,
						-0.795 0.200 0.277,
						-0.725 0.129 0.232,
						-0.718 0.200 0.309,
						-0.681 0.129 0.245,
						-0.635 0.200 0.320,
						-0.635 0.129 0.249,
						-0.589 0.129 0.245,
						-0.552 0.200 0.309,
						-0.545 0.129 0.232,
						-0.475 0.200 0.277,
						-0.504 0.129 0.212,
						-0.467 0.129 0.184,
						-0.409 0.200 0.226,
						-0.436 0.129 0.150,
						-0.358 0.200 0.160,
						-0.412 0.129 0.111,
						-0.326 0.200 0.083,
						-0.395 0.129 0.068,
						-0.388 0.129 0.034,
						-0.315 0.200 -0.000,
						-0.386 0.129 0.000,
						-0.387 0.129 -0.023,
						-0.326 0.200 -0.083,
						-0.395 0.129 -0.068,
						-0.412 0.129 -0.111,
						-0.358 0.200 -0.160,
						-0.436 0.129 -0.150,
						-0.409 0.200 -0.226,
						-0.467 0.129 -0.184,
						-0.504 0.129 -0.212,
						-0.475 0.200 -0.277,
						-0.545 0.129 -0.232,
						-0.552 0.200 -0.309,
						-0.589 0.129 -0.245,
						-0.635 0.200 -0.320,
						-0.635 0.129 -0.249,
						-0.681 0.129 -0.245,
						-0.718 0.200 -0.309,
						-0.725 0.129 -0.232,
						-0.795 0.200 -0.277,
						-0.766 0.129 -0.212,
						-0.803 0.129 -0.184,
						-0.861 0.200 -0.226,
						-0.834 0.129 -0.150,
						-0.912 0.200 -0.160,
						-0.858 0.129 -0.111,
						-0.944 0.200 -0.083,
						-0.875 0.129 -0.068
					]
				}
				coordIndex
				[
					0, 1, 2, -1,
					2, 1, 3, -1,
					2, 3, 4, -1,
					4, 3, 5, -1,
					4, 5, 6, -1,
					4, 6, 7, -1,
					7, 6, 8, -1,
					7, 8, 9, -1,
					9, 8, 10, -1,
					9, 10, 11, -1,
					9, 11, 12, -1,
					12, 11, 13, -1,
					12, 13, 14, -1,
					14, 13, 15, -1,
					14, 15, 16, -1,
					16, 15, 17, -1,
					16, 17, 18, -1,
					16, 18, 19, -1,
					19, 18, 20, -1,
					19, 20, 21, -1,
					21, 20, 22, -1,
					21, 22, 23, -1,
					21, 23, 24, -1,
					24, 23, 25, -1,
					24, 25, 26, -1,
					26, 25, 27, -1,
					26, 27, 28, -1,
					28, 27, 29, -1,
					28, 29, 30, -1,
					28, 30, 31, -1,
					31, 30, 32, -1,
					31, 32, 33, -1,
					31, 33, 34, -1,
					34, 33, 35, -1,
					34, 35, 36, -1,
					34, 36, 37, -1,
					37, 36, 38, -1,
					37, 38, 39, -1,
					39, 38, 40, -1,
					39, 40, 41, -1,
					39, 41, 42, -1,
					42, 41, 43, -1,
					42, 43, 44, -1,
					44, 43, 45, -1,
					44, 45, 46, -1,
					46, 45, 47, -1,
					46, 47, 48, -1,
					46, 48, 49, -1,
					49, 48, 50, -1,
					49, 50, 51, -1,
					51, 50, 52, -1,
					51, 52, 53, -1,
					51, 53, 54, -1,
					54, 53, 55, -1,
					54, 55, 56, -1,
					56, 55, 57, -1,
					56, 57, 58, -1,
					58, 57, 59, -1,
					58, 59, 0, -1,
					2, 58, 0, -1
				]
				normal Normal
				{
					vector
					[
						-0.704 -0.707 -0.065,
						-0.707 -0.707 -0.000,
						-0.700 -0.707 0.098,
						-0.683 -0.707 0.183,
						-0.680 -0.707 0.194,
						-0.633 -0.707 0.315,
						-0.612 -0.707 0.354,
						-0.564 -0.707 0.426,
						-0.500 -0.707 0.500,
						-0.476 -0.707 0.523,
						-0.372 -0.707 0.601,
						-0.354 -0.707 0.612,
						-0.255 -0.707 0.659,
						-0.183 -0.707 0.683,
						-0.130 -0.707 0.695,
						-0.000 -0.707 0.707,
						0.130 -0.707 0.695,
						0.183 -0.707 0.683,
						0.255 -0.707 0.659,
						0.354 -0.707 0.612,
						0.372 -0.707 0.601,
						0.476 -0.707 0.523,
						0.500 -0.707 0.500,
						0.564 -0.707 0.426,
						0.612 -0.707 0.354,
						0.633 -0.707 0.315,
						0.683 -0.707 0.183,
						0.680 -0.707 0.194,
						0.700 -0.707 0.098,
						0.707 -0.707 0.000,
						0.704 -0.707 -0.065,
						0.683 -0.707 -0.183,
						0.680 -0.707 -0.194,
						0.633 -0.707 -0.315,
						0.612 -0.707 -0.354,
						0.564 -0.707 -0.426,
						0.500 -0.707 -0.500,
						0.476 -0.707 -0.523,
						0.372 -0.707 -0.601,
						0.354 -0.707 -0.612,
						0.255 -0.707 -0.659,
						0.183 -0.707 -0.683,
						0.130 -0.707 -0.695,
						-0.000 -0.707 -0.707,
						-0.130 -0.707 -0.695,
						-0.183 -0.707 -0.683,
						-0.255 -0.707 -0.659,
						-0.354 -0.707 -0.612,
						-0.372 -0.707 -0.601,
						-0.476 -0.707 -0.523,
						-0.500 -0.707 -0.500,
						-0.564 -0.707 -0.426,
						-0.612 -0.707 -0.354,
						-0.633 -0.707 -0.315,
						-0.683 -0.707 -0.183,
						-0.680 -0.707 -0.194
					]
				}
				normalIndex
				[
					0, 1, 1, -1,
					1, 1, 2, -1,
					1, 2, 3, -1,
					3, 2, 4, -1,
					3, 4, 5, -1,
					3, 5, 6, -1,
					6, 5, 7, -1,
					6, 7, 8, -1,
					8, 7, 9, -1,
					8, 9, 10, -1,
					8, 10, 11, -1,
					11, 10, 12, -1,
					11, 12, 13, -1,
					13, 12, 14, -1,
					13, 14, 15, -1,
					15, 14, 15, -1,
					15, 15, 16, -1,
					15, 16, 17, -1,
					17, 16, 18, -1,
					17, 18, 19, -1,
					19, 18, 20, -1,
					19, 20, 21, -1,
					19, 21, 22, -1,
					22, 21, 23, -1,
					22, 23, 24, -1,
					24, 23, 25, -1,
					24, 25, 26, -1,
					26, 25, 27, -1,
					26, 27, 28, -1,
					26, 28, 29, -1,
					29, 28, 29, -1,
					29, 29, 30, -1,
					29, 30, 31, -1,
					31, 30, 32, -1,
					31, 32, 33, -1,
					31, 33, 34, -1,
					34, 33, 35, -1,
					34, 35, 36, -1,
					36, 35, 37, -1,
					36, 37, 38, -1,
					36, 38, 39, -1,
					39, 38, 40, -1,
					39, 40, 41, -1,
					41, 40, 42, -1,
					41, 42, 43, -1,
					43, 42, 43, -1,
					43, 43, 44, -1,
					43, 44, 45, -1,
					45, 44, 46, -1,
					45, 46, 47, -1,
					47, 46, 48, -1,
					47, 48, 49, -1,
					47, 49, 50, -1,
					50, 49, 51, -1,
					50, 51, 52, -1,
					52, 51, 53, -1,
					52, 53, 54, -1,
					54, 53, 55, -1,
					54, 55, 0, -1,
					1, 54, 0, -1
				]
			}
		}
		Shape
		{
			appearance Appearance
			{
				material Material
				{
					diffuseColor 0.812 0.812 0.812
				}
			}
			geometry IndexedFaceSet
			{
				creaseAngle 0.5
				solid TRUE
				coord Coordinate
				{
					point
					[
						-0.444 -1.090 3.880,
						-0.451 -1.086 3.918,
						-0.422 -1.143 3.880,
						-0.422 -1.160 3.918,
						-0.415 -1.200 3.880,
						-0.422 -1.240 3.918,
						-0.422 -1.257 3.880,
						-0.451 -1.314 3.918,
						-0.444 -1.310 3.880,
						-0.479 -1.356 3.880,
						-0.479 -1.044 3.880,
						-0.504 -1.027 3.918,
						-0.520 -1.048 3.990,
						-0.583 -1.017 3.990,
						-0.596 -1.064 4.049,
						-0.648 -1.059 4.049,
						-0.642 -1.125 4.087,
						-0.669 -1.133 4.087,
						-0.635 -1.200 4.100,
						-0.525 -1.009 3.880,
						-0.576 -0.992 3.918,
						-0.653 -1.010 3.990,
						-0.698 -1.073 4.049,
						-0.691 -1.149 4.087,
						-0.578 -0.987 3.880,
						-0.635 -0.980 3.880,
						-0.655 -0.984 3.918,
						-0.692 -0.987 3.880,
						-0.732 -1.006 3.918,
						-0.745 -1.009 3.880,
						-0.795 -1.054 3.918,
						-0.791 -1.044 3.880,
						-0.826 -1.090 3.880,
						-0.837 -1.122 3.918,
						-0.848 -1.143 3.880,
						-0.852 -1.200 3.918,
						-0.855 -1.200 3.880,
						-0.848 -1.257 3.880,
						-0.837 -1.278 3.918,
						-0.826 -1.310 3.880,
						-0.795 -1.346 3.918,
						-0.791 -1.356 3.880,
						-0.745 -1.391 3.880,
						-0.732 -1.394 3.918,
						-0.692 -1.413 3.880,
						-0.655 -1.416 3.918,
						-0.635 -1.420 3.880,
						-0.576 -1.408 3.918,
						-0.578 -1.413 3.880,
						-0.525 -1.391 3.880,
						-0.504 -1.373 3.918,
						-0.614 -1.128 4.087,
						-0.473 -1.100 3.990,
						-0.448 -1.165 3.990,
						-0.448 -1.235 3.990,
						-0.473 -1.300 3.990,
						-0.520 -1.352 3.990,
						-0.583 -1.383 3.990,
						-0.653 -1.390 3.990,
						-0.720 -1.371 3.990,
						-0.776 -1.328 3.990,
						-0.813 -1.269 3.990,
						-0.826 -1.200 3.990,
						-0.813 -1.131 3.990,
						-0.776 -1.072 3.990,
						-0.720 -1.029 3.990,
						-0.550 -1.087 4.049,
						-0.515 -1.126 4.049,
						-0.496 -1.174 4.049,
						-0.496 -1.226 4.049,
						-0.515 -1.274 4.049,
						-0.550 -1.313 4.049,
						-0.596 -1.336 4.049,
						-0.648 -1.341 4.049,
						-0.698 -1.327 4.049,
						-0.740 -1.295 4.049,
						-0.767 -1.251 4.049,
						-0.776 -1.200 4.049,
						-0.767 -1.149 4.049,
						-0.740 -1.105 4.049,
						-0.590 -1.140 4.087,
						-0.571 -1.160 4.087,
						-0.561 -1.186 4.087,
						-0.561 -1.214 4.087,
						-0.571 -1.240 4.087,
						-0.590 -1.260 4.087,
						-0.614 -1.272 4.087,
						-0.642 -1.275 4.087,
						-0.669 -1.267 4.087,
						-0.691 -1.251 4.087,
						-0.705 -1.227 4.087,
						-0.710 -1.200 4.087,
						-0.705 -1.173 4.087
					]
				}
				coordIndex
				[
					0, 1, 2, -1,
					2, 1, 3, -1,
					2, 3, 4, -1,
					4, 3, 5, -1,
					4, 5, 6, -1,
					6, 5, 7, -1,
					6, 7, 8, -1,
					8, 7, 9, -1,
					0, 10, 1, -1,
					1, 10, 11, -1,
					1, 11, 12, -1,
					12, 11, 13, -1,
					12, 13, 14, -1,
					14, 13, 15, -1,
					14, 15, 16, -1,
					16, 15, 17, -1,
					16, 17, 18, -1,
					10, 19, 11, -1,
					11, 19, 20, -1,
					11, 20, 13, -1,
					13, 20, 21, -1,
					13, 21, 15, -1,
					15, 21, 22, -1,
					15, 22, 17, -1,
					17, 22, 23, -1,
					17, 23, 18, -1,
					19, 24, 20, -1,
					20, 24, 25, -1,
					20, 25, 26, -1,
					26, 25, 27, -1,
					26, 27, 28, -1,
					28, 27, 29, -1,
					28, 29, 30, -1,
					30, 29, 31, -1,
					30, 31, 32, -1,
					30, 32, 33, -1,
					33, 32, 34, -1,
					33, 34, 35, -1,
					35, 34, 36, -1,
					35, 36, 37, -1,
					35, 37, 38, -1,
					38, 37, 39, -1,
					38, 39, 40, -1,
					40, 39, 41, -1,
					40, 41, 42, -1,
					40, 42, 43, -1,
					43, 42, 44, -1,
					43, 44, 45, -1,
					45, 44, 46, -1,
					45, 46, 47, -1,
					47, 46, 48, -1,
					47, 48, 49, -1,
					47, 49, 50, -1,
					50, 49, 9, -1,
					50, 9, 7, -1,
					16, 18, 51, -1,
					1, 52, 3, -1,
					3, 52, 53, -1,
					3, 53, 5, -1,
					5, 53, 54, -1,
					5, 54, 7, -1,
					7, 54, 55, -1,
					7, 55, 50, -1,
					50, 55, 56, -1,
					50, 56, 47, -1,
					47, 56, 57, -1,
					47, 57, 45, -1,
					45, 57, 58, -1,
					45, 58, 43, -1,
					43, 58, 59, -1,
					43, 59, 40, -1,
					40, 59, 60, -1,
					40, 60, 38, -1,
					38, 60, 61, -1,
					38, 61, 35, -1,
					35, 61, 62, -1,
					35, 62, 33, -1,
					33, 62, 63, -1,
					33, 63, 30, -1,
					30, 63, 64, -1,
					30, 64, 28, -1,
					28, 64, 65, -1,
					28, 65, 26, -1,
					26, 65, 21, -1,
					26, 21, 20, -1,
					12, 66, 52, -1,
					52, 66, 67, -1,
					52, 67, 53, -1,
					53, 67, 68, -1,
					53, 68, 54, -1,
					54, 68, 69, -1,
					54, 69, 55, -1,
					55, 69, 70, -1,
					55, 70, 56, -1,
					56, 70, 71, -1,
					56, 71, 57, -1,
					57, 71, 72, -1,
					57, 72, 58, -1,
					58, 72, 73, -1,
					58, 73, 59, -1,
					59, 73, 74, -1,
					59, 74, 60, -1,
					60, 74, 75, -1,
					60, 75, 61, -1,
					61, 75, 76, -1,
					61, 76, 62, -1,
					62, 76, 77, -1,
					62, 77, 63, -1,
					63, 77, 78, -1,
					63, 78, 64, -1,
					64, 78, 79, -1,
					64, 79, 65, -1,
					65, 79, 22, -1,
					65, 22, 21, -1,
					14, 51, 66, -1,
					66, 51, 80, -1,
					66, 80, 67, -1,
					67, 80, 81, -1,
					67, 81, 68, -1,
					68, 81, 82, -1,
					68, 82, 69, -1,
					69, 82, 83, -1,
					69, 83, 70, -1,
					70, 83, 84, -1,
					70, 84, 71, -1,
					71, 84, 85, -1,
					71, 85, 72, -1,
					72, 85, 86, -1,
					72, 86, 73, -1,
					73, 86, 87, -1,
					73, 87, 74, -1,
					74, 87, 88, -1,
					74, 88, 75, -1,
					75, 88, 89, -1,
					75, 89, 76, -1,
					76, 89, 90, -1,
					76, 90, 77, -1,
					77, 90, 91, -1,
					77, 91, 78, -1,
					78, 91, 92, -1,
					78, 92, 79, -1,
					79, 92, 23, -1,
					79, 23, 22, -1,
					91, 18, 92, -1,
					82, 18, 83, -1,
					83, 18, 84, -1,
					52, 1, 12, -1,
					81, 18, 82, -1,
					66, 12, 14, -1,
					80, 18, 81, -1,
					51, 18, 80, -1,
					51, 14, 16, -1,
					92, 18, 23, -1,
					90, 18, 91, -1,
					89, 18, 90, -1,
					88, 18, 89, -1,
					87, 18, 88, -1,
					86, 18, 87, -1,
					85, 18, 86, -1,
					84, 18, 85, -1
				]
				normal Normal
				{
					vector
					[
						0.866 0.500 -0.000,
						0.837 0.518 0.174,
						0.966 0.259 -0.000,
						0.968 0.181 0.174,
						1.000 -0.000 -0.000,
						0.968 -0.181 0.174,
						0.966 -0.259 -0.000,
						0.837 -0.518 0.174,
						0.866 -0.500 -0.000,
						0.707 -0.707 -0.000,
						0.707 0.707 -0.000,
						0.593 0.786 0.174,
						0.522 0.691 0.500,
						0.237 0.833 0.500,
						0.176 0.618 0.766,
						-0.059 0.640 0.766,
						-0.032 0.341 0.940,
						-0.152 0.306 0.940,
						-0.000 -0.000 1.000,
						0.500 0.866 -0.000,
						0.270 0.947 0.174,
						-0.080 0.862 0.500,
						-0.287 0.575 0.766,
						-0.253 0.230 0.940,
						0.259 0.966 -0.000,
						0.000 1.000 -0.000,
						-0.091 0.981 0.174,
						-0.259 0.966 -0.000,
						-0.439 0.882 0.174,
						-0.500 0.866 -0.000,
						-0.728 0.663 0.174,
						-0.707 0.707 -0.000,
						-0.866 0.500 -0.000,
						-0.918 0.356 0.174,
						-0.966 0.259 -0.000,
						-0.985 0.000 0.174,
						-1.000 -0.000 -0.000,
						-0.966 -0.259 -0.000,
						-0.918 -0.356 0.174,
						-0.866 -0.500 -0.000,
						-0.728 -0.663 0.174,
						-0.707 -0.707 -0.000,
						-0.500 -0.866 -0.000,
						-0.439 -0.882 0.174,
						-0.259 -0.966 -0.000,
						-0.091 -0.981 0.174,
						0.000 -1.000 -0.000,
						0.270 -0.947 0.174,
						0.259 -0.966 -0.000,
						0.500 -0.866 -0.000,
						0.593 -0.786 0.174,
						0.094 0.329 0.940,
						0.736 0.456 0.500,
						0.851 0.159 0.500,
						0.851 -0.159 0.500,
						0.736 -0.456 0.500,
						0.522 -0.691 0.500,
						0.237 -0.833 0.500,
						-0.080 -0.862 0.500,
						-0.386 -0.775 0.500,
						-0.640 -0.583 0.500,
						-0.808 -0.313 0.500,
						-0.866 0.000 0.500,
						-0.808 0.313 0.500,
						-0.640 0.583 0.500,
						-0.386 0.775 0.500,
						0.387 0.513 0.766,
						0.547 0.338 0.766,
						0.632 0.118 0.766,
						0.632 -0.118 0.766,
						0.547 -0.338 0.766,
						0.387 -0.513 0.766,
						0.176 -0.618 0.766,
						-0.059 -0.640 0.766,
						-0.287 -0.575 0.766,
						-0.475 -0.433 0.766,
						-0.599 -0.232 0.766,
						-0.643 0.000 0.766,
						-0.599 0.232 0.766,
						-0.475 0.433 0.766,
						0.206 0.273 0.940,
						0.291 0.180 0.940,
						0.336 0.063 0.940,
						0.336 -0.063 0.940,
						0.291 -0.180 0.940,
						0.206 -0.273 0.940,
						0.094 -0.329 0.940,
						-0.032 -0.341 0.940,
						-0.152 -0.306 0.940,
						-0.253 -0.230 0.940,
						-0.319 -0.124 0.940,
						-0.342 -0.000 0.940,
						-0.319 0.124 0.940
					]
				}
				normalIndex
				[
					0, 1, 2, -1,
					2, 1, 3, -1,
					2, 3, 4, -1,
					4, 3, 5, -1,
					4, 5, 6, -1,
					6, 5, 7, -1,
					6, 7, 8, -1,
					8, 7, 9, -1,
					0, 10, 1, -1,
					1, 10, 11, -1,
					1, 11, 12, -1,
					12, 11, 13, -1,
					12, 13, 14, -1,
					14, 13, 15, -1,
					14, 15, 16, -1,
					16, 15, 17, -1,
					16, 17, 18, -1,
					10, 19, 11, -1,
					11, 19, 20, -1,
					11, 20, 13, -1,
					13, 20, 21, -1,
					13, 21, 15, -1,
					15, 21, 22, -1,
					15, 22, 17, -1,
					17, 22, 23, -1,
					17, 23, 18, -1,
					19, 24, 20, -1,
					20, 24, 25, -1,
					20, 25, 26, -1,
					26, 25, 27, -1,
					26, 27, 28, -1,
					28, 27, 29, -1,
					28, 29, 30, -1,
					30, 29, 31, -1,
					30, 31, 32, -1,
					30, 32, 33, -1,
					33, 32, 34, -1,
					33, 34, 35, -1,
					35, 34, 36, -1,
					35, 36, 37, -1,
					35, 37, 38, -1,
					38, 37, 39, -1,
					38, 39, 40, -1,
					40, 39, 41, -1,
					40, 41, 42, -1,
					40, 42, 43, -1,
					43, 42, 44, -1,
					43, 44, 45, -1,
					45, 44, 46, -1,
					45, 46, 47, -1,
					47, 46, 48, -1,
					47, 48, 49, -1,
					47, 49, 50, -1,
					50, 49, 9, -1,
					50, 9, 7, -1,
					16, 18, 51, -1,
					1, 52, 3, -1,
					3, 52, 53, -1,
					3, 53, 5, -1,
					5, 53, 54, -1,
					5, 54, 7, -1,
					7, 54, 55, -1,
					7, 55, 50, -1,
					50, 55, 56, -1,
					50, 56, 47, -1,
					47, 56, 57, -1,
					47, 57, 45, -1,
					45, 57, 58, -1,
					45, 58, 43, -1,
					43, 58, 59, -1,
					43, 59, 40, -1,
					40, 59, 60, -1,
					40, 60, 38, -1,
					38, 60, 61, -1,
					38, 61, 35, -1,
					35, 61, 62, -1,
					35, 62, 33, -1,
					33, 62, 63, -1,
					33, 63, 30, -1,
					30, 63, 64, -1,
					30, 64, 28, -1,
					28, 64, 65, -1,
					28, 65, 26, -1,
					26, 65, 21, -1,
					26, 21, 20, -1,
					12, 66, 52, -1,
					52, 66, 67, -1,
					52, 67, 53, -1,
					53, 67, 68, -1,
					53, 68, 54, -1,
					54, 68, 69, -1,
					54, 69, 55, -1,
					55, 69, 70, -1,
					55, 70, 56, -1,
					56, 70, 71, -1,
					56, 71, 57, -1,
					57, 71, 72, -1,
					57, 72, 58, -1,
					58, 72, 73, -1,
					58, 73, 59, -1,
					59, 73, 74, -1,
					59, 74, 60, -1,
					60, 74, 75, -1,
					60, 75, 61, -1,
					61, 75, 76, -1,
					61, 76, 62, -1,
					62, 76, 77, -1,
					62, 77, 63, -1,
					63, 77, 78, -1,
					63, 78, 64, -1,
					64, 78, 79, -1,
					64, 79, 65, -1,
					65, 79, 22, -1,
					65, 22, 21, -1,
					14, 51, 66, -1,
					66, 51, 80, -1,
					66, 80, 67, -1,
					67, 80, 81, -1,
					67, 81, 68, -1,
					68, 81, 82, -1,
					68, 82, 69, -1,
					69, 82, 83, -1,
					69, 83, 70, -1,
					70, 83, 84, -1,
					70, 84, 71, -1,
					71, 84, 85, -1,
					71, 85, 72, -1,
					72, 85, 86, -1,
					72, 86, 73, -1,
					73, 86, 87, -1,
					73, 87, 74, -1,
					74, 87, 88, -1,
					74, 88, 75, -1,
					75, 88, 89, -1,
					75, 89, 76, -1,
					76, 89, 90, -1,
					76, 90, 77, -1,
					77, 90, 91, -1,
					77, 91, 78, -1,
					78, 91, 92, -1,
					78, 92, 79, -1,
					79, 92, 23, -1,
					79, 23, 22, -1,
					91, 18, 92, -1,
					82, 18, 83, -1,
					83, 18, 84, -1,
					52, 1, 12, -1,
					81, 18, 82, -1,
					66, 12, 14, -1,
					80, 18, 81, -1,
					51, 18, 80, -1,
					51, 14, 16, -1,
					92, 18, 23, -1,
					90, 18, 91, -1,
					89, 18, 90, -1,
					88, 18, 89, -1,
					87, 18, 88, -1,
					86, 18, 87, -1,
					85, 18, 86, -1,
					84, 18, 85, -1
				]
			}
		}
		Shape
		{
			appearance Appearance
			{
				material Material
				{
					diffuseColor 0.812 0.812 0.812
				}
			}
			geometry IndexedFaceSet
			{
				creaseAngle 0.5
				solid TRUE
				coord Coordinate
				{
					point
					[
						-0.595 -0.984 0.660,
						-0.635 -0.980 0.660,
						-0.635 -0.980 3.880,
						-0.675 -0.984 0.660,
						-0.692 -0.987 3.880,
						-0.714 -0.995 0.660,
						-0.745 -1.009 3.880,
						-0.751 -1.013 0.660,
						-0.783 -1.037 0.660,
						-0.791 -1.044 3.880,
						-0.811 -1.067 0.660,
						-0.826 -1.090 3.880,
						-0.832 -1.102 0.660,
						-0.848 -1.143 3.880,
						-0.847 -1.140 0.660,
						-0.854 -1.180 0.660,
						-0.855 -1.200 3.880,
						-0.854 -1.220 0.660,
						-0.848 -1.257 3.880,
						-0.847 -1.260 0.660,
						-0.832 -1.298 0.660,
						-0.826 -1.310 3.880,
						-0.811 -1.333 0.660,
						-0.791 -1.356 3.880,
						-0.783 -1.363 0.660,
						-0.751 -1.387 0.660,
						-0.745 -1.391 3.880,
						-0.714 -1.405 0.660,
						-0.692 -1.413 3.880,
						-0.675 -1.416 0.660,
						-0.635 -1.420 3.880,
						-0.635 -1.420 0.660,
						-0.595 -1.416 0.660,
						-0.578 -1.413 3.880,
						-0.556 -1.405 0.660,
						-0.525 -1.391 3.880,
						-0.519 -1.387 0.660,
						-0.487 -1.363 0.660,
						-0.479 -1.356 3.880,
						-0.459 -1.333 0.660,
						-0.444 -1.310 3.880,
						-0.438 -1.298 0.660,
						-0.422 -1.257 3.880,
						-0.423 -1.260 0.660,
						-0.416 -1.220 0.660,
						-0.415 -1.200 3.880,
						-0.416 -1.180 0.660,
						-0.422 -1.143 3.880,
						-0.423 -1.140 0.660,
						-0.438 -1.102 0.660,
						-0.444 -1.090 3.880,
						-0.459 -1.067 0.660,
						-0.479 -1.044 3.880,
						-0.487 -1.037 0.660,
						-0.519 -1.013 0.660,
						-0.525 -1.009 3.880,
						-0.556 -0.995 0.660,
						-0.578 -0.987 3.880
					]
				}
				coordIndex
				[
					0, 1, 2, -1,
					2, 1, 3, -1,
					2, 3, 4, -1,
					4, 3, 5, -1,
					4, 5, 6, -1,
					6, 5, 7, -1,
					6, 7, 8, -1,
					6, 8, 9, -1,
					9, 8, 10, -1,
					9, 10, 11, -1,
					11, 10, 12, -1,
					11, 12, 13, -1,
					13, 12, 14, -1,
					13, 14, 15, -1,
					13, 15, 16, -1,
					16, 15, 17, -1,
					16, 17, 18, -1,
					18, 17, 19, -1,
					18, 19, 20, -1,
					18, 20, 21, -1,
					21, 20, 22, -1,
					21, 22, 23, -1,
					23, 22, 24, -1,
					23, 24, 25, -1,
					23, 25, 26, -1,
					26, 25, 27, -1,
					26, 27, 28, -1,
					28, 27, 29, -1,
					28, 29, 30, -1,
					30, 29, 31, -1,
					30, 31, 32, -1,
					30, 32, 33, -1,
					33, 32, 34, -1,
					33, 34, 35, -1,
					35, 34, 36, -1,
					35, 36, 37, -1,
					35, 37, 38, -1,
					38, 37, 39, -1,
					38, 39, 40, -1,
					40, 39, 41, -1,
					40, 41, 42, -1,
					42, 41, 43, -1,
					42, 43, 44, -1,
					42, 44, 45, -1,
					45, 44, 46, -1,
					45, 46, 47, -1,
					47, 46, 48, -1,
					47, 48, 49, -1,
					47, 49, 50, -1,
					50, 49, 51, -1,
					50, 51, 52, -1,
					52, 51, 53, -1,
					52, 53, 54, -1,
					52, 54, 55, -1,
					55, 54, 56, -1,
					55, 56, 57, -1,
					57, 56, 0, -1,
					57, 0, 2, -1
				]
				normal Normal
				{
					vector
					[
						0.184 0.983 -0.000,
						0.000 1.000 0.000,
						-0.184 0.983 0.000,
						-0.259 0.966 -0.000,
						-0.361 0.932 0.000,
						-0.500 0.866 0.000,
						-0.526 0.850 -0.000,
						-0.674 0.739 0.000,
						-0.707 0.707 0.000,
						-0.798 0.603 0.000,
						-0.866 0.500 -0.000,
						-0.895 0.446 0.000,
						-0.966 0.259 0.000,
						-0.962 0.274 -0.000,
						-0.996 0.092 -0.000,
						-1.000 -0.000 0.000,
						-0.996 -0.092 0.000,
						-0.966 -0.259 0.000,
						-0.962 -0.274 0.000,
						-0.895 -0.446 0.000,
						-0.866 -0.500 0.000,
						-0.798 -0.603 0.000,
						-0.707 -0.707 0.000,
						-0.674 -0.739 0.000,
						-0.526 -0.850 0.000,
						-0.500 -0.866 0.000,
						-0.361 -0.932 0.000,
						-0.259 -0.966 0.000,
						-0.184 -0.983 0.000,
						0.000 -1.000 0.000,
						0.184 -0.983 0.000,
						0.259 -0.966 0.000,
						0.361 -0.932 0.000,
						0.500 -0.866 0.000,
						0.526 -0.850 0.000,
						0.674 -0.739 0.000,
						0.707 -0.707 -0.000,
						0.798 -0.603 0.000,
						0.866 -0.500 -0.000,
						0.895 -0.446 -0.000,
						0.966 -0.259 0.000,
						0.962 -0.274 -0.000,
						0.996 -0.092 0.000,
						1.000 -0.000 -0.000,
						0.996 0.092 0.000,
						0.966 0.259 0.000,
						0.962 0.274 0.000,
						0.895 0.446 0.000,
						0.866 0.500 0.000,
						0.798 0.603 0.000,
						0.707 0.707 0.000,
						0.674 0.739 0.000,
						0.526 0.850 0.000,
						0.500 0.866 -0.000,
						0.361 0.932 0.000,
						0.259 0.966 0.000
					]
				}
				normalIndex
				[
					0, 1, 1, -1,
					1, 1, 2, -1,
					1, 2, 3, -1,
					3, 2, 4, -1,
					3, 4, 5, -1,
					5, 4, 6, -1,
					5, 6, 7, -1,
					5, 7, 8, -1,
					8, 7, 9, -1,
					8, 9, 10, -1,
					10, 9, 11, -1,
					10, 11, 12, -1,
					12, 11, 13, -1,
					12, 13, 14, -1,
					12, 14, 15, -1,
					15, 14, 16, -1,
					15, 16, 17, -1,
					17, 16, 18, -1,
					17, 18, 19, -1,
					17, 19, 20, -1,
					20, 19, 21, -1,
					20, 21, 22, -1,
					22, 21, 23, -1,
					22, 23, 24, -1,
					22, 24, 25, -1,
					25, 24, 26, -1,
					25, 26, 27, -1,
					27, 26, 28, -1,
					27, 28, 29, -1,
					29, 28, 29, -1,
					29, 29, 30, -1,
					29, 30, 31, -1,
					31, 30, 32, -1,
					31, 32, 33, -1,
					33, 32, 34, -1,
					33, 34, 35, -1,
					33, 35, 36, -1,
					36, 35, 37, -1,
					36, 37, 38, -1,
					38, 37, 39, -1,
					38, 39, 40, -1,
					40, 39, 41, -1,
					40, 41, 42, -1,
					40, 42, 43, -1,
					43, 42, 44, -1,
					43, 44, 45, -1,
					45, 44, 46, -1,
					45, 46, 47, -1,
					45, 47, 48, -1,
					48, 47, 49, -1,
					48, 49, 50, -1,
					50, 49, 51, -1,
					50, 51, 52, -1,
					50, 52, 53, -1,
					53, 52, 54, -1,
					53, 54, 55, -1,
					55, 54, 0, -1,
					55, 0, 1, -1
				]
			}
		}
		Shape
		{
			appearance Appearance
			{
				material Material
				{
					diffuseColor 0.812 0.812 0.812
				}
			}
			geometry IndexedFaceSet
			{
				creaseAngle 0.5
				solid TRUE
				coord Coordinate
				{
					point
					[
						-0.854 -0.540 0.020,
						-0.855 -0.540 0.000,
						-0.854 -0.584 0.022,
						-0.853 -0.540 -0.030,
						-0.847 -0.589 -0.059,
						-0.847 -0.540 -0.060,
						-0.832 -0.540 -0.098,
						-0.811 -0.594 -0.131,
						-0.811 -0.540 -0.133,
						-0.783 -0.540 -0.163,
						-0.751 -0.598 -0.185,
						-0.751 -0.540 -0.187,
						-0.714 -0.540 -0.205,
						-0.675 -0.600 -0.214,
						-0.675 -0.540 -0.216,
						-0.635 -0.540 -0.220,
						-0.595 -0.600 -0.214,
						-0.595 -0.540 -0.216,
						-0.556 -0.540 -0.205,
						-0.519 -0.598 -0.185,
						-0.519 -0.540 -0.187,
						-0.487 -0.540 -0.163,
						-0.459 -0.594 -0.131,
						-0.459 -0.540 -0.133,
						-0.438 -0.540 -0.098,
						-0.423 -0.589 -0.059,
						-0.423 -0.540 -0.060,
						-0.417 -0.540 -0.030,
						-0.416 -0.584 0.022,
						-0.415 -0.540 0.000,
						-0.416 -0.540 0.020,
						-0.423 -0.540 0.060,
						-0.438 -0.578 0.099,
						-0.416 -0.754 0.057,
						-0.438 -0.728 0.131,
						-0.416 -0.909 0.137,
						-0.438 -0.864 0.201,
						-0.416 -1.036 0.256,
						-0.438 -0.976 0.305,
						-0.416 -1.127 0.405,
						-0.438 -1.055 0.436,
						-0.416 -1.174 0.573,
						-0.438 -1.097 0.583,
						-0.423 -1.140 0.660,
						-0.438 -1.102 0.660,
						-0.438 -0.540 0.098,
						-0.459 -0.540 0.133,
						-0.487 -0.574 0.164,
						-0.487 -0.540 0.163,
						-0.519 -0.540 0.187,
						-0.556 -0.571 0.206,
						-0.556 -0.540 0.205,
						-0.595 -0.540 0.216,
						-0.635 -0.570 0.221,
						-0.635 -0.540 0.220,
						-0.675 -0.540 0.216,
						-0.714 -0.571 0.206,
						-0.714 -0.540 0.205,
						-0.751 -0.540 0.187,
						-0.783 -0.574 0.164,
						-0.783 -0.540 0.163,
						-0.811 -0.540 0.133,
						-0.832 -0.578 0.099,
						-0.832 -0.540 0.098,
						-0.847 -0.540 0.060,
						-0.675 -0.984 0.660,
						-0.635 -0.980 0.660,
						-0.635 -0.976 0.600,
						-0.595 -0.984 0.660,
						-0.556 -0.991 0.598,
						-0.556 -0.995 0.660,
						-0.519 -1.013 0.660,
						-0.487 -1.033 0.592,
						-0.487 -1.037 0.660,
						-0.459 -1.067 0.660,
						-0.416 -1.180 0.660,
						-0.416 -1.220 0.660,
						-0.423 -1.253 0.562,
						-0.423 -1.260 0.660,
						-0.438 -1.298 0.660,
						-0.459 -1.325 0.552,
						-0.459 -1.333 0.660,
						-0.487 -1.363 0.660,
						-0.519 -1.379 0.545,
						-0.519 -1.387 0.660,
						-0.556 -1.405 0.660,
						-0.595 -1.408 0.541,
						-0.595 -1.416 0.660,
						-0.635 -1.420 0.660,
						-0.675 -1.408 0.541,
						-0.675 -1.416 0.660,
						-0.714 -1.405 0.660,
						-0.751 -1.379 0.545,
						-0.751 -1.387 0.660,
						-0.783 -1.363 0.660,
						-0.811 -1.325 0.552,
						-0.811 -1.333 0.660,
						-0.832 -1.298 0.660,
						-0.847 -1.253 0.562,
						-0.847 -1.260 0.660,
						-0.854 -1.220 0.660,
						-0.854 -1.174 0.573,
						-0.854 -1.180 0.660,
						-0.847 -1.140 0.660,
						-0.832 -1.097 0.583,
						-0.832 -1.102 0.660,
						-0.811 -1.067 0.660,
						-0.783 -1.033 0.592,
						-0.783 -1.037 0.660,
						-0.751 -1.013 0.660,
						-0.714 -0.991 0.598,
						-0.714 -0.995 0.660,
						-0.635 -0.687 0.245,
						-0.556 -0.692 0.231,
						-0.556 -0.802 0.288,
						-0.487 -0.827 0.254,
						-0.487 -0.926 0.346,
						-0.714 -0.692 0.231,
						-0.635 -0.794 0.301,
						-0.556 -0.893 0.373,
						-0.487 -0.996 0.462,
						-0.783 -0.707 0.191,
						-0.714 -0.802 0.288,
						-0.635 -0.881 0.382,
						-0.556 -0.957 0.479,
						-0.832 -0.728 0.131,
						-0.783 -0.827 0.254,
						-0.714 -0.893 0.373,
						-0.635 -0.944 0.485,
						-0.714 -0.957 0.479,
						-0.783 -0.996 0.462,
						-0.832 -1.055 0.436,
						-0.854 -1.127 0.405,
						-0.847 -1.201 0.373,
						-0.811 -1.267 0.344,
						-0.751 -1.317 0.323,
						-0.675 -1.344 0.311,
						-0.595 -1.344 0.311,
						-0.519 -1.317 0.323,
						-0.459 -1.267 0.344,
						-0.423 -1.201 0.373,
						-0.487 -0.707 0.191,
						-0.423 -0.781 -0.019,
						-0.423 -0.955 0.072,
						-0.423 -1.099 0.205,
						-0.459 -0.805 -0.087,
						-0.459 -0.997 0.012,
						-0.459 -1.155 0.160,
						-0.519 -0.824 -0.138,
						-0.519 -1.028 -0.032,
						-0.519 -1.197 0.125,
						-0.595 -0.833 -0.166,
						-0.595 -1.045 -0.056,
						-0.595 -1.220 0.107,
						-0.675 -0.833 -0.166,
						-0.675 -1.045 -0.056,
						-0.675 -1.220 0.107,
						-0.751 -0.824 -0.138,
						-0.751 -1.028 -0.032,
						-0.751 -1.197 0.125,
						-0.811 -0.805 -0.087,
						-0.811 -0.997 0.012,
						-0.811 -1.155 0.160,
						-0.847 -0.781 -0.019,
						-0.847 -0.955 0.072,
						-0.847 -1.099 0.205,
						-0.854 -0.754 0.057,
						-0.854 -0.909 0.137,
						-0.854 -1.036 0.256,
						-0.832 -0.864 0.201,
						-0.832 -0.976 0.305,
						-0.783 -0.926 0.346
					]
				}
				coordIndex
				[
					0, 1, 2, -1,
					2, 1, 3, -1,
					2, 3, 4, -1,
					4, 3, 5, -1,
					4, 5, 6, -1,
					4, 6, 7, -1,
					7, 6, 8, -1,
					7, 8, 9, -1,
					7, 9, 10, -1,
					10, 9, 11, -1,
					10, 11, 12, -1,
					10, 12, 13, -1,
					13, 12, 14, -1,
					13, 14, 15, -1,
					13, 15, 16, -1,
					16, 15, 17, -1,
					16, 17, 18, -1,
					16, 18, 19, -1,
					19, 18, 20, -1,
					19, 20, 21, -1,
					19, 21, 22, -1,
					22, 21, 23, -1,
					22, 23, 24, -1,
					22, 24, 25, -1,
					25, 24, 26, -1,
					25, 26, 27, -1,
					25, 27, 28, -1,
					28, 27, 29, -1,
					28, 29, 30, -1,
					30, 31, 28, -1,
					28, 31, 32, -1,
					28, 32, 33, -1,
					33, 32, 34, -1,
					33, 34, 35, -1,
					35, 34, 36, -1,
					35, 36, 37, -1,
					37, 36, 38, -1,
					37, 38, 39, -1,
					39, 38, 40, -1,
					39, 40, 41, -1,
					41, 40, 42, -1,
					41, 42, 43, -1,
					43, 42, 44, -1,
					31, 45, 32, -1,
					32, 45, 46, -1,
					32, 46, 47, -1,
					47, 46, 48, -1,
					47, 48, 49, -1,
					47, 49, 50, -1,
					50, 49, 51, -1,
					50, 51, 52, -1,
					50, 52, 53, -1,
					53, 52, 54, -1,
					53, 54, 55, -1,
					53, 55, 56, -1,
					56, 55, 57, -1,
					56, 57, 58, -1,
					56, 58, 59, -1,
					59, 58, 60, -1,
					59, 60, 61, -1,
					59, 61, 62, -1,
					62, 61, 63, -1,
					62, 63, 64, -1,
					62, 64, 2, -1,
					2, 64, 0, -1,
					65, 66, 67, -1,
					67, 66, 68, -1,
					67, 68, 69, -1,
					69, 68, 70, -1,
					69, 70, 71, -1,
					69, 71, 72, -1,
					72, 71, 73, -1,
					72, 73, 74, -1,
					72, 74, 42, -1,
					42, 74, 44, -1,
					43, 75, 41, -1,
					41, 75, 76, -1,
					41, 76, 77, -1,
					77, 76, 78, -1,
					77, 78, 79, -1,
					77, 79, 80, -1,
					80, 79, 81, -1,
					80, 81, 82, -1,
					80, 82, 83, -1,
					83, 82, 84, -1,
					83, 84, 85, -1,
					83, 85, 86, -1,
					86, 85, 87, -1,
					86, 87, 88, -1,
					86, 88, 89, -1,
					89, 88, 90, -1,
					89, 90, 91, -1,
					89, 91, 92, -1,
					92, 91, 93, -1,
					92, 93, 94, -1,
					92, 94, 95, -1,
					95, 94, 96, -1,
					95, 96, 97, -1,
					95, 97, 98, -1,
					98, 97, 99, -1,
					98, 99, 100, -1,
					98, 100, 101, -1,
					101, 100, 102, -1,
					101, 102, 103, -1,
					101, 103, 104, -1,
					104, 103, 105, -1,
					104, 105, 106, -1,
					104, 106, 107, -1,
					107, 106, 108, -1,
					107, 108, 109, -1,
					107, 109, 110, -1,
					110, 109, 111, -1,
					110, 111, 65, -1,
					53, 112, 113, -1,
					113, 112, 114, -1,
					113, 114, 115, -1,
					115, 114, 116, -1,
					115, 116, 38, -1,
					38, 116, 40, -1,
					56, 117, 112, -1,
					112, 117, 118, -1,
					112, 118, 114, -1,
					114, 118, 119, -1,
					114, 119, 116, -1,
					116, 119, 120, -1,
					116, 120, 40, -1,
					40, 120, 42, -1,
					112, 53, 56, -1,
					59, 121, 117, -1,
					117, 121, 122, -1,
					117, 122, 118, -1,
					118, 122, 123, -1,
					118, 123, 119, -1,
					119, 123, 124, -1,
					119, 124, 120, -1,
					120, 124, 72, -1,
					120, 72, 42, -1,
					62, 125, 121, -1,
					121, 125, 126, -1,
					121, 126, 122, -1,
					122, 126, 127, -1,
					122, 127, 123, -1,
					123, 127, 128, -1,
					123, 128, 124, -1,
					124, 128, 69, -1,
					124, 69, 72, -1,
					69, 128, 67, -1,
					67, 128, 129, -1,
					67, 129, 110, -1,
					110, 129, 130, -1,
					110, 130, 107, -1,
					107, 130, 131, -1,
					107, 131, 104, -1,
					104, 131, 132, -1,
					104, 132, 101, -1,
					101, 132, 133, -1,
					101, 133, 98, -1,
					98, 133, 134, -1,
					98, 134, 95, -1,
					95, 134, 135, -1,
					95, 135, 92, -1,
					92, 135, 136, -1,
					92, 136, 89, -1,
					89, 136, 137, -1,
					89, 137, 86, -1,
					86, 137, 138, -1,
					86, 138, 83, -1,
					83, 138, 139, -1,
					83, 139, 80, -1,
					80, 139, 140, -1,
					80, 140, 77, -1,
					77, 140, 39, -1,
					77, 39, 41, -1,
					67, 110, 65, -1,
					53, 113, 50, -1,
					50, 113, 141, -1,
					50, 141, 47, -1,
					47, 141, 34, -1,
					47, 34, 32, -1,
					25, 28, 142, -1,
					142, 28, 33, -1,
					142, 33, 143, -1,
					143, 33, 35, -1,
					143, 35, 144, -1,
					144, 35, 37, -1,
					144, 37, 140, -1,
					140, 37, 39, -1,
					22, 25, 145, -1,
					145, 25, 142, -1,
					145, 142, 146, -1,
					146, 142, 143, -1,
					146, 143, 147, -1,
					147, 143, 144, -1,
					147, 144, 139, -1,
					139, 144, 140, -1,
					19, 22, 148, -1,
					148, 22, 145, -1,
					148, 145, 149, -1,
					149, 145, 146, -1,
					149, 146, 150, -1,
					150, 146, 147, -1,
					150, 147, 138, -1,
					138, 147, 139, -1,
					16, 19, 151, -1,
					151, 19, 148, -1,
					151, 148, 152, -1,
					152, 148, 149, -1,
					152, 149, 153, -1,
					153, 149, 150, -1,
					153, 150, 137, -1,
					137, 150, 138, -1,
					13, 16, 154, -1,
					154, 16, 151, -1,
					154, 151, 155, -1,
					155, 151, 152, -1,
					155, 152, 156, -1,
					156, 152, 153, -1,
					156, 153, 136, -1,
					136, 153, 137, -1,
					10, 13, 157, -1,
					157, 13, 154, -1,
					157, 154, 158, -1,
					158, 154, 155, -1,
					158, 155, 159, -1,
					159, 155, 156, -1,
					159, 156, 135, -1,
					135, 156, 136, -1,
					7, 10, 160, -1,
					160, 10, 157, -1,
					160, 157, 161, -1,
					161, 157, 158, -1,
					161, 158, 162, -1,
					162, 158, 159, -1,
					162, 159, 134, -1,
					134, 159, 135, -1,
					4, 7, 163, -1,
					163, 7, 160, -1,
					163, 160, 164, -1,
					164, 160, 161, -1,
					164, 161, 165, -1,
					165, 161, 162, -1,
					165, 162, 133, -1,
					133, 162, 134, -1,
					2, 4, 166, -1,
					166, 4, 163, -1,
					166, 163, 167, -1,
					167, 163, 164, -1,
					167, 164, 168, -1,
					168, 164, 165, -1,
					168, 165, 132, -1,
					132, 165, 133, -1,
					62, 2, 125, -1,
					125, 2, 166, -1,
					125, 166, 169, -1,
					169, 166, 167, -1,
					169, 167, 170, -1,
					170, 167, 168, -1,
					170, 168, 131, -1,
					131, 168, 132, -1,
					59, 62, 121, -1,
					56, 59, 117, -1,
					113, 115, 141, -1,
					141, 115, 36, -1,
					141, 36, 34, -1,
					36, 115, 38, -1,
					125, 169, 126, -1,
					126, 169, 171, -1,
					126, 171, 127, -1,
					127, 171, 129, -1,
					127, 129, 128, -1,
					169, 170, 171, -1,
					171, 170, 130, -1,
					171, 130, 129, -1,
					131, 130, 170, -1
				]
				normal Normal
				{
					vector
					[
						-0.996 -0.000 0.092,
						-1.000 -0.000 0.000,
						-0.996 0.006 0.092,
						-0.990 0.000 -0.138,
						-0.962 -0.019 -0.273,
						-0.962 0.000 -0.274,
						-0.895 0.000 -0.446,
						-0.798 -0.041 -0.601,
						-0.798 0.000 -0.603,
						-0.674 0.000 -0.739,
						-0.526 -0.058 -0.848,
						-0.526 0.000 -0.850,
						-0.361 0.000 -0.932,
						-0.184 -0.067 -0.981,
						-0.184 0.000 -0.983,
						0.000 0.000 -1.000,
						0.184 -0.067 -0.981,
						0.184 0.000 -0.983,
						0.361 0.000 -0.932,
						0.526 -0.058 -0.848,
						0.526 0.000 -0.850,
						0.674 0.000 -0.739,
						0.798 -0.041 -0.601,
						0.798 0.000 -0.603,
						0.895 0.000 -0.446,
						0.962 -0.019 -0.273,
						0.962 0.000 -0.274,
						0.990 0.000 -0.138,
						0.996 0.006 0.092,
						1.000 0.000 0.000,
						0.996 -0.000 0.092,
						0.962 -0.000 0.274,
						0.895 0.030 0.445,
						0.996 0.031 0.087,
						0.895 0.149 0.420,
						0.996 0.053 0.075,
						0.895 0.257 0.364,
						0.996 0.072 0.058,
						0.895 0.346 0.281,
						0.996 0.085 0.037,
						0.895 0.409 0.178,
						0.996 0.091 0.013,
						0.895 0.442 0.061,
						0.962 0.274 0.000,
						0.895 0.446 0.000,
						0.895 -0.000 0.446,
						0.798 -0.000 0.603,
						0.674 0.050 0.737,
						0.674 -0.000 0.739,
						0.526 -0.000 0.850,
						0.361 0.064 0.930,
						0.361 -0.000 0.932,
						0.184 -0.000 0.983,
						0.000 0.068 0.998,
						-0.000 -0.000 1.000,
						-0.184 -0.000 0.983,
						-0.361 0.064 0.930,
						-0.361 -0.000 0.932,
						-0.526 -0.000 0.850,
						-0.674 0.050 0.737,
						-0.674 -0.000 0.739,
						-0.798 -0.000 0.603,
						-0.895 0.030 0.445,
						-0.895 -0.000 0.446,
						-0.962 -0.000 0.274,
						-0.184 0.983 -0.000,
						0.000 1.000 0.000,
						-0.000 0.991 0.136,
						0.184 0.983 0.000,
						0.361 0.924 0.127,
						0.361 0.932 0.000,
						0.526 0.850 0.000,
						0.674 0.732 0.101,
						0.674 0.739 0.000,
						0.798 0.603 0.000,
						0.996 0.092 0.000,
						0.996 -0.092 0.000,
						0.962 -0.271 -0.037,
						0.962 -0.274 0.000,
						0.895 -0.446 0.000,
						0.798 -0.597 -0.082,
						0.798 -0.603 0.000,
						0.674 -0.739 0.000,
						0.526 -0.842 -0.116,
						0.526 -0.850 0.000,
						0.361 -0.932 0.000,
						0.184 -0.974 -0.134,
						0.184 -0.983 0.000,
						-0.000 -1.000 -0.000,
						-0.184 -0.974 -0.134,
						-0.184 -0.983 -0.000,
						-0.361 -0.932 -0.000,
						-0.526 -0.842 -0.116,
						-0.526 -0.850 -0.000,
						-0.674 -0.739 -0.000,
						-0.798 -0.597 -0.082,
						-0.798 -0.603 -0.000,
						-0.895 -0.446 -0.000,
						-0.962 -0.271 -0.037,
						-0.962 -0.274 -0.000,
						-0.996 -0.092 -0.000,
						-0.996 0.091 0.013,
						-0.996 0.092 -0.000,
						-0.962 0.274 -0.000,
						-0.895 0.442 0.061,
						-0.895 0.446 -0.000,
						-0.798 0.603 -0.000,
						-0.674 0.732 0.101,
						-0.674 0.739 -0.000,
						-0.526 0.850 -0.000,
						-0.361 0.924 0.127,
						-0.361 0.932 -0.000,
						0.000 0.335 0.942,
						0.361 0.312 0.879,
						0.361 0.538 0.762,
						0.674 0.426 0.604,
						0.674 0.573 0.466,
						-0.361 0.312 0.879,
						0.000 0.577 0.817,
						0.361 0.723 0.588,
						0.674 0.678 0.294,
						-0.674 0.247 0.696,
						-0.361 0.538 0.762,
						0.000 0.776 0.631,
						0.361 0.855 0.371,
						-0.895 0.149 0.420,
						-0.674 0.426 0.604,
						-0.361 0.723 0.588,
						0.000 0.917 0.398,
						-0.361 0.855 0.371,
						-0.674 0.678 0.294,
						-0.895 0.409 0.178,
						-0.996 0.085 0.037,
						-0.962 -0.251 -0.109,
						-0.798 -0.553 -0.240,
						-0.526 -0.780 -0.339,
						-0.184 -0.902 -0.392,
						0.184 -0.902 -0.392,
						0.526 -0.780 -0.339,
						0.798 -0.553 -0.240,
						0.962 -0.251 -0.109,
						0.674 0.247 0.696,
						0.962 -0.092 -0.258,
						0.962 -0.158 -0.224,
						0.962 -0.212 -0.173,
						0.798 -0.202 -0.568,
						0.798 -0.348 -0.492,
						0.798 -0.467 -0.380,
						0.526 -0.285 -0.801,
						0.526 -0.490 -0.695,
						0.526 -0.660 -0.537,
						0.184 -0.329 -0.926,
						0.184 -0.567 -0.803,
						0.184 -0.763 -0.620,
						-0.184 -0.329 -0.926,
						-0.184 -0.567 -0.803,
						-0.184 -0.763 -0.620,
						-0.526 -0.285 -0.801,
						-0.526 -0.490 -0.695,
						-0.526 -0.660 -0.537,
						-0.798 -0.202 -0.568,
						-0.798 -0.348 -0.492,
						-0.798 -0.467 -0.380,
						-0.962 -0.092 -0.258,
						-0.962 -0.158 -0.224,
						-0.962 -0.212 -0.173,
						-0.996 0.031 0.087,
						-0.996 0.053 0.075,
						-0.996 0.072 0.058,
						-0.895 0.257 0.364,
						-0.895 0.346 0.281,
						-0.674 0.573 0.466
					]
				}
				normalIndex
				[
					0, 1, 2, -1,
					2, 1, 3, -1,
					2, 3, 4, -1,
					4, 3, 5, -1,
					4, 5, 6, -1,
					4, 6, 7, -1,
					7, 6, 8, -1,
					7, 8, 9, -1,
					7, 9, 10, -1,
					10, 9, 11, -1,
					10, 11, 12, -1,
					10, 12, 13, -1,
					13, 12, 14, -1,
					13, 14, 15, -1,
					13, 15, 16, -1,
					16, 15, 17, -1,
					16, 17, 18, -1,
					16, 18, 19, -1,
					19, 18, 20, -1,
					19, 20, 21, -1,
					19, 21, 22, -1,
					22, 21, 23, -1,
					22, 23, 24, -1,
					22, 24, 25, -1,
					25, 24, 26, -1,
					25, 26, 27, -1,
					25, 27, 28, -1,
					28, 27, 29, -1,
					28, 29, 30, -1,
					30, 31, 28, -1,
					28, 31, 32, -1,
					28, 32, 33, -1,
					33, 32, 34, -1,
					33, 34, 35, -1,
					35, 34, 36, -1,
					35, 36, 37, -1,
					37, 36, 38, -1,
					37, 38, 39, -1,
					39, 38, 40, -1,
					39, 40, 41, -1,
					41, 40, 42, -1,
					41, 42, 43, -1,
					43, 42, 44, -1,
					31, 45, 32, -1,
					32, 45, 46, -1,
					32, 46, 47, -1,
					47, 46, 48, -1,
					47, 48, 49, -1,
					47, 49, 50, -1,
					50, 49, 51, -1,
					50, 51, 52, -1,
					50, 52, 53, -1,
					53, 52, 54, -1,
					53, 54, 55, -1,
					53, 55, 56, -1,
					56, 55, 57, -1,
					56, 57, 58, -1,
					56, 58, 59, -1,
					59, 58, 60, -1,
					59, 60, 61, -1,
					59, 61, 62, -1,
					62, 61, 63, -1,
					62, 63, 64, -1,
					62, 64, 2, -1,
					2, 64, 0, -1,
					65, 66, 67, -1,
					67, 66, 68, -1,
					67, 68, 69, -1,
					69, 68, 70, -1,
					69, 70, 71, -1,
					69, 71, 72, -1,
					72, 71, 73, -1,
					72, 73, 74, -1,
					72, 74, 42, -1,
					42, 74, 44, -1,
					43, 75, 41, -1,
					41, 75, 76, -1,
					41, 76, 77, -1,
					77, 76, 78, -1,
					77, 78, 79, -1,
					77, 79, 80, -1,
					80, 79, 81, -1,
					80, 81, 82, -1,
					80, 82, 83, -1,
					83, 82, 84, -1,
					83, 84, 85, -1,
					83, 85, 86, -1,
					86, 85, 87, -1,
					86, 87, 88, -1,
					86, 88, 89, -1,
					89, 88, 90, -1,
					89, 90, 91, -1,
					89, 91, 92, -1,
					92, 91, 93, -1,
					92, 93, 94, -1,
					92, 94, 95, -1,
					95, 94, 96, -1,
					95, 96, 97, -1,
					95, 97, 98, -1,
					98, 97, 99, -1,
					98, 99, 100, -1,
					98, 100, 101, -1,
					101, 100, 102, -1,
					101, 102, 103, -1,
					101, 103, 104, -1,
					104, 103, 105, -1,
					104, 105, 106, -1,
					104, 106, 107, -1,
					107, 106, 108, -1,
					107, 108, 109, -1,
					107, 109, 110, -1,
					110, 109, 111, -1,
					110, 111, 65, -1,
					53, 112, 113, -1,
					113, 112, 114, -1,
					113, 114, 115, -1,
					115, 114, 116, -1,
					115, 116, 38, -1,
					38, 116, 40, -1,
					56, 117, 112, -1,
					112, 117, 118, -1,
					112, 118, 114, -1,
					114, 118, 119, -1,
					114, 119, 116, -1,
					116, 119, 120, -1,
					116, 120, 40, -1,
					40, 120, 42, -1,
					112, 53, 56, -1,
					59, 121, 117, -1,
					117, 121, 122, -1,
					117, 122, 118, -1,
					118, 122, 123, -1,
					118, 123, 119, -1,
					119, 123, 124, -1,
					119, 124, 120, -1,
					120, 124, 72, -1,
					120, 72, 42, -1,
					62, 125, 121, -1,
					121, 125, 126, -1,
					121, 126, 122, -1,
					122, 126, 127, -1,
					122, 127, 123, -1,
					123, 127, 128, -1,
					123, 128, 124, -1,
					124, 128, 69, -1,
					124, 69, 72, -1,
					69, 128, 67, -1,
					67, 128, 129, -1,
					67, 129, 110, -1,
					110, 129, 130, -1,
					110, 130, 107, -1,
					107, 130, 131, -1,
					107, 131, 104, -1,
					104, 131, 132, -1,
					104, 132, 101, -1,
					101, 132, 133, -1,
					101, 133, 98, -1,
					98, 133, 134, -1,
					98, 134, 95, -1,
					95, 134, 135, -1,
					95, 135, 92, -1,
					92, 135, 136, -1,
					92, 136, 89, -1,
					89, 136, 137, -1,
					89, 137, 86, -1,
					86, 137, 138, -1,
					86, 138, 83, -1,
					83, 138, 139, -1,
					83, 139, 80, -1,
					80, 139, 140, -1,
					80, 140, 77, -1,
					77, 140, 39, -1,
					77, 39, 41, -1,
					67, 110, 65, -1,
					53, 113, 50, -1,
					50, 113, 141, -1,
					50, 141, 47, -1,
					47, 141, 34, -1,
					47, 34, 32, -1,
					25, 28, 142, -1,
					142, 28, 33, -1,
					142, 33, 143, -1,
					143, 33, 35, -1,
					143, 35, 144, -1,
					144, 35, 37, -1,
					144, 37, 140, -1,
					140, 37, 39, -1,
					22, 25, 145, -1,
					145, 25, 142, -1,
					145, 142, 146, -1,
					146, 142, 143, -1,
					146, 143, 147, -1,
					147, 143, 144, -1,
					147, 144, 139, -1,
					139, 144, 140, -1,
					19, 22, 148, -1,
					148, 22, 145, -1,
					148, 145, 149, -1,
					149, 145, 146, -1,
					149, 146, 150, -1,
					150, 146, 147, -1,
					150, 147, 138, -1,
					138, 147, 139, -1,
					16, 19, 151, -1,
					151, 19, 148, -1,
					151, 148, 152, -1,
					152, 148, 149, -1,
					152, 149, 153, -1,
					153, 149, 150, -1,
					153, 150, 137, -1,
					137, 150, 138, -1,
					13, 16, 154, -1,
					154, 16, 151, -1,
					154, 151, 155, -1,
					155, 151, 152, -1,
					155, 152, 156, -1,
					156, 152, 153, -1,
					156, 153, 136, -1,
					136, 153, 137, -1,
					10, 13, 157, -1,
					157, 13, 154, -1,
					157, 154, 158, -1,
					158, 154, 155, -1,
					158, 155, 159, -1,
					159, 155, 156, -1,
					159, 156, 135, -1,
					135, 156, 136, -1,
					7, 10, 160, -1,
					160, 10, 157, -1,
					160, 157, 161, -1,
					161, 157, 158, -1,
					161, 158, 162, -1,
					162, 158, 159, -1,
					162, 159, 134, -1,
					134, 159, 135, -1,
					4, 7, 163, -1,
					163, 7, 160, -1,
					163, 160, 164, -1,
					164, 160, 161, -1,
					164, 161, 165, -1,
					165, 161, 162, -1,
					165, 162, 133, -1,
					133, 162, 134, -1,
					2, 4, 166, -1,
					166, 4, 163, -1,
					166, 163, 167, -1,
					167, 163, 164, -1,
					167, 164, 168, -1,
					168, 164, 165, -1,
					168, 165, 132, -1,
					132, 165, 133, -1,
					62, 2, 125, -1,
					125, 2, 166, -1,
					125, 166, 169, -1,
					169, 166, 167, -1,
					169, 167, 170, -1,
					170, 167, 168, -1,
					170, 168, 131, -1,
					131, 168, 132, -1,
					59, 62, 121, -1,
					56, 59, 117, -1,
					113, 115, 141, -1,
					141, 115, 36, -1,
					141, 36, 34, -1,
					36, 115, 38, -1,
					125, 169, 126, -1,
					126, 169, 171, -1,
					126, 171, 127, -1,
					127, 171, 129, -1,
					127, 129, 128, -1,
					169, 170, 171, -1,
					171, 170, 130, -1,
					171, 130, 129, -1,
					131, 130, 170, -1
				]
			}
		}
		Shape
		{
			appearance Appearance
			{
				material Material
				{
					diffuseColor 0.812 0.812 0.812
				}
			}
			geometry IndexedFaceSet
			{
				creaseAngle 0.5
				solid TRUE
				coord Coordinate
				{
					point
					[
						-0.854 0.059 -0.020,
						-0.853 -0.540 -0.030,
						-0.855 0.059 0.000,
						-0.855 -0.540 0.000,
						-0.854 -0.540 0.020,
						-0.847 0.059 -0.060,
						-0.847 -0.540 -0.060,
						-0.832 -0.540 -0.098,
						-0.832 0.059 -0.098,
						-0.811 0.059 -0.133,
						-0.783 0.059 -0.163,
						-0.783 -0.540 -0.163,
						-0.811 -0.540 -0.133,
						-0.751 0.059 -0.187,
						-0.751 -0.540 -0.187,
						-0.714 -0.540 -0.205,
						-0.714 0.059 -0.205,
						-0.675 0.059 -0.216,
						-0.635 0.059 -0.220,
						-0.635 -0.540 -0.220,
						-0.675 -0.540 -0.216,
						-0.595 0.059 -0.216,
						-0.595 -0.540 -0.216,
						-0.556 -0.540 -0.205,
						-0.556 0.059 -0.205,
						-0.519 0.059 -0.187,
						-0.487 0.059 -0.163,
						-0.487 -0.540 -0.163,
						-0.519 -0.540 -0.187,
						-0.459 0.059 -0.133,
						-0.459 -0.540 -0.133,
						-0.438 -0.540 -0.098,
						-0.438 0.059 -0.098,
						-0.423 0.059 -0.060,
						-0.423 0.059 0.060,
						-0.423 -0.540 0.060,
						-0.417 0.059 0.030,
						-0.416 -0.540 0.020,
						-0.415 0.059 0.000,
						-0.415 -0.540 0.000,
						-0.416 0.059 -0.020,
						-0.417 -0.540 -0.030,
						-0.423 -0.540 -0.060,
						-0.438 0.059 0.098,
						-0.438 -0.540 0.098,
						-0.459 -0.540 0.133,
						-0.459 0.059 0.133,
						-0.487 0.059 0.163,
						-0.519 0.059 0.187,
						-0.519 -0.540 0.187,
						-0.487 -0.540 0.163,
						-0.556 0.059 0.205,
						-0.556 -0.540 0.205,
						-0.595 -0.540 0.216,
						-0.595 0.059 0.216,
						-0.635 0.059 0.220,
						-0.675 0.059 0.216,
						-0.675 -0.540 0.216,
						-0.635 -0.540 0.220,
						-0.714 0.059 0.205,
						-0.714 -0.540 0.205,
						-0.751 -0.540 0.187,
						-0.751 0.059 0.187,
						-0.783 0.059 0.163,
						-0.811 0.059 0.133,
						-0.811 -0.540 0.133,
						-0.783 -0.540 0.163,
						-0.832 0.059 0.098,
						-0.832 -0.540 0.098,
						-0.847 -0.540 0.060,
						-0.847 0.059 0.060,
						-0.853 0.059 0.030
					]
				}
				coordIndex
				[
					0, 1, 2, -1,
					2, 1, 3, -1,
					2, 3, 4, -1,
					0, 5, 1, -1,
					1, 5, 6, -1,
					6, 5, 7, -1,
					7, 5, 8, -1,
					7, 8, 9, -1,
					10, 11, 9, -1,
					9, 11, 12, -1,
					9, 12, 7, -1,
					10, 13, 11, -1,
					11, 13, 14, -1,
					14, 13, 15, -1,
					15, 13, 16, -1,
					15, 16, 17, -1,
					18, 19, 17, -1,
					17, 19, 20, -1,
					17, 20, 15, -1,
					18, 21, 19, -1,
					19, 21, 22, -1,
					22, 21, 23, -1,
					23, 21, 24, -1,
					23, 24, 25, -1,
					26, 27, 25, -1,
					25, 27, 28, -1,
					25, 28, 23, -1,
					26, 29, 27, -1,
					27, 29, 30, -1,
					30, 29, 31, -1,
					31, 29, 32, -1,
					31, 32, 33, -1,
					34, 35, 36, -1,
					36, 35, 37, -1,
					36, 37, 38, -1,
					38, 37, 39, -1,
					38, 39, 40, -1,
					40, 39, 41, -1,
					40, 41, 33, -1,
					33, 41, 42, -1,
					33, 42, 31, -1,
					34, 43, 35, -1,
					35, 43, 44, -1,
					44, 43, 45, -1,
					45, 43, 46, -1,
					45, 46, 47, -1,
					48, 49, 47, -1,
					47, 49, 50, -1,
					47, 50, 45, -1,
					48, 51, 49, -1,
					49, 51, 52, -1,
					52, 51, 53, -1,
					53, 51, 54, -1,
					53, 54, 55, -1,
					56, 57, 55, -1,
					55, 57, 58, -1,
					55, 58, 53, -1,
					56, 59, 57, -1,
					57, 59, 60, -1,
					60, 59, 61, -1,
					61, 59, 62, -1,
					61, 62, 63, -1,
					64, 65, 63, -1,
					63, 65, 66, -1,
					63, 66, 61, -1,
					64, 67, 65, -1,
					65, 67, 68, -1,
					68, 67, 69, -1,
					69, 67, 70, -1,
					69, 70, 71, -1,
					69, 71, 4, -1,
					4, 71, 2, -1
				]
				normal Normal
				{
					vector
					[
						-0.996 0.000 -0.092,
						-0.990 0.000 -0.138,
						-1.000 0.000 0.000,
						-0.996 0.000 0.092,
						-0.962 0.000 -0.274,
						-0.895 0.000 -0.446,
						-0.798 0.000 -0.603,
						-0.674 0.000 -0.739,
						-0.526 0.000 -0.850,
						-0.361 0.000 -0.932,
						-0.184 0.000 -0.983,
						0.000 0.000 -1.000,
						0.184 0.000 -0.983,
						0.361 0.000 -0.932,
						0.526 0.000 -0.850,
						0.674 0.000 -0.739,
						0.798 0.000 -0.603,
						0.895 0.000 -0.446,
						0.962 0.000 -0.274,
						0.962 0.000 0.274,
						0.990 0.000 0.138,
						0.996 0.000 0.092,
						1.000 -0.000 -0.000,
						0.996 0.000 -0.092,
						0.990 0.000 -0.138,
						0.895 0.000 0.446,
						0.798 0.000 0.603,
						0.674 0.000 0.739,
						0.526 0.000 0.850,
						0.361 0.000 0.932,
						0.184 0.000 0.983,
						0.000 0.000 1.000,
						-0.184 0.000 0.983,
						-0.361 0.000 0.932,
						-0.526 0.000 0.850,
						-0.674 0.000 0.739,
						-0.798 0.000 0.603,
						-0.895 0.000 0.446,
						-0.962 0.000 0.274,
						-0.990 0.000 0.138
					]
				}
				normalIndex
				[
					0, 1, 2, -1,
					2, 1, 2, -1,
					2, 2, 3, -1,
					0, 4, 1, -1,
					1, 4, 4, -1,
					4, 4, 5, -1,
					5, 4, 5, -1,
					5, 5, 6, -1,
					7, 7, 6, -1,
					6, 7, 6, -1,
					6, 6, 5, -1,
					7, 8, 7, -1,
					7, 8, 8, -1,
					8, 8, 9, -1,
					9, 8, 9, -1,
					9, 9, 10, -1,
					11, 11, 10, -1,
					10, 11, 10, -1,
					10, 10, 9, -1,
					11, 12, 11, -1,
					11, 12, 12, -1,
					12, 12, 13, -1,
					13, 12, 13, -1,
					13, 13, 14, -1,
					15, 15, 14, -1,
					14, 15, 14, -1,
					14, 14, 13, -1,
					15, 16, 15, -1,
					15, 16, 16, -1,
					16, 16, 17, -1,
					17, 16, 17, -1,
					17, 17, 18, -1,
					19, 19, 20, -1,
					20, 19, 21, -1,
					20, 21, 22, -1,
					22, 21, 22, -1,
					22, 22, 23, -1,
					23, 22, 24, -1,
					23, 24, 18, -1,
					18, 24, 18, -1,
					18, 18, 17, -1,
					19, 25, 19, -1,
					19, 25, 25, -1,
					25, 25, 26, -1,
					26, 25, 26, -1,
					26, 26, 27, -1,
					28, 28, 27, -1,
					27, 28, 27, -1,
					27, 27, 26, -1,
					28, 29, 28, -1,
					28, 29, 29, -1,
					29, 29, 30, -1,
					30, 29, 30, -1,
					30, 30, 31, -1,
					32, 32, 31, -1,
					31, 32, 31, -1,
					31, 31, 30, -1,
					32, 33, 32, -1,
					32, 33, 33, -1,
					33, 33, 34, -1,
					34, 33, 34, -1,
					34, 34, 35, -1,
					36, 36, 35, -1,
					35, 36, 35, -1,
					35, 35, 34, -1,
					36, 37, 36, -1,
					36, 37, 37, -1,
					37, 37, 38, -1,
					38, 37, 38, -1,
					38, 38, 39, -1,
					38, 39, 3, -1,
					3, 39, 2, -1
				]
			}
		}
		Shape
		{
			appearance Appearance
			{
				material Material
				{
					diffuseColor 0.812 0.812 0.812
				}
			}
			geometry IndexedFaceSet
			{
				creaseAngle 0.5
				solid TRUE
				coord Coordinate
				{
					point
					[
						-0.882 0.129 0.034,
						-0.884 0.129 0.000,
						-0.880 0.126 -0.023,
						-0.883 0.129 -0.023,
						-0.875 0.129 -0.068,
						-0.855 0.126 -0.110,
						-0.858 0.129 -0.111,
						-0.834 0.129 -0.150,
						-0.801 0.126 -0.182,
						-0.803 0.129 -0.184,
						-0.766 0.129 -0.212,
						-0.724 0.126 -0.229,
						-0.725 0.129 -0.232,
						-0.681 0.129 -0.245,
						-0.635 0.126 -0.246,
						-0.635 0.129 -0.249,
						-0.589 0.129 -0.245,
						-0.546 0.126 -0.229,
						-0.545 0.129 -0.232,
						-0.504 0.129 -0.212,
						-0.469 0.126 -0.182,
						-0.467 0.129 -0.184,
						-0.436 0.129 -0.150,
						-0.415 0.126 -0.110,
						-0.412 0.129 -0.111,
						-0.395 0.129 -0.068,
						-0.390 0.126 -0.023,
						-0.387 0.129 -0.023,
						-0.386 0.129 0.000,
						-0.388 0.129 0.034,
						-0.398 0.126 0.067,
						-0.417 0.095 0.062,
						-0.454 0.095 0.137,
						-0.438 0.059 0.098,
						-0.459 0.059 0.133,
						-0.395 0.129 0.068,
						-0.412 0.129 0.111,
						-0.439 0.126 0.148,
						-0.436 0.129 0.150,
						-0.467 0.129 0.184,
						-0.505 0.126 0.209,
						-0.504 0.129 0.212,
						-0.545 0.129 0.232,
						-0.590 0.126 0.242,
						-0.589 0.129 0.245,
						-0.635 0.129 0.249,
						-0.680 0.126 0.242,
						-0.681 0.129 0.245,
						-0.725 0.129 0.232,
						-0.765 0.126 0.209,
						-0.766 0.129 0.212,
						-0.803 0.129 0.184,
						-0.831 0.126 0.148,
						-0.834 0.129 0.150,
						-0.858 0.129 0.111,
						-0.872 0.126 0.067,
						-0.875 0.129 0.068,
						-0.854 0.059 -0.020,
						-0.855 0.059 0.000,
						-0.861 0.095 -0.021,
						-0.853 0.059 0.030,
						-0.853 0.095 0.062,
						-0.847 0.059 0.060,
						-0.832 0.059 0.098,
						-0.816 0.095 0.137,
						-0.811 0.059 0.133,
						-0.783 0.059 0.163,
						-0.754 0.095 0.193,
						-0.751 0.059 0.187,
						-0.714 0.059 0.205,
						-0.677 0.095 0.223,
						-0.675 0.059 0.216,
						-0.635 0.059 0.220,
						-0.593 0.095 0.223,
						-0.595 0.059 0.216,
						-0.556 0.059 0.205,
						-0.516 0.095 0.193,
						-0.519 0.059 0.187,
						-0.487 0.059 0.163,
						-0.423 0.059 0.060,
						-0.417 0.059 0.030,
						-0.409 0.095 -0.021,
						-0.415 0.059 0.000,
						-0.416 0.059 -0.020,
						-0.423 0.059 -0.060,
						-0.432 0.095 -0.101,
						-0.438 0.059 -0.098,
						-0.459 0.059 -0.133,
						-0.482 0.095 -0.168,
						-0.487 0.059 -0.163,
						-0.519 0.059 -0.187,
						-0.553 0.095 -0.211,
						-0.556 0.059 -0.205,
						-0.595 0.059 -0.216,
						-0.635 0.095 -0.227,
						-0.635 0.059 -0.220,
						-0.675 0.059 -0.216,
						-0.717 0.095 -0.211,
						-0.714 0.059 -0.205,
						-0.751 0.059 -0.187,
						-0.788 0.095 -0.168,
						-0.783 0.059 -0.163,
						-0.811 0.059 -0.133,
						-0.838 0.095 -0.101,
						-0.832 0.059 -0.098,
						-0.847 0.059 -0.060
					]
				}
				coordIndex
				[
					0, 1, 2, -1,
					2, 1, 3, -1,
					2, 3, 4, -1,
					2, 4, 5, -1,
					5, 4, 6, -1,
					5, 6, 7, -1,
					5, 7, 8, -1,
					8, 7, 9, -1,
					8, 9, 10, -1,
					8, 10, 11, -1,
					11, 10, 12, -1,
					11, 12, 13, -1,
					11, 13, 14, -1,
					14, 13, 15, -1,
					14, 15, 16, -1,
					14, 16, 17, -1,
					17, 16, 18, -1,
					17, 18, 19, -1,
					17, 19, 20, -1,
					20, 19, 21, -1,
					20, 21, 22, -1,
					20, 22, 23, -1,
					23, 22, 24, -1,
					23, 24, 25, -1,
					23, 25, 26, -1,
					26, 25, 27, -1,
					26, 27, 28, -1,
					28, 29, 26, -1,
					26, 29, 30, -1,
					26, 30, 31, -1,
					31, 30, 32, -1,
					31, 32, 33, -1,
					33, 32, 34, -1,
					29, 35, 30, -1,
					30, 35, 36, -1,
					30, 36, 37, -1,
					37, 36, 38, -1,
					37, 38, 39, -1,
					37, 39, 40, -1,
					40, 39, 41, -1,
					40, 41, 42, -1,
					40, 42, 43, -1,
					43, 42, 44, -1,
					43, 44, 45, -1,
					43, 45, 46, -1,
					46, 45, 47, -1,
					46, 47, 48, -1,
					46, 48, 49, -1,
					49, 48, 50, -1,
					49, 50, 51, -1,
					49, 51, 52, -1,
					52, 51, 53, -1,
					52, 53, 54, -1,
					52, 54, 55, -1,
					55, 54, 56, -1,
					55, 56, 0, -1,
					57, 58, 59, -1,
					59, 58, 60, -1,
					59, 60, 61, -1,
					61, 60, 62, -1,
					61, 62, 63, -1,
					61, 63, 64, -1,
					64, 63, 65, -1,
					64, 65, 66, -1,
					64, 66, 67, -1,
					67, 66, 68, -1,
					67, 68, 69, -1,
					67, 69, 70, -1,
					70, 69, 71, -1,
					70, 71, 72, -1,
					70, 72, 73, -1,
					73, 72, 74, -1,
					73, 74, 75, -1,
					73, 75, 76, -1,
					76, 75, 77, -1,
					76, 77, 78, -1,
					76, 78, 32, -1,
					32, 78, 34, -1,
					33, 79, 31, -1,
					31, 79, 80, -1,
					31, 80, 81, -1,
					81, 80, 82, -1,
					81, 82, 83, -1,
					83, 84, 81, -1,
					81, 84, 85, -1,
					81, 85, 23, -1,
					23, 85, 20, -1,
					84, 86, 85, -1,
					85, 86, 87, -1,
					85, 87, 88, -1,
					88, 87, 89, -1,
					88, 89, 90, -1,
					88, 90, 91, -1,
					91, 90, 92, -1,
					91, 92, 93, -1,
					91, 93, 94, -1,
					94, 93, 95, -1,
					94, 95, 96, -1,
					94, 96, 97, -1,
					97, 96, 98, -1,
					97, 98, 99, -1,
					97, 99, 100, -1,
					100, 99, 101, -1,
					100, 101, 102, -1,
					100, 102, 103, -1,
					103, 102, 104, -1,
					103, 104, 105, -1,
					103, 105, 59, -1,
					59, 105, 57, -1,
					20, 88, 17, -1,
					17, 88, 91, -1,
					17, 91, 14, -1,
					14, 91, 94, -1,
					14, 94, 11, -1,
					11, 94, 97, -1,
					11, 97, 8, -1,
					8, 97, 100, -1,
					8, 100, 5, -1,
					5, 100, 103, -1,
					5, 103, 2, -1,
					2, 103, 59, -1,
					2, 59, 55, -1,
					55, 59, 61, -1,
					55, 61, 52, -1,
					52, 61, 64, -1,
					52, 64, 49, -1,
					49, 64, 67, -1,
					49, 67, 46, -1,
					46, 67, 70, -1,
					46, 70, 43, -1,
					43, 70, 73, -1,
					43, 73, 40, -1,
					40, 73, 76, -1,
					40, 76, 37, -1,
					37, 76, 32, -1,
					37, 32, 30, -1,
					2, 55, 0, -1,
					88, 20, 85, -1,
					31, 81, 26, -1,
					26, 81, 23, -1
				]
				normal Normal
				{
					vector
					[
						-0.700 -0.707 0.098,
						-0.707 -0.707 -0.000,
						-0.736 -0.674 -0.068,
						-0.704 -0.707 -0.065,
						-0.680 -0.707 -0.194,
						-0.662 -0.674 -0.329,
						-0.633 -0.707 -0.315,
						-0.564 -0.707 -0.426,
						-0.498 -0.674 -0.546,
						-0.476 -0.707 -0.523,
						-0.372 -0.707 -0.601,
						-0.267 -0.674 -0.689,
						-0.255 -0.707 -0.659,
						-0.130 -0.707 -0.695,
						-0.000 -0.674 -0.739,
						0.000 -0.707 -0.707,
						0.130 -0.707 -0.695,
						0.267 -0.674 -0.689,
						0.255 -0.707 -0.659,
						0.372 -0.707 -0.601,
						0.498 -0.674 -0.546,
						0.476 -0.707 -0.523,
						0.564 -0.707 -0.426,
						0.662 -0.674 -0.329,
						0.633 -0.707 -0.315,
						0.680 -0.707 -0.194,
						0.736 -0.674 -0.068,
						0.704 -0.707 -0.065,
						0.707 -0.707 0.000,
						0.700 -0.707 0.098,
						0.711 -0.674 0.202,
						0.897 -0.361 0.255,
						0.744 -0.361 0.562,
						0.895 0.000 0.446,
						0.798 0.000 0.603,
						0.680 -0.707 0.194,
						0.633 -0.707 0.315,
						0.590 -0.674 0.445,
						0.564 -0.707 0.426,
						0.476 -0.707 0.523,
						0.389 -0.674 0.628,
						0.372 -0.707 0.601,
						0.255 -0.707 0.659,
						0.136 -0.674 0.726,
						0.130 -0.707 0.695,
						-0.000 -0.707 0.707,
						-0.136 -0.674 0.726,
						-0.130 -0.707 0.695,
						-0.255 -0.707 0.659,
						-0.389 -0.674 0.628,
						-0.372 -0.707 0.601,
						-0.476 -0.707 0.523,
						-0.590 -0.674 0.445,
						-0.564 -0.707 0.426,
						-0.633 -0.707 0.315,
						-0.711 -0.674 0.202,
						-0.680 -0.707 0.194,
						-0.996 0.000 -0.092,
						-1.000 0.000 -0.000,
						-0.928 -0.361 -0.086,
						-0.990 0.000 0.138,
						-0.897 -0.361 0.255,
						-0.962 0.000 0.274,
						-0.895 0.000 0.446,
						-0.744 -0.361 0.562,
						-0.798 0.000 0.603,
						-0.674 0.000 0.739,
						-0.491 -0.361 0.793,
						-0.526 0.000 0.850,
						-0.361 0.000 0.932,
						-0.171 -0.361 0.917,
						-0.184 0.000 0.983,
						-0.000 0.000 1.000,
						0.171 -0.361 0.917,
						0.184 0.000 0.983,
						0.361 0.000 0.932,
						0.491 -0.361 0.793,
						0.526 0.000 0.850,
						0.674 0.000 0.739,
						0.962 0.000 0.274,
						0.990 0.000 0.138,
						0.928 -0.361 -0.086,
						1.000 0.000 0.000,
						0.996 0.000 -0.092,
						0.962 0.000 -0.274,
						0.835 -0.361 -0.416,
						0.895 0.000 -0.446,
						0.798 0.000 -0.603,
						0.628 -0.361 -0.689,
						0.674 0.000 -0.739,
						0.526 0.000 -0.850,
						0.337 -0.361 -0.870,
						0.361 0.000 -0.932,
						0.184 0.000 -0.983,
						0.000 -0.361 -0.932,
						-0.000 -0.000 -1.000,
						-0.184 0.000 -0.983,
						-0.337 -0.361 -0.870,
						-0.361 0.000 -0.932,
						-0.526 0.000 -0.850,
						-0.628 -0.361 -0.689,
						-0.674 0.000 -0.739,
						-0.798 0.000 -0.603,
						-0.835 -0.361 -0.416,
						-0.895 0.000 -0.446,
						-0.962 0.000 -0.274
					]
				}
				normalIndex
				[
					0, 1, 2, -1,
					2, 1, 3, -1,
					2, 3, 4, -1,
					2, 4, 5, -1,
					5, 4, 6, -1,
					5, 6, 7, -1,
					5, 7, 8, -1,
					8, 7, 9, -1,
					8, 9, 10, -1,
					8, 10, 11, -1,
					11, 10, 12, -1,
					11, 12, 13, -1,
					11, 13, 14, -1,
					14, 13, 15, -1,
					14, 15, 16, -1,
					14, 16, 17, -1,
					17, 16, 18, -1,
					17, 18, 19, -1,
					17, 19, 20, -1,
					20, 19, 21, -1,
					20, 21, 22, -1,
					20, 22, 23, -1,
					23, 22, 24, -1,
					23, 24, 25, -1,
					23, 25, 26, -1,
					26, 25, 27, -1,
					26, 27, 28, -1,
					28, 29, 26, -1,
					26, 29, 30, -1,
					26, 30, 31, -1,
					31, 30, 32, -1,
					31, 32, 33, -1,
					33, 32, 34, -1,
					29, 35, 30, -1,
					30, 35, 36, -1,
					30, 36, 37, -1,
					37, 36, 38, -1,
					37, 38, 39, -1,
					37, 39, 40, -1,
					40, 39, 41, -1,
					40, 41, 42, -1,
					40, 42, 43, -1,
					43, 42, 44, -1,
					43, 44, 45, -1,
					43, 45, 46, -1,
					46, 45, 47, -1,
					46, 47, 48, -1,
					46, 48, 49, -1,
					49, 48, 50, -1,
					49, 50, 51, -1,
					49, 51, 52, -1,
					52, 51, 53, -1,
					52, 53, 54, -1,
					52, 54, 55, -1,
					55, 54, 56, -1,
					55, 56, 0, -1,
					57, 58, 59, -1,
					59, 58, 60, -1,
					59, 60, 61, -1,
					61, 60, 62, -1,
					61, 62, 63, -1,
					61, 63, 64, -1,
					64, 63, 65, -1,
					64, 65, 66, -1,
					64, 66, 67, -1,
					67, 66, 68, -1,
					67, 68, 69, -1,
					67, 69, 70, -1,
					70, 69, 71, -1,
					70, 71, 72, -1,
					70, 72, 73, -1,
					73, 72, 74, -1,
					73, 74, 75, -1,
					73, 75, 76, -1,
					76, 75, 77, -1,
					76, 77, 78, -1,
					76, 78, 32, -1,
					32, 78, 34, -1,
					33, 79, 31, -1,
					31, 79, 80, -1,
					31, 80, 81, -1,
					81, 80, 82, -1,
					81, 82, 83, -1,
					83, 84, 81, -1,
					81, 84, 85, -1,
					81, 85, 23, -1,
					23, 85, 20, -1,
					84, 86, 85, -1,
					85, 86, 87, -1,
					85, 87, 88, -1,
					88, 87, 89, -1,
					88, 89, 90, -1,
					88, 90, 91, -1,
					91, 90, 92, -1,
					91, 92, 93, -1,
					91, 93, 94, -1,
					94, 93, 95, -1,
					94, 95, 96, -1,
					94, 96, 97, -1,
					97, 96, 98, -1,
					97, 98, 99, -1,
					97, 99, 100, -1,
					100, 99, 101, -1,
					100, 101, 102, -1,
					100, 102, 103, -1,
					103, 102, 104, -1,
					103, 104, 105, -1,
					103, 105, 59, -1,
					59, 105, 57, -1,
					20, 88, 17, -1,
					17, 88, 91, -1,
					17, 91, 14, -1,
					14, 91, 94, -1,
					14, 94, 11, -1,
					11, 94, 97, -1,
					11, 97, 8, -1,
					8, 97, 100, -1,
					8, 100, 5, -1,
					5, 100, 103, -1,
					5, 103, 2, -1,
					2, 103, 59, -1,
					2, 59, 55, -1,
					55, 59, 61, -1,
					55, 61, 52, -1,
					52, 61, 64, -1,
					52, 64, 49, -1,
					49, 64, 67, -1,
					49, 67, 46, -1,
					46, 67, 70, -1,
					46, 70, 43, -1,
					43, 70, 73, -1,
					43, 73, 40, -1,
					40, 73, 76, -1,
					40, 76, 37, -1,
					37, 76, 32, -1,
					37, 32, 30, -1,
					2, 55, 0, -1,
					88, 20, 85, -1,
					31, 81, 26, -1,
					26, 81, 23, -1
				]
			}
		}
		Shape
		{
			appearance Appearance
			{
				material Material
				{
					diffuseColor 0.000 0.000 0.000
				}
			}
			geometry IndexedFaceSet
			{
				creaseAngle 0.5
				solid TRUE
				coord Coordinate
				{
					point
					[
						0.897 0.200 -0.600,
						0.897 0.200 -1.100,
						0.970 0.000 -0.715,
						0.970 0.000 -1.100
					]
				}
				coordIndex
				[
					0, 1, 2, -1,
					2, 1, 3, -1
				]
				normal Normal
				{
					vector
					[
						-0.940 -0.342 -0.000
					]
				}
				normalIndex
				[
					0, 0, 0, -1,
					0, 0, 0, -1
				]
			}
		}
		Shape
		{
			appearance Appearance
			{
				material Material
				{
					diffuseColor 0.000 0.000 0.000
				}
			}
			geometry IndexedFaceSet
			{
				creaseAngle 0.5
				solid TRUE
				coord Coordinate
				{
					point
					[
						0.970 0.000 1.100,
						0.897 0.200 1.100,
						0.970 0.000 0.715,
						0.897 0.200 0.600
					]
				}
				coordIndex
				[
					0, 1, 2, -1,
					2, 1, 3, -1
				]
				normal Normal
				{
					vector
					[
						-0.940 -0.342 -0.000
					]
				}
				normalIndex
				[
					0, 0, 0, -1,
					0, 0, 0, -1
				]
			}
		}
		Shape
		{
			appearance Appearance
			{
				material Material
				{
					diffuseColor 0.000 0.000 0.000
				}
			}
			geometry IndexedFaceSet
			{
				creaseAngle 0.5
				solid TRUE
				coord Coordinate
				{
					point
					[
						0.373 0.200 -0.600,
						0.300 0.000 -0.715,
						0.373 0.200 -1.100,
						0.300 0.000 -1.100
					]
				}
				coordIndex
				[
					0, 1, 2, -1,
					2, 1, 3, -1
				]
				normal Normal
				{
					vector
					[
						0.940 -0.342 -0.000
					]
				}
				normalIndex
				[
					0, 0, 0, -1,
					0, 0, 0, -1
				]
			}
		}
		Shape
		{
			appearance Appearance
			{
				material Material
				{
					diffuseColor 0.000 0.000 0.000
				}
			}
			geometry IndexedFaceSet
			{
				creaseAngle 0.5
				solid TRUE
				coord Coordinate
				{
					point
					[
						0.300 0.000 1.100,
						0.300 0.000 0.715,
						0.373 0.200 1.100,
						0.373 0.200 0.600
					]
				}
				coordIndex
				[
					0, 1, 2, -1,
					2, 1, 3, -1
				]
				normal Normal
				{
					vector
					[
						0.940 -0.342 -0.000
					]
				}
				normalIndex
				[
					0, 0, 0, -1,
					0, 0, 0, -1
				]
			}
		}
		Shape
		{
			appearance Appearance
			{
				material Material
				{
					diffuseColor 0.000 0.000 0.000
				}
			}
			geometry IndexedFaceSet
			{
				creaseAngle 0.5
				solid TRUE
				coord Coordinate
				{
					point
					[
						0.300 0.000 0.715,
						0.300 0.000 1.100,
						-0.300 0.000 0.715,
						-0.300 0.000 1.100
					]
				}
				coordIndex
				[
					0, 1, 2, -1,
					2, 1, 3, -1
				]
				normal Normal
				{
					vector
					[
						-0.000 -1.000 -0.000
					]
				}
				normalIndex
				[
					0, 0, 0, -1,
					0, 0, 0, -1
				]
			}
		}
		Shape
		{
			appearance Appearance
			{
				material Material
				{
					diffuseColor 0.000 0.000 0.000
				}
			}
			geometry IndexedFaceSet
			{
				creaseAngle 0.5
				solid TRUE
				coord Coordinate
				{
					point
					[
						0.970 0.000 1.100,
						0.970 0.000 0.715,
						1.475 0.000 1.100,
						1.475 0.000 0.715
					]
				}
				coordIndex
				[
					0, 1, 2, -1,
					2, 1, 3, -1
				]
				normal Normal
				{
					vector
					[
						-0.000 -1.000 -0.000
					]
				}
				normalIndex
				[
					0, 0, 0, -1,
					0, 0, 0, -1
				]
			}
		}
		Shape
		{
			appearance Appearance
			{
				material Material
				{
					diffuseColor 0.000 0.000 0.000
				}
			}
			geometry IndexedFaceSet
			{
				creaseAngle 0.5
				solid TRUE
				coord Coordinate
				{
					point
					[
						0.373 0.200 0.600,
						0.300 0.000 0.715,
						-0.373 0.200 0.600,
						-0.300 0.000 0.715
					]
				}
				coordIndex
				[
					0, 1, 2, -1,
					2, 1, 3, -1
				]
				normal Normal
				{
					vector
					[
						0.000 -0.500 -0.866
					]
				}
				normalIndex
				[
					0, 0, 0, -1,
					0, 0, 0, -1
				]
			}
		}
		Shape
		{
			appearance Appearance
			{
				material Material
				{
					diffuseColor 0.000 0.000 0.000
				}
			}
			geometry IndexedFaceSet
			{
				creaseAngle 0.5
				solid TRUE
				coord Coordinate
				{
					point
					[
						0.897 0.200 0.600,
						1.475 0.200 0.600,
						0.970 0.000 0.715,
						1.475 0.000 0.715
					]
				}
				coordIndex
				[
					0, 1, 2, -1,
					2, 1, 3, -1
				]
				normal Normal
				{
					vector
					[
						0.000 -0.500 -0.866
					]
				}
				normalIndex
				[
					0, 0, 0, -1,
					0, 0, 0, -1
				]
			}
		}
		Shape
		{
			appearance Appearance
			{
				material Material
				{
					diffuseColor 0.000 0.000 0.000
				}
			}
			geometry IndexedFaceSet
			{
				creaseAngle 0.5
				solid TRUE
				coord Coordinate
				{
					point
					[
						0.970 0.000 -1.100,
						0.897 0.200 -1.100,
						1.475 0.000 -1.100,
						1.475 4.100 -1.100,
						0.373 0.200 -1.100,
						-0.373 0.200 -1.100,
						-1.475 4.100 -1.100,
						-0.897 0.200 -1.100,
						-1.475 0.000 -1.100,
						-0.970 0.000 -1.100,
						0.300 0.000 -1.100,
						-0.300 0.000 -1.100
					]
				}
				coordIndex
				[
					0, 1, 2, -1,
					2, 1, 3, -1,
					1, 4, 3, -1,
					3, 4, 5, -1,
					3, 5, 6, -1,
					6, 5, 7, -1,
					6, 7, 8, -1,
					8, 7, 9, -1,
					10, 11, 4, -1,
					4, 11, 5, -1
				]
				normal Normal
				{
					vector
					[
						-0.000 -0.000 -1.000
					]
				}
				normalIndex
				[
					0, 0, 0, -1,
					0, 0, 0, -1,
					0, 0, 0, -1,
					0, 0, 0, -1,
					0, 0, 0, -1,
					0, 0, 0, -1,
					0, 0, 0, -1,
					0, 0, 0, -1,
					0, 0, 0, -1,
					0, 0, 0, -1
				]
			}
		}
		Shape
		{
			appearance Appearance
			{
				material Material
				{
					diffuseColor 0.000 0.000 0.000
				}
			}
			geometry IndexedFaceSet
			{
				creaseAngle 0.5
				solid TRUE
				coord Coordinate
				{
					point
					[
						0.944 0.200 -0.083,
						1.475 0.200 -0.600,
						0.955 0.200 -0.000,
						1.475 0.200 0.600,
						0.944 0.200 0.083,
						0.912 0.200 0.160,
						0.912 0.200 -0.160,
						0.897 0.200 -0.600,
						0.861 0.200 -0.226,
						0.795 0.200 -0.277,
						0.718 0.200 -0.309,
						0.635 0.200 -0.320,
						0.373 0.200 -0.600,
						0.373 0.200 -1.100,
						0.552 0.200 -0.309,
						0.475 0.200 -0.277,
						0.409 0.200 -0.226,
						0.358 0.200 -0.160,
						-0.373 0.200 -0.600,
						0.326 0.200 -0.083,
						-0.326 0.200 -0.083,
						-0.358 0.200 -0.160,
						-0.409 0.200 -0.226,
						-0.475 0.200 -0.277,
						0.315 0.200 0.000,
						-0.315 0.200 -0.000,
						-0.326 0.200 0.083,
						0.326 0.200 0.083,
						0.358 0.200 0.160,
						0.409 0.200 0.226,
						0.373 0.200 0.600,
						-0.373 0.200 0.600,
						-0.358 0.200 0.160,
						-0.409 0.200 0.226,
						0.475 0.200 0.277,
						0.552 0.200 0.309,
						0.635 0.200 0.320,
						0.897 0.200 0.600,
						0.718 0.200 0.309,
						0.795 0.200 0.277,
						0.861 0.200 0.226,
						-0.552 0.200 -0.309,
						-0.635 0.200 -0.320,
						-0.897 0.200 -0.600,
						-0.718 0.200 -0.309,
						-0.795 0.200 -0.277,
						-0.861 0.200 -0.226,
						-0.912 0.200 -0.160,
						-1.475 0.200 -0.600,
						-0.944 0.200 -0.083,
						-0.955 0.200 0.000,
						-1.475 0.200 0.600,
						-0.944 0.200 0.083,
						-0.912 0.200 0.160,
						-0.897 0.200 0.600,
						-0.861 0.200 0.226,
						-0.795 0.200 0.277,
						-0.718 0.200 0.309,
						-0.635 0.200 0.320,
						-0.552 0.200 0.309,
						-0.475 0.200 0.277,
						0.897 0.200 1.100,
						0.373 0.200 1.100,
						-0.373 0.200 1.100,
						-0.897 0.200 1.100,
						-0.897 0.200 -1.100,
						-0.373 0.200 -1.100,
						0.897 0.200 -1.100
					]
				}
				coordIndex
				[
					0, 1, 2, -1,
					2, 1, 3, -1,
					2, 3, 4, -1,
					4, 3, 5, -1,
					0, 6, 1, -1,
					1, 6, 7, -1,
					6, 8, 7, -1,
					7, 8, 9, -1,
					7, 9, 10, -1,
					10, 11, 7, -1,
					7, 11, 12, -1,
					7, 12, 13, -1,
					11, 14, 12, -1,
					12, 14, 15, -1,
					12, 15, 16, -1,
					16, 17, 12, -1,
					12, 17, 18, -1,
					19, 20, 17, -1,
					17, 20, 21, -1,
					17, 21, 18, -1,
					18, 21, 22, -1,
					18, 22, 23, -1,
					19, 24, 20, -1,
					20, 24, 25, -1,
					25, 24, 26, -1,
					26, 24, 27, -1,
					26, 27, 28, -1,
					29, 30, 28, -1,
					28, 30, 31, -1,
					28, 31, 32, -1,
					32, 31, 33, -1,
					29, 34, 30, -1,
					30, 34, 35, -1,
					30, 35, 36, -1,
					30, 36, 37, -1,
					37, 36, 38, -1,
					37, 38, 39, -1,
					39, 40, 37, -1,
					37, 40, 5, -1,
					37, 5, 3, -1,
					23, 41, 18, -1,
					18, 41, 42, -1,
					18, 42, 43, -1,
					43, 42, 44, -1,
					43, 44, 45, -1,
					45, 46, 43, -1,
					43, 46, 47, -1,
					43, 47, 48, -1,
					48, 47, 49, -1,
					48, 49, 50, -1,
					48, 50, 51, -1,
					51, 50, 52, -1,
					51, 52, 53, -1,
					51, 53, 54, -1,
					54, 53, 55, -1,
					54, 55, 56, -1,
					56, 57, 54, -1,
					54, 57, 58, -1,
					54, 58, 31, -1,
					31, 58, 59, -1,
					31, 59, 60, -1,
					60, 33, 31, -1,
					32, 26, 28, -1,
					37, 61, 30, -1,
					30, 61, 62, -1,
					31, 63, 54, -1,
					54, 63, 64, -1,
					43, 65, 18, -1,
					18, 65, 66, -1,
					13, 67, 7, -1
				]
				normal Normal
				{
					vector
					[
						-0.000 -1.000 -0.000
					]
				}
				normalIndex
				[
					0, 0, 0, -1,
					0, 0, 0, -1,
					0, 0, 0, -1,
					0, 0, 0, -1,
					0, 0, 0, -1,
					0, 0, 0, -1,
					0, 0, 0, -1,
					0, 0, 0, -1,
					0, 0, 0, -1,
					0, 0, 0, -1,
					0, 0, 0, -1,
					0, 0, 0, -1,
					0, 0, 0, -1,
					0, 0, 0, -1,
					0, 0, 0, -1,
					0, 0, 0, -1,
					0, 0, 0, -1,
					0, 0, 0, -1,
					0, 0, 0, -1,
					0, 0, 0, -1,
					0, 0, 0, -1,
					0, 0, 0, -1,
					0, 0, 0, -1,
					0, 0, 0, -1,
					0, 0, 0, -1,
					0, 0, 0, -1,
					0, 0, 0, -1,
					0, 0, 0, -1,
					0, 0, 0, -1,
					0, 0, 0, -1,
					0, 0, 0, -1,
					0, 0, 0, -1,
					0, 0, 0, -1,
					0, 0, 0, -1,
					0, 0, 0, -1,
					0, 0, 0, -1,
					0, 0, 0, -1,
					0, 0, 0, -1,
					0, 0, 0, -1,
					0, 0, 0, -1,
					0, 0, 0, -1,
					0, 0, 0, -1,
					0, 0, 0, -1,
					0, 0, 0, -1,
					0, 0, 0, -1,
					0, 0, 0, -1,
					0, 0, 0, -1,
					0, 0, 0, -1,
					0, 0, 0, -1,
					0, 0, 0, -1,
					0, 0, 0, -1,
					0, 0, 0, -1,
					0, 0, 0, -1,
					0, 0, 0, -1,
					0, 0, 0, -1,
					0, 0, 0, -1,
					0, 0, 0, -1,
					0, 0, 0, -1,
					0, 0, 0, -1,
					0, 0, 0, -1,
					0, 0, 0, -1,
					0, 0, 0, -1,
					0, 0, 0, -1,
					0, 0, 0, -1,
					0, 0, 0, -1,
					0, 0, 0, -1,
					0, 0, 0, -1,
					0, 0, 0, -1,
					0, 0, 0, -1,
					0, 0, 0, -1
				]
			}
		}
		Shape
		{
			appearance Appearance
			{
				material Material
				{
					diffuseColor 0.000 0.000 0.000
				}
			}
			geometry IndexedFaceSet
			{
				creaseAngle 0.5
				solid TRUE
				coord Coordinate
				{
					point
					[
						0.373 0.200 -0.600,
						-0.373 0.200 -0.600,
						0.300 0.000 -0.715,
						-0.300 0.000 -0.715
					]
				}
				coordIndex
				[
					0, 1, 2, -1,
					2, 1, 3, -1
				]
				normal Normal
				{
					vector
					[
						-0.000 -0.500 0.866
					]
				}
				normalIndex
				[
					0, 0, 0, -1,
					0, 0, 0, -1
				]
			}
		}
		Shape
		{
			appearance Appearance
			{
				material Material
				{
					diffuseColor 0.000 0.000 0.000
				}
			}
			geometry IndexedFaceSet
			{
				creaseAngle 0.5
				solid TRUE
				coord Coordinate
				{
					point
					[
						0.300 0.000 -1.100,
						0.300 0.000 -0.715,
						-0.300 0.000 -1.100,
						-0.300 0.000 -0.715
					]
				}
				coordIndex
				[
					0, 1, 2, -1,
					2, 1, 3, -1
				]
				normal Normal
				{
					vector
					[
						-0.000 -1.000 -0.000
					]
				}
				normalIndex
				[
					0, 0, 0, -1,
					0, 0, 0, -1
				]
			}
		}
		Shape
		{
			appearance Appearance
			{
				material Material
				{
					diffuseColor 0.000 0.000 0.000
				}
			}
			geometry IndexedFaceSet
			{
				creaseAngle 0.5
				solid TRUE
				coord Coordinate
				{
					point
					[
						0.970 0.000 -0.715,
						0.970 0.000 -1.100,
						1.475 0.000 -0.715,
						1.475 0.000 -1.100
					]
				}
				coordIndex
				[
					0, 1, 2, -1,
					2, 1, 3, -1
				]
				normal Normal
				{
					vector
					[
						-0.000 -1.000 -0.000
					]
				}
				normalIndex
				[
					0, 0, 0, -1,
					0, 0, 0, -1
				]
			}
		}
		Shape
		{
			appearance Appearance
			{
				material Material
				{
					diffuseColor 0.000 0.000 0.000
				}
			}
			geometry IndexedFaceSet
			{
				creaseAngle 0.5
				solid TRUE
				coord Coordinate
				{
					point
					[
						-0.300 0.000 -1.100,
						-0.300 0.000 -0.715,
						-0.373 0.200 -1.100,
						-0.373 0.200 -0.600
					]
				}
				coordIndex
				[
					0, 1, 2, -1,
					2, 1, 3, -1
				]
				normal Normal
				{
					vector
					[
						-0.940 -0.342 -0.000
					]
				}
				normalIndex
				[
					0, 0, 0, -1,
					0, 0, 0, -1
				]
			}
		}
		Shape
		{
			appearance Appearance
			{
				material Material
				{
					diffuseColor 0.000 0.000 0.000
				}
			}
			geometry IndexedFaceSet
			{
				creaseAngle 0.5
				solid TRUE
				coord Coordinate
				{
					point
					[
						-0.300 0.000 1.100,
						-0.373 0.200 1.100,
						-0.300 0.000 0.715,
						-0.373 0.200 0.600
					]
				}
				coordIndex
				[
					0, 1, 2, -1,
					2, 1, 3, -1
				]
				normal Normal
				{
					vector
					[
						-0.940 -0.342 -0.000
					]
				}
				normalIndex
				[
					0, 0, 0, -1,
					0, 0, 0, -1
				]
			}
		}
		Shape
		{
			appearance Appearance
			{
				material Material
				{
					diffuseColor 0.000 0.000 0.000
				}
			}
			geometry IndexedFaceSet
			{
				creaseAngle 0.5
				solid TRUE
				coord Coordinate
				{
					point
					[
						-0.970 0.000 -1.100,
						-0.897 0.200 -1.100,
						-0.970 0.000 -0.715,
						-0.897 0.200 -0.600
					]
				}
				coordIndex
				[
					0, 1, 2, -1,
					2, 1, 3, -1
				]
				normal Normal
				{
					vector
					[
						0.940 -0.342 -0.000
					]
				}
				normalIndex
				[
					0, 0, 0, -1,
					0, 0, 0, -1
				]
			}
		}
		Shape
		{
			appearance Appearance
			{
				material Material
				{
					diffuseColor 0.000 0.000 0.000
				}
			}
			geometry IndexedFaceSet
			{
				creaseAngle 0.5
				solid TRUE
				coord Coordinate
				{
					point
					[
						-0.970 0.000 1.100,
						-0.970 0.000 0.715,
						-0.897 0.200 1.100,
						-0.897 0.200 0.600
					]
				}
				coordIndex
				[
					0, 1, 2, -1,
					2, 1, 3, -1
				]
				normal Normal
				{
					vector
					[
						0.940 -0.342 -0.000
					]
				}
				normalIndex
				[
					0, 0, 0, -1,
					0, 0, 0, -1
				]
			}
		}
		Shape
		{
			appearance Appearance
			{
				material Material
				{
					diffuseColor 0.000 0.000 0.000
				}
			}
			geometry IndexedFaceSet
			{
				creaseAngle 0.5
				solid TRUE
				coord Coordinate
				{
					point
					[
						-0.970 0.000 0.715,
						-0.970 0.000 1.100,
						-1.475 0.000 0.715,
						-1.475 0.000 1.100
					]
				}
				coordIndex
				[
					0, 1, 2, -1,
					2, 1, 3, -1
				]
				normal Normal
				{
					vector
					[
						-0.000 -1.000 -0.000
					]
				}
				normalIndex
				[
					0, 0, 0, -1,
					0, 0, 0, -1
				]
			}
		}
		Shape
		{
			appearance Appearance
			{
				material Material
				{
					diffuseColor 0.000 0.000 0.000
				}
			}
			geometry IndexedFaceSet
			{
				creaseAngle 0.5
				solid TRUE
				coord Coordinate
				{
					point
					[
						-0.970 0.000 -1.100,
						-0.970 0.000 -0.715,
						-1.475 0.000 -1.100,
						-1.475 0.000 -0.715
					]
				}
				coordIndex
				[
					0, 1, 2, -1,
					2, 1, 3, -1
				]
				normal Normal
				{
					vector
					[
						-0.000 -1.000 -0.000
					]
				}
				normalIndex
				[
					0, 0, 0, -1,
					0, 0, 0, -1
				]
			}
		}
		Shape
		{
			appearance Appearance
			{
				material Material
				{
					diffuseColor 0.000 0.000 0.000
				}
			}
			geometry IndexedFaceSet
			{
				creaseAngle 0.5
				solid TRUE
				coord Coordinate
				{
					point
					[
						-0.897 0.200 0.600,
						-0.970 0.000 0.715,
						-1.475 0.200 0.600,
						-1.475 0.000 0.715
					]
				}
				coordIndex
				[
					0, 1, 2, -1,
					2, 1, 3, -1
				]
				normal Normal
				{
					vector
					[
						0.000 -0.500 -0.866
					]
				}
				normalIndex
				[
					0, 0, 0, -1,
					0, 0, 0, -1
				]
			}
		}
		Shape
		{
			appearance Appearance
			{
				material Material
				{
					diffuseColor 0.000 0.000 0.000
				}
			}
			geometry IndexedFaceSet
			{
				creaseAngle 0.5
				solid TRUE
				coord Coordinate
				{
					point
					[
						-0.897 0.200 -0.600,
						-1.475 0.200 -0.600,
						-0.970 0.000 -0.715,
						-1.475 0.000 -0.715
					]
				}
				coordIndex
				[
					0, 1, 2, -1,
					2, 1, 3, -1
				]
				normal Normal
				{
					vector
					[
						-0.000 -0.500 0.866
					]
				}
				normalIndex
				[
					0, 0, 0, -1,
					0, 0, 0, -1
				]
			}
		}
		Shape
		{
			appearance Appearance
			{
				material Material
				{
					diffuseColor 0.000 0.000 0.000
				}
			}
			geometry IndexedFaceSet
			{
				creaseAngle 0.5
				solid TRUE
				coord Coordinate
				{
					point
					[
						0.897 0.200 -0.600,
						0.970 0.000 -0.715,
						1.475 0.200 -0.600,
						1.475 0.000 -0.715
					]
				}
				coordIndex
				[
					0, 1, 2, -1,
					2, 1, 3, -1
				]
				normal Normal
				{
					vector
					[
						-0.000 -0.500 0.866
					]
				}
				normalIndex
				[
					0, 0, 0, -1,
					0, 0, 0, -1
				]
			}
		}
		Shape
		{
			appearance Appearance
			{
				material Material
				{
					diffuseColor 0.000 0.000 0.000
				}
			}
			geometry IndexedFaceSet
			{
				creaseAngle 0.5
				solid TRUE
				coord Coordinate
				{
					point
					[
						-1.475 0.000 -0.715,
						-1.475 0.200 -0.600,
						-1.475 0.000 -1.100,
						-1.475 4.100 -1.100,
						-1.475 0.200 0.600,
						-1.475 4.100 1.100,
						-1.475 0.000 0.715,
						-1.475 0.000 1.100
					]
				}
				coordIndex
				[
					0, 1, 2, -1,
					2, 1, 3, -1,
					1, 4, 3, -1,
					3, 4, 5, -1,
					6, 7, 4, -1,
					4, 7, 5, -1
				]
				normal Normal
				{
					vector
					[
						-1.000 -0.000 -0.000
					]
				}
				normalIndex
				[
					0, 0, 0, -1,
					0, 0, 0, -1,
					0, 0, 0, -1,
					0, 0, 0, -1,
					0, 0, 0, -1,
					0, 0, 0, -1
				]
			}
		}
		Shape
		{
			appearance Appearance
			{
				material Material
				{
					diffuseColor 0.000 0.000 0.000
				}
			}
			geometry IndexedFaceSet
			{
				creaseAngle 0.5
				solid TRUE
				coord Coordinate
				{
					point
					[
						0.970 0.000 1.100,
						1.475 0.000 1.100,
						0.897 0.200 1.100,
						1.475 4.100 1.100,
						0.373 0.200 1.100,
						-1.475 4.100 1.100,
						-0.373 0.200 1.100,
						-0.897 0.200 1.100,
						-1.475 0.000 1.100,
						-0.970 0.000 1.100,
						-0.300 0.000 1.100,
						0.300 0.000 1.100
					]
				}
				coordIndex
				[
					0, 1, 2, -1,
					2, 1, 3, -1,
					2, 3, 4, -1,
					4, 3, 5, -1,
					4, 5, 6, -1,
					6, 5, 7, -1,
					5, 8, 7, -1,
					7, 8, 9, -1,
					10, 11, 6, -1,
					6, 11, 4, -1
				]
				normal Normal
				{
					vector
					[
						0.000 0.000 1.000
					]
				}
				normalIndex
				[
					0, 0, 0, -1,
					0, 0, 0, -1,
					0, 0, 0, -1,
					0, 0, 0, -1,
					0, 0, 0, -1,
					0, 0, 0, -1,
					0, 0, 0, -1,
					0, 0, 0, -1,
					0, 0, 0, -1,
					0, 0, 0, -1
				]
			}
		}
		Shape
		{
			appearance Appearance
			{
				material Material
				{
					diffuseColor 0.000 0.000 0.000
				}
			}
			geometry IndexedFaceSet
			{
				creaseAngle 0.5
				solid TRUE
				coord Coordinate
				{
					point
					[
						1.118 4.100 0.129,
						1.475 4.100 1.100,
						1.135 4.100 0.000,
						1.475 4.100 -1.100,
						1.118 4.100 -0.129,
						1.068 4.100 -0.250,
						1.068 4.100 0.250,
						0.989 4.100 0.354,
						0.885 4.100 0.433,
						0.764 4.100 0.483,
						0.635 4.100 0.500,
						0.506 4.100 0.483,
						0.385 4.100 0.433,
						-0.385 4.100 0.433,
						-0.506 4.100 0.483,
						-1.475 4.100 1.100,
						-0.635 4.100 0.500,
						-0.764 4.100 0.483,
						0.281 4.100 0.354,
						-0.281 4.100 0.354,
						0.202 4.100 0.250,
						-0.202 4.100 0.250,
						0.152 4.100 0.129,
						-0.152 4.100 0.129,
						0.135 4.100 0.000,
						-0.135 4.100 0.000,
						-0.152 4.100 -0.129,
						0.152 4.100 -0.129,
						-0.202 4.100 -0.250,
						0.202 4.100 -0.250,
						-0.281 4.100 -0.354,
						0.281 4.100 -0.354,
						-0.385 4.100 -0.433,
						0.385 4.100 -0.433,
						0.506 4.100 -0.483,
						0.635 4.100 -0.500,
						-1.475 4.100 -1.100,
						-0.506 4.100 -0.483,
						-0.635 4.100 -0.500,
						0.764 4.100 -0.483,
						0.885 4.100 -0.433,
						0.989 4.100 -0.354,
						-0.885 4.100 0.433,
						-0.989 4.100 0.354,
						-1.068 4.100 0.250,
						-1.118 4.100 0.129,
						-1.135 4.100 0.000,
						-1.118 4.100 -0.129,
						-1.068 4.100 -0.250,
						-0.989 4.100 -0.354,
						-0.885 4.100 -0.433,
						-0.764 4.100 -0.483
					]
				}
				coordIndex
				[
					0, 1, 2, -1,
					2, 1, 3, -1,
					2, 3, 4, -1,
					4, 3, 5, -1,
					0, 6, 1, -1,
					1, 6, 7, -1,
					1, 7, 8, -1,
					8, 9, 1, -1,
					1, 9, 10, -1,
					1, 10, 11, -1,
					12, 13, 11, -1,
					11, 13, 14, -1,
					11, 14, 15, -1,
					15, 14, 16, -1,
					15, 16, 17, -1,
					12, 18, 13, -1,
					13, 18, 19, -1,
					18, 20, 19, -1,
					19, 20, 21, -1,
					20, 22, 21, -1,
					21, 22, 23, -1,
					22, 24, 23, -1,
					23, 24, 25, -1,
					25, 24, 26, -1,
					26, 24, 27, -1,
					26, 27, 28, -1,
					28, 27, 29, -1,
					28, 29, 30, -1,
					30, 29, 31, -1,
					30, 31, 32, -1,
					32, 31, 33, -1,
					32, 33, 34, -1,
					35, 3, 34, -1,
					34, 3, 36, -1,
					34, 36, 37, -1,
					37, 36, 38, -1,
					35, 39, 3, -1,
					3, 39, 40, -1,
					3, 40, 41, -1,
					41, 5, 3, -1,
					17, 42, 15, -1,
					15, 42, 43, -1,
					15, 43, 44, -1,
					44, 45, 15, -1,
					15, 45, 46, -1,
					15, 46, 36, -1,
					36, 46, 47, -1,
					36, 47, 48, -1,
					48, 49, 36, -1,
					36, 49, 50, -1,
					36, 50, 51, -1,
					51, 38, 36, -1,
					37, 32, 34, -1,
					15, 1, 11, -1
				]
				normal Normal
				{
					vector
					[
						-0.000 1.000 -0.000
					]
				}
				normalIndex
				[
					0, 0, 0, -1,
					0, 0, 0, -1,
					0, 0, 0, -1,
					0, 0, 0, -1,
					0, 0, 0, -1,
					0, 0, 0, -1,
					0, 0, 0, -1,
					0, 0, 0, -1,
					0, 0, 0, -1,
					0, 0, 0, -1,
					0, 0, 0, -1,
					0, 0, 0, -1,
					0, 0, 0, -1,
					0, 0, 0, -1,
					0, 0, 0, -1,
					0, 0, 0, -1,
					0, 0, 0, -1,
					0, 0, 0, -1,
					0, 0, 0, -1,
					0, 0, 0, -1,
					0, 0, 0, -1,
					0, 0, 0, -1,
					0, 0, 0, -1,
					0, 0, 0, -1,
					0, 0, 0, -1,
					0, 0, 0, -1,
					0, 0, 0, -1,
					0, 0, 0, -1,
					0, 0, 0, -1,
					0, 0, 0, -1,
					0, 0, 0, -1,
					0, 0, 0, -1,
					0, 0, 0, -1,
					0, 0, 0, -1,
					0, 0, 0, -1,
					0, 0, 0, -1,
					0, 0, 0, -1,
					0, 0, 0, -1,
					0, 0, 0, -1,
					0, 0, 0, -1,
					0, 0, 0, -1,
					0, 0, 0, -1,
					0, 0, 0, -1,
					0, 0, 0, -1,
					0, 0, 0, -1,
					0, 0, 0, -1,
					0, 0, 0, -1,
					0, 0, 0, -1,
					0, 0, 0, -1,
					0, 0, 0, -1,
					0, 0, 0, -1,
					0, 0, 0, -1,
					0, 0, 0, -1,
					0, 0, 0, -1
				]
			}
		}
		Shape
		{
			appearance Appearance
			{
				material Material
				{
					diffuseColor 0.000 0.000 0.000
				}
			}
			geometry IndexedFaceSet
			{
				creaseAngle 0.5
				solid TRUE
				coord Coordinate
				{
					point
					[
						1.475 0.000 -0.715,
						1.475 0.000 -1.100,
						1.475 0.200 -0.600,
						1.475 4.100 -1.100,
						1.475 4.100 1.100,
						1.475 0.200 0.600,
						1.475 0.000 1.100,
						1.475 0.000 0.715
					]
				}
				coordIndex
				[
					0, 1, 2, -1,
					2, 1, 3, -1,
					2, 3, 4, -1,
					2, 4, 5, -1,
					5, 4, 6, -1,
					5, 6, 7, -1
				]
				normal Normal
				{
					vector
					[
						1.000 -0.000 -0.000
					]
				}
				normalIndex
				[
					0, 0, 0, -1,
					0, 0, 0, -1,
					0, 0, 0, -1,
					0, 0, 0, -1,
					0, 0, 0, -1,
					0, 0, 0, -1
				]
			}
		}
	]
}
NavigationInfo
{
	headlight TRUE
	type "EXAMINE"
}
